fips,county,state,state_name,pct_high_blood_pressure,pct_heart_disease,pct_smoking,pct_depression,pct_diabetes,pct_fair_poor_health,pct_physically_inactive,pct_poor_mental_health_days,pct_obese,pct_poor_physical_health_days,pct_poor_sleep
01001,Autauga,AL,Alabama,42.0,6.7,14.5,25.1,13.3,21.0,27.0,17.0,39.8,13.7,37.3
01003,Baldwin,AL,Alabama,43.8,7.5,13.0,22.5,13.4,19.3,25.4,15.1,35.2,13.2,34.8
01005,Barbour,AL,Alabama,50.2,9.5,20.2,22.1,19.6,31.4,36.2,18.5,46.8,17.4,43.0
01007,Bibb,AL,Alabama,46.3,8.5,19.7,24.4,16.2,27.6,33.3,18.9,43.9,16.7,40.6
01009,Blount,AL,Alabama,41.2,8.0,16.6,24.8,13.8,23.6,29.1,17.5,36.1,15.4,36.5
01011,Bullock,AL,Alabama,56.6,10.7,24.7,21.1,24.6,39.4,44.2,20.1,51.3,19.7,49.8
01013,Butler,AL,Alabama,51.0,9.1,18.3,22.5,18.9,28.9,37.1,18.3,40.4,16.6,41.8
01015,Calhoun,AL,Alabama,44.8,7.7,16.3,24.6,14.8,25.2,31.9,18.4,38.6,15.3,41.6
01017,Chambers,AL,Alabama,48.7,8.6,17.7,22.7,17.9,27.6,34.3,18.3,41.5,16.2,41.4
01019,Cherokee,AL,Alabama,45.9,9.6,17.5,25.0,16.0,25.5,31.4,17.4,39.5,16.8,35.4
01021,Chilton,AL,Alabama,43.1,7.6,16.9,24.5,14.1,24.0,31.1,18.2,40.0,15.6,33.6
01023,Choctaw,AL,Alabama,52.7,10.0,18.2,23.3,20.1,30.3,36.4,17.8,44.4,17.4,41.5
01025,Clarke,AL,Alabama,49.5,8.7,17.7,22.6,18.4,28.6,34.4,18.0,43.9,16.3,42.4
01027,Clay,AL,Alabama,47.6,9.3,18.2,24.4,16.5,27.0,32.7,18.0,42.5,16.9,39.3
01029,Cleburne,AL,Alabama,42.9,8.4,17.8,25.5,14.6,24.0,30.5,18.1,37.4,15.9,37.4
01031,Coffee,AL,Alabama,43.5,7.6,16.6,24.3,14.8,23.9,29.9,17.7,41.0,15.0,40.5
01033,Colbert,AL,Alabama,44.3,8.0,16.2,24.5,15.0,23.6,28.6,17.3,37.5,15.2,40.2
01035,Conecuh,AL,Alabama,54.7,11.1,20.5,22.3,22.1,33.3,39.4,18.3,46.4,18.6,41.8
01037,Coosa,AL,Alabama,50.2,9.8,17.8,22.2,18.6,27.6,33.5,16.9,41.9,17.0,39.8
01039,Covington,AL,Alabama,46.4,9.2,17.6,24.3,16.3,26.3,31.9,18.0,37.9,16.3,34.5
01041,Crenshaw,AL,Alabama,46.6,8.5,18.1,23.8,16.6,26.5,32.6,18.0,40.5,16.1,39.1
01043,Cullman,AL,Alabama,42.3,7.9,16.6,25.4,13.4,22.9,27.3,17.6,36.4,15.1,36.7
01045,Dale,AL,Alabama,44.3,8.1,17.5,24.8,15.8,26.0,31.7,18.5,41.3,15.8,38.9
01047,Dallas,AL,Alabama,55.2,9.6,19.5,20.3,22.4,33.2,38.0,18.4,46.3,17.3,46.0
01049,DeKalb,AL,Alabama,44.5,8.9,19.6,26.3,15.7,28.1,33.8,18.9,38.6,17.5,40.3
01051,Elmore,AL,Alabama,41.6,6.7,15.1,23.0,13.0,21.7,26.2,17.5,38.9,13.8,41.5
01053,Escambia,AL,Alabama,48.6,9.5,21.2,24.0,18.5,31.4,35.7,19.6,43.9,18.0,45.0
01055,Etowah,AL,Alabama,46.3,8.5,17.8,24.9,16.3,26.5,33.3,18.1,43.8,16.4,45.0
01057,Fayette,AL,Alabama,47.6,9.4,18.7,25.7,16.6,26.4,32.7,18.2,40.6,16.9,39.0
01059,Franklin,AL,Alabama,44.4,8.9,19.2,25.1,16.4,28.6,33.9,18.6,42.2,17.3,38.3
01061,Geneva,AL,Alabama,45.5,9.3,19.4,25.7,16.4,27.2,32.0,18.3,42.3,17.0,40.2
01063,Greene,AL,Alabama,59.8,11.9,22.3,20.4,27.1,38.7,44.7,19.0,52.7,19.9,48.9
01065,Hale,AL,Alabama,51.1,9.0,18.9,21.2,19.7,30.5,36.0,18.4,47.6,16.8,43.9
01067,Henry,AL,Alabama,48.1,8.9,16.6,23.0,16.7,25.2,31.4,17.0,41.3,15.7,41.0
01069,Houston,AL,Alabama,44.5,7.9,16.0,24.9,15.7,24.9,29.0,18.2,40.5,15.0,39.0
01071,Jackson,AL,Alabama,45.9,9.2,19.0,26.7,16.0,26.8,32.5,18.5,39.3,17.0,41.0
01073,Jefferson,AL,Alabama,42.7,6.6,13.7,22.7,15.1,20.9,28.0,16.8,37.4,12.6,37.6
01075,Lamar,AL,Alabama,47.7,9.6,18.8,24.7,16.7,27.1,32.3,18.3,40.8,17.0,38.2
01077,Lauderdale,AL,Alabama,39.6,7.4,14.2,24.2,12.9,21.0,26.7,17.5,35.6,14.1,39.6
01079,Lawrence,AL,Alabama,44.3,8.4,18.5,24.9,15.5,25.4,31.1,18.3,39.5,16.2,39.0
01081,Lee,AL,Alabama,37.5,5.8,12.9,23.6,12.5,19.7,25.0,17.6,38.4,12.4,36.8
01083,Limestone,AL,Alabama,40.7,6.4,14.2,23.7,12.5,20.2,25.4,16.4,39.6,13.1,39.4
01085,Lowndes,AL,Alabama,56.5,10.4,21.6,20.9,24.1,36.0,41.4,19.1,51.2,18.8,48.1
01087,Macon,AL,Alabama,50.6,8.2,15.6,20.7,20.0,29.2,35.2,18.8,46.7,15.3,43.5
01089,Madison,AL,Alabama,38.6,5.8,11.8,21.6,12.1,17.8,22.7,15.5,39.9,11.8,37.5
01091,Marengo,AL,Alabama,51.5,9.0,17.5,22.3,19.8,29.1,34.6,17.8,43.1,16.4,42.8
01093,Marion,AL,Alabama,45.9,9.4,18.5,25.7,15.5,26.0,32.2,18.2,42.4,16.8,37.6
01095,Marshall,AL,Alabama,41.7,7.8,16.6,25.4,14.5,24.6,30.8,17.8,37.6,15.3,39.1
01097,Mobile,AL,Alabama,43.1,7.3,15.4,22.1,16.1,23.0,30.7,17.2,39.0,14.0,40.7
01099,Monroe,AL,Alabama,51.3,9.7,19.7,22.7,19.7,30.8,36.8,18.6,43.8,17.5,44.0
01101,Montgomery,AL,Alabama,46.3,6.9,14.4,21.0,16.4,24.5,30.6,17.0,46.1,14.1,42.9
01103,Morgan,AL,Alabama,44.5,7.7,16.1,24.0,14.7,23.7,29.8,16.8,38.6,14.8,38.7
01105,Perry,AL,Alabama,56.9,10.9,21.9,22.1,24.6,37.2,42.1,19.8,52.9,19.3,45.1
01107,Pickens,AL,Alabama,48.3,8.7,18.7,22.3,18.0,29.0,34.8,18.2,48.0,16.5,41.2
01109,Pike,AL,Alabama,40.6,6.8,14.9,24.7,14.1,23.8,28.1,19.5,40.3,14.0,38.7
01111,Randolph,AL,Alabama,46.1,8.7,16.9,24.4,16.1,25.2,30.0,17.6,37.8,15.7,38.3
01113,Russell,AL,Alabama,46.7,7.5,18.1,23.9,17.3,27.4,33.2,18.8,43.0,15.7,42.8
01115,St. Clair,AL,Alabama,41.8,7.1,15.2,25.0,13.0,21.3,27.6,17.4,39.6,14.2,35.1
01117,Shelby,AL,Alabama,40.2,5.7,10.5,21.6,11.2,16.1,20.7,14.6,31.7,11.3,34.2
01119,Sumter,AL,Alabama,50.0,8.5,16.3,21.5,19.7,29.6,35.6,19.4,47.2,15.7,46.0
01121,Talladega,AL,Alabama,48.2,8.3,17.7,22.7,17.2,26.4,32.6,17.7,45.6,15.8,43.5
01123,Tallapoosa,AL,Alabama,48.5,9.0,16.3,23.5,16.8,25.6,30.0,16.9,39.5,15.8,40.8
01125,Tuscaloosa,AL,Alabama,38.9,5.8,13.6,25.0,12.0,20.6,25.9,18.4,41.0,12.8,41.0
01127,Walker,AL,Alabama,44.1,8.6,18.4,26.6,15.1,25.9,32.2,18.5,35.8,16.8,42.6
01129,Washington,AL,Alabama,47.4,8.7,17.3,24.1,17.0,26.1,31.9,17.7,41.1,16.0,42.9
01131,Wilcox,AL,Alabama,56.7,10.8,21.6,21.4,23.8,36.1,41.2,19.3,51.2,19.0,45.4
01133,Winston,AL,Alabama,46.9,9.9,19.6,26.2,16.5,27.7,34.1,18.3,39.1,17.8,36.5
02013,Aleutians East,AK,Alaska,33.2,5.5,17.0,12.3,12.8,22.2,28.7,13.0,30.7,12.7,42.8
02016,Aleutians West,AK,Alaska,30.7,4.5,16.2,13.3,10.8,18.3,25.2,13.2,31.9,11.4,40.2
02020,Anchorage,AK,Alaska,31.5,5.1,14.0,21.3,8.9,17.5,19.8,16.1,35.0,12.1,34.6
02050,Bethel,AK,Alaska,37.5,7.7,31.0,21.0,13.8,31.9,33.3,21.6,39.1,19.7,41.9
02060,Bristol Bay,AK,Alaska,36.3,7.6,16.5,18.8,11.3,19.4,22.2,15.3,34.9,14.3,37.0
02063,Chugach,AK,Alaska,33.4,6.2,14.8,18.4,9.6,17.4,20.9,14.3,31.1,12.9,34.4
02066,Copper River,AK,Alaska,38.3,8.0,17.8,19.8,11.4,20.4,23.2,15.2,33.6,14.8,35.4
02068,Denali,AK,Alaska,32.0,5.6,16.3,19.5,8.6,16.6,20.9,15.0,31.3,12.6,32.8
02070,Dillingham,AK,Alaska,34.4,7.4,25.7,20.1,13.0,26.6,29.1,19.2,38.5,17.4,37.8
02090,Fairbanks North Star,AK,Alaska,30.3,4.8,13.8,20.5,7.9,16.0,21.2,15.8,35.3,11.8,37.0
02100,Haines,AK,Alaska,38.5,7.6,13.8,18.8,10.8,17.3,20.1,13.3,34.0,13.3,31.0
02105,Hoonah-Angoon,AK,Alaska,42.8,9.6,19.5,18.5,14.8,24.3,26.6,15.1,37.1,17.0,35.8
02110,Juneau,AK,Alaska,32.4,5.7,13.9,21.0,8.9,16.7,17.5,14.8,35.0,12.4,32.6
02122,Kenai Peninsula,AK,Alaska,35.4,7.0,16.1,19.7,9.8,18.6,21.5,14.8,32.3,14.1,29.4
02130,Ketchikan Gateway,AK,Alaska,34.8,6.4,15.9,18.9,10.1,19.2,21.9,15.0,37.7,13.8,38.0
02150,Kodiak Island,AK,Alaska,31.0,5.4,15.0,17.2,9.8,17.8,22.7,14.5,31.5,12.1,38.5
02158,Kusilvak,AK,Alaska,38.5,8.5,36.6,23.5,16.5,37.8,37.0,24.5,46.5,22.4,45.9
02164,Lake and Peninsula,AK,Alaska,38.2,8.2,24.7,20.0,14.6,27.2,29.4,18.4,39.4,17.9,40.3
02170,Matanuska-Susitna,AK,Alaska,32.0,6.0,17.3,21.9,9.0,18.5,22.7,16.2,37.5,13.6,34.2
02180,Nome,AK,Alaska,33.6,7.1,28.7,20.7,13.0,28.0,29.3,20.6,38.6,17.4,44.3
02185,North Slope,AK,Alaska,34.9,5.8,20.8,18.0,10.8,20.3,23.6,16.6,42.3,14.0,39.7
02188,Northwest Arctic,AK,Alaska,36.8,7.5,28.3,20.7,14.1,29.5,30.2,20.8,40.6,18.5,43.0
02195,Petersburg,AK,Alaska,35.6,7.1,14.9,18.2,10.5,18.2,21.6,14.4,30.8,13.1,32.5
02198,Prince of Wales-Hyder,AK,Alaska,39.4,8.9,22.0,20.3,14.0,25.5,26.5,16.8,38.4,17.5,35.1
02220,Sitka,AK,Alaska,33.7,6.1,13.8,19.1,9.9,16.7,19.2,14.3,29.8,12.4,31.1
02230,Skagway,AK,Alaska,33.6,6.1,15.4,19.4,9.1,17.0,20.8,14.5,36.2,12.8,36.0
02240,Southeast Fairbanks,AK,Alaska,35.5,7.0,18.3,19.3,10.2,21.0,25.8,16.0,35.7,14.7,35.7
02275,Wrangell,AK,Alaska,40.8,9.4,17.0,18.3,12.9,22.3,24.6,14.8,34.8,15.9,34.0
02282,Yakutat,AK,Alaska,40.5,8.9,20.5,18.0,13.7,24.0,27.0,15.8,35.4,16.4,37.5
02290,Yukon-Koyukuk,AK,Alaska,41.4,9.7,27.4,19.8,16.5,30.3,29.4,18.8,36.9,19.5,39.6
04001,Apache,AZ,Arizona,36.0,9.3,22.4,20.4,17.5,31.9,28.7,21.2,35.8,20.4,41.8
04003,Cochise,AZ,Arizona,39.0,8.3,12.8,19.9,13.7,22.9,26.0,15.2,31.2,15.6,33.9
04005,Coconino,AZ,Arizona,27.0,5.4,11.5,22.5,9.3,18.2,16.0,18.4,23.6,12.7,31.6
04007,Gila,AZ,Arizona,39.3,9.8,15.4,20.7,15.0,24.1,27.4,15.8,31.4,17.2,34.1
04009,Graham,AZ,Arizona,32.2,6.4,15.2,20.3,11.4,23.1,25.6,17.5,36.0,14.7,37.0
04011,Greenlee,AZ,Arizona,29.8,5.3,11.6,19.2,10.6,20.0,23.4,15.9,33.1,13.2,37.4
04012,La Paz,AZ,Arizona,46.3,13.3,14.1,17.9,17.5,28.2,32.1,14.0,33.2,18.6,34.8
04013,Maricopa,AZ,Arizona,30.8,5.7,10.8,18.6,10.6,18.0,20.4,14.9,30.4,11.8,34.4
04015,Mohave,AZ,Arizona,42.0,10.0,16.1,19.2,14.2,23.0,29.7,15.1,32.7,16.5,39.0
04017,Navajo,AZ,Arizona,40.7,8.9,18.8,22.2,15.1,26.1,26.4,18.8,37.6,17.5,36.3
04019,Pima,AZ,Arizona,34.1,6.7,10.5,22.8,11.0,19.9,22.3,16.3,31.1,13.6,37.0
04021,Pinal,AZ,Arizona,36.2,6.9,12.3,19.8,12.9,21.7,25.5,16.2,38.4,14.8,39.7
04023,Santa Cruz,AZ,Arizona,35.7,7.5,11.6,16.0,15.5,28.0,31.4,14.7,34.2,16.1,34.8
04025,Yavapai,AZ,Arizona,38.0,8.8,12.0,19.3,12.1,20.1,22.5,13.8,27.0,15.0,31.6
04027,Yuma,AZ,Arizona,35.3,7.9,12.7,17.9,14.5,27.1,28.5,15.3,37.4,15.5,34.0
05001,Arkansas,AR,Arkansas,45.4,8.6,17.3,23.4,15.2,26.8,35.6,19.1,39.1,16.6,42.2
05003,Ashley,AR,Arkansas,49.4,10.2,20.0,25.6,18.3,31.6,41.9,19.7,45.1,19.1,42.1
05005,Baxter,AR,Arkansas,47.0,11.1,16.6,25.7,15.0,26.2,33.4,17.2,37.7,17.9,35.2
05007,Benton,AR,Arkansas,32.8,5.6,11.7,23.7,10.3,19.0,25.7,16.5,35.3,12.5,33.9
05009,Boone,AR,Arkansas,40.7,8.5,16.4,25.4,13.1,23.2,30.8,18.4,40.7,16.5,37.6
05011,Bradley,AR,Arkansas,48.7,9.4,18.9,23.2,17.6,31.3,40.3,19.1,42.5,18.5,42.6
05013,Calhoun,AR,Arkansas,45.5,8.5,16.0,23.0,14.6,24.5,33.8,17.7,39.2,15.9,39.1
05015,Carroll,AR,Arkansas,45.3,9.7,17.0,24.2,15.0,26.7,36.8,17.5,37.6,17.6,35.8
05017,Chicot,AR,Arkansas,53.0,10.3,19.7,21.5,20.5,33.8,42.2,18.7,47.1,18.7,46.1
05019,Clark,AR,Arkansas,40.3,7.2,15.0,26.0,12.9,24.2,32.1,20.5,40.0,15.3,41.1
05021,Clay,AR,Arkansas,43.3,9.3,18.3,26.8,14.1,26.3,35.8,19.2,40.2,17.5,37.1
05023,Cleburne,AR,Arkansas,45.3,10.3,17.4,24.8,15.1,26.7,34.6,17.8,37.9,17.9,35.3
05025,Cleveland,AR,Arkansas,46.5,9.3,17.7,24.6,15.0,26.0,34.6,18.6,42.4,17.3,42.3
05027,Columbia,AR,Arkansas,42.8,7.9,16.1,23.7,14.4,26.3,34.5,20.0,37.7,15.7,39.9
05029,Conway,AR,Arkansas,46.8,9.4,18.8,24.9,15.6,27.8,36.5,19.1,41.4,17.7,39.5
05031,Craighead,AR,Arkansas,39.1,6.7,15.8,26.5,11.6,23.5,31.0,19.5,39.1,14.8,40.8
05033,Crawford,AR,Arkansas,41.9,8.1,16.8,26.1,13.0,25.0,31.2,19.0,38.8,16.5,37.1
05035,Crittenden,AR,Arkansas,47.4,7.9,18.5,23.9,16.5,30.1,38.7,20.2,46.7,17.0,42.1
05037,Cross,AR,Arkansas,46.5,9.1,19.8,25.3,16.1,29.3,38.6,19.8,45.0,17.9,41.3
05039,Dallas,AR,Arkansas,49.8,9.2,16.3,21.7,17.1,27.6,37.8,17.6,41.9,16.8,43.6
05041,Desha,AR,Arkansas,52.8,10.8,22.3,23.2,21.2,36.9,46.2,20.7,46.6,20.5,43.0
05043,Drew,AR,Arkansas,44.7,8.5,17.4,24.1,15.2,27.5,35.8,19.8,43.8,16.8,40.5
05045,Faulkner,AR,Arkansas,35.4,6.0,13.6,26.4,10.8,19.6,26.6,18.8,39.8,13.5,37.0
05047,Franklin,AR,Arkansas,44.6,9.5,19.5,27.0,14.6,28.1,35.5,19.8,39.8,18.3,40.6
05049,Fulton,AR,Arkansas,49.1,11.5,20.4,26.2,17.1,29.9,37.8,19.0,39.6,19.4,39.1
05051,Garland,AR,Arkansas,45.8,9.3,15.5,24.1,14.8,24.9,30.7,17.4,39.1,16.7,36.3
05053,Grant,AR,Arkansas,40.2,7.5,15.6,24.9,12.0,21.8,29.6,17.9,36.9,15.0,38.1
05055,Greene,AR,Arkansas,42.5,8.0,18.5,27.8,12.5,25.5,35.0,20.0,42.3,17.0,40.6
05057,Hempstead,AR,Arkansas,46.2,8.9,17.7,22.1,16.6,29.0,39.7,18.9,45.6,17.5,39.8
05059,Hot Spring,AR,Arkansas,43.3,8.5,18.6,23.9,13.9,25.8,34.4,18.8,37.1,16.6,39.2
05061,Howard,AR,Arkansas,44.3,8.6,17.1,24.3,15.2,27.0,36.0,18.9,39.4,16.8,40.4
05063,Independence,AR,Arkansas,41.3,8.4,17.1,26.1,13.4,25.3,35.3,19.3,41.6,16.6,39.5
05065,Izard,AR,Arkansas,47.6,10.9,19.8,25.6,15.9,29.5,37.3,18.8,41.2,18.8,35.4
05067,Jackson,AR,Arkansas,44.4,8.9,21.1,26.3,15.4,30.1,39.5,21.0,43.9,18.2,42.5
05069,Jefferson,AR,Arkansas,50.9,8.3,17.3,21.5,17.6,28.8,38.1,19.0,45.9,16.7,45.0
05071,Johnson,AR,Arkansas,42.5,8.9,18.3,25.4,14.6,27.9,36.8,19.5,37.4,17.8,40.9
05073,Lafayette,AR,Arkansas,52.6,11.8,21.5,23.9,20.6,35.2,43.5,19.5,46.0,20.5,41.8
05075,Lawrence,AR,Arkansas,43.7,9.3,19.8,27.3,14.4,27.9,36.3,20.4,43.7,18.1,39.0
05077,Lee,AR,Arkansas,51.7,10.1,22.3,21.3,19.7,35.1,42.9,20.1,46.9,19.0,45.3
05079,Lincoln,AR,Arkansas,43.2,7.6,19.9,22.0,13.8,27.9,36.2,19.4,42.6,16.0,42.6
05081,Little River,AR,Arkansas,46.3,9.2,17.8,24.5,15.7,26.7,36.9,18.7,41.3,17.1,38.7
05083,Logan,AR,Arkansas,44.9,9.0,18.0,25.8,14.4,26.0,33.8,18.7,38.1,17.3,39.0
05085,Lonoke,AR,Arkansas,39.0,6.5,16.0,25.8,11.3,21.9,31.0,18.8,36.1,14.8,38.4
05087,Madison,AR,Arkansas,44.1,9.0,19.0,25.6,13.9,27.2,35.2,19.3,40.8,17.5,37.6
05089,Marion,AR,Arkansas,46.3,11.3,18.0,24.8,16.4,27.7,34.8,17.7,37.9,18.8,37.1
05091,Miller,AR,Arkansas,44.8,8.5,19.1,24.6,15.3,28.1,37.9,20.1,38.1,17.2,40.9
05093,Mississippi,AR,Arkansas,46.4,8.1,18.8,24.8,15.2,28.7,36.7,20.1,46.6,16.9,45.6
05095,Monroe,AR,Arkansas,52.3,10.4,19.1,22.9,19.1,31.6,39.6,18.9,43.5,18.8,40.9
05097,Montgomery,AR,Arkansas,47.8,11.1,17.8,25.2,16.4,28.0,36.0,18.0,40.9,18.6,39.1
05099,Nevada,AR,Arkansas,51.0,10.3,20.4,24.1,18.3,31.4,40.8,19.6,44.0,18.9,42.7
05101,Newton,AR,Arkansas,47.4,10.4,17.8,24.7,15.3,26.4,34.2,17.8,38.6,17.7,38.0
05103,Ouachita,AR,Arkansas,49.5,9.3,18.2,23.2,17.7,29.3,38.0,19.1,43.5,17.5,41.0
05105,Perry,AR,Arkansas,43.8,9.1,17.6,25.1,14.1,25.2,34.2,18.3,38.9,16.9,38.8
05107,Phillips,AR,Arkansas,55.6,10.7,21.0,22.6,21.7,36.0,44.1,20.2,48.4,19.9,48.4
05109,Pike,AR,Arkansas,44.3,9.1,17.4,25.7,14.4,26.3,34.4,18.6,38.3,17.3,39.3
05111,Poinsett,AR,Arkansas,43.0,9.1,20.4,26.8,14.6,28.7,38.7,20.5,41.4,18.3,40.8
05113,Polk,AR,Arkansas,44.8,10.1,18.6,25.0,15.5,27.3,35.8,18.8,40.0,18.2,37.3
05115,Pope,AR,Arkansas,38.7,7.7,16.4,24.6,12.7,25.1,33.7,19.3,44.6,15.8,36.5
05117,Prairie,AR,Arkansas,46.7,9.6,17.3,23.8,15.1,26.3,34.9,18.0,40.3,17.3,39.0
05119,Pulaski,AR,Arkansas,42.2,6.7,13.4,23.1,12.9,22.5,29.1,17.5,40.5,13.8,38.3
05121,Randolph,AR,Arkansas,43.6,9.4,20.0,26.8,14.7,28.2,37.9,20.3,41.4,18.4,37.0
05123,St. Francis,AR,Arkansas,50.1,9.3,21.8,21.7,18.9,33.0,42.5,19.9,48.2,18.2,46.3
05125,Saline,AR,Arkansas,40.0,7.1,14.2,24.7,11.3,21.1,29.1,17.1,34.5,14.2,36.3
05127,Scott,AR,Arkansas,44.1,9.5,18.5,25.1,14.8,27.5,36.7,18.9,37.0,17.9,37.4
05129,Searcy,AR,Arkansas,49.3,11.9,20.9,26.0,17.6,31.1,38.6,19.0,39.9,20.0,40.2
05131,Sebastian,AR,Arkansas,40.7,7.7,16.1,24.9,13.1,25.0,33.3,18.9,36.2,16.2,37.7
05133,Sevier,AR,Arkansas,40.2,8.6,18.8,24.1,15.2,31.4,40.6,19.5,41.4,18.6,39.7
05135,Sharp,AR,Arkansas,46.7,10.8,19.3,26.1,16.2,29.1,37.7,18.9,39.4,19.0,36.1
05137,Stone,AR,Arkansas,47.9,11.8,19.7,25.3,17.0,30.0,37.9,18.3,39.8,19.4,39.7
05139,Union,AR,Arkansas,46.4,8.7,17.6,23.6,16.0,27.6,36.2,18.5,39.4,16.8,39.1
05141,Van Buren,AR,Arkansas,47.4,11.1,19.3,24.8,16.2,28.5,37.0,18.3,39.6,18.7,39.4
05143,Washington,AR,Arkansas,34.6,5.8,13.4,24.6,10.1,21.0,27.5,18.8,35.4,13.9,34.7
05145,White,AR,Arkansas,40.4,7.9,17.4,26.3,12.6,24.5,32.5,19.6,39.7,16.1,37.5
05147,Woodruff,AR,Arkansas,49.8,10.7,20.2,24.4,18.3,31.8,40.7,19.3,39.2,19.3,39.3
05149,Yell,AR,Arkansas,43.5,8.7,18.4,25.1,14.7,27.7,35.5,18.8,42.0,17.5,38.8
06001,Alameda,CA,California,28.5,4.8,9.3,18.6,11.0,18.0,20.6,15.0,22.8,11.5,34.9
06003,Alpine,CA,California,35.7,7.5,11.0,21.7,11.6,18.8,19.4,15.6,28.4,13.5,33.2
06005,Amador,CA,California,37.6,7.8,12.2,21.7,11.8,20.5,22.7,16.0,29.6,14.4,32.8
06007,Butte,CA,California,32.2,6.5,12.8,25.6,10.7,21.5,22.8,19.1,29.3,14.1,32.5
06009,Calaveras,CA,California,37.8,8.7,13.4,23.2,13.2,22.6,24.8,16.7,29.8,15.7,33.3
06011,Colusa,CA,California,32.0,6.8,13.4,21.6,13.4,28.2,30.3,18.1,35.0,16.2,34.1
06013,Contra Costa,CA,California,31.2,5.5,9.3,19.1,11.3,18.5,23.7,15.3,28.0,12.1,35.1
06015,Del Norte,CA,California,36.0,7.7,15.0,23.5,12.5,24.5,25.6,18.3,31.0,15.9,38.1
06017,El Dorado,CA,California,33.6,6.8,10.4,22.3,10.8,18.0,19.5,15.5,27.7,13.3,32.1
06019,Fresno,CA,California,31.7,6.2,13.2,21.4,12.7,27.6,30.9,18.4,37.7,15.0,35.9
06021,Glenn,CA,California,32.7,7.0,13.9,22.6,12.6,25.9,28.0,18.4,32.1,15.8,36.2
06023,Humboldt,CA,California,32.9,7.1,14.2,26.1,11.4,22.3,23.7,19.7,31.3,14.9,34.9
06025,Imperial,CA,California,33.2,6.7,12.9,19.9,15.0,32.6,35.2,18.0,34.7,17.1,41.0
06027,Inyo,CA,California,35.1,7.6,12.0,22.2,12.4,21.5,22.9,16.3,28.2,14.7,31.8
06029,Kern,CA,California,32.0,6.2,14.6,22.8,13.3,28.1,31.9,20.0,36.0,16.1,38.5
06031,Kings,CA,California,30.4,5.8,14.8,21.1,12.1,27.6,30.4,19.5,34.7,15.6,36.2
06033,Lake,CA,California,39.6,8.9,15.2,24.0,14.1,26.3,27.8,18.1,32.7,17.1,33.4
06035,Lassen,CA,California,33.7,7.1,15.9,22.9,11.5,25.1,26.1,19.2,34.2,15.6,39.3
06037,Los Angeles,CA,California,30.2,5.3,11.2,19.0,12.6,24.1,26.2,16.2,26.5,14.1,35.5
06039,Madera,CA,California,33.2,7.0,14.8,21.8,13.5,30.5,31.7,19.8,36.5,16.9,37.1
06041,Marin,CA,California,32.6,6.4,8.2,20.6,10.2,16.6,18.2,13.9,21.3,12.1,28.6
06043,Mariposa,CA,California,39.0,9.1,12.6,22.6,13.5,22.7,24.6,16.2,30.5,15.6,33.1
06045,Mendocino,CA,California,38.5,8.5,14.3,23.0,13.7,24.8,26.0,17.8,29.3,16.3,33.6
06047,Merced,CA,California,31.2,6.1,14.1,21.5,13.0,29.4,33.2,19.0,33.8,16.0,38.7
06049,Modoc,CA,California,41.3,10.0,14.8,23.9,14.9,26.2,27.5,17.4,31.9,17.4,32.1
06051,Mono,CA,California,31.5,6.3,11.7,22.8,10.5,19.7,21.5,16.9,31.2,13.5,32.5
06053,Monterey,CA,California,32.0,6.2,11.9,19.2,12.5,25.8,27.0,16.7,31.1,14.7,33.9
06055,Napa,CA,California,33.0,6.5,10.4,20.8,11.4,20.6,23.5,15.5,27.9,13.4,31.7
06057,Nevada,CA,California,37.5,7.9,11.0,23.0,11.5,19.0,20.4,15.6,27.5,14.0,31.9
06059,Orange,CA,California,29.1,5.5,9.2,19.0,11.5,20.6,24.1,16.0,23.9,12.5,35.4
06061,Placer,CA,California,32.7,5.9,9.4,21.3,9.8,16.6,19.1,15.3,27.3,12.4,32.1
06063,Plumas,CA,California,40.4,9.3,13.0,23.4,13.5,22.4,24.0,16.6,29.9,15.8,31.2
06065,Riverside,CA,California,33.3,6.0,11.5,21.7,12.4,24.4,27.3,17.1,36.8,14.7,38.0
06067,Sacramento,CA,California,30.9,5.7,11.8,22.5,11.2,21.9,21.5,17.4,29.6,13.6,38.0
06069,San Benito,CA,California,29.9,5.3,10.9,20.2,11.3,23.0,25.3,16.6,31.5,13.8,34.6
06071,San Bernardino,CA,California,31.9,5.6,12.3,19.6,12.1,25.6,26.3,17.7,33.3,14.4,37.8
06073,San Diego,CA,California,28.7,5.2,10.0,21.1,10.0,18.7,20.6,16.3,25.3,11.9,34.1
06075,San Francisco,CA,California,27.0,4.9,8.8,19.4,10.2,16.6,19.2,13.8,17.2,10.4,32.0
06077,San Joaquin,CA,California,30.4,5.7,12.6,19.6,12.3,24.4,26.1,17.2,30.7,14.1,38.1
06079,San Luis Obispo,CA,California,31.8,6.4,10.2,22.8,10.0,18.7,20.1,16.7,26.1,13.0,30.7
06081,San Mateo,CA,California,29.2,5.2,8.0,18.1,10.6,17.0,20.2,13.1,22.3,10.9,28.3
06083,Santa Barbara,CA,California,30.4,6.0,10.7,21.7,10.8,22.3,24.1,17.2,26.1,13.8,31.3
06085,Santa Clara,CA,California,27.0,4.5,8.1,17.8,10.5,16.1,22.2,13.7,21.9,10.1,31.7
06087,Santa Cruz,CA,California,30.5,5.9,10.0,22.8,10.2,19.7,20.7,16.7,25.8,13.0,32.4
06089,Shasta,CA,California,35.9,7.3,13.8,24.3,11.7,21.9,22.2,18.6,29.3,15.0,37.0
06091,Sierra,CA,California,42.8,10.3,15.1,23.2,15.3,26.1,27.3,16.8,32.5,17.5,32.6
06093,Siskiyou,CA,California,39.4,9.2,14.4,24.0,13.9,24.5,25.8,17.6,31.8,16.6,33.4
06095,Solano,CA,California,33.3,5.8,11.3,19.4,12.1,21.2,25.1,16.6,31.3,13.2,37.3
06097,Sonoma,CA,California,31.6,6.4,10.6,22.9,10.7,18.9,21.2,15.8,26.1,13.1,32.8
06099,Stanislaus,CA,California,31.8,6.1,13.4,20.9,11.9,25.5,30.3,18.8,36.4,15.5,35.1
06101,Sutter,CA,California,33.3,6.8,13.9,21.5,12.8,25.4,27.7,17.9,29.5,15.3,35.9
06103,Tehama,CA,California,35.9,8.1,15.1,24.1,13.0,25.9,27.4,18.8,31.6,16.6,34.9
06105,Trinity,CA,California,43.7,11.0,16.9,24.8,15.9,27.4,28.4,18.1,33.3,18.3,33.0
06107,Tulare,CA,California,31.2,6.2,14.0,22.3,13.1,29.4,32.6,19.0,35.0,16.4,34.9
06109,Tuolumne,CA,California,36.8,8.0,12.3,23.6,12.1,20.8,23.0,16.8,29.0,14.8,34.1
06111,Ventura,CA,California,30.7,5.8,10.4,20.6,11.4,21.9,23.6,16.2,25.7,13.2,33.5
06113,Yolo,CA,California,26.0,4.9,9.8,23.6,9.3,19.7,22.4,17.9,25.7,12.2,30.4
06115,Yuba,CA,California,30.9,6.0,14.5,23.7,11.3,23.7,26.0,19.4,30.8,15.0,35.5
08001,Adams,CO,Colorado,27.3,4.7,13.4,20.7,9.7,18.8,22.8,17.1,33.2,12.5,34.2
08003,Alamosa,CO,Colorado,29.0,6.2,12.7,22.6,11.3,21.9,23.9,18.1,30.3,14.6,32.9
08005,Arapahoe,CO,Colorado,27.8,4.9,10.5,21.7,8.5,15.4,18.0,15.9,26.1,11.5,32.6
08007,Archuleta,CO,Colorado,35.4,7.9,12.0,21.2,11.7,17.8,19.7,14.3,27.6,14.1,27.8
08009,Baca,CO,Colorado,37.8,9.6,16.9,24.2,13.4,23.8,26.0,17.7,29.9,17.2,33.8
08011,Bent,CO,Colorado,36.9,9.2,20.0,22.0,14.7,28.7,29.9,18.3,33.7,17.8,34.8
08013,Boulder,CO,Colorado,21.9,4.8,8.8,23.3,7.1,12.6,12.1,15.2,16.7,10.5,24.1
08014,Broomfield,CO,Colorado,24.5,4.4,8.7,21.4,7.1,11.7,13.5,14.4,22.3,10.0,30.3
08015,Chaffee,CO,Colorado,32.3,7.1,12.1,21.6,10.2,16.7,18.0,14.9,25.7,13.1,29.6
08017,Cheyenne,CO,Colorado,33.8,7.6,13.9,22.8,11.3,19.1,21.2,16.5,28.8,14.6,29.7
08019,Clear Creek,CO,Colorado,30.3,6.1,10.1,21.3,9.0,13.8,15.2,13.9,23.9,11.7,27.9
08021,Conejos,CO,Colorado,32.9,7.5,13.0,20.5,13.8,23.5,26.0,16.0,30.3,15.6,32.3
08023,Costilla,CO,Colorado,38.1,9.4,13.5,19.5,17.0,26.2,28.7,15.0,31.6,17.1,33.0
08025,Crowley,CO,Colorado,31.0,6.4,18.0,20.5,11.0,23.7,25.2,17.9,31.7,15.0,35.7
08027,Custer,CO,Colorado,38.2,8.8,12.2,22.0,12.4,17.9,19.6,14.4,26.6,14.6,29.2
08029,Delta,CO,Colorado,37.5,8.8,14.5,23.6,12.4,21.2,22.9,16.2,26.7,15.8,32.3
08031,Denver,CO,Colorado,21.7,4.1,10.3,22.7,7.1,14.3,17.0,15.2,21.6,10.8,29.2
08033,Dolores,CO,Colorado,35.1,7.9,14.9,22.7,11.5,19.3,21.1,16.6,27.3,14.8,30.5
08035,Douglas,CO,Colorado,25.8,4.3,7.8,21.1,6.8,11.1,13.7,14.2,25.3,9.6,26.6
08037,Eagle,CO,Colorado,25.2,5.1,10.3,20.4,8.5,14.6,16.3,14.7,24.3,11.5,28.7
08039,Elbert,CO,Colorado,29.9,5.9,11.2,21.7,8.9,14.4,16.2,15.2,24.8,12.2,30.3
08041,El Paso,CO,Colorado,28.1,4.9,10.7,25.4,8.7,16.0,18.8,17.8,28.3,12.7,34.6
08043,Fremont,CO,Colorado,32.6,7.6,15.5,23.2,11.4,20.8,22.9,16.9,30.6,15.3,33.9
08045,Garfield,CO,Colorado,27.2,5.5,12.2,21.1,8.9,17.1,18.6,16.2,24.0,12.9,26.6
08047,Gilpin,CO,Colorado,31.1,6.2,11.4,21.9,9.6,14.9,16.2,14.7,25.5,12.5,30.4
08049,Grand,CO,Colorado,29.8,6.2,11.8,22.6,9.1,15.3,16.6,15.6,24.3,12.4,29.6
08051,Gunnison,CO,Colorado,24.2,4.6,9.6,23.3,7.1,12.4,14.2,16.1,23.8,10.4,27.4
08053,Hinsdale,CO,Colorado,34.1,7.5,8.4,20.2,10.0,13.2,15.0,12.5,23.5,11.8,28.0
08055,Huerfano,CO,Colorado,37.6,9.1,12.9,20.6,13.9,21.5,23.7,14.7,27.5,15.7,30.4
08057,Jackson,CO,Colorado,38.8,9.6,16.9,23.0,13.9,23.4,25.2,16.6,30.0,17.0,31.1
08059,Jefferson,CO,Colorado,27.7,5.1,9.9,23.1,8.3,13.3,13.3,14.8,23.1,10.8,30.2
08061,Kiowa,CO,Colorado,36.1,8.7,13.8,23.2,11.8,19.5,21.7,16.3,27.1,15.3,31.0
08063,Kit Carson,CO,Colorado,33.3,7.7,14.5,23.3,11.4,20.6,22.9,17.3,29.4,15.4,31.5
08065,Lake,CO,Colorado,26.4,4.9,10.2,21.6,8.4,14.9,17.0,15.1,23.9,11.4,29.5
08067,La Plata,CO,Colorado,28.6,6.2,11.7,21.9,9.3,15.2,16.1,15.6,20.9,12.5,27.5
08069,Larimer,CO,Colorado,25.6,5.1,9.6,24.8,7.3,13.5,13.9,16.6,23.5,11.5,26.6
08071,Las Animas,CO,Colorado,35.5,8.5,13.7,21.7,13.7,23.0,26.0,16.0,32.5,16.0,33.9
08073,Lincoln,CO,Colorado,32.6,7.3,15.5,21.6,10.8,20.7,23.4,17.2,29.8,14.7,31.6
08075,Logan,CO,Colorado,33.6,7.5,16.0,23.6,11.2,21.4,23.5,18.1,29.7,15.2,33.7
08077,Mesa,CO,Colorado,31.1,6.7,12.7,23.4,9.8,17.6,20.0,16.6,29.8,14.1,29.4
08079,Mineral,CO,Colorado,34.3,7.3,10.5,21.5,10.5,15.1,16.6,13.8,25.7,12.6,29.5
08081,Moffat,CO,Colorado,32.3,7.0,15.6,24.1,10.8,19.9,22.1,17.9,28.5,15.0,33.0
08083,Montezuma,CO,Colorado,33.9,7.8,14.7,23.6,11.8,19.8,22.0,16.6,28.4,15.0,29.8
08085,Montrose,CO,Colorado,34.1,8.0,13.4,22.4,11.5,20.2,21.6,15.7,27.5,14.8,29.8
08087,Morgan,CO,Colorado,31.6,6.6,13.8,21.7,10.9,21.2,23.3,17.4,32.1,14.7,32.2
08089,Otero,CO,Colorado,35.6,8.5,15.3,22.5,14.5,25.3,27.6,17.6,34.6,17.1,34.5
08091,Ouray,CO,Colorado,34.0,7.0,9.1,21.1,10.0,13.7,15.3,12.9,23.3,12.0,28.1
08093,Park,CO,Colorado,32.7,6.7,11.3,21.1,10.2,15.0,16.0,14.4,23.5,12.7,28.0
08095,Phillips,CO,Colorado,34.1,8.0,14.3,22.7,11.9,21.5,24.0,16.8,28.9,15.4,32.8
08097,Pitkin,CO,Colorado,28.8,5.8,8.3,20.4,8.4,12.4,13.7,13.3,20.7,10.7,24.8
08099,Prowers,CO,Colorado,32.5,7.6,15.0,22.4,12.6,23.3,26.3,17.6,29.2,15.9,33.0
08101,Pueblo,CO,Colorado,32.2,6.9,13.9,22.6,12.3,22.0,26.8,17.3,32.1,15.2,36.7
08103,Rio Blanco,CO,Colorado,31.1,6.5,13.1,23.6,9.6,17.0,18.9,16.9,26.7,13.4,32.3
08105,Rio Grande,CO,Colorado,33.4,7.4,12.5,21.0,12.2,20.9,23.2,15.6,27.7,14.7,30.1
08107,Routt,CO,Colorado,27.9,5.5,10.2,21.8,8.3,13.5,15.3,14.8,23.7,11.5,26.6
08109,Saguache,CO,Colorado,38.3,9.3,14.6,21.0,15.1,24.2,25.9,15.7,29.1,16.7,32.1
08111,San Juan,CO,Colorado,32.4,6.9,11.2,21.5,10.2,15.5,17.4,14.3,26.4,12.5,31.0
08113,San Miguel,CO,Colorado,28.7,5.7,9.8,21.9,8.7,13.5,14.9,14.3,26.3,11.2,27.7
08115,Sedgwick,CO,Colorado,37.8,9.3,13.6,21.9,13.0,21.0,23.1,15.6,28.0,15.7,31.3
08117,Summit,CO,Colorado,26.3,5.0,10.5,22.1,7.9,13.8,15.3,15.3,24.4,11.1,28.7
08119,Teller,CO,Colorado,33.4,6.9,11.3,22.0,10.2,15.3,17.0,14.4,24.1,12.9,31.2
08121,Washington,CO,Colorado,32.6,7.4,13.4,22.6,10.5,18.3,20.2,16.4,26.4,14.1,30.0
08123,Weld,CO,Colorado,27.8,5.1,12.7,22.1,9.5,16.9,20.6,17.2,33.8,12.8,33.6
08125,Yuma,CO,Colorado,31.4,7.2,13.9,22.3,10.9,20.8,22.7,16.9,28.4,14.8,32.3
09110,Capitol,CT,Connecticut,32.5,5.7,11.1,21.8,11.0,16.8,25.1,16.7,31.9,12.4,36.8
09120,Greater Bridgeport,CT,Connecticut,30.6,5.5,10.7,17.8,10.3,18.1,27.6,15.7,28.1,12.6,36.6
09130,Lower Connecticut River Valley,CT,Connecticut,33.5,6.1,9.8,22.4,9.4,13.5,21.0,14.6,29.0,11.7,31.9
09140,Naugatuck Valley,CT,Connecticut,33.3,6.3,11.8,21.1,10.6,17.0,26.7,16.2,32.5,13.3,36.4
09150,Northeastern Connecticut,CT,Connecticut,35.1,6.4,13.2,23.9,10.3,16.6,26.3,17.2,33.3,13.9,37.6
09160,Northwest Hills,CT,Connecticut,32.4,6.6,10.9,21.6,10.0,15.6,23.4,15.2,28.2,13.3,32.0
09170,South Central Connecticut,CT,Connecticut,32.8,5.9,10.8,20.4,10.4,16.3,26.5,16.1,33.4,12.6,37.2
09180,Southeastern Connecticut,CT,Connecticut,34.4,6.1,10.8,23.1,10.0,17.7,26.3,16.6,32.5,13.5,36.9
09190,Western Connecticut,CT,Connecticut,28.2,5.0,8.5,17.7,8.5,13.6,22.1,13.9,24.7,10.9,33.3
10001,Kent,DE,Delaware,39.5,6.6,13.5,22.5,14.3,21.1,31.6,17.7,43.5,14.4,39.9
10003,New Castle,DE,Delaware,35.2,5.9,11.6,21.0,12.2,17.5,25.5,15.5,33.4,12.3,35.9
10005,Sussex,DE,Delaware,43.4,9.1,14.0,20.4,14.2,19.9,27.9,13.8,33.8,14.8,32.5
11001,District of Columbia,DC,District of Columbia,28.5,3.8,9.4,21.6,7.8,13.1,14.9,14.1,24.7,9.2,32.8
12001,Alachua,FL,Florida,30.7,5.6,11.2,20.1,10.5,17.4,21.0,18.2,30.9,12.1,36.0
12003,Baker,FL,Florida,36.7,6.9,16.6,19.6,12.3,20.1,27.7,19.0,35.3,14.9,39.5
12005,Bay,FL,Florida,37.7,7.3,14.6,20.8,11.9,19.8,25.3,17.7,33.4,14.8,38.9
12007,Bradford,FL,Florida,38.5,8.6,19.3,20.3,14.4,25.3,32.0,19.8,34.9,17.1,41.9
12009,Brevard,FL,Florida,38.8,7.9,12.5,18.6,13.1,18.6,23.8,15.9,34.0,14.1,33.4
12011,Broward,FL,Florida,36.3,6.7,11.8,15.6,13.5,20.7,26.4,15.7,30.6,13.8,39.7
12013,Calhoun,FL,Florida,40.3,9.2,20.2,19.9,15.2,26.4,32.7,19.6,40.0,17.8,40.1
12015,Charlotte,FL,Florida,45.1,10.7,12.8,16.2,15.6,20.1,25.3,14.3,30.6,15.8,33.2
12017,Citrus,FL,Florida,42.6,11.1,15.2,18.4,15.8,22.9,28.8,15.9,32.3,17.1,36.4
12019,Clay,FL,Florida,36.9,6.6,13.5,18.9,12.2,17.9,25.4,17.6,34.9,13.7,39.6
12021,Collier,FL,Florida,39.2,9.4,10.3,15.1,13.7,18.8,24.6,13.3,26.6,14.4,29.9
12023,Columbia,FL,Florida,41.5,8.9,18.2,20.1,15.1,24.3,31.5,18.2,39.7,16.7,38.0
12027,DeSoto,FL,Florida,42.4,10.7,19.6,18.6,17.6,31.3,38.6,18.9,41.0,19.5,39.3
12029,Dixie,FL,Florida,43.3,10.6,20.0,20.0,16.1,26.5,32.4,19.2,34.7,18.5,40.2
12031,Duval,FL,Florida,35.4,6.3,13.9,19.6,12.8,20.4,27.1,18.2,34.3,14.0,42.4
12033,Escambia,FL,Florida,38.8,7.2,14.2,20.5,12.8,20.4,26.1,18.1,35.8,14.6,37.1
12035,Flagler,FL,Florida,39.2,9.0,12.2,18.3,13.7,18.8,24.5,14.8,30.6,14.8,35.6
12037,Franklin,FL,Florida,44.0,9.8,16.6,18.3,15.3,23.1,29.4,16.8,32.3,16.9,34.5
12039,Gadsden,FL,Florida,44.6,9.3,18.6,16.6,19.2,28.9,31.4,18.8,44.6,17.7,38.4
12041,Gilchrist,FL,Florida,36.3,8.3,17.0,20.6,12.8,21.6,27.4,18.3,34.5,16.2,38.3
12043,Glades,FL,Florida,44.0,10.9,19.7,17.6,17.7,29.6,36.1,18.2,37.1,18.8,40.7
12045,Gulf,FL,Florida,40.5,8.3,15.5,19.5,14.1,21.3,27.4,16.8,35.3,15.6,36.4
12047,Hamilton,FL,Florida,44.3,9.9,20.6,19.1,17.6,30.1,32.9,19.8,41.5,18.7,42.7
12049,Hardee,FL,Florida,36.9,8.6,17.6,18.0,15.6,28.1,33.9,19.0,39.9,17.3,37.9
12051,Hendry,FL,Florida,37.2,8.0,17.4,16.6,16.8,31.2,38.1,18.5,37.6,18.6,42.9
12053,Hernando,FL,Florida,38.5,8.9,14.3,19.7,14.9,21.2,27.7,16.7,36.1,16.1,36.3
12055,Highlands,FL,Florida,46.1,11.7,14.3,16.9,18.3,25.9,33.3,15.7,36.7,17.5,34.8
12057,Hillsborough,FL,Florida,34.4,6.0,12.1,16.6,12.5,19.2,23.9,16.4,31.6,13.1,38.4
12059,Holmes,FL,Florida,41.0,9.0,19.2,20.8,14.5,24.9,29.5,19.5,36.3,17.1,43.8
12061,Indian River,FL,Florida,40.0,9.7,11.5,16.6,14.3,19.4,25.0,14.1,26.6,14.9,34.4
12063,Jackson,FL,Florida,41.9,9.1,19.0,19.3,15.6,25.7,31.7,19.0,38.7,17.1,40.4
12065,Jefferson,FL,Florida,46.3,9.3,17.1,17.5,16.3,24.4,28.3,17.2,35.1,17.0,37.5
12067,Lafayette,FL,Florida,39.4,8.8,19.3,19.3,14.6,26.4,31.6,19.8,34.7,17.4,39.6
12069,Lake,FL,Florida,38.9,8.5,12.3,17.1,14.5,20.4,26.1,15.7,35.3,14.9,36.6
12071,Lee,FL,Florida,39.6,8.9,11.9,16.9,14.5,19.7,26.6,14.8,30.4,14.6,33.8
12073,Leon,FL,Florida,32.6,5.5,11.3,18.2,10.6,17.7,22.6,18.2,33.1,12.1,39.5
12075,Levy,FL,Florida,42.6,9.9,17.8,19.0,16.1,24.9,30.4,18.5,33.8,17.4,39.8
12077,Liberty,FL,Florida,39.5,8.4,19.3,19.0,14.3,26.3,31.8,19.5,44.5,17.1,40.4
12079,Madison,FL,Florida,43.9,9.4,18.8,18.6,16.8,26.4,32.5,18.7,38.0,17.7,42.6
12081,Manatee,FL,Florida,39.5,8.8,12.4,17.4,14.0,19.8,25.4,15.1,32.1,14.5,37.8
12083,Marion,FL,Florida,40.9,9.7,14.8,19.0,14.9,22.9,26.6,16.6,36.4,16.4,38.9
12085,Martin,FL,Florida,37.0,9.4,11.4,17.1,13.6,19.1,23.5,14.3,27.0,14.7,30.7
12086,Miami-Dade,FL,Florida,33.8,6.8,11.3,13.5,15.4,23.0,32.5,14.4,29.5,14.6,38.4
12087,Monroe,FL,Florida,38.0,7.9,12.0,16.1,13.2,18.4,23.8,14.4,25.8,14.1,34.0
12089,Nassau,FL,Florida,36.9,7.4,12.4,18.3,11.6,17.0,20.2,15.7,33.7,13.8,33.1
12091,Okaloosa,FL,Florida,32.7,6.1,12.8,19.1,10.8,17.2,22.8,17.4,30.7,12.9,36.7
12093,Okeechobee,FL,Florida,41.4,9.4,18.2,19.4,15.6,27.3,32.0,18.7,43.9,18.2,40.7
12095,Orange,FL,Florida,32.0,5.6,11.9,16.6,11.7,19.2,24.5,16.3,33.5,12.9,41.2
12097,Osceola,FL,Florida,34.8,5.9,11.8,17.2,13.4,21.9,28.2,16.7,39.8,14.1,38.8
12099,Palm Beach,FL,Florida,36.3,7.9,11.2,15.3,13.7,19.4,25.6,14.4,26.6,13.5,35.5
12101,Pasco,FL,Florida,38.2,7.7,13.5,19.1,12.8,19.4,26.5,16.4,31.8,14.6,35.9
12103,Pinellas,FL,Florida,37.3,8.2,12.2,19.3,13.1,18.9,23.9,15.5,31.5,14.2,36.0
12105,Polk,FL,Florida,36.2,7.7,14.4,19.2,13.6,23.4,28.8,17.8,40.2,16.0,42.4
12107,Putnam,FL,Florida,43.4,10.8,21.0,19.6,17.5,29.5,33.7,19.4,33.1,19.3,40.2
12109,St. Johns,FL,Florida,34.6,6.5,10.1,17.4,10.6,14.6,18.5,14.4,29.2,12.3,30.0
12111,St. Lucie,FL,Florida,39.9,8.4,13.5,17.0,14.5,21.4,27.0,16.4,31.5,15.3,36.6
12113,Santa Rosa,FL,Florida,35.3,6.4,13.4,19.3,10.9,17.3,20.5,17.2,32.1,13.5,39.6
12115,Sarasota,FL,Florida,41.4,9.4,10.5,17.9,13.0,18.3,23.4,13.4,29.2,14.3,31.6
12117,Seminole,FL,Florida,32.2,5.9,10.8,16.4,11.0,16.5,21.2,15.1,29.5,11.9,36.1
12119,Sumter,FL,Florida,48.0,12.1,9.9,14.1,16.0,19.5,25.1,11.5,29.5,15.6,29.2
12121,Suwannee,FL,Florida,40.9,9.3,17.9,19.3,15.0,24.5,32.3,18.2,38.3,17.3,42.3
12123,Taylor,FL,Florida,44.3,9.7,19.2,19.3,15.9,26.1,32.4,19.0,40.8,17.5,40.5
12125,Union,FL,Florida,41.0,8.5,20.1,20.2,14.5,25.7,30.7,19.5,41.6,17.0,40.0
12127,Volusia,FL,Florida,39.1,8.3,13.7,19.1,13.5,20.7,25.5,16.7,32.7,15.0,33.4
12129,Wakulla,FL,Florida,37.4,6.9,15.3,18.0,12.6,19.7,27.2,17.6,38.9,14.9,39.7
12131,Walton,FL,Florida,36.3,7.4,13.8,18.7,12.3,18.5,22.0,16.4,30.1,13.9,35.2
12133,Washington,FL,Florida,42.3,8.9,19.5,20.4,15.1,25.4,32.3,19.7,40.1,17.5,42.1
13001,Appling,GA,Georgia,43.5,9.1,20.3,22.0,17.4,28.7,35.1,19.6,40.6,18.4,37.3
13003,Atkinson,GA,Georgia,42.5,8.7,22.0,22.0,18.0,32.9,39.9,20.7,44.0,19.5,38.5
13005,Bacon,GA,Georgia,40.4,7.9,18.8,22.1,14.9,24.9,32.7,19.5,36.9,16.7,39.6
13007,Baker,GA,Georgia,51.6,11.3,20.0,19.3,22.9,31.7,38.8,18.2,43.3,19.2,39.2
13009,Baldwin,GA,Georgia,40.1,7.2,15.8,20.4,15.3,23.8,29.8,19.0,38.7,15.1,41.2
13011,Banks,GA,Georgia,39.0,7.6,17.3,22.8,13.8,22.8,29.2,18.3,34.5,15.9,36.7
13013,Barrow,GA,Georgia,35.6,5.7,15.0,19.7,12.2,20.2,28.0,17.7,35.3,13.9,37.8
13015,Bartow,GA,Georgia,36.8,6.2,15.2,21.2,12.0,20.4,26.2,17.9,38.7,14.4,36.6
13017,Ben Hill,GA,Georgia,46.6,9.0,21.3,20.9,19.1,30.0,37.8,19.8,41.5,18.6,43.1
13019,Berrien,GA,Georgia,41.7,8.8,20.7,22.9,16.0,26.5,34.0,19.9,38.1,17.8,36.1
13021,Bibb,GA,Georgia,44.6,7.3,16.8,19.5,16.9,26.1,32.2,19.1,44.7,15.8,42.5
13023,Bleckley,GA,Georgia,40.2,7.7,16.6,21.8,14.7,23.6,29.8,19.0,37.7,16.0,38.7
13025,Brantley,GA,Georgia,40.3,8.4,19.6,24.0,14.4,25.0,32.6,19.7,39.0,17.4,37.0
13027,Brooks,GA,Georgia,47.9,10.0,19.8,20.2,20.0,30.1,36.7,18.8,40.2,18.8,41.7
13029,Bryan,GA,Georgia,32.8,4.7,12.3,20.5,10.0,15.7,21.2,16.7,33.5,12.0,35.0
13031,Bulloch,GA,Georgia,35.1,5.6,14.1,21.4,11.5,20.3,25.7,20.1,38.9,13.5,37.1
13033,Burke,GA,Georgia,45.7,8.3,19.0,20.4,18.3,27.7,34.7,19.4,40.1,17.5,41.5
13035,Butts,GA,Georgia,39.6,6.8,17.4,20.4,13.8,23.2,31.0,18.7,38.2,15.3,39.1
13037,Calhoun,GA,Georgia,46.9,8.1,20.8,17.3,18.5,29.9,37.0,19.1,43.6,16.8,44.0
13039,Camden,GA,Georgia,35.7,6.2,14.8,20.9,12.3,20.1,27.1,18.2,37.2,13.8,37.4
13043,Candler,GA,Georgia,42.7,8.4,18.6,21.2,16.5,27.3,33.4,18.9,42.2,17.4,38.6
13045,Carroll,GA,Georgia,36.7,6.3,16.1,21.3,12.8,21.4,28.1,18.7,34.2,14.6,33.9
13047,Catoosa,GA,Georgia,36.3,6.9,14.7,21.3,12.5,19.1,25.3,17.2,34.1,14.2,35.3
13049,Charlton,GA,Georgia,41.2,7.8,20.1,20.1,16.1,28.2,34.3,19.2,41.5,17.0,42.2
13051,Chatham,GA,Georgia,38.8,6.1,13.3,18.9,13.1,19.0,25.2,16.6,33.0,13.0,41.7
13053,Chattahoochee,GA,Georgia,25.7,3.4,13.5,21.0,7.5,18.3,24.7,20.6,35.8,11.3,40.2
13055,Chattooga,GA,Georgia,42.0,8.9,21.3,23.1,16.0,28.0,35.1,20.0,35.2,18.5,36.9
13057,Cherokee,GA,Georgia,34.1,5.7,11.7,20.2,11.0,16.5,23.7,16.0,33.5,12.2,35.8
13059,Clarke,GA,Georgia,31.1,5.1,12.3,22.2,10.9,19.4,25.0,19.4,30.2,12.5,33.7
13061,Clay,GA,Georgia,52.1,10.5,17.2,18.3,21.5,29.4,37.3,17.4,41.2,17.9,40.0
13063,Clayton,GA,Georgia,41.4,5.7,16.0,17.0,16.2,25.1,32.5,19.2,45.2,14.8,45.3
13065,Clinch,GA,Georgia,43.8,8.8,21.2,21.8,17.3,29.1,35.6,20.1,41.9,18.4,40.9
13067,Cobb,GA,Georgia,32.1,4.9,10.4,18.2,10.9,15.8,21.6,15.0,29.9,11.2,35.8
13069,Coffee,GA,Georgia,41.5,7.8,20.7,21.7,16.1,28.5,35.0,20.4,39.3,17.5,36.2
13071,Colquitt,GA,Georgia,43.0,8.1,19.2,21.7,16.7,28.2,35.0,19.6,35.7,17.6,38.7
13073,Columbia,GA,Georgia,36.7,5.4,11.9,19.4,11.9,16.4,24.3,16.1,33.1,12.4,35.3
13075,Cook,GA,Georgia,42.6,8.3,19.7,22.2,16.5,27.4,32.6,19.9,37.6,17.7,39.7
13077,Coweta,GA,Georgia,35.7,5.7,12.3,19.3,12.4,17.7,24.9,16.1,35.7,12.9,36.4
13079,Crawford,GA,Georgia,42.5,7.9,17.1,20.6,15.5,23.3,30.4,17.7,37.3,16.1,36.9
13081,Crisp,GA,Georgia,47.5,9.4,19.9,20.5,19.4,29.7,36.9,19.4,44.6,18.1,39.8
13083,Dade,GA,Georgia,37.9,7.4,15.2,22.6,12.6,20.1,26.4,17.6,35.1,14.9,34.4
13085,Dawson,GA,Georgia,35.8,6.6,12.6,21.0,11.6,17.6,23.5,16.1,31.6,13.5,30.8
13087,Decatur,GA,Georgia,44.8,8.3,18.9,20.3,17.8,27.9,34.6,19.5,42.2,17.5,41.2
13089,DeKalb,GA,Georgia,37.4,5.1,11.5,16.9,13.0,18.2,22.5,15.8,31.8,11.9,37.0
13091,Dodge,GA,Georgia,44.7,8.6,18.7,20.6,16.7,26.1,33.8,18.8,40.4,17.0,38.2
13093,Dooly,GA,Georgia,47.2,8.6,18.1,17.8,18.3,27.3,34.4,17.5,41.0,16.5,41.5
13095,Dougherty,GA,Georgia,47.1,7.8,17.7,18.6,19.0,29.4,34.1,19.2,41.9,16.7,46.3
13097,Douglas,GA,Georgia,37.4,5.4,13.7,18.2,13.6,20.4,27.0,17.2,36.3,12.9,42.6
13099,Early,GA,Georgia,47.4,8.8,18.8,19.8,18.9,29.0,36.2,19.0,40.7,17.8,42.5
13101,Echols,GA,Georgia,36.1,6.6,16.3,20.6,13.6,23.4,30.6,17.9,38.3,15.5,37.9
13103,Effingham,GA,Georgia,34.6,5.4,14.1,20.5,11.3,17.9,24.5,17.3,37.9,13.2,38.0
13105,Elbert,GA,Georgia,44.2,8.6,17.8,20.4,16.6,25.4,32.7,18.1,38.2,16.8,39.1
13107,Emanuel,GA,Georgia,43.9,8.0,20.3,20.8,16.4,28.1,35.9,19.8,42.7,17.5,40.8
13109,Evans,GA,Georgia,43.2,8.0,19.2,20.8,16.8,27.4,35.2,19.4,42.4,17.2,40.8
13111,Fannin,GA,Georgia,44.8,10.2,16.1,20.7,16.5,23.2,30.1,15.9,38.2,17.0,34.9
13113,Fayette,GA,Georgia,37.1,6.0,9.6,17.6,12.6,15.6,21.2,13.9,30.7,11.6,33.3
13115,Floyd,GA,Georgia,38.6,7.1,16.0,22.3,14.1,22.5,28.6,18.6,37.3,15.3,34.5
13117,Forsyth,GA,Georgia,30.2,4.6,9.2,17.4,9.9,13.4,20.2,13.2,27.7,10.4,31.9
13119,Franklin,GA,Georgia,40.7,8.2,17.9,22.6,14.7,24.5,30.8,19.0,39.0,16.8,36.4
13121,Fulton,GA,Georgia,33.4,4.6,9.9,16.9,10.9,16.3,20.0,15.4,28.2,10.8,39.8
13123,Gilmer,GA,Georgia,41.9,9.1,15.0,20.7,15.2,22.5,28.8,16.0,34.2,16.5,33.1
13125,Glascock,GA,Georgia,40.5,7.9,18.1,22.5,14.5,23.4,30.5,18.8,37.6,16.5,36.5
13127,Glynn,GA,Georgia,44.0,7.9,14.4,19.3,15.3,21.7,28.2,16.4,35.1,15.0,38.5
13129,Gordon,GA,Georgia,38.2,7.3,17.3,22.5,13.9,23.9,31.6,18.7,35.3,16.4,38.2
13131,Grady,GA,Georgia,44.0,8.6,17.9,20.3,17.2,26.6,35.8,18.5,38.5,17.3,38.8
13133,Greene,GA,Georgia,44.9,8.6,12.1,17.5,15.6,20.1,26.8,14.1,33.7,14.4,34.9
13135,Gwinnett,GA,Georgia,33.4,5.1,11.7,15.7,12.6,19.2,27.3,15.5,34.9,12.0,37.0
13137,Habersham,GA,Georgia,37.1,7.2,15.0,21.5,12.9,21.4,27.9,17.6,32.2,15.0,35.3
13139,Hall,GA,Georgia,36.4,6.7,14.0,20.2,13.2,21.6,28.3,16.7,32.3,14.6,40.0
13141,Hancock,GA,Georgia,53.0,10.5,21.9,17.5,22.8,33.9,40.0,18.8,44.8,19.2,45.9
13143,Haralson,GA,Georgia,37.3,6.8,17.4,23.8,12.6,21.1,26.9,19.0,36.2,15.4,37.2
13145,Harris,GA,Georgia,37.5,6.4,12.2,18.8,12.6,17.2,22.8,15.3,33.0,13.0,38.1
13147,Hart,GA,Georgia,42.1,8.3,16.0,20.4,15.3,22.7,29.4,17.2,35.1,15.8,33.5
13149,Heard,GA,Georgia,39.6,7.8,18.3,22.6,14.3,23.4,30.6,19.1,35.6,16.4,36.8
13151,Henry,GA,Georgia,38.8,5.2,12.9,17.6,13.4,19.8,25.2,16.9,45.2,12.6,40.0
13153,Houston,GA,Georgia,38.7,5.5,13.0,20.5,13.1,19.3,24.8,17.1,39.7,13.1,44.2
13155,Irwin,GA,Georgia,43.1,8.3,18.3,21.5,16.2,26.1,33.4,18.8,40.3,17.0,38.2
13157,Jackson,GA,Georgia,34.7,6.0,14.6,20.5,11.6,18.7,25.6,17.0,33.0,13.8,37.6
13159,Jasper,GA,Georgia,40.2,7.5,17.3,21.7,14.6,22.9,30.4,18.2,37.1,15.7,36.7
13161,Jeff Davis,GA,Georgia,41.2,8.5,20.6,22.2,16.4,28.5,35.7,20.1,40.4,18.1,36.6
13163,Jefferson,GA,Georgia,47.1,8.5,19.9,19.9,18.5,29.4,36.7,19.4,41.3,17.7,43.6
13165,Jenkins,GA,Georgia,45.5,8.7,21.9,20.5,18.2,30.5,37.4,20.4,42.5,18.3,42.8
13167,Johnson,GA,Georgia,47.5,9.3,21.5,20.2,18.0,29.5,35.7,19.2,43.5,18.1,38.5
13169,Jones,GA,Georgia,40.2,7.1,15.9,20.8,14.4,21.8,30.0,17.9,39.8,15.2,37.0
13171,Lamar,GA,Georgia,38.7,6.8,15.5,20.9,13.6,21.5,28.6,18.5,36.6,14.6,38.8
13173,Lanier,GA,Georgia,41.5,7.9,19.7,22.0,15.9,26.7,33.7,19.8,40.9,17.1,39.2
13175,Laurens,GA,Georgia,45.3,8.2,18.1,20.3,16.4,26.3,34.3,18.8,44.0,16.4,40.4
13177,Lee,GA,Georgia,36.8,5.5,13.1,20.2,11.8,17.5,23.4,16.7,39.2,12.6,36.1
13179,Liberty,GA,Georgia,34.3,4.8,14.3,19.7,11.6,20.8,27.9,19.4,32.3,12.8,38.8
13181,Lincoln,GA,Georgia,47.1,9.8,18.0,20.3,18.2,26.2,33.1,17.5,38.0,17.5,37.1
13183,Long,GA,Georgia,36.1,5.4,17.2,21.3,12.4,22.2,29.7,19.8,38.4,14.5,41.3
13185,Lowndes,GA,Georgia,35.9,6.0,15.0,20.5,12.9,22.1,29.1,19.3,38.7,14.3,39.8
13187,Lumpkin,GA,Georgia,33.7,6.5,13.5,22.5,11.5,18.9,24.8,18.3,28.9,13.8,35.0
13189,McDuffie,GA,Georgia,44.4,8.0,17.3,20.4,16.7,25.4,32.3,18.5,38.9,16.3,39.1
13191,McIntosh,GA,Georgia,50.8,11.2,19.2,20.3,20.4,30.1,36.9,17.7,40.7,19.0,37.1
13193,Macon,GA,Georgia,49.4,9.5,22.7,18.1,21.1,33.6,41.4,19.6,43.8,18.9,46.8
13195,Madison,GA,Georgia,40.0,8.0,18.2,22.3,14.7,24.5,31.8,18.8,38.1,16.6,38.2
13197,Marion,GA,Georgia,46.5,9.4,18.5,20.4,18.7,27.8,34.5,18.0,38.6,17.9,38.5
13199,Meriwether,GA,Georgia,45.0,8.6,18.6,20.4,17.6,26.5,34.8,18.5,41.4,17.1,41.6
13201,Miller,GA,Georgia,46.1,9.6,17.8,21.1,17.8,26.9,34.4,18.2,41.8,17.7,38.0
13205,Mitchell,GA,Georgia,47.2,8.4,19.3,20.0,18.4,28.2,34.9,19.3,45.1,17.3,43.4
13207,Monroe,GA,Georgia,39.1,6.7,14.2,20.0,13.1,19.7,25.9,16.8,34.9,13.9,35.8
13209,Montgomery,GA,Georgia,42.1,7.7,17.0,21.1,15.4,24.3,31.5,18.5,39.4,15.8,39.3
13211,Morgan,GA,Georgia,39.9,6.7,13.0,19.6,12.9,18.4,24.9,16.0,31.7,13.5,36.4
13213,Murray,GA,Georgia,36.8,7.1,17.0,22.4,13.3,22.8,29.1,18.5,41.5,16.0,35.5
13215,Muscogee,GA,Georgia,40.9,6.3,15.1,19.6,15.0,23.7,29.8,18.7,40.3,14.2,43.9
13217,Newton,GA,Georgia,40.4,5.9,14.8,18.8,14.4,21.8,30.3,18.3,42.4,14.1,40.7
13219,Oconee,GA,Georgia,33.4,5.4,9.3,19.5,10.1,13.3,18.3,13.9,28.8,10.9,28.9
13221,Oglethorpe,GA,Georgia,39.9,7.4,15.3,20.8,14.1,21.9,28.3,17.2,36.4,15.2,37.4
13223,Paulding,GA,Georgia,35.0,5.0,12.7,20.4,11.6,17.5,23.0,17.1,38.4,12.8,41.8
13225,Peach,GA,Georgia,40.3,6.6,14.3,19.5,14.9,22.3,29.3,18.0,39.3,14.4,40.2
13227,Pickens,GA,Georgia,40.7,7.9,15.1,21.8,13.6,20.1,26.6,17.1,35.0,15.2,33.0
13229,Pierce,GA,Georgia,39.5,7.9,18.2,22.5,14.3,23.6,30.6,18.8,36.4,16.3,35.3
13231,Pike,GA,Georgia,36.6,6.3,14.9,21.7,11.9,18.8,25.4,17.6,36.0,14.1,34.0
13233,Polk,GA,Georgia,38.8,7.3,17.9,22.5,14.1,24.5,31.4,19.0,40.4,16.3,37.6
13235,Pulaski,GA,Georgia,43.6,8.7,18.9,21.8,16.8,27.5,34.2,19.6,40.8,17.6,40.3
13237,Putnam,GA,Georgia,45.2,9.1,15.5,19.8,17.1,24.1,30.6,16.7,39.4,16.3,36.7
13239,Quitman,GA,Georgia,54.7,12.1,19.3,18.6,23.6,31.9,39.2,17.3,42.3,19.8,39.4
13241,Rabun,GA,Georgia,43.8,9.3,14.6,20.5,15.5,21.8,28.9,15.6,34.2,15.9,31.6
13243,Randolph,GA,Georgia,54.6,12.0,21.1,19.6,24.9,35.2,42.6,19.2,45.6,20.6,42.2
13245,Richmond,GA,Georgia,41.9,6.6,16.2,20.4,16.7,25.4,30.5,19.4,36.6,14.8,42.6
13247,Rockdale,GA,Georgia,43.2,6.5,14.1,17.6,17.0,22.8,30.2,17.1,39.0,14.3,42.2
13249,Schley,GA,Georgia,41.5,7.8,16.0,20.8,15.1,22.8,29.5,17.7,37.4,15.8,38.4
13251,Screven,GA,Georgia,46.1,8.5,18.2,20.0,17.8,26.4,33.1,18.5,40.0,17.1,41.6
13253,Seminole,GA,Georgia,47.0,9.5,17.0,19.5,18.0,26.1,33.3,17.4,39.4,17.1,38.7
13255,Spalding,GA,Georgia,43.1,7.7,17.0,20.0,16.0,24.8,31.2,18.3,39.7,15.8,41.0
13257,Stephens,GA,Georgia,41.1,8.3,17.8,22.1,14.9,23.8,30.8,18.7,38.5,16.5,34.1
13259,Stewart,GA,Georgia,43.1,7.9,20.7,17.3,17.9,31.9,39.2,18.8,41.6,17.4,43.8
13261,Sumter,GA,Georgia,43.6,7.7,16.4,19.2,16.7,26.2,32.9,19.1,39.5,15.8,41.7
13263,Talbot,GA,Georgia,52.4,10.4,18.7,18.5,22.1,30.2,37.7,17.6,43.1,18.6,40.0
13265,Taliaferro,GA,Georgia,52.2,10.4,18.1,17.5,21.7,29.8,37.6,17.0,41.7,18.1,41.6
13267,Tattnall,GA,Georgia,42.5,7.9,20.2,20.2,16.0,27.7,34.9,19.5,40.7,17.0,42.1
13269,Taylor,GA,Georgia,48.6,10.3,21.7,21.0,20.2,32.2,38.3,19.6,42.4,19.6,39.8
13271,Telfair,GA,Georgia,47.5,10.1,22.7,19.8,20.5,33.6,40.6,19.7,43.0,19.7,42.8
13273,Terrell,GA,Georgia,49.6,9.9,21.1,19.4,21.2,32.3,39.7,19.5,43.6,19.0,44.0
13275,Thomas,GA,Georgia,43.2,7.8,15.9,19.7,16.0,23.5,29.1,17.4,39.2,15.4,39.2
13277,Tift,GA,Georgia,41.0,7.4,17.5,21.0,15.8,25.5,33.0,19.1,39.4,16.2,37.7
13279,Toombs,GA,Georgia,41.1,7.7,17.5,20.8,15.5,25.9,32.9,19.0,40.6,16.6,39.5
13281,Towns,GA,Georgia,45.5,10.1,12.8,20.3,15.9,20.8,27.5,14.7,31.9,15.9,31.4
13283,Treutlen,GA,Georgia,44.3,9.2,22.5,21.8,18.3,31.4,37.8,20.8,41.2,19.2,39.5
13285,Troup,GA,Georgia,40.5,7.1,16.9,20.7,15.0,24.0,32.0,18.8,36.0,15.5,39.0
13287,Turner,GA,Georgia,45.9,9.2,20.2,20.8,18.5,29.8,37.8,19.9,44.4,18.4,41.8
13289,Twiggs,GA,Georgia,47.8,9.3,18.4,19.1,18.6,27.4,33.9,18.1,39.7,17.7,39.0
13291,Union,GA,Georgia,45.0,9.9,14.2,20.5,15.7,21.7,28.4,15.1,34.5,16.3,34.4
13293,Upson,GA,Georgia,42.1,8.1,18.8,21.2,16.3,25.1,32.8,19.0,39.2,16.8,38.6
13295,Walker,GA,Georgia,39.6,7.7,16.7,21.6,13.5,21.7,29.9,18.0,38.0,15.8,39.4
13297,Walton,GA,Georgia,38.0,6.6,14.9,20.4,13.0,20.6,28.0,17.3,38.3,14.3,36.3
13299,Ware,GA,Georgia,43.3,8.4,19.6,21.9,16.8,27.8,36.6,19.8,41.3,17.7,37.9
13301,Warren,GA,Georgia,50.3,9.4,18.6,18.9,20.2,29.2,37.0,18.2,43.5,17.7,41.2
13303,Washington,GA,Georgia,47.1,8.3,19.3,19.4,18.7,28.6,34.9,18.8,43.1,17.1,42.4
13305,Wayne,GA,Georgia,42.7,8.0,20.0,21.6,15.8,26.6,33.5,19.7,43.3,17.3,39.3
13307,Webster,GA,Georgia,50.7,10.7,18.5,19.3,21.0,29.6,36.4,17.9,42.2,18.5,40.3
13309,Wheeler,GA,Georgia,43.8,8.1,21.0,19.0,16.0,28.5,35.5,19.2,41.3,16.8,42.4
13311,White,GA,Georgia,39.8,7.9,14.7,21.1,13.2,20.0,26.3,16.7,35.0,15.0,32.7
13313,Whitfield,GA,Georgia,35.7,6.9,15.6,20.2,14.1,24.3,31.9,17.7,37.9,15.8,38.4
13315,Wilcox,GA,Georgia,46.2,9.1,20.2,19.2,17.4,28.4,35.0,18.5,42.6,17.3,41.1
13317,Wilkes,GA,Georgia,47.4,9.3,17.8,19.2,18.9,27.6,35.4,17.6,40.6,17.5,39.1
13319,Wilkinson,GA,Georgia,45.9,8.5,18.0,20.1,17.7,26.2,34.0,18.4,41.0,16.9,42.6
13321,Worth,GA,Georgia,44.5,8.6,18.9,21.7,16.9,26.5,33.9,19.0,38.9,17.4,36.8
15001,Hawaii,HI,Hawaii,31.0,7.6,14.5,20.0,12.5,20.7,22.3,15.6,27.2,14.8,38.1
15003,Honolulu,HI,Hawaii,31.6,5.8,9.8,15.1,12.4,18.0,23.7,14.2,25.3,11.6,48.2
15005,Kalawao,HI,Hawaii,46.6,12.8,16.6,14.3,22.1,28.7,29.8,13.6,38.5,18.1,42.4
15007,Kauai,HI,Hawaii,33.1,6.8,12.0,16.4,12.0,17.9,21.2,14.6,23.9,13.0,42.5
15009,Maui,HI,Hawaii,30.7,6.6,13.2,15.8,12.2,17.9,20.5,14.9,26.2,12.8,41.3
16001,Ada,ID,Idaho,31.2,5.4,10.4,25.0,9.0,15.0,18.4,15.2,29.0,12.2,30.3
16003,Adams,ID,Idaho,40.7,9.6,14.3,21.5,13.9,21.3,28.0,14.8,34.2,16.2,30.9
16005,Bannock,ID,Idaho,31.0,5.9,12.9,25.0,9.7,18.5,21.8,17.0,33.0,14.1,36.3
16007,Bear Lake,ID,Idaho,34.1,7.6,13.3,22.2,11.6,18.8,24.7,15.9,31.0,14.9,32.9
16009,Benewah,ID,Idaho,38.0,9.1,16.8,22.4,13.5,23.3,29.5,16.6,36.3,16.9,33.8
16011,Bingham,ID,Idaho,33.0,6.5,14.0,23.0,11.2,19.7,24.4,17.1,39.0,14.6,33.3
16013,Blaine,ID,Idaho,31.0,6.6,9.6,18.9,10.2,15.9,20.2,13.1,23.1,12.7,27.2
16015,Boise,ID,Idaho,38.0,8.1,11.7,21.4,12.1,17.7,22.6,13.6,31.9,14.3,31.0
16017,Bonner,ID,Idaho,36.7,8.4,12.9,21.3,11.8,19.1,23.3,14.5,32.2,14.7,29.0
16019,Bonneville,ID,Idaho,29.9,5.6,11.4,25.3,9.4,17.1,21.4,16.5,33.3,12.5,36.4
16021,Boundary,ID,Idaho,36.1,8.5,14.7,21.8,12.6,21.3,26.0,15.8,33.3,16.2,31.0
16023,Butte,ID,Idaho,40.3,10.5,17.3,23.8,15.2,25.7,29.8,17.2,35.5,18.4,33.0
16025,Camas,ID,Idaho,36.0,7.9,12.4,21.0,11.8,18.5,23.3,14.4,29.7,14.4,30.8
16027,Canyon,ID,Idaho,30.9,5.9,12.4,23.1,11.2,19.4,25.1,16.6,35.3,14.2,34.8
16029,Caribou,ID,Idaho,32.5,6.8,13.6,22.0,10.5,18.4,24.0,16.4,34.8,14.2,32.8
16031,Cassia,ID,Idaho,32.3,6.5,13.0,22.1,11.0,21.1,26.7,16.6,37.5,14.6,34.1
16033,Clark,ID,Idaho,36.3,8.5,13.9,20.4,13.8,25.0,30.3,15.7,36.0,16.3,34.0
16035,Clearwater,ID,Idaho,38.5,9.1,14.1,20.8,13.1,20.8,25.4,14.9,31.8,16.1,33.7
16037,Custer,ID,Idaho,40.3,9.4,12.7,20.6,13.4,19.6,24.3,14.2,31.5,15.6,29.9
16039,Elmore,ID,Idaho,31.7,6.2,13.8,22.8,10.4,19.9,24.4,17.5,34.2,14.2,36.9
16041,Franklin,ID,Idaho,30.9,6.0,12.9,22.8,9.4,17.6,22.6,16.7,35.7,13.5,33.2
16043,Fremont,ID,Idaho,30.9,6.6,12.9,22.1,10.5,18.4,23.5,16.2,32.7,14.0,32.3
16045,Gem,ID,Idaho,35.1,7.5,12.9,21.8,11.5,19.0,24.5,15.3,32.9,14.9,31.5
16047,Gooding,ID,Idaho,34.9,8.0,15.0,20.9,13.0,24.1,29.7,16.7,34.1,16.4,32.6
16049,Idaho,ID,Idaho,37.9,9.2,13.1,20.9,12.8,20.3,25.0,14.7,31.8,15.5,28.5
16051,Jefferson,ID,Idaho,28.7,5.5,12.2,22.5,9.1,16.1,21.4,16.3,33.1,12.8,33.5
16053,Jerome,ID,Idaho,33.0,7.0,15.7,21.6,12.6,24.9,30.1,17.2,35.8,16.2,34.2
16055,Kootenai,ID,Idaho,30.1,6.7,12.1,23.7,9.9,17.2,19.6,16.1,31.7,14.3,33.6
16057,Latah,ID,Idaho,28.1,5.3,10.0,23.4,7.8,15.3,18.0,17.2,29.0,11.9,28.1
16059,Lemhi,ID,Idaho,39.6,9.3,13.4,21.9,12.7,19.6,26.3,14.8,30.4,15.7,31.4
16061,Lewis,ID,Idaho,42.3,10.4,15.5,21.9,15.1,23.7,29.7,15.8,35.2,17.2,34.0
16063,Lincoln,ID,Idaho,32.1,6.7,14.2,21.7,11.5,22.2,27.9,16.7,34.2,15.3,32.8
16065,Madison,ID,Idaho,17.3,3.0,10.0,27.9,4.9,15.5,19.4,22.7,26.2,11.2,34.7
16067,Minidoka,ID,Idaho,34.0,6.9,13.5,20.8,12.3,22.4,28.9,16.6,36.4,15.4,33.0
16069,Nez Perce,ID,Idaho,35.7,7.4,13.5,23.9,10.8,18.5,25.2,16.3,37.7,14.7,34.3
16071,Oneida,ID,Idaho,33.2,7.0,12.4,22.0,10.5,17.6,22.4,15.8,31.9,13.8,31.6
16073,Owyhee,ID,Idaho,35.8,8.2,16.4,22.2,13.4,25.0,30.7,17.1,33.4,17.0,35.3
16075,Payette,ID,Idaho,35.5,7.7,14.3,22.5,11.8,21.2,26.7,16.4,31.4,15.4,30.1
16077,Power,ID,Idaho,33.6,7.4,13.8,21.2,12.1,22.6,28.1,16.5,37.5,15.6,33.5
16079,Shoshone,ID,Idaho,37.4,8.7,15.9,22.9,13.5,22.8,28.1,17.3,36.1,16.9,35.5
16081,Teton,ID,Idaho,29.7,5.3,10.7,20.7,9.2,15.0,19.0,14.1,32.0,11.9,30.6
16083,Twin Falls,ID,Idaho,31.0,6.5,13.3,23.7,11.0,20.0,27.8,16.6,33.3,14.2,33.4
16085,Valley,ID,Idaho,39.0,8.5,13.2,21.2,13.1,19.7,24.9,14.4,34.0,15.0,32.7
16087,Washington,ID,Idaho,38.3,9.6,15.2,21.8,14.5,23.6,29.1,16.1,33.4,17.1,31.7
17001,Adams,IL,Illinois,37.2,7.3,14.4,22.4,12.0,18.7,24.1,16.7,37.8,13.5,36.3
17003,Alexander,IL,Illinois,47.9,10.2,19.6,21.2,19.0,28.8,33.3,18.2,45.3,17.8,40.3
17005,Bond,IL,Illinois,35.5,6.9,15.1,22.8,11.6,20.0,24.2,17.9,39.0,13.8,37.9
17007,Boone,IL,Illinois,34.9,6.7,14.1,21.5,12.2,20.9,25.6,16.7,36.8,13.9,36.8
17009,Brown,IL,Illinois,36.4,6.5,17.8,20.5,11.7,22.3,26.4,18.1,41.5,14.0,39.8
17011,Bureau,IL,Illinois,37.9,8.0,14.8,22.5,13.2,20.7,25.8,16.6,38.1,14.7,36.4
17013,Calhoun,IL,Illinois,38.0,7.5,12.9,21.2,11.9,17.4,22.0,15.4,35.3,13.5,33.1
17015,Carroll,IL,Illinois,39.3,8.2,15.3,21.3,13.3,21.0,25.8,16.6,38.8,14.6,34.0
17017,Cass,IL,Illinois,37.4,7.4,15.8,21.6,13.4,22.9,27.8,17.2,40.6,15.0,36.4
17019,Champaign,IL,Illinois,28.7,5.0,11.1,22.6,9.6,16.5,20.1,17.3,31.1,11.1,34.6
17021,Christian,IL,Illinois,37.5,7.4,16.1,22.4,12.3,20.6,25.5,17.4,38.1,14.5,36.5
17023,Clark,IL,Illinois,36.8,7.3,14.9,22.5,12.0,19.0,23.2,16.8,37.3,13.9,34.8
17025,Clay,IL,Illinois,39.7,8.5,17.8,23.6,13.9,23.1,27.8,18.2,41.5,15.9,35.4
17027,Clinton,IL,Illinois,35.5,6.6,14.0,21.7,11.3,17.8,22.2,16.5,40.2,13.1,35.5
17029,Coles,IL,Illinois,34.0,6.9,14.8,24.1,11.4,19.8,24.2,18.7,37.7,13.8,37.2
17031,Cook,IL,Illinois,31.0,5.3,11.1,18.7,11.8,19.3,23.3,14.9,31.0,11.6,35.6
17033,Crawford,IL,Illinois,37.6,7.2,15.4,22.3,12.1,20.0,24.3,17.2,40.1,14.1,35.7
17035,Cumberland,IL,Illinois,37.2,7.3,14.5,22.9,11.9,18.5,23.3,16.8,38.7,13.7,35.2
17037,DeKalb,IL,Illinois,30.4,5.5,12.6,23.0,10.3,18.0,22.5,18.3,35.1,12.2,34.6
17039,De Witt,IL,Illinois,37.2,7.3,15.3,22.5,12.2,19.6,24.2,17.0,38.2,14.2,36.4
17041,Douglas,IL,Illinois,35.4,6.9,15.1,22.6,11.7,19.8,24.7,17.4,38.5,14.0,35.7
17043,DuPage,IL,Illinois,30.7,5.3,9.5,17.4,10.0,14.2,19.0,13.4,29.2,10.2,34.5
17045,Edgar,IL,Illinois,40.3,8.6,16.4,22.8,13.6,21.7,26.8,17.2,37.5,15.4,37.0
17047,Edwards,IL,Illinois,40.2,8.7,17.3,23.6,14.1,22.6,27.3,17.9,40.3,16.0,34.6
17049,Effingham,IL,Illinois,35.2,6.8,14.1,22.5,11.3,18.1,22.8,16.7,34.3,13.2,34.2
17051,Fayette,IL,Illinois,37.6,7.6,17.4,22.4,12.7,22.2,26.7,18.1,39.8,14.9,37.3
17053,Ford,IL,Illinois,37.1,7.5,15.8,22.9,12.4,20.4,25.6,17.5,37.7,14.5,37.6
17055,Franklin,IL,Illinois,38.7,8.4,17.7,23.7,13.9,23.0,27.6,18.4,41.6,16.0,38.4
17057,Fulton,IL,Illinois,39.2,7.9,16.8,23.1,13.0,21.3,25.8,17.6,39.9,14.9,36.8
17059,Gallatin,IL,Illinois,41.6,9.3,17.4,23.0,14.6,23.5,28.2,17.5,40.8,16.4,36.3
17061,Greene,IL,Illinois,38.9,8.1,17.2,23.2,13.2,21.7,26.7,17.8,40.2,15.4,36.1
17063,Grundy,IL,Illinois,32.3,5.7,13.3,22.0,10.3,17.0,22.3,16.8,36.4,12.4,34.1
17065,Hamilton,IL,Illinois,39.9,8.7,17.0,23.3,13.9,22.4,26.8,17.8,40.0,15.7,35.7
17067,Hancock,IL,Illinois,39.6,8.2,14.7,22.0,13.2,19.8,25.2,16.3,38.8,14.5,33.6
17069,Hardin,IL,Illinois,42.1,9.3,16.9,22.4,14.7,22.8,27.4,17.1,39.7,16.0,36.5
17071,Henderson,IL,Illinois,41.8,8.9,15.1,21.4,14.1,21.0,25.8,15.9,38.6,15.1,34.3
17073,Henry,IL,Illinois,36.4,7.2,13.8,21.8,11.9,18.4,23.6,16.2,36.9,13.5,34.1
17075,Iroquois,IL,Illinois,40.0,8.4,16.4,22.8,13.9,22.2,27.0,17.4,40.6,15.4,35.6
17077,Jackson,IL,Illinois,33.6,6.5,13.8,23.0,11.6,20.3,24.4,18.8,39.8,13.3,38.1
17079,Jasper,IL,Illinois,36.9,7.3,14.3,22.6,12.0,18.3,23.2,16.4,38.2,13.7,34.4
17081,Jefferson,IL,Illinois,38.5,7.6,16.1,22.7,13.0,21.1,25.2,17.6,39.8,14.6,37.2
17083,Jersey,IL,Illinois,36.2,7.1,14.0,22.8,11.7,18.2,23.2,16.8,39.0,13.5,35.4
17085,Jo Daviess,IL,Illinois,40.4,8.5,13.0,20.6,13.2,18.8,23.8,14.8,36.1,13.8,32.6
17087,Johnson,IL,Illinois,38.4,7.7,16.8,21.5,12.9,22.5,26.4,17.5,41.4,14.7,37.5
17089,Kane,IL,Illinois,30.4,5.7,11.0,18.6,11.5,18.0,23.1,15.0,35.1,12.1,34.7
17091,Kankakee,IL,Illinois,37.7,7.0,14.7,21.4,13.0,21.2,25.0,17.8,39.8,14.1,39.7
17093,Kendall,IL,Illinois,29.6,4.4,11.0,19.4,9.4,15.0,19.5,15.4,39.7,10.8,34.5
17095,Knox,IL,Illinois,38.7,8.2,16.0,21.9,13.5,22.1,27.5,17.5,39.2,15.2,36.7
17097,Lake,IL,Illinois,32.4,5.4,10.4,18.1,11.2,16.0,19.9,14.1,32.9,11.0,33.1
17099,LaSalle,IL,Illinois,36.4,7.3,15.0,22.3,12.4,19.9,24.9,17.0,37.8,14.2,35.9
17101,Lawrence,IL,Illinois,38.1,7.5,17.6,22.0,12.8,22.8,27.0,18.2,40.7,15.1,38.8
17103,Lee,IL,Illinois,38.0,7.6,15.3,21.2,12.8,20.4,25.6,16.6,38.9,14.2,37.7
17105,Livingston,IL,Illinois,36.6,7.3,15.3,22.0,12.2,20.1,25.4,17.2,35.9,14.2,36.0
17107,Logan,IL,Illinois,35.6,6.9,15.1,22.2,11.6,19.5,24.4,17.5,38.5,13.6,36.5
17109,McDonough,IL,Illinois,34.1,6.8,13.8,23.8,11.4,19.5,23.4,18.6,36.3,13.5,35.7
17111,McHenry,IL,Illinois,33.7,5.6,11.5,21.7,10.5,16.2,20.9,15.4,32.1,11.7,30.5
17113,McLean,IL,Illinois,30.9,5.2,11.2,22.3,9.5,15.6,19.4,16.7,34.5,11.1,34.2
17115,Macon,IL,Illinois,39.2,7.5,15.0,21.7,13.3,21.0,25.9,17.3,42.1,14.4,38.2
17117,Macoupin,IL,Illinois,38.2,7.7,15.9,22.9,12.8,20.4,25.0,17.3,37.0,14.7,35.6
17119,Madison,IL,Illinois,35.5,6.4,13.3,22.2,11.2,18.3,22.1,17.1,38.7,13.4,35.2
17121,Marion,IL,Illinois,38.5,7.9,17.0,23.5,13.3,22.1,27.0,18.1,39.5,15.3,36.9
17123,Marshall,IL,Illinois,38.9,8.1,15.2,22.5,13.0,20.3,25.1,16.7,38.6,14.6,35.7
17125,Mason,IL,Illinois,39.1,8.3,16.0,22.6,13.3,20.9,25.7,17.2,37.3,15.0,34.1
17127,Massac,IL,Illinois,39.9,8.3,16.6,22.8,14.1,22.3,26.8,17.7,40.8,15.5,36.6
17129,Menard,IL,Illinois,36.8,7.0,14.1,22.5,11.7,18.1,22.5,16.4,37.9,13.5,35.0
17131,Mercer,IL,Illinois,37.6,7.6,15.3,22.4,12.4,19.7,24.4,16.9,38.6,14.3,34.7
17133,Monroe,IL,Illinois,33.9,5.9,11.3,21.3,10.1,14.7,18.6,14.9,35.5,11.7,34.0
17135,Montgomery,IL,Illinois,37.4,7.6,16.1,22.3,12.6,20.9,25.6,17.4,39.1,14.7,34.8
17137,Morgan,IL,Illinois,38.0,7.6,15.6,22.5,12.6,20.7,24.9,17.4,39.9,14.4,37.2
17139,Moultrie,IL,Illinois,36.1,7.1,16.0,23.7,11.6,20.3,24.7,17.9,38.4,14.4,34.7
17141,Ogle,IL,Illinois,36.9,7.1,14.0,21.8,12.2,19.1,24.0,16.4,40.9,13.7,35.7
17143,Peoria,IL,Illinois,36.9,6.7,13.8,22.1,12.6,19.6,23.5,16.9,34.8,13.2,36.9
17145,Perry,IL,Illinois,38.5,7.9,17.4,22.3,13.2,22.8,27.1,18.2,40.7,15.3,38.8
17147,Piatt,IL,Illinois,35.4,6.6,12.5,21.7,10.9,16.2,20.8,15.5,35.1,12.4,33.6
17149,Pike,IL,Illinois,39.4,8.2,16.8,23.2,13.3,21.8,27.1,17.7,40.6,15.3,35.4
17151,Pope,IL,Illinois,43.0,9.4,15.0,21.3,14.9,21.3,26.1,15.7,39.6,15.5,34.6
17153,Pulaski,IL,Illinois,45.3,9.5,20.0,21.9,18.4,28.6,32.9,18.9,45.6,17.5,41.0
17155,Putnam,IL,Illinois,37.4,7.6,13.1,21.1,12.1,18.1,22.7,15.5,36.1,13.4,33.5
17157,Randolph,IL,Illinois,39.1,7.7,16.3,21.9,12.9,21.6,26.2,17.5,38.8,14.8,37.0
17159,Richland,IL,Illinois,37.5,7.7,15.5,23.0,12.5,20.2,24.9,17.4,39.4,14.5,36.0
17161,Rock Island,IL,Illinois,36.1,7.3,14.5,20.4,13.1,20.9,24.9,16.9,39.6,14.0,35.5
17163,St. Clair,IL,Illinois,39.0,6.5,14.2,20.9,13.1,19.7,25.0,16.9,38.8,13.2,37.8
17165,Saline,IL,Illinois,39.2,8.2,16.7,23.3,13.5,22.0,26.3,17.9,40.3,15.4,37.9
17167,Sangamon,IL,Illinois,37.0,6.6,13.2,21.1,11.9,18.2,22.2,16.3,39.6,13.0,35.3
17169,Schuyler,IL,Illinois,41.4,8.7,17.2,21.9,14.4,22.6,27.3,17.0,40.4,15.5,36.2
17171,Scott,IL,Illinois,37.4,7.5,15.1,22.7,12.3,19.5,24.2,16.8,38.4,14.2,34.3
17173,Shelby,IL,Illinois,38.9,8.1,15.2,22.4,13.0,19.8,24.8,16.7,37.6,14.5,34.8
17175,Stark,IL,Illinois,38.5,7.9,15.1,22.3,12.7,19.9,24.9,16.8,38.2,14.4,35.8
17177,Stephenson,IL,Illinois,40.1,8.3,15.0,22.4,13.9,21.2,26.8,16.9,40.6,14.8,35.5
17179,Tazewell,IL,Illinois,35.3,6.6,13.5,23.0,11.2,17.6,22.4,16.3,36.3,13.0,36.1
17181,Union,IL,Illinois,39.8,8.7,17.1,22.8,14.1,23.1,28.0,17.5,39.8,15.7,35.1
17183,Vermilion,IL,Illinois,42.2,8.2,17.2,22.9,14.4,23.5,29.0,18.2,43.8,15.7,36.7
17185,Wabash,IL,Illinois,38.4,8.2,15.8,22.9,13.3,21.0,25.6,17.5,39.8,14.9,35.7
17187,Warren,IL,Illinois,36.1,7.3,14.5,22.4,12.3,20.4,25.0,17.3,37.0,14.1,35.7
17189,Washington,IL,Illinois,36.5,7.2,13.8,22.2,11.7,17.9,22.4,16.3,36.8,13.5,34.6
17191,Wayne,IL,Illinois,39.7,8.5,17.0,23.3,13.6,22.2,27.4,17.8,39.9,15.7,35.8
17193,White,IL,Illinois,40.9,9.2,18.1,23.5,14.5,24.0,28.8,18.1,39.2,16.5,36.3
17195,Whiteside,IL,Illinois,37.1,7.6,14.6,21.5,13.0,20.6,25.4,16.6,36.2,14.4,34.1
17197,Will,IL,Illinois,32.0,5.3,11.6,18.9,10.7,17.7,24.0,15.7,38.0,11.7,37.3
17199,Williamson,IL,Illinois,37.2,7.2,14.7,22.9,12.4,19.6,24.3,16.9,40.1,14.0,37.2
17201,Winnebago,IL,Illinois,38.2,7.3,15.5,22.5,13.9,22.3,27.0,17.6,42.0,14.9,36.5
17203,Woodford,IL,Illinois,34.7,6.4,12.4,22.0,10.6,16.2,20.6,15.8,37.3,12.3,32.9
18001,Adams,IN,Indiana,39.2,8.1,19.4,27.0,14.1,24.1,28.2,19.2,41.7,16.1,37.3
18003,Allen,IN,Indiana,36.7,6.4,14.4,26.1,12.9,19.7,22.9,17.4,39.4,12.8,35.3
18005,Bartholomew,IN,Indiana,37.1,6.6,14.8,24.9,12.4,19.7,24.0,17.2,38.9,13.2,35.8
18007,Benton,IN,Indiana,39.8,8.0,18.8,26.5,14.2,23.7,28.1,18.7,42.4,15.7,36.2
18009,Blackford,IN,Indiana,43.9,9.6,20.8,26.5,16.4,26.1,30.9,18.9,44.3,17.2,37.6
18011,Boone,IN,Indiana,33.4,5.4,11.6,21.5,10.5,15.0,18.9,15.0,32.9,11.3,33.0
18013,Brown,IN,Indiana,43.0,8.5,15.9,24.1,14.7,20.4,25.3,15.8,36.1,14.7,32.3
18015,Carroll,IN,Indiana,40.6,8.0,17.5,25.0,13.9,22.0,27.4,17.7,41.6,15.2,35.7
18017,Cass,IN,Indiana,41.0,8.1,18.5,24.8,15.3,24.5,31.2,18.0,47.4,16.0,35.6
18019,Clark,IN,Indiana,39.8,6.7,16.4,25.9,12.5,20.6,24.8,17.3,43.9,13.8,36.2
18021,Clay,IN,Indiana,41.5,7.8,18.0,26.5,14.2,22.2,27.6,18.0,43.3,15.3,35.9
18023,Clinton,IN,Indiana,38.2,7.2,17.5,24.6,13.4,22.8,28.1,17.9,40.2,14.9,37.6
18025,Crawford,IN,Indiana,45.6,10.4,23.5,27.1,17.8,28.8,33.2,19.5,43.6,18.7,37.3
18027,Daviess,IN,Indiana,38.8,7.8,19.7,27.2,13.8,24.6,30.3,19.6,41.4,16.2,35.4
18029,Dearborn,IN,Indiana,38.4,7.2,16.3,25.1,12.4,19.3,24.0,16.8,35.8,13.8,34.8
18031,Decatur,IN,Indiana,37.9,7.1,16.4,26.0,12.4,20.2,26.5,17.9,37.6,14.1,34.8
18033,DeKalb,IN,Indiana,38.2,7.1,16.8,26.5,12.8,20.4,25.7,18.1,43.7,14.3,36.6
18035,Delaware,IN,Indiana,36.2,7.2,16.8,29.3,13.5,22.6,25.3,20.2,36.6,14.7,38.7
18037,Dubois,IN,Indiana,38.0,7.4,15.4,23.4,13.2,20.7,25.0,16.6,40.0,14.2,32.5
18039,Elkhart,IN,Indiana,38.3,7.1,17.0,25.2,13.6,22.9,26.5,18.9,43.8,15.2,36.1
18041,Fayette,IN,Indiana,42.6,8.9,20.2,27.1,15.4,25.2,29.6,19.1,44.9,16.6,35.6
18043,Floyd,IN,Indiana,38.8,6.7,14.9,25.2,12.5,19.5,24.9,17.6,37.6,13.5,37.6
18045,Fountain,IN,Indiana,40.7,8.2,18.5,26.0,14.1,22.9,28.2,18.2,42.6,15.8,36.3
18047,Franklin,IN,Indiana,40.4,7.6,16.8,25.3,13.7,20.8,26.0,17.3,40.8,14.6,33.8
18049,Fulton,IN,Indiana,41.2,8.5,18.6,25.5,14.6,23.3,28.7,18.0,41.7,16.0,36.6
18051,Gibson,IN,Indiana,38.4,7.5,17.6,26.5,13.0,21.0,25.8,18.1,39.4,14.7,40.3
18053,Grant,IN,Indiana,41.0,8.1,17.8,27.7,15.2,24.3,29.1,19.1,41.1,15.8,38.9
18055,Greene,IN,Indiana,41.5,8.5,19.4,26.3,14.7,24.0,28.4,18.5,40.7,15.9,34.5
18057,Hamilton,IN,Indiana,32.0,4.9,9.5,22.5,9.6,12.8,16.1,13.7,32.5,9.6,31.1
18059,Hancock,IN,Indiana,37.4,6.1,13.6,24.4,11.3,17.5,20.7,16.2,39.9,12.5,34.3
18061,Harrison,IN,Indiana,39.2,7.3,16.2,24.8,12.8,19.9,24.6,17.4,42.7,14.0,39.4
18063,Hendricks,IN,Indiana,35.2,5.6,12.8,21.3,11.1,16.3,19.8,15.4,36.4,11.8,38.4
18065,Henry,IN,Indiana,40.8,7.9,18.0,26.8,13.5,22.1,29.1,18.4,43.7,15.2,41.6
18067,Howard,IN,Indiana,40.1,7.7,17.9,25.3,14.4,22.3,27.8,17.8,36.5,15.0,36.5
18069,Huntington,IN,Indiana,40.7,7.3,16.6,25.8,13.3,20.8,25.2,17.9,39.9,14.4,34.2
18071,Jackson,IN,Indiana,37.8,7.3,17.3,25.5,13.6,21.8,26.9,17.5,39.6,14.4,36.2
18073,Jasper,IN,Indiana,38.6,7.2,15.8,24.8,12.7,20.4,25.3,17.3,40.2,14.4,39.0
18075,Jay,IN,Indiana,42.0,8.6,20.2,26.5,15.0,24.6,30.6,19.2,43.6,16.6,38.6
18077,Jefferson,IN,Indiana,39.2,7.5,17.2,26.4,13.5,21.5,25.3,18.2,36.6,15.0,34.2
18079,Jennings,IN,Indiana,40.7,7.8,19.5,27.0,14.3,23.2,28.1,19.0,41.2,15.8,37.7
18081,Johnson,IN,Indiana,37.8,6.0,14.1,25.3,11.9,17.9,22.5,16.7,38.8,12.5,37.6
18083,Knox,IN,Indiana,38.6,7.6,17.5,25.7,13.2,22.0,25.4,18.6,36.8,15.1,33.2
18085,Kosciusko,IN,Indiana,39.8,7.2,16.6,25.2,13.0,20.2,27.2,17.4,38.7,14.2,34.2
18087,LaGrange,IN,Indiana,36.1,7.2,19.6,27.2,12.4,24.3,29.1,19.9,39.6,15.9,34.3
18089,Lake,IN,Indiana,39.0,7.1,17.0,20.3,15.1,23.5,27.9,17.0,39.9,14.9,42.7
18091,LaPorte,IN,Indiana,41.7,7.7,17.6,24.5,15.0,22.9,28.1,17.7,37.0,15.2,37.8
18093,Lawrence,IN,Indiana,40.1,7.9,16.9,24.8,13.9,21.5,26.8,17.5,42.0,15.1,38.0
18095,Madison,IN,Indiana,40.6,7.5,18.5,26.8,14.0,22.4,29.1,18.3,36.4,14.9,37.1
18097,Marion,IN,Indiana,38.2,5.9,15.0,25.5,13.0,21.0,24.3,17.9,38.3,13.5,39.2
18099,Marshall,IN,Indiana,40.1,7.9,17.4,25.8,14.0,22.8,28.8,18.0,43.2,15.2,37.6
18101,Martin,IN,Indiana,41.5,8.6,18.7,25.7,14.6,22.9,27.5,18.2,39.1,15.8,37.0
18103,Miami,IN,Indiana,40.1,8.1,19.2,26.1,14.6,23.7,28.4,18.6,44.3,15.6,36.9
18105,Monroe,IN,Indiana,29.7,5.4,12.2,27.1,9.9,17.5,20.6,18.9,32.5,11.7,31.8
18107,Montgomery,IN,Indiana,39.7,7.8,17.5,26.0,13.5,22.1,28.5,17.8,39.2,15.1,39.4
18109,Morgan,IN,Indiana,38.9,7.2,16.3,25.4,13.4,19.9,24.4,17.4,37.8,14.4,35.0
18111,Newton,IN,Indiana,40.7,8.3,18.3,24.8,14.4,23.8,28.3,17.8,43.5,15.9,38.6
18113,Noble,IN,Indiana,37.3,7.2,17.0,24.5,13.2,21.9,26.9,17.9,39.6,14.9,35.0
18115,Ohio,IN,Indiana,41.7,8.4,16.6,25.0,14.3,21.2,26.2,16.7,39.5,15.0,34.8
18117,Orange,IN,Indiana,41.8,8.5,19.1,26.9,14.7,23.5,28.8,18.6,39.7,16.0,38.7
18119,Owen,IN,Indiana,41.3,8.4,18.5,26.5,14.5,23.1,27.5,18.0,41.7,15.8,36.6
18121,Parke,IN,Indiana,42.4,9.1,20.7,27.2,15.4,25.8,31.0,19.3,42.3,17.1,36.8
18123,Perry,IN,Indiana,40.4,7.7,18.3,25.2,13.4,21.3,25.8,17.9,37.6,14.7,34.8
18125,Pike,IN,Indiana,40.9,8.4,18.6,25.4,14.5,22.5,27.7,17.8,37.9,15.6,38.3
18127,Porter,IN,Indiana,38.5,6.6,14.5,23.6,12.5,18.9,25.5,16.6,39.9,13.4,37.0
18129,Posey,IN,Indiana,39.7,7.4,15.3,24.8,12.9,19.4,23.0,16.5,40.4,13.8,33.7
18131,Pulaski,IN,Indiana,41.7,8.6,18.3,25.5,14.5,23.3,28.6,17.9,38.7,15.7,35.6
18133,Putnam,IN,Indiana,36.5,6.9,16.4,25.9,12.4,19.8,24.7,18.1,38.4,13.8,39.1
18135,Randolph,IN,Indiana,41.0,8.5,18.7,25.8,14.4,23.6,29.0,18.2,38.7,15.9,37.6
18137,Ripley,IN,Indiana,38.2,7.3,16.9,24.9,12.5,20.2,25.0,17.6,36.2,14.2,37.6
18139,Rush,IN,Indiana,40.1,8.2,18.6,26.6,14.3,22.9,27.7,18.4,39.1,15.6,38.0
18141,St. Joseph,IN,Indiana,37.2,6.5,14.9,27.2,12.9,21.1,26.5,18.6,35.3,13.4,37.4
18143,Scott,IN,Indiana,40.6,7.8,20.0,27.3,14.1,24.1,29.9,19.5,42.3,16.1,37.1
18145,Shelby,IN,Indiana,40.3,7.6,17.9,26.9,13.9,21.7,26.2,18.0,41.2,15.0,35.1
18147,Spencer,IN,Indiana,40.9,7.6,16.0,25.8,13.4,19.7,24.0,16.9,39.9,14.2,34.1
18149,Starke,IN,Indiana,41.2,8.6,19.9,26.4,15.0,24.3,29.3,18.6,42.4,16.3,39.2
18151,Steuben,IN,Indiana,39.2,7.8,15.4,25.4,13.5,20.7,24.7,17.0,34.8,14.4,35.3
18153,Sullivan,IN,Indiana,41.1,8.1,19.9,25.3,14.1,24.0,28.4,18.5,43.6,15.7,36.9
18155,Switzerland,IN,Indiana,42.8,8.7,20.4,26.8,14.9,24.6,29.8,18.6,40.4,16.5,36.8
18157,Tippecanoe,IN,Indiana,29.4,5.3,13.0,24.3,10.0,18.0,20.9,18.4,27.9,11.8,35.3
18159,Tipton,IN,Indiana,39.7,7.8,15.7,25.0,13.5,20.1,24.7,16.6,36.5,14.4,33.6
18161,Union,IN,Indiana,39.2,7.5,15.9,25.4,13.0,19.6,24.2,17.0,37.6,14.1,35.5
18163,Vanderburgh,IN,Indiana,38.4,7.3,16.2,27.1,12.8,21.3,26.2,18.3,38.2,14.3,39.3
18165,Vermillion,IN,Indiana,40.9,8.2,18.6,26.3,14.3,23.0,27.6,18.4,40.6,15.6,36.5
18167,Vigo,IN,Indiana,37.5,7.4,17.6,26.5,13.7,23.2,25.7,19.6,41.0,14.8,39.1
18169,Wabash,IN,Indiana,40.0,8.1,16.8,24.6,13.8,21.6,26.7,17.5,38.1,14.8,32.5
18171,Warren,IN,Indiana,40.5,8.2,17.4,25.6,14.1,21.5,26.7,17.5,41.6,15.1,38.7
18173,Warrick,IN,Indiana,35.3,6.3,13.0,24.8,11.6,16.7,21.2,16.0,34.0,12.1,35.7
18175,Washington,IN,Indiana,42.3,8.3,19.8,27.4,14.7,23.8,28.6,18.7,41.5,16.2,36.2
18177,Wayne,IN,Indiana,40.9,8.3,19.1,27.1,14.7,23.8,28.7,19.3,37.9,15.8,39.5
18179,Wells,IN,Indiana,39.2,7.2,16.4,25.7,12.7,20.0,25.6,17.4,41.9,14.1,38.5
18181,White,IN,Indiana,40.3,8.1,16.4,25.3,14.6,22.0,27.9,17.1,44.6,15.0,37.5
18183,Whitley,IN,Indiana,38.1,7.3,15.8,24.6,12.6,19.2,24.0,17.1,39.7,14.0,35.2
19001,Adair,IA,Iowa,39.6,8.3,16.7,20.2,13.1,19.9,28.2,16.2,39.9,14.2,31.7
19003,Adams,IA,Iowa,39.8,8.4,15.6,20.1,13.2,19.3,27.6,15.4,39.1,14.1,32.3
19005,Allamakee,IA,Iowa,39.6,8.5,16.2,20.1,13.1,20.2,27.4,16.0,42.3,14.3,34.8
19007,Appanoose,IA,Iowa,43.3,9.6,19.6,21.8,15.4,23.7,31.5,17.2,43.4,16.2,31.9
19009,Audubon,IA,Iowa,40.2,8.8,16.3,19.8,13.6,20.3,27.9,15.8,37.6,14.6,31.7
19011,Benton,IA,Iowa,36.2,7.0,14.9,20.0,11.1,17.1,23.9,15.6,40.8,12.8,33.8
19013,Black Hawk,IA,Iowa,33.9,6.5,15.6,21.3,11.6,18.7,23.6,16.8,40.4,12.2,34.7
19015,Boone,IA,Iowa,36.4,6.6,14.3,20.2,11.2,16.7,24.8,15.6,43.4,12.5,34.1
19017,Bremer,IA,Iowa,33.4,6.4,13.2,19.5,9.9,15.5,22.4,15.4,37.6,11.7,33.1
19019,Buchanan,IA,Iowa,35.6,6.7,15.3,20.2,11.1,16.9,24.0,15.9,37.6,12.7,34.7
19021,Buena Vista,IA,Iowa,34.3,7.1,15.6,18.0,13.0,22.6,30.1,16.3,38.1,13.8,33.7
19023,Butler,IA,Iowa,38.8,8.0,15.7,20.3,12.6,19.3,28.0,15.9,39.3,14.0,30.4
19025,Calhoun,IA,Iowa,37.1,7.8,15.6,19.7,12.3,18.7,26.5,15.8,39.8,13.5,30.6
19027,Carroll,IA,Iowa,37.2,7.5,15.2,19.8,12.0,18.3,27.2,15.8,39.7,13.6,30.7
19029,Cass,IA,Iowa,39.8,8.7,17.5,21.1,13.9,21.0,28.6,16.4,40.7,14.9,32.5
19031,Cedar,IA,Iowa,36.6,7.2,15.2,20.7,11.9,17.6,25.5,15.9,40.8,13.2,33.0
19033,Cerro Gordo,IA,Iowa,37.6,7.9,15.5,21.3,12.5,18.6,27.0,15.9,40.1,13.5,30.7
19035,Cherokee,IA,Iowa,40.3,8.7,16.4,20.2,13.7,20.5,30.0,15.9,40.6,14.5,30.8
19037,Chickasaw,IA,Iowa,38.6,7.9,15.5,19.0,12.6,19.2,27.5,15.6,39.4,13.7,31.2
19039,Clarke,IA,Iowa,38.2,8.4,18.8,20.6,14.2,23.7,31.8,17.4,43.1,15.6,32.4
19041,Clay,IA,Iowa,37.0,7.6,15.3,19.9,12.3,18.1,26.5,15.7,35.2,13.4,30.1
19043,Clayton,IA,Iowa,41.3,9.1,17.8,19.5,13.9,21.4,30.7,16.1,41.0,15.2,31.7
19045,Clinton,IA,Iowa,38.4,7.8,16.9,20.4,12.7,19.5,27.5,16.6,39.3,14.2,33.0
19047,Crawford,IA,Iowa,37.7,8.0,16.7,18.9,14.3,23.8,32.5,16.5,42.6,14.9,34.4
19049,Dallas,IA,Iowa,29.4,4.6,10.9,19.2,8.8,13.1,19.4,14.4,32.8,10.0,27.8
19051,Davis,IA,Iowa,37.0,7.6,17.5,21.5,12.0,20.8,28.4,17.3,37.5,14.4,31.8
19053,Decatur,IA,Iowa,35.3,7.9,15.9,21.3,12.4,20.5,27.6,17.4,39.6,14.2,31.9
19055,Delaware,IA,Iowa,37.7,7.9,16.3,19.7,12.5,19.1,27.9,16.1,39.7,13.8,29.9
19057,Des Moines,IA,Iowa,35.5,7.5,15.9,21.1,12.3,19.3,28.2,16.5,34.6,13.8,31.4
19059,Dickinson,IA,Iowa,38.5,7.9,13.1,18.5,12.1,16.7,24.2,14.1,37.2,12.6,32.6
19061,Dubuque,IA,Iowa,31.2,6.5,13.6,19.5,10.4,16.3,22.8,15.7,34.3,11.9,33.8
19063,Emmet,IA,Iowa,38.4,8.0,16.2,19.7,12.7,20.1,27.9,16.3,42.5,14.2,32.7
19065,Fayette,IA,Iowa,38.8,8.2,16.9,20.0,13.1,20.4,29.4,16.3,38.5,14.4,32.2
19067,Floyd,IA,Iowa,37.9,8.0,16.2,20.4,12.9,19.4,27.5,16.3,39.8,13.9,31.0
19069,Franklin,IA,Iowa,39.0,8.6,17.0,20.3,14.1,21.9,30.1,16.4,40.7,15.0,34.1
19071,Fremont,IA,Iowa,38.6,8.0,15.2,20.1,12.7,18.8,25.7,15.5,39.9,13.7,30.7
19073,Greene,IA,Iowa,38.6,8.3,16.5,20.4,13.1,20.0,28.2,16.1,35.8,14.5,30.9
19075,Grundy,IA,Iowa,35.4,6.9,13.9,19.6,11.1,16.0,23.9,15.4,37.5,12.4,31.7
19077,Guthrie,IA,Iowa,37.8,7.7,14.6,19.2,12.4,17.7,26.1,15.2,37.2,13.3,31.8
19079,Hamilton,IA,Iowa,36.9,7.3,14.7,19.5,12.1,17.9,25.6,15.2,36.5,13.1,30.7
19081,Hancock,IA,Iowa,38.0,7.9,15.5,20.2,12.6,19.6,28.7,15.6,42.2,13.9,32.2
19083,Hardin,IA,Iowa,38.5,7.9,16.2,20.1,12.9,19.5,27.3,16.0,38.9,13.8,30.9
19085,Harrison,IA,Iowa,37.0,7.4,15.8,20.2,12.5,18.3,25.8,16.0,35.2,13.5,33.4
19087,Henry,IA,Iowa,37.3,7.5,16.1,20.1,12.5,19.4,26.4,16.3,38.8,13.5,37.4
19089,Howard,IA,Iowa,37.2,7.7,16.6,20.4,12.4,19.6,26.5,16.4,38.0,13.9,32.0
19091,Humboldt,IA,Iowa,38.8,8.3,16.8,20.1,13.2,20.0,27.5,16.4,41.4,14.3,33.8
19093,Ida,IA,Iowa,37.4,7.9,16.0,20.1,12.4,19.3,27.8,16.0,41.0,13.7,31.3
19095,Iowa,IA,Iowa,36.8,7.1,14.8,20.2,11.7,17.8,24.8,15.9,43.4,13.0,28.7
19097,Jackson,IA,Iowa,38.5,7.9,16.3,20.6,12.7,19.3,27.1,16.2,40.3,14.0,34.6
19099,Jasper,IA,Iowa,36.8,7.1,16.5,20.4,11.9,18.7,25.6,16.5,38.3,13.4,30.9
19101,Jefferson,IA,Iowa,39.1,8.3,14.0,19.0,13.2,19.2,25.9,14.7,39.6,13.3,32.4
19103,Johnson,IA,Iowa,28.1,4.8,10.9,21.0,8.8,14.2,18.1,16.5,30.4,10.0,29.5
19105,Jones,IA,Iowa,36.4,7.4,16.0,19.8,11.9,18.3,25.8,16.0,39.7,13.4,34.1
19107,Keokuk,IA,Iowa,39.6,8.2,17.6,21.1,13.4,20.4,28.7,16.9,41.4,14.5,31.8
19109,Kossuth,IA,Iowa,38.0,8.4,14.9,19.8,13.1,19.0,26.8,15.6,38.2,13.8,33.4
19111,Lee,IA,Iowa,37.7,8.0,17.5,20.2,12.9,20.3,28.1,16.5,37.6,14.7,35.3
19113,Linn,IA,Iowa,31.3,6.2,13.5,23.1,11.2,16.2,22.6,16.3,35.4,12.2,30.9
19115,Louisa,IA,Iowa,36.3,7.4,15.7,19.6,12.8,20.2,28.9,15.8,40.2,13.7,36.6
19117,Lucas,IA,Iowa,39.7,8.7,18.4,21.1,13.9,21.9,29.1,16.9,39.8,15.2,33.9
19119,Lyon,IA,Iowa,37.3,7.2,16.0,21.0,11.8,18.5,27.5,17.0,42.2,13.5,30.5
19121,Madison,IA,Iowa,33.5,6.2,14.2,20.3,10.5,15.9,22.8,15.8,37.2,12.3,30.8
19123,Mahaska,IA,Iowa,36.0,7.2,16.3,21.1,11.7,19.0,28.4,16.9,38.6,13.6,34.2
19125,Marion,IA,Iowa,34.5,6.5,13.3,21.0,10.5,16.1,22.6,15.7,39.4,12.0,28.2
19127,Marshall,IA,Iowa,34.7,7.1,15.2,19.4,12.7,20.3,28.4,15.8,44.1,13.8,33.9
19129,Mills,IA,Iowa,35.9,6.7,13.8,19.7,11.3,16.0,23.0,15.2,39.2,12.2,30.7
19131,Mitchell,IA,Iowa,37.8,7.8,15.3,19.4,12.2,18.3,26.4,15.7,40.1,13.5,32.3
19133,Monona,IA,Iowa,39.5,8.3,16.3,20.6,13.1,20.1,28.3,16.5,42.2,14.3,32.4
19135,Monroe,IA,Iowa,36.7,7.2,15.5,20.5,11.7,17.9,25.4,16.1,38.2,13.3,33.5
19137,Montgomery,IA,Iowa,38.7,8.1,16.5,20.5,12.9,20.0,28.4,16.5,39.5,14.3,36.8
19139,Muscatine,IA,Iowa,35.4,7.0,15.9,19.4,12.3,20.0,29.3,16.8,41.4,13.6,33.5
19141,O'Brien,IA,Iowa,36.9,7.9,16.4,21.0,12.4,20.2,27.9,16.7,38.8,14.1,34.0
19143,Osceola,IA,Iowa,39.4,8.8,17.1,20.1,14.0,22.1,30.1,16.2,39.5,15.2,31.6
19145,Page,IA,Iowa,40.8,8.5,18.0,20.1,13.6,21.1,29.3,16.4,42.9,14.7,31.3
19147,Palo Alto,IA,Iowa,37.3,7.7,15.1,20.0,12.1,18.2,25.8,15.8,40.0,13.4,31.9
19149,Plymouth,IA,Iowa,35.0,6.8,14.5,18.9,11.2,16.7,24.6,15.5,39.4,12.4,31.2
19151,Pocahontas,IA,Iowa,38.7,8.4,15.9,19.6,13.3,20.0,28.2,15.8,36.2,14.3,32.1
19153,Polk,IA,Iowa,31.2,5.5,13.3,21.6,10.1,17.2,23.7,17.2,37.0,12.5,35.0
19155,Pottawattamie,IA,Iowa,35.3,7.0,17.0,21.9,11.7,19.1,27.4,17.0,39.1,13.6,34.5
19157,Poweshiek,IA,Iowa,35.2,7.2,14.7,21.6,11.4,18.2,25.8,16.5,40.5,13.0,31.2
19159,Ringgold,IA,Iowa,37.9,7.7,14.8,20.5,12.2,18.1,25.9,15.4,42.7,13.4,34.0
19161,Sac,IA,Iowa,37.9,8.1,15.1,19.8,12.5,18.8,26.3,15.6,41.3,13.7,33.7
19163,Scott,IA,Iowa,32.8,6.3,14.0,20.5,11.0,17.6,24.1,16.2,40.6,12.6,34.6
19165,Shelby,IA,Iowa,37.4,7.9,15.2,19.9,12.5,19.0,26.7,15.5,37.8,13.8,30.6
19167,Sioux,IA,Iowa,32.5,5.9,12.9,20.3,9.8,15.8,23.3,15.9,33.0,11.8,26.6
19169,Story,IA,Iowa,26.4,4.7,11.1,21.5,8.1,14.5,20.1,17.1,30.8,10.1,27.1
19171,Tama,IA,Iowa,37.7,8.2,17.4,20.2,13.6,21.8,29.6,16.6,40.2,14.9,33.9
19173,Taylor,IA,Iowa,39.1,8.0,16.3,20.6,12.9,20.1,28.4,16.0,39.7,14.4,33.4
19175,Union,IA,Iowa,37.2,7.4,15.8,20.6,12.1,18.9,27.1,16.6,37.2,13.6,30.9
19177,Van Buren,IA,Iowa,40.2,8.8,18.5,21.2,13.9,22.4,29.6,16.9,39.5,15.5,33.3
19179,Wapello,IA,Iowa,35.8,7.6,18.0,20.4,13.5,22.1,30.7,17.2,41.7,14.9,37.1
19181,Warren,IA,Iowa,32.3,5.6,12.6,20.5,9.7,14.5,21.8,15.4,38.7,11.4,32.6
19183,Washington,IA,Iowa,37.3,7.3,15.1,20.7,12.0,18.5,26.2,15.9,38.6,13.5,30.5
19185,Wayne,IA,Iowa,38.8,8.6,17.2,20.7,13.1,21.0,29.3,16.7,40.6,14.8,31.6
19187,Webster,IA,Iowa,36.9,7.1,16.0,20.5,11.8,18.9,27.6,16.9,41.2,13.2,36.3
19189,Winnebago,IA,Iowa,36.4,7.2,14.3,20.3,11.6,17.7,24.8,15.8,38.4,13.0,29.7
19191,Winneshiek,IA,Iowa,34.1,7.0,12.4,19.2,10.7,15.5,22.8,15.2,34.7,11.9,26.8
19193,Woodbury,IA,Iowa,34.5,6.6,16.1,20.0,12.1,20.8,28.9,17.5,39.1,14.1,31.3
19195,Worth,IA,Iowa,38.1,7.7,15.5,20.0,12.4,18.5,26.0,15.6,40.5,13.4,32.3
19197,Wright,IA,Iowa,38.4,8.6,16.0,19.5,13.9,21.3,28.8,15.6,40.7,14.5,31.9
20001,Allen,KS,Kansas,36.5,7.8,16.5,22.6,12.5,20.1,29.3,17.1,37.4,14.0,36.8
20003,Anderson,KS,Kansas,39.2,8.4,18.1,21.5,13.1,21.4,29.9,17.1,40.1,14.8,34.1
20005,Atchison,KS,Kansas,34.8,6.9,15.3,21.7,11.2,19.0,27.7,17.8,37.0,13.0,34.4
20007,Barber,KS,Kansas,40.9,8.9,16.4,20.6,13.8,20.6,29.5,15.8,38.6,14.5,32.4
20009,Barton,KS,Kansas,38.3,8.2,16.3,20.4,13.4,21.6,30.2,16.2,38.8,14.4,33.0
20011,Bourbon,KS,Kansas,38.2,7.9,16.9,21.7,12.7,20.7,30.9,17.1,36.7,14.5,39.3
20013,Brown,KS,Kansas,40.4,8.4,17.7,21.0,13.5,20.4,29.3,16.7,39.6,14.5,32.0
20015,Butler,KS,Kansas,34.5,6.2,14.4,21.2,10.7,16.9,23.2,16.6,39.0,12.4,36.7
20017,Chase,KS,Kansas,40.0,8.9,16.4,20.3,13.9,21.4,29.8,15.9,38.2,14.5,33.4
20019,Chautauqua,KS,Kansas,42.6,10.1,19.1,21.1,15.2,24.2,33.3,17.1,40.4,16.3,34.9
20021,Cherokee,KS,Kansas,38.8,8.5,18.9,22.5,13.4,22.6,30.6,17.6,43.8,15.4,35.9
20023,Cheyenne,KS,Kansas,41.5,9.8,17.7,20.9,14.8,23.1,33.5,16.2,38.0,15.5,32.6
20025,Clark,KS,Kansas,37.8,7.7,13.9,19.8,12.1,18.5,27.0,15.2,36.8,13.1,33.8
20027,Clay,KS,Kansas,39.9,8.4,16.5,21.5,12.8,19.9,28.2,15.9,39.6,14.0,33.7
20029,Cloud,KS,Kansas,38.6,7.7,15.9,21.9,12.3,19.2,29.0,16.9,41.4,13.9,34.6
20031,Coffey,KS,Kansas,38.5,8.1,16.2,20.8,12.7,19.1,27.6,16.1,36.9,13.9,34.5
20033,Comanche,KS,Kansas,40.2,8.6,15.1,20.8,13.3,19.6,29.1,15.7,39.2,14.2,33.1
20035,Cowley,KS,Kansas,37.6,7.4,15.7,21.5,12.8,20.7,28.4,17.2,40.9,14.2,36.5
20037,Crawford,KS,Kansas,35.1,6.9,16.4,22.6,11.2,19.8,27.5,18.3,36.8,14.0,34.2
20039,Decatur,KS,Kansas,40.2,8.9,14.1,19.4,13.4,18.7,27.7,14.4,36.6,13.6,31.9
20041,Dickinson,KS,Kansas,37.1,7.5,15.0,20.7,11.9,19.0,28.3,16.1,39.5,13.5,33.4
20043,Doniphan,KS,Kansas,35.9,7.1,15.3,21.3,11.5,18.1,26.9,16.6,37.5,13.1,34.5
20045,Douglas,KS,Kansas,26.6,4.8,11.6,24.5,8.4,14.7,18.8,17.1,30.5,10.7,33.6
20047,Edwards,KS,Kansas,39.9,8.6,16.7,19.8,14.3,22.6,32.2,15.9,39.9,14.8,33.8
20049,Elk,KS,Kansas,43.7,10.3,18.4,21.1,15.8,23.6,35.1,16.3,40.5,16.3,37.0
20051,Ellis,KS,Kansas,31.7,6.1,13.1,20.7,9.8,16.6,23.6,17.2,36.5,11.8,33.9
20053,Ellsworth,KS,Kansas,37.9,7.5,14.7,18.5,11.7,18.6,27.6,15.1,39.1,13.0,34.1
20055,Finney,KS,Kansas,32.9,6.2,15.3,18.2,13.1,24.2,33.0,17.0,37.3,14.4,36.5
20057,Ford,KS,Kansas,33.2,6.4,15.5,17.9,13.1,24.5,34.0,16.6,39.1,14.3,37.8
20059,Franklin,KS,Kansas,36.2,7.0,16.1,21.3,11.5,18.8,27.3,16.8,40.3,13.6,32.1
20061,Geary,KS,Kansas,29.5,4.9,16.4,21.8,9.3,19.5,29.7,19.6,34.5,12.4,37.2
20063,Gove,KS,Kansas,38.0,8.0,15.2,19.7,12.3,18.5,28.3,15.5,37.4,13.4,31.2
20065,Graham,KS,Kansas,42.4,9.5,15.3,19.6,14.3,20.7,29.9,15.1,36.7,14.5,31.4
20067,Grant,KS,Kansas,31.5,5.9,12.6,17.3,11.8,19.7,29.3,14.6,35.4,12.5,32.6
20069,Gray,KS,Kansas,33.7,7.0,15.6,21.0,11.2,20.4,29.2,16.9,39.5,13.5,31.0
20071,Greeley,KS,Kansas,35.7,7.1,13.4,19.5,11.7,17.7,26.5,14.6,36.8,12.6,30.6
20073,Greenwood,KS,Kansas,42.0,9.4,17.4,21.0,14.4,21.4,29.9,16.2,40.7,14.9,35.0
20075,Hamilton,KS,Kansas,33.7,6.4,14.5,18.6,11.8,20.5,30.1,15.5,40.2,13.2,35.7
20077,Harper,KS,Kansas,40.6,9.3,19.2,21.7,14.8,24.2,33.1,17.0,41.9,15.8,35.1
20079,Harvey,KS,Kansas,35.0,7.2,13.8,20.3,12.2,18.1,28.2,15.6,36.5,12.9,33.7
20081,Haskell,KS,Kansas,34.9,7.4,16.2,20.0,13.2,22.7,32.9,16.8,41.8,14.5,34.0
20083,Hodgeman,KS,Kansas,36.8,7.2,13.3,19.0,11.5,16.6,25.2,14.6,36.5,12.3,33.8
20085,Jackson,KS,Kansas,36.5,7.6,15.8,20.8,12.3,18.7,27.2,16.3,37.8,13.7,36.0
20087,Jefferson,KS,Kansas,35.6,7.1,14.6,20.7,11.3,17.2,25.3,15.4,34.7,12.7,32.3
20089,Jewell,KS,Kansas,44.5,10.8,17.3,20.5,15.8,23.1,32.6,15.5,39.1,16.0,32.9
20091,Johnson,KS,Kansas,32.0,5.0,9.7,18.4,9.4,12.3,19.3,13.2,31.2,9.6,30.2
20093,Kearny,KS,Kansas,34.4,7.1,15.7,19.0,12.9,22.1,32.2,16.4,37.6,14.2,34.8
20095,Kingman,KS,Kansas,37.3,7.4,16.4,21.3,12.0,19.1,27.9,16.5,39.8,13.6,34.4
20097,Kiowa,KS,Kansas,37.2,7.7,13.9,20.6,11.8,18.2,26.5,15.6,39.0,12.9,29.8
20099,Labette,KS,Kansas,40.4,8.4,17.9,20.9,13.4,21.9,32.2,17.1,41.3,14.9,36.6
20101,Lane,KS,Kansas,39.1,8.3,14.4,20.4,13.1,19.3,28.4,15.4,36.6,13.8,34.6
20103,Leavenworth,KS,Kansas,32.9,6.0,13.6,20.9,10.8,16.1,23.2,15.7,39.8,11.7,37.1
20105,Lincoln,KS,Kansas,42.0,9.4,16.2,20.6,14.2,21.0,30.0,15.8,40.2,14.8,32.5
20107,Linn,KS,Kansas,37.4,8.0,16.1,20.2,12.5,19.3,27.8,16.0,37.2,13.9,33.2
20109,Logan,KS,Kansas,37.2,7.9,15.9,21.2,12.5,19.9,29.3,16.2,39.8,13.8,33.2
20111,Lyon,KS,Kansas,34.0,6.6,14.8,21.5,11.5,20.8,29.2,17.6,37.8,13.1,35.1
20113,McPherson,KS,Kansas,35.0,6.7,13.6,21.1,10.5,16.8,26.5,15.8,37.0,12.3,32.3
20115,Marion,KS,Kansas,37.7,8.0,15.0,20.8,12.2,18.5,27.9,15.8,38.7,13.4,29.9
20117,Marshall,KS,Kansas,38.9,8.6,17.3,21.2,13.0,20.4,29.1,16.5,37.4,14.4,34.7
20119,Meade,KS,Kansas,36.4,7.6,15.8,20.3,12.5,20.9,30.6,16.2,36.8,14.1,34.7
20121,Miami,KS,Kansas,33.5,6.5,13.8,20.9,10.8,16.4,23.9,15.6,35.0,12.0,32.5
20123,Mitchell,KS,Kansas,38.7,8.2,15.6,20.8,12.8,19.3,28.4,16.2,39.0,13.9,33.9
20125,Montgomery,KS,Kansas,40.0,8.4,17.9,21.6,13.8,22.0,29.4,17.5,38.9,15.0,37.4
20127,Morris,KS,Kansas,40.8,8.8,15.2,19.7,13.5,19.8,30.0,15.2,36.7,14.3,32.8
20129,Morton,KS,Kansas,38.2,8.3,16.6,19.7,14.0,23.0,32.7,16.1,37.9,15.0,36.3
20131,Nemaha,KS,Kansas,36.9,7.5,14.7,20.6,11.4,17.9,26.2,15.7,38.7,13.0,31.6
20133,Neosho,KS,Kansas,38.3,8.1,16.6,20.7,13.1,20.4,28.6,17.0,39.5,14.1,35.1
20135,Ness,KS,Kansas,39.1,8.5,15.1,19.9,13.2,19.9,29.7,15.2,35.2,14.0,34.3
20137,Norton,KS,Kansas,37.8,8.0,17.4,20.5,12.7,20.9,30.1,16.5,42.7,14.2,35.2
20139,Osage,KS,Kansas,39.0,7.8,16.4,21.1,12.5,19.6,28.2,16.3,41.8,13.7,31.1
20141,Osborne,KS,Kansas,40.7,9.4,15.7,20.1,14.0,20.5,29.9,15.5,38.8,14.5,31.4
20143,Ottawa,KS,Kansas,37.6,7.8,15.6,20.7,12.2,18.5,27.0,15.8,38.3,13.4,32.2
20145,Pawnee,KS,Kansas,38.7,8.0,16.5,19.3,12.7,20.1,29.0,15.3,38.2,13.8,34.9
20147,Phillips,KS,Kansas,39.8,8.9,16.2,20.6,13.6,20.3,29.9,15.8,40.5,14.6,34.8
20149,Pottawatomie,KS,Kansas,33.2,5.9,13.6,19.9,9.7,14.8,23.8,15.7,35.8,11.4,34.8
20151,Pratt,KS,Kansas,35.9,7.6,14.8,20.7,12.1,18.8,28.5,16.1,36.5,13.3,32.0
20153,Rawlins,KS,Kansas,41.7,9.9,16.8,20.5,14.7,21.5,30.9,15.8,41.9,15.3,34.6
20155,Reno,KS,Kansas,35.4,7.9,16.9,22.1,13.2,20.2,29.9,16.3,44.0,13.5,38.4
20157,Republic,KS,Kansas,41.9,9.6,16.3,20.3,14.3,21.1,30.6,15.7,41.2,14.9,30.8
20159,Rice,KS,Kansas,36.0,7.1,14.5,20.3,11.9,18.6,28.5,16.1,39.5,13.3,32.2
20161,Riley,KS,Kansas,23.2,4.3,11.8,23.2,7.2,15.2,21.9,18.8,26.4,10.5,36.3
20163,Rooks,KS,Kansas,38.1,7.8,15.0,21.3,12.3,18.8,28.5,15.4,40.6,13.5,34.1
20165,Rush,KS,Kansas,41.2,9.1,16.3,20.7,13.9,20.7,30.7,15.6,38.7,14.8,32.9
20167,Russell,KS,Kansas,41.3,9.2,17.1,20.7,13.9,21.7,31.0,16.5,41.5,15.1,32.1
20169,Saline,KS,Kansas,35.5,7.3,15.1,20.7,12.1,19.5,28.8,16.4,41.1,13.1,32.4
20171,Scott,KS,Kansas,35.0,7.1,13.3,19.1,11.4,18.0,26.4,15.0,38.1,12.6,33.9
20173,Sedgwick,KS,Kansas,34.7,6.5,15.1,22.6,12.0,19.8,26.3,17.0,38.6,12.8,36.3
20175,Seward,KS,Kansas,31.5,6.0,15.0,17.8,13.4,25.7,37.5,16.9,42.7,14.4,39.3
20177,Shawnee,KS,Kansas,39.0,7.1,15.2,23.0,12.5,19.8,25.7,15.6,38.3,13.0,35.1
20179,Sheridan,KS,Kansas,37.0,7.8,13.7,20.0,11.8,17.3,26.3,15.2,34.0,13.0,30.8
20181,Sherman,KS,Kansas,37.4,7.7,15.1,20.2,12.3,19.3,30.2,16.2,38.2,13.4,33.4
20183,Smith,KS,Kansas,40.8,9.0,14.7,19.2,13.3,18.6,29.6,14.6,39.0,13.9,33.4
20185,Stafford,KS,Kansas,38.3,8.1,15.3,20.4,13.1,20.5,29.4,15.7,41.0,14.1,34.6
20187,Stanton,KS,Kansas,36.6,8.1,16.3,19.1,14.7,25.6,35.4,16.0,39.5,15.4,35.3
20189,Stevens,KS,Kansas,37.8,8.4,18.1,19.9,14.9,26.9,36.7,17.2,41.3,16.3,37.0
20191,Sumner,KS,Kansas,37.5,7.7,16.8,21.3,12.4,19.5,27.4,16.4,39.9,13.9,37.1
20193,Thomas,KS,Kansas,33.0,6.4,12.7,20.9,10.2,16.2,24.9,16.4,35.0,11.9,34.6
20195,Trego,KS,Kansas,39.2,8.0,13.9,19.5,12.3,17.2,26.7,14.4,40.5,13.0,34.5
20197,Wabaunsee,KS,Kansas,36.2,7.3,14.2,20.1,11.5,17.4,25.6,15.5,35.1,12.8,33.3
20199,Wallace,KS,Kansas,39.9,8.9,15.5,20.4,13.7,20.4,29.9,15.6,36.6,14.4,33.9
20201,Washington,KS,Kansas,37.3,7.9,14.9,19.6,11.9,17.8,28.4,15.2,34.0,13.1,33.8
20203,Wichita,KS,Kansas,39.2,8.8,16.0,19.0,14.5,22.8,33.9,15.6,41.7,14.7,32.5
20205,Wilson,KS,Kansas,40.3,8.8,17.7,21.3,13.8,21.8,30.1,16.6,39.8,14.9,34.2
20207,Woodson,KS,Kansas,40.8,8.9,16.6,20.7,13.6,20.4,29.2,15.8,39.6,14.5,34.8
20209,Wyandotte,KS,Kansas,37.0,6.7,17.6,17.7,14.5,25.1,34.7,17.2,40.7,14.3,37.2
21001,Adair,KY,Kentucky,,,,,,,,,,,43.5
21003,Allen,KY,Kentucky,,,,,,,,,,,38.9
21005,Anderson,KY,Kentucky,,,,,,,,,,,38.3
21007,Ballard,KY,Kentucky,,,,,,,,,,,39.6
21009,Barren,KY,Kentucky,,,,,,,,,,,41.2
21011,Bath,KY,Kentucky,,,,,,,,,,,40.1
21013,Bell,KY,Kentucky,,,,,,,,,,,41.5
21015,Boone,KY,Kentucky,,,,,,,,,,,38.3
21017,Bourbon,KY,Kentucky,,,,,,,,,,,39.0
21019,Boyd,KY,Kentucky,,,,,,,,,,,36.9
21021,Boyle,KY,Kentucky,,,,,,,,,,,38.4
21023,Bracken,KY,Kentucky,,,,,,,,,,,39.6
21025,Breathitt,KY,Kentucky,,,,,,,,,,,41.6
21027,Breckinridge,KY,Kentucky,,,,,,,,,,,42.2
21029,Bullitt,KY,Kentucky,,,,,,,,,,,41.6
21031,Butler,KY,Kentucky,,,,,,,,,,,41.2
21033,Caldwell,KY,Kentucky,,,,,,,,,,,39.4
21035,Calloway,KY,Kentucky,,,,,,,,,,,39.3
21037,Campbell,KY,Kentucky,,,,,,,,,,,36.8
21039,Carlisle,KY,Kentucky,,,,,,,,,,,39.3
21041,Carroll,KY,Kentucky,,,,,,,,,,,44.3
21043,Carter,KY,Kentucky,,,,,,,,,,,39.7
21045,Casey,KY,Kentucky,,,,,,,,,,,44.8
21047,Christian,KY,Kentucky,,,,,,,,,,,40.9
21049,Clark,KY,Kentucky,,,,,,,,,,,41.0
21051,Clay,KY,Kentucky,,,,,,,,,,,42.3
21053,Clinton,KY,Kentucky,,,,,,,,,,,40.0
21055,Crittenden,KY,Kentucky,,,,,,,,,,,40.2
21057,Cumberland,KY,Kentucky,,,,,,,,,,,41.4
21059,Daviess,KY,Kentucky,,,,,,,,,,,37.6
21061,Edmonson,KY,Kentucky,,,,,,,,,,,42.3
21063,Elliott,KY,Kentucky,,,,,,,,,,,40.6
21065,Estill,KY,Kentucky,,,,,,,,,,,41.3
21067,Fayette,KY,Kentucky,,,,,,,,,,,38.1
21069,Fleming,KY,Kentucky,,,,,,,,,,,42.1
21071,Floyd,KY,Kentucky,,,,,,,,,,,44.8
21073,Franklin,KY,Kentucky,,,,,,,,,,,40.0
21075,Fulton,KY,Kentucky,,,,,,,,,,,43.8
21077,Gallatin,KY,Kentucky,,,,,,,,,,,44.6
21079,Garrard,KY,Kentucky,,,,,,,,,,,40.8
21081,Grant,KY,Kentucky,,,,,,,,,,,41.3
21083,Graves,KY,Kentucky,,,,,,,,,,,38.1
21085,Grayson,KY,Kentucky,,,,,,,,,,,41.0
21087,Green,KY,Kentucky,,,,,,,,,,,42.6
21089,Greenup,KY,Kentucky,,,,,,,,,,,38.6
21091,Hancock,KY,Kentucky,,,,,,,,,,,38.4
21093,Hardin,KY,Kentucky,,,,,,,,,,,40.9
21095,Harlan,KY,Kentucky,,,,,,,,,,,44.1
21097,Harrison,KY,Kentucky,,,,,,,,,,,39.7
21099,Hart,KY,Kentucky,,,,,,,,,,,43.8
21101,Henderson,KY,Kentucky,,,,,,,,,,,41.0
21103,Henry,KY,Kentucky,,,,,,,,,,,39.9
21105,Hickman,KY,Kentucky,,,,,,,,,,,39.8
21107,Hopkins,KY,Kentucky,,,,,,,,,,,43.8
21109,Jackson,KY,Kentucky,,,,,,,,,,,41.5
21111,Jefferson,KY,Kentucky,,,,,,,,,,,38.2
21113,Jessamine,KY,Kentucky,,,,,,,,,,,36.7
21115,Johnson,KY,Kentucky,,,,,,,,,,,43.7
21117,Kenton,KY,Kentucky,,,,,,,,,,,37.3
21119,Knott,KY,Kentucky,,,,,,,,,,,41.5
21121,Knox,KY,Kentucky,,,,,,,,,,,41.6
21123,Larue,KY,Kentucky,,,,,,,,,,,43.5
21125,Laurel,KY,Kentucky,,,,,,,,,,,40.5
21127,Lawrence,KY,Kentucky,,,,,,,,,,,41.7
21129,Lee,KY,Kentucky,,,,,,,,,,,42.8
21131,Leslie,KY,Kentucky,,,,,,,,,,,39.9
21133,Letcher,KY,Kentucky,,,,,,,,,,,42.1
21135,Lewis,KY,Kentucky,,,,,,,,,,,41.8
21137,Lincoln,KY,Kentucky,,,,,,,,,,,40.0
21139,Livingston,KY,Kentucky,,,,,,,,,,,38.4
21141,Logan,KY,Kentucky,,,,,,,,,,,39.3
21143,Lyon,KY,Kentucky,,,,,,,,,,,40.5
21145,McCracken,KY,Kentucky,,,,,,,,,,,40.3
21147,McCreary,KY,Kentucky,,,,,,,,,,,45.0
21149,McLean,KY,Kentucky,,,,,,,,,,,39.6
21151,Madison,KY,Kentucky,,,,,,,,,,,42.5
21153,Magoffin,KY,Kentucky,,,,,,,,,,,42.9
21155,Marion,KY,Kentucky,,,,,,,,,,,41.9
21157,Marshall,KY,Kentucky,,,,,,,,,,,36.0
21159,Martin,KY,Kentucky,,,,,,,,,,,45.4
21161,Mason,KY,Kentucky,,,,,,,,,,,42.5
21163,Meade,KY,Kentucky,,,,,,,,,,,39.7
21165,Menifee,KY,Kentucky,,,,,,,,,,,41.8
21167,Mercer,KY,Kentucky,,,,,,,,,,,39.3
21169,Metcalfe,KY,Kentucky,,,,,,,,,,,40.3
21171,Monroe,KY,Kentucky,,,,,,,,,,,39.6
21173,Montgomery,KY,Kentucky,,,,,,,,,,,41.0
21175,Morgan,KY,Kentucky,,,,,,,,,,,43.4
21177,Muhlenberg,KY,Kentucky,,,,,,,,,,,41.6
21179,Nelson,KY,Kentucky,,,,,,,,,,,37.7
21181,Nicholas,KY,Kentucky,,,,,,,,,,,41.3
21183,Ohio,KY,Kentucky,,,,,,,,,,,39.8
21185,Oldham,KY,Kentucky,,,,,,,,,,,35.4
21187,Owen,KY,Kentucky,,,,,,,,,,,39.3
21189,Owsley,KY,Kentucky,,,,,,,,,,,41.1
21191,Pendleton,KY,Kentucky,,,,,,,,,,,41.9
21193,Perry,KY,Kentucky,,,,,,,,,,,41.0
21195,Pike,KY,Kentucky,,,,,,,,,,,44.5
21197,Powell,KY,Kentucky,,,,,,,,,,,39.4
21199,Pulaski,KY,Kentucky,,,,,,,,,,,40.7
21201,Robertson,KY,Kentucky,,,,,,,,,,,40.6
21203,Rockcastle,KY,Kentucky,,,,,,,,,,,41.6
21205,Rowan,KY,Kentucky,,,,,,,,,,,40.0
21207,Russell,KY,Kentucky,,,,,,,,,,,42.4
21209,Scott,KY,Kentucky,,,,,,,,,,,40.6
21211,Shelby,KY,Kentucky,,,,,,,,,,,38.4
21213,Simpson,KY,Kentucky,,,,,,,,,,,41.0
21215,Spencer,KY,Kentucky,,,,,,,,,,,39.8
21217,Taylor,KY,Kentucky,,,,,,,,,,,40.1
21219,Todd,KY,Kentucky,,,,,,,,,,,42.4
21221,Trigg,KY,Kentucky,,,,,,,,,,,40.0
21223,Trimble,KY,Kentucky,,,,,,,,,,,38.9
21225,Union,KY,Kentucky,,,,,,,,,,,40.4
21227,Warren,KY,Kentucky,,,,,,,,,,,38.4
21229,Washington,KY,Kentucky,,,,,,,,,,,38.1
21231,Wayne,KY,Kentucky,,,,,,,,,,,41.1
21233,Webster,KY,Kentucky,,,,,,,,,,,42.6
21235,Whitley,KY,Kentucky,,,,,,,,,,,42.1
21237,Wolfe,KY,Kentucky,,,,,,,,,,,44.2
21239,Woodford,KY,Kentucky,,,,,,,,,,,35.1
22001,Acadia,LA,Louisiana,44.6,8.7,21.9,30.6,16.5,29.0,36.1,21.6,41.8,18.2,37.3
22003,Allen,LA,Louisiana,44.0,8.0,21.7,27.4,15.3,27.9,34.9,20.7,44.2,17.0,39.1
22005,Ascension,LA,Louisiana,38.9,5.9,15.4,26.9,12.2,20.1,26.1,18.7,35.5,13.5,39.9
22007,Assumption,LA,Louisiana,45.3,8.9,20.5,27.1,16.7,27.9,35.2,19.8,38.4,17.2,38.1
22009,Avoyelles,LA,Louisiana,48.2,9.6,23.2,28.0,17.7,31.4,37.9,21.8,43.0,18.9,40.3
22011,Beauregard,LA,Louisiana,39.7,7.5,18.5,28.9,13.4,23.6,29.7,20.0,40.7,15.8,35.9
22013,Bienville,LA,Louisiana,52.5,11.1,23.8,26.9,22.1,34.6,42.4,20.9,47.5,20.1,43.3
22015,Bossier,LA,Louisiana,39.3,6.7,16.1,26.8,13.2,22.2,29.9,18.5,40.9,14.2,42.3
22017,Caddo,LA,Louisiana,47.1,8.4,18.2,26.6,17.2,27.4,33.2,19.4,42.2,16.4,38.7
22019,Calcasieu,LA,Louisiana,42.2,7.2,17.1,27.5,14.2,23.6,32.9,19.0,43.0,14.7,38.7
22021,Caldwell,LA,Louisiana,45.2,9.4,23.0,29.2,16.7,29.7,35.7,21.4,38.6,18.2,40.4
22023,Cameron,LA,Louisiana,41.3,8.0,17.0,28.1,13.3,21.9,28.1,18.7,36.4,15.5,37.3
22025,Catahoula,LA,Louisiana,46.5,9.3,22.7,26.9,17.7,31.0,36.9,20.6,41.8,18.6,41.4
22027,Claiborne,LA,Louisiana,54.3,11.6,25.7,25.1,22.8,37.3,43.6,21.1,48.5,20.6,46.4
22029,Concordia,LA,Louisiana,50.1,10.1,22.8,27.4,19.8,32.4,39.1,21.3,45.6,19.0,42.3
22031,De Soto,LA,Louisiana,47.4,8.9,20.7,27.1,17.8,28.5,34.4,20.3,44.4,17.5,41.9
22033,East Baton Rouge,LA,Louisiana,40.3,6.3,14.0,25.9,13.9,21.4,24.6,18.8,35.3,13.2,41.9
22035,East Carroll,LA,Louisiana,53.0,10.1,28.4,24.9,22.0,39.9,44.3,23.2,51.2,20.4,47.8
22037,East Feliciana,LA,Louisiana,47.7,8.1,18.3,24.5,16.1,25.6,33.7,18.6,42.2,15.6,43.0
22039,Evangeline,LA,Louisiana,45.1,8.8,22.1,28.3,16.8,30.0,36.6,21.3,44.7,18.2,42.1
22041,Franklin,LA,Louisiana,48.1,9.9,22.7,28.1,18.4,31.8,37.7,21.1,42.0,19.1,40.4
22043,Grant,LA,Louisiana,42.0,7.5,20.1,26.9,13.7,25.5,31.3,20.2,39.9,16.0,42.5
22045,Iberia,LA,Louisiana,44.8,8.5,20.4,27.9,17.1,28.9,35.2,20.5,42.5,17.3,40.0
22047,Iberville,LA,Louisiana,44.4,7.8,18.9,25.2,16.5,27.1,34.3,19.8,43.0,16.2,42.3
22049,Jackson,LA,Louisiana,47.9,9.6,20.6,26.5,17.7,29.2,37.1,19.8,44.9,18.0,40.2
22051,Jefferson,LA,Louisiana,42.7,7.5,14.9,24.3,16.2,23.5,30.3,17.7,41.6,14.3,40.4
22053,Jefferson Davis,LA,Louisiana,42.8,8.1,19.9,28.4,14.8,26.0,33.4,20.5,42.7,17.0,37.8
22055,Lafayette,LA,Louisiana,39.1,6.5,16.0,25.9,13.0,21.2,24.4,18.2,34.5,13.5,37.8
22057,Lafourche,LA,Louisiana,43.1,7.9,19.1,30.0,14.7,24.3,32.7,20.4,47.2,16.4,41.5
22059,LaSalle,LA,Louisiana,38.4,7.0,18.6,27.0,13.1,24.2,30.2,19.8,38.6,15.3,39.6
22061,Lincoln,LA,Louisiana,38.9,6.7,15.9,28.0,13.5,25.0,30.7,21.7,42.6,14.8,42.0
22063,Livingston,LA,Louisiana,40.1,6.6,17.1,29.6,12.7,21.7,27.3,19.6,38.9,14.8,38.2
22065,Madison,LA,Louisiana,53.4,10.5,25.5,26.3,22.6,37.7,43.8,22.5,49.9,20.4,46.2
22067,Morehouse,LA,Louisiana,52.6,10.0,23.0,26.7,20.3,33.1,38.7,21.0,44.8,18.8,44.5
22069,Natchitoches,LA,Louisiana,43.6,7.7,17.7,27.9,15.5,26.6,32.1,21.0,40.1,15.9,39.0
22071,Orleans,LA,Louisiana,41.9,7.0,15.0,26.7,16.2,22.7,26.8,18.4,34.4,13.8,38.8
22073,Ouachita,LA,Louisiana,44.6,7.5,17.9,25.7,15.4,24.7,32.9,19.8,43.9,15.2,40.3
22075,Plaquemines,LA,Louisiana,40.0,6.8,16.8,26.0,13.8,22.9,29.5,18.8,38.7,14.7,39.4
22077,Pointe Coupee,LA,Louisiana,47.5,9.1,18.5,26.1,17.1,26.6,34.2,19.1,39.9,16.9,40.5
22079,Rapides,LA,Louisiana,43.8,7.9,18.7,27.3,15.6,26.4,31.4,19.9,40.7,16.3,40.7
22081,Red River,LA,Louisiana,49.7,9.9,23.2,26.6,19.8,32.6,39.9,21.0,43.9,19.2,44.0
22083,Richland,LA,Louisiana,46.7,9.0,21.4,27.4,17.7,29.7,36.0,20.8,43.1,17.8,40.3
22085,Sabine,LA,Louisiana,47.1,9.9,21.1,28.0,17.9,28.8,36.3,20.6,44.7,18.5,39.5
22087,St. Bernard,LA,Louisiana,42.0,7.4,20.2,27.9,15.3,27.4,33.6,20.8,42.8,16.7,40.9
22089,St. Charles,LA,Louisiana,41.2,6.5,15.1,25.5,13.2,20.7,27.6,18.1,37.7,14.0,39.1
22091,St. Helena,LA,Louisiana,49.3,9.8,21.8,25.7,19.8,32.3,39.2,20.5,42.7,18.4,41.4
22093,St. James,LA,Louisiana,46.0,7.8,16.5,24.5,16.5,24.5,32.4,18.4,43.7,15.2,43.1
22095,St. John the Baptist,LA,Louisiana,46.4,7.2,16.7,24.0,17.2,25.9,31.7,19.0,41.8,15.1,44.1
22097,St. Landry,LA,Louisiana,47.3,9.0,22.0,26.6,18.2,31.7,36.3,21.3,40.4,18.4,39.8
22099,St. Martin,LA,Louisiana,43.7,8.0,19.7,28.5,15.5,26.8,33.3,20.4,45.3,16.6,41.4
22101,St. Mary,LA,Louisiana,47.4,9.2,21.3,27.3,18.1,30.3,36.6,20.4,45.0,18.2,43.2
22103,St. Tammany,LA,Louisiana,38.9,7.0,14.5,25.2,13.3,20.1,26.0,18.0,37.4,13.7,38.8
22105,Tangipahoa,LA,Louisiana,40.7,7.3,18.6,26.4,14.6,24.9,30.4,20.8,43.0,15.4,38.6
22107,Tensas,LA,Louisiana,57.3,12.8,22.8,24.6,25.1,36.4,43.1,19.7,48.4,20.7,43.9
22109,Terrebonne,LA,Louisiana,41.4,7.7,18.8,27.3,15.2,25.5,33.1,20.1,41.3,16.4,42.1
22111,Union,LA,Louisiana,48.4,10.2,20.8,27.0,18.4,29.5,35.9,19.7,37.0,18.2,39.4
22113,Vermilion,LA,Louisiana,42.5,8.1,20.2,28.7,15.0,25.7,32.1,20.3,42.8,16.8,38.0
22115,Vernon,LA,Louisiana,38.8,6.8,18.3,27.5,12.5,23.7,31.6,20.5,38.5,14.9,41.9
22117,Washington,LA,Louisiana,46.9,9.3,21.7,27.2,17.8,29.5,37.7,20.4,45.5,18.0,41.1
22119,Webster,LA,Louisiana,49.4,10.2,22.8,27.4,19.5,31.9,39.0,20.9,44.6,19.5,40.7
22121,West Baton Rouge,LA,Louisiana,42.6,6.5,16.2,25.5,14.0,22.3,28.1,18.9,41.6,14.0,41.4
22123,West Carroll,LA,Louisiana,45.6,9.4,20.0,27.7,16.5,27.5,33.7,19.6,40.1,17.6,38.0
22125,West Feliciana,LA,Louisiana,44.4,6.9,17.0,21.8,14.6,22.4,28.5,16.9,40.7,13.7,41.6
22127,Winn,LA,Louisiana,46.6,8.9,20.6,26.4,17.1,28.6,35.6,19.9,45.9,17.2,41.9
23001,Androscoggin,ME,Maine,33.5,7.5,16.3,29.7,12.1,20.3,26.9,19.7,35.8,15.2,36.7
23003,Aroostook,ME,Maine,43.3,9.5,17.9,25.6,14.8,23.6,32.0,18.3,40.0,17.3,37.2
23005,Cumberland,ME,Maine,32.1,6.0,10.9,25.6,8.9,14.5,17.1,16.7,26.7,12.0,30.2
23007,Franklin,ME,Maine,36.6,8.3,15.6,28.3,11.3,20.3,25.2,19.0,34.6,15.0,35.0
23009,Hancock,ME,Maine,35.8,7.9,13.3,25.5,11.2,17.4,20.6,16.5,29.4,13.7,29.7
23011,Kennebec,ME,Maine,34.6,7.6,15.4,28.2,11.8,20.1,24.7,18.3,32.5,14.8,34.6
23013,Knox,ME,Maine,36.2,8.1,13.6,25.4,11.2,17.3,21.7,15.3,28.8,13.7,29.1
23015,Lincoln,ME,Maine,38.8,8.4,12.7,26.5,11.8,18.0,21.4,16.1,30.9,14.1,29.5
23017,Oxford,ME,Maine,38.1,9.0,17.8,26.3,13.7,22.3,25.4,17.8,35.0,16.7,33.2
23019,Penobscot,ME,Maine,37.2,7.7,15.6,28.8,11.5,20.7,26.2,19.4,38.0,15.5,34.9
23021,Piscataquis,ME,Maine,40.5,10.1,18.0,26.2,13.8,23.1,28.1,17.8,34.6,17.3,34.2
23023,Sagadahoc,ME,Maine,35.0,7.7,13.9,27.1,10.8,17.1,22.2,16.2,29.6,13.7,29.3
23025,Somerset,ME,Maine,39.3,9.3,19.7,28.8,13.9,23.4,28.1,19.7,37.2,17.1,37.8
23027,Waldo,ME,Maine,36.1,8.2,15.4,28.2,11.7,20.1,23.6,18.1,34.3,15.4,33.2
23029,Washington,ME,Maine,43.1,9.8,18.3,26.7,14.9,24.1,32.5,19.1,39.8,18.2,38.4
23031,York,ME,Maine,35.3,7.2,13.4,25.4,10.4,17.7,21.3,16.9,33.1,13.1,30.7
24001,Allegany,MD,Maryland,39.6,7.9,17.7,25.7,13.3,22.7,32.0,18.9,36.6,15.5,41.0
24003,Anne Arundel,MD,Maryland,34.5,5.3,10.6,19.9,10.4,16.1,20.5,14.6,34.5,11.7,38.0
24005,Baltimore,MD,Maryland,36.7,6.2,11.1,20.7,13.1,18.2,26.3,16.1,34.0,11.7,36.2
24009,Calvert,MD,Maryland,36.9,5.5,11.1,19.7,10.9,15.9,19.8,14.9,36.3,11.9,36.5
24011,Caroline,MD,Maryland,41.3,7.7,17.4,24.2,14.2,22.3,28.6,18.1,41.7,15.3,40.3
24013,Carroll,MD,Maryland,34.4,6.0,10.9,22.5,10.3,14.4,23.2,14.9,37.7,11.4,34.5
24015,Cecil,MD,Maryland,39.2,6.6,15.3,23.2,13.2,19.6,27.8,17.4,41.3,14.0,38.2
24017,Charles,MD,Maryland,41.4,5.2,11.5,17.5,13.4,17.5,23.3,16.0,41.9,11.8,40.6
24019,Dorchester,MD,Maryland,44.2,8.7,16.1,20.2,16.6,24.1,29.8,17.0,41.8,16.3,38.7
24021,Frederick,MD,Maryland,33.9,5.4,9.2,20.5,10.6,14.7,20.1,15.1,34.7,10.5,35.1
24023,Garrett,MD,Maryland,42.4,8.3,14.2,21.0,14.1,21.0,27.1,16.4,36.3,15.0,36.7
24025,Harford,MD,Maryland,35.9,5.8,10.9,21.6,11.6,15.9,20.6,15.4,35.8,12.1,35.9
24027,Howard,MD,Maryland,34.5,4.8,7.4,17.7,10.4,12.4,16.4,12.4,30.0,9.5,36.9
24029,Kent,MD,Maryland,43.0,8.1,11.9,22.1,13.7,19.0,24.4,15.2,35.1,13.3,32.9
24031,Montgomery,MD,Maryland,32.7,5.3,7.2,17.0,10.8,15.4,19.2,12.0,26.1,10.5,33.1
24033,Prince George's,MD,Maryland,40.0,5.5,10.5,14.8,15.2,20.9,27.1,14.3,42.2,12.6,43.7
24035,Queen Anne's,MD,Maryland,38.4,6.7,11.7,22.4,11.6,16.2,20.9,14.9,29.4,12.4,33.2
24037,St. Mary's,MD,Maryland,34.7,5.7,12.7,21.2,11.4,17.1,22.7,16.4,37.4,11.9,37.5
24039,Somerset,MD,Maryland,42.7,7.5,16.9,20.9,14.2,23.8,31.3,18.5,38.4,14.9,44.0
24041,Talbot,MD,Maryland,41.6,8.4,10.9,20.5,13.1,18.4,24.2,13.6,30.1,13.6,31.9
24043,Washington,MD,Maryland,38.9,7.2,15.1,22.9,13.3,20.5,29.5,16.9,39.0,14.3,39.9
24045,Wicomico,MD,Maryland,36.7,6.5,13.4,21.7,12.6,20.7,28.0,17.6,39.6,13.1,35.3
24047,Worcester,MD,Maryland,42.1,8.1,12.3,20.4,13.7,18.3,25.7,14.5,33.1,13.9,29.4
24510,Baltimore,MD,Maryland,40.6,6.4,15.8,23.5,14.4,23.0,27.4,18.4,38.7,13.8,41.5
25001,Barnstable,MA,Massachusetts,38.2,8.0,10.5,22.5,10.7,15.6,19.0,13.8,26.3,13.4,29.5
25003,Berkshire,MA,Massachusetts,34.8,7.8,12.7,25.1,10.9,17.8,22.2,16.9,31.2,13.9,36.4
25005,Bristol,MA,Massachusetts,33.5,6.8,15.8,23.8,10.8,20.0,24.8,18.6,32.1,14.6,34.6
25007,Dukes,MA,Massachusetts,36.0,7.3,10.8,23.4,10.6,15.4,19.0,14.7,25.5,12.7,33.0
25009,Essex,MA,Massachusetts,32.1,6.2,11.4,22.3,10.3,16.9,24.1,15.3,30.0,13.0,35.1
25011,Franklin,MA,Massachusetts,36.3,7.3,12.8,25.4,10.8,17.3,22.1,16.1,26.3,13.8,32.7
25013,Hampden,MA,Massachusetts,34.7,7.0,14.8,26.8,12.1,22.8,29.8,18.9,34.9,16.0,38.4
25015,Hampshire,MA,Massachusetts,26.7,5.5,9.7,27.4,8.2,14.0,17.4,17.4,22.2,11.7,31.5
25017,Middlesex,MA,Massachusetts,27.6,4.9,9.1,23.7,8.5,13.4,18.3,14.8,23.8,10.0,30.6
25019,Nantucket,MA,Massachusetts,29.4,5.1,9.1,22.0,8.6,13.1,17.2,14.3,27.7,10.6,31.2
25021,Norfolk,MA,Massachusetts,29.8,5.2,9.2,21.9,9.0,13.3,17.1,14.6,23.5,10.8,32.9
25023,Plymouth,MA,Massachusetts,32.6,6.2,11.9,23.8,10.3,15.9,20.4,16.8,29.7,12.8,35.2
25025,Suffolk,MA,Massachusetts,27.4,4.8,11.1,23.2,9.3,17.2,23.8,17.3,24.2,11.4,34.3
25027,Worcester,MA,Massachusetts,33.2,6.0,12.3,25.6,10.4,17.4,23.8,17.2,32.6,13.4,34.6
26001,Alcona,MI,Michigan,46.0,11.0,15.9,25.3,16.0,22.2,28.7,15.7,39.0,17.0,32.6
26003,Alger,MI,Michigan,40.6,8.7,16.0,24.7,13.2,20.4,25.8,16.8,36.1,15.2,33.8
26005,Allegan,MI,Michigan,34.7,7.1,14.8,25.8,11.6,18.6,24.9,17.2,35.6,14.2,30.8
26007,Alpena,MI,Michigan,41.6,9.5,17.8,27.9,14.2,22.4,28.5,18.1,41.3,16.6,33.1
26009,Antrim,MI,Michigan,39.9,8.5,13.4,25.2,12.8,18.1,23.3,15.5,36.4,14.3,30.4
26011,Arenac,MI,Michigan,42.7,9.8,17.8,27.1,14.7,22.9,28.3,17.7,38.6,16.8,32.7
26013,Baraga,MI,Michigan,40.9,9.0,18.6,26.5,14.5,23.6,28.6,18.5,40.3,16.7,36.2
26015,Barry,MI,Michigan,35.3,7.2,14.9,26.2,11.2,18.3,24.1,17.2,37.0,13.9,32.3
26017,Bay,MI,Michigan,37.7,7.8,15.7,26.9,12.6,19.8,26.3,17.6,38.0,15.0,32.1
26019,Benzie,MI,Michigan,39.9,8.5,13.5,25.7,12.8,18.4,23.7,15.8,35.4,14.6,29.9
26021,Berrien,MI,Michigan,39.8,8.0,15.0,25.7,13.5,20.8,27.2,17.2,38.8,15.2,37.6
26023,Branch,MI,Michigan,39.6,8.3,18.0,27.5,13.3,22.3,28.2,18.6,36.0,16.3,35.0
26025,Calhoun,MI,Michigan,39.4,7.6,16.7,26.9,13.3,20.9,27.8,18.5,42.5,15.0,34.6
26027,Cass,MI,Michigan,39.3,8.3,16.3,26.9,13.1,20.9,26.8,17.7,36.2,15.4,34.4
26029,Charlevoix,MI,Michigan,38.9,8.2,13.1,24.7,12.3,17.4,22.5,15.5,35.0,13.9,35.5
26031,Cheboygan,MI,Michigan,42.4,9.5,16.7,26.7,14.6,21.8,26.7,17.0,41.1,16.3,32.3
26033,Chippewa,MI,Michigan,38.6,7.8,17.6,26.8,12.7,21.4,26.5,19.3,35.6,15.6,33.9
26035,Clare,MI,Michigan,44.5,10.2,19.5,28.1,15.4,25.0,30.4,18.9,40.5,18.1,33.3
26037,Clinton,MI,Michigan,33.9,6.6,12.9,27.0,10.6,16.4,21.8,16.6,35.2,13.1,29.4
26039,Crawford,MI,Michigan,42.4,10.0,17.6,27.5,14.9,22.8,28.9,17.5,37.5,16.9,32.2
26041,Delta,MI,Michigan,40.1,9.1,16.4,28.1,13.8,21.0,26.8,17.6,39.9,15.9,29.3
26043,Dickinson,MI,Michigan,39.2,8.3,15.1,27.5,12.6,19.0,25.7,17.0,38.1,14.8,29.8
26045,Eaton,MI,Michigan,35.9,6.8,13.3,26.8,11.4,17.6,24.0,17.4,38.9,13.4,31.9
26047,Emmet,MI,Michigan,37.6,7.5,12.8,25.3,11.5,16.6,21.4,15.8,32.7,13.2,28.4
26049,Genesee,MI,Michigan,39.0,7.8,17.0,27.2,13.2,22.2,28.1,19.3,40.6,16.0,38.2
26051,Gladwin,MI,Michigan,43.4,10.1,18.2,26.9,15.0,23.3,29.2,17.8,40.6,17.1,32.6
26053,Gogebic,MI,Michigan,43.8,10.3,16.6,26.2,15.2,22.3,28.4,17.0,37.0,16.7,33.2
26055,Grand Traverse,MI,Michigan,35.2,6.8,12.8,25.5,10.7,16.9,22.5,16.3,35.3,13.2,30.1
26057,Gratiot,MI,Michigan,35.8,7.3,16.6,26.9,11.6,20.8,26.3,18.8,36.7,14.8,31.9
26059,Hillsdale,MI,Michigan,40.5,8.7,17.8,29.3,13.5,22.1,28.2,18.8,37.6,16.1,33.7
26061,Houghton,MI,Michigan,31.5,6.6,13.1,26.3,10.0,17.2,21.8,18.5,33.7,12.8,28.8
26063,Huron,MI,Michigan,41.8,9.4,16.6,26.5,14.3,21.7,28.8,17.2,38.6,16.3,33.2
26065,Ingham,MI,Michigan,32.0,5.6,13.0,27.2,10.2,17.1,22.0,18.4,34.5,12.5,34.5
26067,Ionia,MI,Michigan,35.8,6.7,16.3,26.8,11.1,19.2,24.9,18.7,40.2,14.0,35.5
26069,Iosco,MI,Michigan,45.7,10.9,18.2,27.0,15.9,24.4,30.7,17.2,38.8,18.0,32.2
26071,Iron,MI,Michigan,45.0,10.3,16.6,25.6,15.3,22.5,28.5,16.5,39.0,16.7,33.2
26073,Isabella,MI,Michigan,32.1,6.2,15.8,30.5,10.5,20.1,25.5,21.7,39.5,14.3,33.7
26075,Jackson,MI,Michigan,38.9,7.5,15.4,27.0,12.5,21.3,27.4,18.5,39.2,14.9,40.8
26077,Kalamazoo,MI,Michigan,31.4,5.9,12.9,28.9,9.7,16.7,22.8,18.6,37.4,12.7,28.4
26079,Kalkaska,MI,Michigan,40.3,8.7,17.8,27.8,13.5,22.0,27.2,18.5,38.7,16.3,34.2
26081,Kent,MI,Michigan,32.2,5.7,13.0,27.5,10.3,16.7,21.6,17.0,34.8,12.5,32.5
26083,Keweenaw,MI,Michigan,42.7,9.5,11.5,24.4,13.4,17.6,22.8,14.1,33.7,14.0,30.2
26085,Lake,MI,Michigan,45.7,10.9,20.9,26.4,17.2,28.0,34.1,18.3,40.5,19.0,36.0
26087,Lapeer,MI,Michigan,37.2,7.6,16.1,26.2,11.9,19.3,25.5,17.5,35.5,14.8,34.8
26089,Leelanau,MI,Michigan,39.6,8.3,10.6,23.6,12.2,15.8,20.5,13.4,31.7,13.0,27.9
26091,Lenawee,MI,Michigan,37.6,7.6,15.5,27.7,12.4,20.1,26.4,18.2,40.6,14.9,36.4
26093,Livingston,MI,Michigan,32.3,6.2,11.9,25.3,9.7,14.5,20.9,15.5,32.3,12.3,30.9
26095,Luce,MI,Michigan,41.7,8.9,18.1,24.6,14.1,22.8,27.8,17.7,40.9,15.8,35.0
26097,Mackinac,MI,Michigan,43.2,10.4,17.7,25.9,16.4,24.2,29.3,17.3,41.2,17.6,33.1
26099,Macomb,MI,Michigan,37.7,6.8,15.2,26.0,11.4,19.8,26.3,17.4,37.5,14.1,38.2
26101,Manistee,MI,Michigan,40.8,9.1,15.6,26.2,13.7,21.1,28.5,16.9,36.6,15.7,31.2
26103,Marquette,MI,Michigan,34.0,6.9,13.5,27.8,10.6,17.1,21.4,18.1,36.4,13.4,29.8
26105,Mason,MI,Michigan,40.7,8.9,15.7,26.5,13.8,20.7,25.4,17.0,40.4,15.7,32.0
26107,Mecosta,MI,Michigan,37.4,8.2,16.7,28.9,12.4,21.6,27.2,18.9,37.1,15.5,34.5
26109,Menominee,MI,Michigan,42.0,9.3,16.7,27.3,13.9,21.6,27.7,17.2,38.9,16.1,35.2
26111,Midland,MI,Michigan,35.5,7.1,13.2,25.9,10.8,17.0,21.6,16.3,31.8,13.5,29.6
26113,Missaukee,MI,Michigan,40.2,8.6,17.3,27.6,13.3,21.8,28.2,18.2,39.3,16.0,33.6
26115,Monroe,MI,Michigan,37.6,7.4,15.2,26.7,12.3,19.2,24.9,17.8,40.6,14.6,35.8
26117,Montcalm,MI,Michigan,37.7,7.6,18.3,27.2,12.4,21.4,26.9,18.9,42.5,15.5,36.0
26119,Montmorency,MI,Michigan,45.7,11.2,18.3,26.4,16.5,24.5,29.8,16.9,38.6,18.0,32.6
26121,Muskegon,MI,Michigan,36.7,7.4,17.1,27.6,12.7,21.4,27.9,18.5,44.3,15.0,38.3
26123,Newaygo,MI,Michigan,39.8,8.5,18.0,26.9,13.2,22.1,27.8,18.2,37.8,16.0,32.4
26125,Oakland,MI,Michigan,34.5,5.9,10.8,20.8,10.2,14.7,19.1,14.8,31.3,11.2,31.1
26127,Oceana,MI,Michigan,39.2,8.7,16.7,26.4,13.7,22.3,28.3,17.5,40.6,16.3,31.4
26129,Ogemaw,MI,Michigan,43.4,10.1,18.3,27.5,15.3,23.8,29.5,17.8,39.4,17.4,37.0
26131,Ontonagon,MI,Michigan,47.8,11.6,16.3,25.2,16.5,23.0,28.9,15.7,37.0,17.3,32.5
26133,Osceola,MI,Michigan,40.4,9.1,18.1,27.6,13.7,22.8,29.0,18.6,39.6,16.8,34.2
26135,Oscoda,MI,Michigan,45.4,11.2,19.4,27.2,16.5,25.8,31.4,17.8,38.4,18.6,32.3
26137,Otsego,MI,Michigan,38.2,7.9,15.1,27.3,12.3,19.2,25.7,17.5,38.1,14.8,34.4
26139,Ottawa,MI,Michigan,31.3,5.8,11.4,26.5,9.4,15.1,20.1,16.8,32.3,12.2,28.3
26141,Presque Isle,MI,Michigan,44.5,10.8,16.3,26.3,15.6,22.6,28.5,16.3,40.9,17.0,32.9
26143,Roscommon,MI,Michigan,45.1,10.7,16.5,26.0,15.7,22.8,28.4,16.1,39.2,17.1,31.5
26145,Saginaw,MI,Michigan,40.1,8.0,16.2,26.5,14.1,23.4,30.6,18.5,36.6,15.9,35.5
26147,St. Clair,MI,Michigan,38.7,7.7,16.3,27.5,12.2,20.0,25.8,18.3,36.5,15.2,35.4
26149,St. Joseph,MI,Michigan,37.6,7.8,17.4,27.5,12.8,21.6,26.2,18.5,38.3,15.5,35.2
26151,Sanilac,MI,Michigan,40.8,8.9,17.9,27.6,13.8,22.1,30.3,18.1,40.0,16.2,32.2
26153,Schoolcraft,MI,Michigan,43.9,10.3,18.1,26.6,15.8,23.9,29.5,17.4,40.3,17.5,35.0
26155,Shiawassee,MI,Michigan,37.6,7.7,16.3,28.3,12.5,20.5,26.1,18.6,38.8,15.4,34.9
26157,Tuscola,MI,Michigan,39.4,8.4,17.3,27.4,13.2,21.7,27.5,18.2,41.7,15.9,35.5
26159,Van Buren,MI,Michigan,38.4,8.0,16.4,27.4,13.5,21.8,28.0,18.2,39.4,15.8,33.9
26161,Washtenaw,MI,Michigan,28.2,5.1,9.8,26.7,8.7,13.4,16.1,15.8,27.5,10.8,27.4
26163,Wayne,MI,Michigan,40.3,7.4,16.9,24.3,14.3,24.3,29.7,19.7,37.4,15.5,41.3
26165,Wexford,MI,Michigan,39.2,8.4,17.4,27.9,13.0,21.5,26.4,18.4,39.0,15.7,32.8
27001,Aitkin,MN,Minnesota,41.9,10.2,16.4,23.2,15.2,20.6,28.8,14.0,33.2,14.9,30.9
27003,Anoka,MN,Minnesota,31.3,5.7,13.6,24.6,10.6,16.0,24.6,15.5,36.2,11.3,29.7
27005,Becker,MN,Minnesota,37.9,7.8,15.4,23.9,11.8,18.3,24.6,15.5,37.3,13.2,27.9
27007,Beltrami,MN,Minnesota,32.3,6.9,17.5,26.9,11.3,19.3,26.3,17.6,38.5,13.1,31.5
27009,Benton,MN,Minnesota,30.8,5.9,16.0,25.7,10.2,16.7,23.8,16.8,41.5,12.1,28.6
27011,Big Stone,MN,Minnesota,37.0,8.8,15.5,22.2,13.2,19.0,27.7,14.6,37.6,13.8,29.0
27013,Blue Earth,MN,Minnesota,28.9,5.5,13.5,26.6,9.4,15.6,23.0,17.6,33.8,11.2,30.1
27015,Brown,MN,Minnesota,34.3,7.2,14.6,23.6,11.5,17.4,24.8,15.4,35.5,12.7,27.5
27017,Carlton,MN,Minnesota,33.3,6.8,16.2,26.5,11.7,17.8,25.6,15.9,38.8,12.8,35.1
27019,Carver,MN,Minnesota,26.8,5.0,11.3,22.9,8.5,12.6,19.0,13.5,32.0,9.9,26.2
27021,Cass,MN,Minnesota,39.2,9.0,16.9,23.0,14.2,20.2,28.1,15.2,36.9,14.5,35.2
27023,Chippewa,MN,Minnesota,34.8,8.2,16.3,24.0,12.8,20.0,28.9,15.8,40.4,13.9,29.0
27025,Chisago,MN,Minnesota,32.3,6.2,14.8,24.1,10.3,15.7,22.9,15.2,36.5,11.8,31.1
27027,Clay,MN,Minnesota,29.8,5.5,13.7,26.0,9.3,15.2,21.7,16.5,32.9,10.9,32.1
27029,Clearwater,MN,Minnesota,34.8,8.2,18.8,24.8,12.8,21.3,28.6,16.7,34.5,14.6,30.3
27031,Cook,MN,Minnesota,37.2,8.1,13.0,22.4,12.9,16.4,24.0,13.2,35.3,12.4,29.1
27033,Cottonwood,MN,Minnesota,37.0,8.4,15.8,23.4,13.1,20.3,29.8,15.2,39.2,13.9,31.2
27035,Crow Wing,MN,Minnesota,36.3,7.9,14.8,22.8,11.8,16.7,24.6,14.4,37.5,12.5,28.7
27037,Dakota,MN,Minnesota,29.7,5.1,11.3,22.9,9.7,14.4,22.5,14.1,34.5,10.8,28.1
27039,Dodge,MN,Minnesota,29.6,5.7,13.5,24.1,9.6,15.1,22.6,15.2,35.2,11.2,29.8
27041,Douglas,MN,Minnesota,33.5,7.3,13.7,24.4,11.4,16.6,23.7,14.5,35.2,12.1,28.9
27043,Faribault,MN,Minnesota,36.5,8.4,16.4,23.7,12.8,19.8,28.9,15.6,37.6,14.0,29.4
27045,Fillmore,MN,Minnesota,36.2,7.5,15.5,23.7,11.8,17.7,25.5,15.4,40.5,13.1,30.6
27047,Freeborn,MN,Minnesota,35.9,8.1,16.1,22.6,12.9,20.5,30.0,15.5,36.0,13.8,32.7
27049,Goodhue,MN,Minnesota,34.4,6.9,14.7,23.1,10.9,17.0,25.3,15.3,36.0,12.6,31.8
27051,Grant,MN,Minnesota,36.9,8.4,16.6,24.7,12.7,19.1,26.7,15.8,39.7,13.7,29.7
27053,Hennepin,MN,Minnesota,28.7,5.0,11.1,25.5,8.1,14.4,18.9,14.5,27.1,9.8,27.7
27055,Houston,MN,Minnesota,33.2,7.2,13.8,22.6,11.3,16.7,25.7,14.2,34.1,12.5,28.9
27057,Hubbard,MN,Minnesota,35.2,8.3,14.2,22.0,13.3,17.6,24.4,14.1,35.4,13.0,28.3
27059,Isanti,MN,Minnesota,31.9,6.5,16.2,24.5,10.5,17.1,24.8,16.0,32.8,12.8,31.3
27061,Itasca,MN,Minnesota,37.8,8.3,16.0,23.8,13.7,18.5,25.4,15.0,36.0,13.6,27.1
27063,Jackson,MN,Minnesota,35.3,7.5,14.1,22.6,11.7,17.0,25.2,14.6,35.8,12.6,28.5
27065,Kanabec,MN,Minnesota,35.8,7.8,17.8,25.1,12.8,19.8,28.0,16.2,37.6,14.2,31.7
27067,Kandiyohi,MN,Minnesota,33.4,7.2,14.4,23.2,12.3,17.9,25.4,14.9,40.6,12.7,31.2
27069,Kittson,MN,Minnesota,36.9,8.2,14.3,23.1,12.5,17.7,25.9,14.4,34.0,13.0,30.2
27071,Koochiching,MN,Minnesota,39.0,8.7,15.9,23.4,13.4,18.8,27.8,14.8,37.0,13.8,30.5
27073,Lac qui Parle,MN,Minnesota,36.3,8.3,14.0,22.3,12.2,17.7,25.9,14.1,34.0,12.7,28.7
27075,Lake,MN,Minnesota,35.8,8.4,15.1,22.9,12.5,18.0,25.5,14.4,35.4,13.4,27.2
27077,Lake of the Woods,MN,Minnesota,37.2,8.1,15.3,22.8,12.9,17.9,25.8,14.3,36.2,13.2,29.9
27079,Le Sueur,MN,Minnesota,32.8,6.5,14.3,23.5,10.9,16.1,22.4,14.8,35.3,11.9,34.5
27081,Lincoln,MN,Minnesota,35.8,7.9,15.0,23.1,12.0,17.8,26.1,14.8,36.6,13.2,29.1
27083,Lyon,MN,Minnesota,31.8,6.6,14.7,22.8,11.0,17.5,24.9,15.5,37.9,12.2,30.4
27085,McLeod,MN,Minnesota,33.5,6.8,14.9,23.3,11.4,17.1,25.8,15.3,42.0,12.4,33.0
27087,Mahnomen,MN,Minnesota,38.1,9.7,24.5,26.6,16.8,28.5,34.5,19.8,43.8,18.0,34.3
27089,Marshall,MN,Minnesota,36.1,7.8,15.3,23.3,12.1,18.6,25.7,15.0,39.0,13.1,30.1
27091,Martin,MN,Minnesota,35.1,8.3,15.6,23.0,13.0,19.1,28.7,15.0,36.3,13.6,29.4
27093,Meeker,MN,Minnesota,34.2,7.4,15.6,23.8,12.2,17.4,26.1,15.4,37.1,12.6,28.7
27095,Mille Lacs,MN,Minnesota,35.8,7.2,17.5,24.8,12.0,18.4,28.2,16.3,38.5,13.3,33.8
27097,Morrison,MN,Minnesota,35.4,7.7,16.4,24.2,12.0,18.0,26.4,15.3,37.2,13.5,32.0
27099,Mower,MN,Minnesota,33.2,7.0,15.8,24.3,11.8,18.7,28.6,15.8,37.9,12.8,33.6
27101,Murray,MN,Minnesota,36.8,8.4,14.6,23.7,12.6,18.8,26.9,14.6,36.3,13.3,30.7
27103,Nicollet,MN,Minnesota,29.5,6.0,13.7,24.8,9.8,15.3,23.2,15.9,33.2,11.4,29.9
27105,Nobles,MN,Minnesota,33.0,7.7,16.7,21.4,13.5,23.1,33.7,15.7,38.6,14.4,30.9
27107,Norman,MN,Minnesota,36.8,7.9,15.9,23.9,12.5,19.3,26.7,15.5,35.6,13.5,31.0
27109,Olmsted,MN,Minnesota,30.1,5.5,11.2,24.1,9.5,13.9,21.3,13.8,36.4,10.4,29.9
27111,Otter Tail,MN,Minnesota,33.5,8.1,15.3,23.2,12.1,18.0,25.9,14.7,34.3,13.2,31.6
27113,Pennington,MN,Minnesota,34.2,6.8,15.4,24.9,11.2,17.4,24.8,16.3,40.2,12.7,29.1
27115,Pine,MN,Minnesota,38.5,8.1,18.1,24.9,13.1,20.7,27.7,16.5,39.6,14.4,32.1
27117,Pipestone,MN,Minnesota,36.3,7.9,16.5,24.2,12.7,19.5,28.0,15.7,38.5,13.8,29.5
27119,Polk,MN,Minnesota,32.0,7.1,15.3,24.5,11.3,18.1,25.9,15.6,39.4,12.8,32.0
27121,Pope,MN,Minnesota,36.8,8.1,14.6,23.5,12.2,17.6,25.1,14.7,38.9,13.2,30.5
27123,Ramsey,MN,Minnesota,30.1,5.7,12.5,25.7,10.5,18.1,20.3,15.9,32.1,11.7,29.5
27125,Red Lake,MN,Minnesota,35.6,7.7,15.5,23.9,12.0,17.8,26.6,15.3,38.6,13.1,29.9
27127,Redwood,MN,Minnesota,35.1,7.9,16.3,23.7,12.8,19.3,26.2,15.9,36.5,13.6,27.7
27129,Renville,MN,Minnesota,35.6,8.0,16.6,23.2,13.1,20.0,28.1,15.4,38.8,14.0,29.6
27131,Rice,MN,Minnesota,31.8,6.0,13.9,23.0,10.1,16.0,25.5,15.8,37.5,11.8,31.0
27133,Rock,MN,Minnesota,33.2,7.2,15.4,24.1,11.4,17.8,26.2,15.6,36.6,12.7,29.6
27135,Roseau,MN,Minnesota,32.5,7.2,15.6,23.1,11.8,17.7,25.1,15.4,35.9,12.9,30.0
27137,St. Louis,MN,Minnesota,32.1,7.0,15.2,25.0,11.2,17.6,23.5,16.5,35.2,12.8,33.2
27139,Scott,MN,Minnesota,30.3,4.8,12.2,22.3,9.4,14.6,22.6,14.3,32.0,10.5,28.1
27141,Sherburne,MN,Minnesota,28.7,5.0,14.2,24.1,9.0,14.7,23.2,16.0,39.0,11.0,29.2
27143,Sibley,MN,Minnesota,34.0,7.2,15.7,23.4,11.5,18.3,27.4,15.6,38.8,13.1,30.1
27145,Stearns,MN,Minnesota,30.1,6.1,14.0,25.1,10.1,16.6,23.1,16.6,36.0,11.9,30.2
27147,Steele,MN,Minnesota,33.3,6.7,14.2,23.1,10.9,16.9,24.3,15.1,37.4,12.3,28.3
27149,Stevens,MN,Minnesota,28.7,6.0,13.1,24.6,9.7,16.7,24.7,16.5,36.8,11.6,29.3
27151,Swift,MN,Minnesota,37.9,8.6,16.6,24.7,13.2,20.1,28.2,15.4,38.4,13.8,29.2
27153,Todd,MN,Minnesota,38.0,8.7,17.8,24.1,13.3,21.3,28.9,15.7,39.3,14.5,29.7
27155,Traverse,MN,Minnesota,37.9,8.7,15.9,23.2,13.2,19.6,28.0,15.0,38.7,14.0,30.6
27157,Wabasha,MN,Minnesota,33.6,7.4,13.9,22.4,11.6,16.7,23.8,14.5,37.5,12.4,29.8
27159,Wadena,MN,Minnesota,34.9,7.9,17.2,25.3,12.7,19.9,29.3,16.8,38.4,14.1,29.9
27161,Waseca,MN,Minnesota,32.4,6.8,15.4,24.6,11.4,17.9,26.4,16.2,39.1,12.7,28.7
27163,Washington,MN,Minnesota,29.4,5.2,10.9,22.8,10.3,13.4,19.1,13.3,32.5,10.0,24.9
27165,Watonwan,MN,Minnesota,34.5,7.6,14.9,22.3,12.9,20.9,29.5,15.0,36.8,13.8,31.4
27167,Wilkin,MN,Minnesota,35.4,7.6,16.6,24.7,12.3,18.8,26.4,15.9,38.6,13.6,29.9
27169,Winona,MN,Minnesota,30.0,6.1,13.0,25.0,9.8,15.9,22.5,16.6,33.8,11.5,28.2
27171,Wright,MN,Minnesota,30.8,5.2,12.8,24.4,9.2,14.5,20.3,15.2,35.4,10.7,31.3
27173,Yellow Medicine,MN,Minnesota,35.6,7.7,16.0,24.4,12.4,19.0,26.9,15.7,38.8,13.4,32.5
28001,Adams,MS,Mississippi,51.7,9.7,20.2,17.4,20.6,31.1,41.6,17.4,41.2,17.1,39.2
28003,Alcorn,MS,Mississippi,45.7,8.3,19.3,21.9,15.0,24.9,35.2,17.5,40.0,15.9,36.6
28005,Amite,MS,Mississippi,52.4,10.9,20.4,19.0,20.6,30.0,41.5,17.2,45.0,18.0,39.9
28007,Attala,MS,Mississippi,48.4,8.5,18.2,18.8,16.9,26.7,37.3,17.5,42.6,16.0,39.1
28009,Benton,MS,Mississippi,48.3,8.8,19.4,19.4,17.4,27.4,36.7,17.5,42.4,16.5,37.6
28011,Bolivar,MS,Mississippi,51.9,8.9,19.8,18.9,20.5,32.0,42.3,18.6,46.5,17.0,37.1
28013,Calhoun,MS,Mississippi,49.0,9.5,20.1,20.0,18.2,29.4,37.6,18.0,41.1,17.6,39.2
28015,Carroll,MS,Mississippi,50.1,10.3,19.4,18.6,18.6,28.6,38.9,16.7,40.0,17.1,37.4
28017,Chickasaw,MS,Mississippi,47.8,8.8,19.9,19.1,18.4,29.8,38.9,18.1,43.3,17.0,39.9
28019,Choctaw,MS,Mississippi,47.9,9.0,17.2,19.2,16.9,25.1,35.3,16.1,40.2,15.6,36.5
28021,Claiborne,MS,Mississippi,51.2,8.5,18.7,17.5,20.4,31.9,41.5,19.4,47.8,16.4,44.4
28023,Clarke,MS,Mississippi,49.5,9.3,19.0,20.2,17.8,27.7,35.7,17.4,38.6,16.8,36.9
28025,Clay,MS,Mississippi,50.5,8.8,19.1,18.1,19.1,29.2,38.8,17.8,47.6,16.8,41.5
28027,Coahoma,MS,Mississippi,53.4,9.1,21.1,17.9,21.8,33.6,42.8,19.2,46.4,17.8,45.8
28029,Copiah,MS,Mississippi,48.6,8.5,17.8,18.9,18.2,27.7,37.3,17.5,41.8,16.0,40.8
28031,Covington,MS,Mississippi,46.3,7.9,18.0,19.2,15.6,24.9,35.1,17.5,40.4,15.3,38.3
28033,DeSoto,MS,Mississippi,40.0,5.6,13.9,19.7,12.4,19.5,27.9,16.4,37.3,12.4,37.7
28035,Forrest,MS,Mississippi,39.5,6.2,15.2,20.8,13.1,22.2,29.8,18.4,35.8,13.7,38.4
28037,Franklin,MS,Mississippi,50.3,9.7,20.0,19.6,18.5,28.6,38.2,17.5,40.4,17.1,36.5
28039,George,MS,Mississippi,39.8,7.2,18.2,21.6,13.1,22.7,31.7,18.0,37.2,14.9,34.3
28041,Greene,MS,Mississippi,43.1,7.4,19.2,19.8,14.0,24.6,33.7,17.8,41.9,15.0,37.6
28043,Grenada,MS,Mississippi,48.2,8.5,18.5,19.2,17.6,27.4,37.0,17.5,46.1,16.0,41.7
28045,Hancock,MS,Mississippi,43.3,8.2,15.7,19.7,14.3,21.5,31.2,16.0,37.3,14.8,34.6
28047,Harrison,MS,Mississippi,42.3,7.2,16.3,21.1,14.1,22.9,35.0,17.3,36.5,14.4,40.1
28049,Hinds,MS,Mississippi,47.9,7.0,15.9,17.3,17.0,25.6,34.7,17.2,44.0,14.2,43.1
28051,Holmes,MS,Mississippi,55.3,9.4,22.4,17.9,23.3,35.6,45.0,19.5,50.7,18.1,43.0
28053,Humphreys,MS,Mississippi,57.3,10.8,23.2,18.6,24.7,37.9,47.9,19.2,52.4,19.6,43.6
28055,Issaquena,MS,Mississippi,46.1,7.8,21.6,16.8,16.4,32.2,41.0,19.2,45.3,16.2,42.9
28057,Itawamba,MS,Mississippi,40.0,7.1,16.1,21.1,12.2,20.8,31.8,17.6,36.2,14.3,32.0
28059,Jackson,MS,Mississippi,45.0,7.1,15.4,19.7,15.0,21.4,30.5,16.5,40.7,13.9,37.3
28061,Jasper,MS,Mississippi,50.6,9.1,18.7,18.1,19.0,28.0,40.2,17.3,44.9,16.3,38.2
28063,Jefferson,MS,Mississippi,57.1,9.8,21.5,16.5,23.6,35.0,45.0,18.3,51.5,18.0,42.5
28065,Jefferson Davis,MS,Mississippi,54.8,10.3,20.0,17.8,21.8,31.1,41.6,17.4,45.4,17.5,39.5
28067,Jones,MS,Mississippi,46.5,8.1,17.6,19.9,16.0,24.8,36.2,17.0,41.6,15.4,31.1
28069,Kemper,MS,Mississippi,49.9,8.9,17.5,17.3,18.4,28.2,37.9,17.4,43.7,15.8,38.3
28071,Lafayette,MS,Mississippi,34.1,5.4,12.9,20.5,10.9,18.2,26.6,17.3,34.4,12.0,35.0
28073,Lamar,MS,Mississippi,40.5,6.4,14.8,21.3,12.4,19.8,29.4,16.2,38.7,13.0,38.2
28075,Lauderdale,MS,Mississippi,47.5,8.4,18.5,18.8,16.7,26.2,35.7,17.5,42.1,15.8,40.8
28077,Lawrence,MS,Mississippi,50.2,9.6,21.7,20.6,18.8,30.3,40.8,18.5,46.3,17.9,39.1
28079,Leake,MS,Mississippi,47.9,8.3,19.3,19.2,17.0,27.7,38.1,17.9,42.8,16.5,39.9
28081,Lee,MS,Mississippi,44.3,6.6,15.4,20.1,13.9,21.5,32.1,16.6,36.4,13.6,35.5
28083,Leflore,MS,Mississippi,51.5,8.5,20.9,17.6,20.9,32.8,41.6,18.8,43.4,17.2,42.0
28085,Lincoln,MS,Mississippi,45.3,7.8,18.0,19.8,15.7,24.5,34.9,17.4,40.5,15.4,37.3
28087,Lowndes,MS,Mississippi,45.1,7.2,15.9,19.0,15.5,23.7,33.2,16.9,37.5,14.2,39.7
28089,Madison,MS,Mississippi,40.3,5.7,12.0,17.7,12.4,17.6,26.3,14.6,36.3,11.4,32.8
28091,Marion,MS,Mississippi,48.0,8.8,20.4,20.4,17.2,28.1,37.3,18.1,43.5,16.9,39.7
28093,Marshall,MS,Mississippi,49.3,8.7,20.3,19.4,18.5,29.6,38.2,18.3,41.9,17.1,40.5
28095,Monroe,MS,Mississippi,47.9,8.6,18.7,19.8,16.7,26.8,38.3,17.8,42.9,16.4,38.8
28097,Montgomery,MS,Mississippi,51.2,10.0,19.4,18.7,19.6,29.9,40.1,17.5,43.5,17.4,38.9
28099,Neshoba,MS,Mississippi,44.4,8.5,21.0,21.3,16.5,27.9,37.8,19.2,43.1,17.0,37.5
28101,Newton,MS,Mississippi,44.6,8.0,18.4,20.3,15.7,25.8,34.3,18.3,40.9,15.7,38.1
28103,Noxubee,MS,Mississippi,52.2,9.2,21.3,17.9,21.2,33.1,42.1,18.7,46.4,17.8,42.1
28105,Oktibbeha,MS,Mississippi,34.6,5.3,12.4,20.1,10.9,19.5,27.5,18.5,34.5,11.8,36.8
28107,Panola,MS,Mississippi,48.6,8.8,20.4,20.1,18.4,29.5,39.7,18.5,46.3,16.9,38.7
28109,Pearl River,MS,Mississippi,42.8,8.1,17.6,21.1,14.4,23.6,33.0,17.2,38.0,15.5,38.6
28111,Perry,MS,Mississippi,46.7,8.6,19.5,21.1,16.2,25.8,36.3,18.0,43.7,16.3,37.9
28113,Pike,MS,Mississippi,50.2,8.7,20.3,19.3,18.9,29.7,38.7,18.6,46.0,16.7,42.3
28115,Pontotoc,MS,Mississippi,42.0,7.2,17.7,20.9,13.8,24.1,34.2,17.9,38.9,15.0,35.0
28117,Prentiss,MS,Mississippi,41.9,7.6,17.5,21.6,13.9,23.8,34.0,18.0,40.5,15.1,36.4
28119,Quitman,MS,Mississippi,54.8,9.7,23.2,18.5,22.8,35.3,45.1,19.4,51.2,18.7,43.9
28121,Rankin,MS,Mississippi,40.7,6.0,13.1,19.3,12.1,18.3,27.2,15.5,36.6,12.4,38.1
28123,Scott,MS,Mississippi,46.7,8.6,20.6,20.0,18.3,29.9,40.9,18.7,43.4,17.5,39.1
28125,Sharkey,MS,Mississippi,58.4,11.3,22.8,17.6,25.2,36.8,46.6,18.4,50.3,19.4,44.4
28127,Simpson,MS,Mississippi,46.2,8.1,18.1,19.7,16.2,25.4,35.1,17.5,40.2,15.6,35.1
28129,Smith,MS,Mississippi,48.5,9.3,19.8,20.9,16.9,27.4,37.6,17.9,43.6,16.8,39.1
28131,Stone,MS,Mississippi,43.0,7.4,17.1,20.9,14.0,22.8,33.2,17.5,41.0,14.8,37.7
28133,Sunflower,MS,Mississippi,50.4,8.1,21.4,17.1,19.3,32.2,41.8,18.9,48.6,16.8,41.9
28135,Tallahatchie,MS,Mississippi,50.7,8.6,20.7,18.5,18.9,30.8,40.7,18.1,44.9,16.9,42.4
28137,Tate,MS,Mississippi,41.8,7.1,16.4,20.0,14.2,23.2,32.8,17.3,36.1,14.6,37.4
28139,Tippah,MS,Mississippi,43.5,8.1,18.7,21.3,15.3,25.2,35.9,18.2,43.3,16.0,37.3
28141,Tishomingo,MS,Mississippi,44.5,9.0,19.0,22.2,15.0,25.1,35.2,17.5,39.5,16.8,34.8
28143,Tunica,MS,Mississippi,52.8,8.5,23.5,18.6,21.4,35.3,45.1,20.3,51.0,18.0,46.1
28145,Union,MS,Mississippi,43.0,7.7,18.5,21.4,14.1,24.6,33.5,17.9,41.6,15.8,32.0
28147,Walthall,MS,Mississippi,49.6,9.0,19.3,19.2,17.8,28.7,37.7,17.7,43.1,16.8,37.2
28149,Warren,MS,Mississippi,46.4,7.5,16.1,18.3,16.2,23.7,32.9,16.2,43.8,14.4,37.1
28151,Washington,MS,Mississippi,53.9,9.1,20.7,16.9,21.0,32.7,40.8,18.3,44.2,17.4,41.8
28153,Wayne,MS,Mississippi,47.7,9.0,20.2,19.7,17.8,28.7,38.0,18.3,44.2,17.0,40.6
28155,Webster,MS,Mississippi,43.2,7.3,16.9,20.2,13.7,22.3,32.2,16.7,36.5,14.7,35.0
28157,Wilkinson,MS,Mississippi,52.9,9.1,20.6,17.0,20.6,31.6,41.8,17.8,47.4,16.9,44.6
28159,Winston,MS,Mississippi,50.8,9.6,19.8,18.7,19.5,29.1,37.9,17.7,41.7,16.8,37.8
28161,Yalobusha,MS,Mississippi,50.7,9.6,20.7,19.5,19.0,29.6,39.8,17.8,40.1,17.4,36.8
28163,Yazoo,MS,Mississippi,49.5,8.3,23.5,18.6,18.5,33.0,42.6,19.4,50.5,17.4,42.0
29001,Adair,MO,Missouri,30.3,6.1,14.3,27.6,10.0,19.6,28.1,19.7,34.7,13.5,36.1
29003,Andrew,MO,Missouri,38.3,7.1,15.4,23.6,11.6,19.0,27.3,16.5,36.0,14.2,36.4
29005,Atchison,MO,Missouri,43.5,9.4,18.0,24.7,14.9,23.8,34.0,16.9,41.6,16.6,36.3
29007,Audrain,MO,Missouri,39.6,8.3,20.2,25.9,14.1,25.1,34.8,19.3,40.0,17.1,40.6
29009,Barry,MO,Missouri,40.9,9.2,20.2,24.5,15.0,26.5,36.6,18.1,37.8,17.7,36.0
29011,Barton,MO,Missouri,41.8,9.5,21.6,25.6,15.2,27.2,35.8,19.1,40.7,18.3,38.2
29013,Bates,MO,Missouri,40.2,8.5,20.5,26.2,13.8,24.8,34.0,18.9,41.2,16.8,39.1
29015,Benton,MO,Missouri,45.5,10.9,19.3,24.1,16.7,25.6,34.7,16.3,38.9,18.0,36.0
29017,Bollinger,MO,Missouri,41.7,8.9,20.6,25.9,14.1,25.2,34.7,18.4,39.3,17.3,38.7
29019,Boone,MO,Missouri,30.1,5.2,12.2,24.1,9.5,16.9,23.8,17.3,29.8,11.9,32.4
29021,Buchanan,MO,Missouri,37.9,7.6,18.6,24.8,13.0,23.4,32.7,18.4,42.9,15.6,39.0
29023,Butler,MO,Missouri,42.5,9.0,22.1,27.4,15.3,28.2,37.7,20.2,41.1,18.5,38.6
29025,Caldwell,MO,Missouri,39.1,8.1,18.5,24.9,13.0,22.7,32.6,17.9,38.9,16.0,37.7
29027,Callaway,MO,Missouri,37.0,7.1,16.7,24.7,11.9,20.5,29.0,17.7,36.9,14.4,38.4
29029,Camden,MO,Missouri,42.3,9.4,16.4,23.0,14.7,22.1,31.7,15.5,35.6,16.0,35.9
29031,Cape Girardeau,MO,Missouri,35.4,6.6,14.9,24.5,11.2,19.8,28.4,17.9,34.7,13.9,37.6
29033,Carroll,MO,Missouri,39.9,8.6,18.3,24.9,13.9,23.4,33.7,17.7,38.6,16.4,37.2
29035,Carter,MO,Missouri,43.3,9.7,22.6,26.6,15.7,28.4,37.0,19.4,40.0,18.8,37.1
29037,Cass,MO,Missouri,35.3,6.4,14.9,23.9,11.5,18.3,26.3,16.7,38.0,13.2,38.5
29039,Cedar,MO,Missouri,42.6,9.9,20.3,25.2,15.6,26.6,35.3,18.3,39.8,18.0,38.5
29041,Chariton,MO,Missouri,41.0,9.1,17.8,23.7,14.0,22.9,32.1,17.1,38.3,16.3,36.1
29043,Christian,MO,Missouri,35.0,6.3,14.8,24.7,10.7,18.2,26.5,16.8,36.3,13.5,39.0
29045,Clark,MO,Missouri,42.0,9.5,21.0,25.4,14.9,26.0,35.4,18.5,41.7,17.7,40.1
29047,Clay,MO,Missouri,34.9,5.8,14.2,23.4,10.8,17.4,24.5,16.5,37.4,12.6,33.6
29049,Clinton,MO,Missouri,38.3,7.5,17.0,24.9,12.0,20.7,30.3,17.3,39.5,15.0,35.2
29051,Cole,MO,Missouri,36.9,6.3,13.9,23.2,11.0,18.3,27.4,16.4,36.6,13.1,35.7
29053,Cooper,MO,Missouri,37.5,7.3,16.6,24.0,12.2,20.7,30.7,17.3,37.5,14.7,38.5
29055,Crawford,MO,Missouri,39.2,8.7,20.3,25.7,14.1,24.8,33.7,18.5,41.9,17.0,39.4
29057,Dade,MO,Missouri,43.8,10.0,20.9,25.3,16.0,26.3,35.2,18.1,40.7,18.1,38.7
29059,Dallas,MO,Missouri,41.0,9.1,21.4,26.0,14.9,26.0,35.0,18.8,39.5,17.7,37.4
29061,Daviess,MO,Missouri,41.1,9.1,19.6,25.7,14.2,24.8,33.8,18.2,38.4,17.0,37.6
29063,DeKalb,MO,Missouri,39.2,7.8,17.4,23.3,12.5,21.6,30.3,17.2,38.9,15.3,36.1
29065,Dent,MO,Missouri,41.7,9.2,19.9,24.4,14.6,25.0,34.1,17.9,39.5,17.3,39.1
29067,Douglas,MO,Missouri,42.9,9.6,20.1,25.3,15.3,25.9,34.8,18.0,38.0,17.7,39.5
29069,Dunklin,MO,Missouri,44.1,9.3,22.8,26.6,16.0,29.7,42.4,20.0,46.2,19.3,39.1
29071,Franklin,MO,Missouri,37.4,7.3,16.4,25.6,12.2,20.3,29.4,17.1,39.6,14.8,33.6
29073,Gasconade,MO,Missouri,40.7,8.6,17.6,24.6,13.5,22.4,30.5,17.2,39.3,15.9,35.9
29075,Gentry,MO,Missouri,38.9,8.0,19.3,25.0,13.2,23.4,33.1,18.2,41.2,16.2,38.1
29077,Greene,MO,Missouri,33.1,6.5,15.4,24.5,11.0,19.6,26.1,18.1,36.7,14.2,36.1
29079,Grundy,MO,Missouri,41.0,9.2,19.4,25.3,14.3,25.2,34.9,18.2,39.0,17.3,37.0
29081,Harrison,MO,Missouri,41.3,9.4,19.7,24.9,14.7,25.1,34.8,18.3,39.3,17.4,41.0
29083,Henry,MO,Missouri,41.3,9.1,19.7,25.1,14.4,24.7,33.8,18.2,38.5,17.1,37.6
29085,Hickory,MO,Missouri,50.1,13.1,23.2,24.9,19.7,31.6,41.1,17.9,43.0,21.0,37.5
29087,Holt,MO,Missouri,41.3,9.1,17.6,23.8,14.1,22.6,33.3,16.8,36.6,16.1,37.4
29089,Howard,MO,Missouri,36.7,7.3,15.7,25.0,12.0,20.6,29.2,17.6,34.8,14.5,36.8
29091,Howell,MO,Missouri,40.7,9.1,21.6,26.7,14.9,27.5,34.4,19.3,36.8,17.9,38.9
29093,Iron,MO,Missouri,42.5,9.3,20.5,26.3,15.0,26.1,35.3,18.5,42.3,17.8,37.0
29095,Jackson,MO,Missouri,35.7,6.2,15.8,25.4,12.1,21.4,30.9,18.9,37.2,13.9,34.2
29097,Jasper,MO,Missouri,37.3,7.2,18.5,25.8,12.8,23.2,32.4,19.2,40.0,15.7,40.0
29099,Jefferson,MO,Missouri,35.5,6.6,16.5,23.9,11.2,19.6,27.7,17.4,40.3,14.0,36.7
29101,Johnson,MO,Missouri,30.1,5.5,15.2,26.8,9.6,18.4,26.0,19.5,35.3,13.2,37.9
29103,Knox,MO,Missouri,42.0,9.7,21.2,25.2,15.1,26.9,35.2,18.8,39.5,18.0,36.6
29105,Laclede,MO,Missouri,39.8,8.6,21.1,25.9,14.0,25.4,34.6,19.2,38.5,17.2,39.2
29107,Lafayette,MO,Missouri,37.0,7.2,16.5,24.6,11.8,20.6,28.9,17.4,37.0,14.6,39.1
29109,Lawrence,MO,Missouri,39.1,8.4,20.4,25.7,13.7,25.4,35.3,19.0,40.1,17.1,38.7
29111,Lewis,MO,Missouri,37.2,7.9,18.8,25.8,12.7,23.7,32.6,19.1,36.6,16.1,39.3
29113,Lincoln,MO,Missouri,34.3,6.3,17.6,24.9,11.1,19.8,28.8,18.3,39.9,14.4,38.7
29115,Linn,MO,Missouri,39.3,8.5,18.8,25.1,13.5,23.9,32.9,17.9,35.7,16.3,38.5
29117,Livingston,MO,Missouri,38.3,7.8,18.7,26.1,12.6,23.1,32.3,18.9,39.4,16.0,37.0
29119,McDonald,MO,Missouri,41.0,9.0,23.3,26.5,15.8,29.5,38.5,20.2,43.0,18.7,40.8
29121,Macon,MO,Missouri,39.1,8.2,16.9,23.7,12.9,22.0,31.5,17.2,34.4,15.5,37.4
29123,Madison,MO,Missouri,38.6,7.9,19.3,25.4,13.2,23.1,32.2,18.1,37.7,16.1,37.3
29125,Maries,MO,Missouri,40.1,8.5,18.8,25.2,13.6,23.5,33.1,17.9,38.2,16.5,41.3
29127,Marion,MO,Missouri,38.2,7.5,17.3,25.0,12.8,21.8,31.4,17.9,39.6,15.3,39.5
29129,Mercer,MO,Missouri,43.4,9.8,20.0,25.4,15.6,26.0,35.7,18.0,41.1,17.6,36.9
29131,Miller,MO,Missouri,38.8,8.2,18.6,25.8,13.2,22.9,31.5,18.1,37.5,16.0,36.6
29133,Mississippi,MO,Missouri,44.4,9.2,23.6,25.1,16.7,30.9,41.4,19.9,47.6,18.7,43.4
29135,Moniteau,MO,Missouri,36.3,7.1,18.0,24.8,11.9,21.9,30.7,18.1,39.2,15.2,37.7
29137,Monroe,MO,Missouri,42.2,9.6,19.3,24.9,15.0,24.8,33.9,17.5,37.8,17.0,38.2
29139,Montgomery,MO,Missouri,40.4,8.5,19.5,25.1,13.9,24.2,33.7,18.2,37.3,16.6,38.4
29141,Morgan,MO,Missouri,43.0,10.1,21.1,26.1,15.8,27.7,36.9,18.3,38.2,18.5,38.9
29143,New Madrid,MO,Missouri,43.6,9.1,21.4,25.7,16.1,28.2,39.0,19.3,43.2,18.2,41.2
29145,Newton,MO,Missouri,38.4,7.9,17.9,25.0,13.4,22.6,31.4,18.1,38.8,15.8,36.9
29147,Nodaway,MO,Missouri,33.0,6.7,14.7,26.2,10.6,19.8,27.8,19.0,36.1,13.8,42.3
29149,Oregon,MO,Missouri,43.8,10.4,22.8,25.9,16.5,28.6,37.0,19.2,41.1,18.8,37.1
29151,Osage,MO,Missouri,35.9,6.9,16.0,24.2,11.2,19.2,27.8,17.1,35.6,14.1,37.1
29153,Ozark,MO,Missouri,47.7,12.0,23.1,25.5,18.3,30.6,39.2,18.4,42.5,20.3,38.7
29155,Pemiscot,MO,Missouri,45.0,9.7,24.8,25.7,17.9,32.5,42.1,20.5,44.9,19.6,42.6
29157,Perry,MO,Missouri,38.4,7.7,17.5,24.4,12.5,21.8,31.0,17.3,36.0,15.3,38.4
29159,Pettis,MO,Missouri,36.3,7.4,17.9,24.6,12.6,23.1,32.1,18.1,36.1,15.7,37.6
29161,Phelps,MO,Missouri,35.4,7.1,16.4,25.9,11.7,21.5,29.1,18.2,34.6,14.5,40.1
29163,Pike,MO,Missouri,40.3,8.3,20.3,24.1,13.5,24.6,33.5,18.5,38.3,16.5,39.5
29165,Platte,MO,Missouri,33.9,5.6,12.1,22.8,10.0,15.8,22.8,15.4,37.0,11.9,35.2
29167,Polk,MO,Missouri,38.0,8.1,18.9,26.1,13.0,23.8,33.2,19.0,38.7,16.1,38.9
29169,Pulaski,MO,Missouri,28.5,4.5,15.0,24.6,8.6,18.8,26.6,19.1,35.8,12.3,42.7
29171,Putnam,MO,Missouri,40.8,8.7,17.1,24.3,13.6,22.2,31.5,17.1,35.0,15.9,36.5
29173,Ralls,MO,Missouri,41.8,8.8,18.9,24.8,14.1,23.2,32.6,17.4,40.1,16.5,36.6
29175,Randolph,MO,Missouri,37.8,7.6,19.4,25.5,12.7,23.3,31.9,18.8,37.7,15.9,39.1
29177,Ray,MO,Missouri,39.8,7.9,18.7,25.0,13.3,22.4,33.2,18.0,39.6,15.9,37.6
29179,Reynolds,MO,Missouri,43.2,10.2,21.8,25.4,15.9,27.8,36.7,18.4,41.2,18.6,39.1
29181,Ripley,MO,Missouri,41.8,9.7,23.0,27.1,15.6,28.6,37.4,19.9,41.3,18.5,38.2
29183,St. Charles,MO,Missouri,31.9,5.6,12.2,22.8,10.3,15.2,23.2,15.1,35.7,11.9,39.9
29185,St. Clair,MO,Missouri,45.0,10.5,20.9,25.2,16.2,27.2,36.9,17.9,37.6,18.5,35.0
29186,Ste. Genevieve,MO,Missouri,39.4,7.9,17.1,24.4,12.5,21.1,30.2,17.1,37.2,15.2,37.5
29187,St. Francois,MO,Missouri,39.2,7.7,20.7,25.9,12.9,24.5,34.4,19.3,40.3,16.6,40.0
29189,St. Louis,MO,Missouri,36.9,6.1,13.2,22.7,11.5,17.8,25.4,15.9,31.3,12.6,33.8
29195,Saline,MO,Missouri,35.3,7.1,16.2,24.6,12.4,22.1,31.8,18.0,37.7,14.8,39.3
29197,Schuyler,MO,Missouri,38.2,7.6,17.3,24.3,12.2,21.3,31.2,17.8,38.8,15.3,36.9
29199,Scotland,MO,Missouri,38.3,8.4,19.1,25.1,12.8,24.1,33.3,18.5,37.1,16.5,37.0
29201,Scott,MO,Missouri,39.8,7.8,19.2,24.6,13.4,23.6,36.3,18.2,38.1,15.9,40.3
29203,Shannon,MO,Missouri,42.5,9.5,20.7,24.9,15.2,25.7,34.6,18.1,37.0,17.6,39.6
29205,Shelby,MO,Missouri,42.6,9.6,20.5,25.2,14.9,25.8,34.9,18.4,40.3,17.6,37.3
29207,Stoddard,MO,Missouri,40.2,8.8,21.6,26.1,14.2,26.8,35.2,19.0,37.6,17.5,40.5
29209,Stone,MO,Missouri,45.5,10.2,17.3,23.5,15.6,24.0,32.9,15.9,41.1,16.9,36.2
29211,Sullivan,MO,Missouri,41.1,8.9,18.7,24.0,15.1,25.9,35.4,17.7,40.1,17.1,39.4
29213,Taney,MO,Missouri,39.4,8.3,16.8,24.3,13.3,22.3,31.0,17.5,35.7,15.9,36.6
29215,Texas,MO,Missouri,43.8,9.6,21.7,25.5,15.8,27.9,36.5,19.1,42.1,18.1,39.2
29217,Vernon,MO,Missouri,40.5,9.0,20.5,26.6,14.3,25.7,34.4,19.0,37.8,17.4,37.9
29219,Warren,MO,Missouri,37.8,7.3,17.1,24.9,12.3,21.2,31.1,17.8,39.0,15.1,36.7
29221,Washington,MO,Missouri,41.0,8.8,22.9,26.4,14.8,27.1,35.3,19.8,41.9,17.8,41.4
29223,Wayne,MO,Missouri,45.4,11.1,23.9,25.8,17.4,30.1,39.1,19.1,41.5,20.0,39.8
29225,Webster,MO,Missouri,37.1,7.4,19.4,26.1,12.2,23.0,31.1,19.0,41.7,15.8,37.3
29227,Worth,MO,Missouri,43.8,9.9,19.2,24.5,15.5,25.2,35.1,17.5,40.2,17.3,39.2
29229,Wright,MO,Missouri,41.3,9.5,23.0,26.6,15.5,28.2,38.2,19.8,42.2,18.6,39.6
29510,St. Louis,MO,Missouri,37.5,6.1,16.5,23.9,13.3,22.3,27.0,18.2,37.0,13.7,37.1
30001,Beaverhead,MT,Montana,34.0,7.4,13.1,24.3,10.5,18.4,21.0,16.9,28.3,14.0,29.7
30003,Big Horn,MT,Montana,35.6,8.3,24.7,25.2,15.1,29.3,28.3,22.2,35.5,19.1,36.2
30005,Blaine,MT,Montana,36.9,8.3,20.8,24.3,14.3,26.1,27.6,19.8,41.1,18.1,31.7
30007,Broadwater,MT,Montana,35.3,7.2,13.9,23.1,10.4,18.1,21.6,16.3,30.7,14.2,30.2
30009,Carbon,MT,Montana,40.1,8.0,13.4,22.8,11.8,18.9,22.2,15.3,33.0,14.6,31.6
30011,Carter,MT,Montana,39.9,9.2,15.0,23.2,12.3,21.3,24.9,16.3,32.9,16.1,30.2
30013,Cascade,MT,Montana,33.9,6.7,14.4,27.1,10.4,20.3,23.5,18.8,35.3,15.1,35.1
30015,Chouteau,MT,Montana,37.5,7.9,16.6,23.8,12.2,21.3,24.3,17.8,35.6,16.0,33.9
30017,Custer,MT,Montana,33.7,6.8,14.5,24.0,10.5,18.5,23.6,16.9,32.6,14.1,32.0
30019,Daniels,MT,Montana,36.5,8.1,13.3,22.5,11.2,18.7,22.6,15.9,33.5,14.6,30.9
30021,Dawson,MT,Montana,33.2,6.8,13.5,23.2,10.1,17.6,22.5,16.8,32.8,13.9,33.2
30023,Deer Lodge,MT,Montana,38.1,8.8,17.0,24.2,12.9,22.4,25.2,17.3,32.4,16.6,33.8
30025,Fallon,MT,Montana,32.7,6.8,14.3,23.8,10.2,18.5,23.3,17.6,31.4,14.2,32.8
30027,Fergus,MT,Montana,37.3,8.0,14.6,23.1,11.4,19.5,23.8,16.4,31.2,15.1,29.0
30029,Flathead,MT,Montana,31.1,6.5,12.8,23.7,9.3,17.7,19.3,15.8,31.2,13.6,30.7
30031,Gallatin,MT,Montana,23.7,4.3,9.7,22.8,6.7,13.0,13.9,16.7,23.0,10.8,28.4
30033,Garfield,MT,Montana,36.6,8.3,14.8,24.2,11.5,20.0,24.6,16.9,30.6,15.3,30.9
30035,Glacier,MT,Montana,36.2,8.5,26.5,25.8,15.5,31.3,32.2,23.2,39.7,20.7,39.8
30037,Golden Valley,MT,Montana,43.3,10.6,16.1,23.0,14.7,24.3,28.0,16.3,32.5,17.8,31.9
30039,Granite,MT,Montana,39.4,9.0,14.3,22.1,12.3,20.6,24.2,15.6,30.4,15.6,31.1
30041,Hill,MT,Montana,36.3,7.5,18.2,26.2,12.1,23.2,25.3,20.2,38.5,16.6,35.1
30043,Jefferson,MT,Montana,33.4,6.7,12.7,22.7,10.3,17.2,21.3,15.4,32.8,13.6,30.2
30045,Judith Basin,MT,Montana,39.9,9.2,14.9,23.3,12.9,21.1,25.0,16.1,31.5,15.9,30.2
30047,Lake,MT,Montana,36.4,8.3,15.5,24.9,12.2,21.4,23.7,17.5,33.0,16.0,32.1
30049,Lewis and Clark,MT,Montana,30.6,6.0,12.0,25.8,9.3,16.4,18.3,16.6,31.0,13.4,27.8
30051,Liberty,MT,Montana,39.4,9.6,17.7,24.9,13.1,25.0,27.9,18.2,34.0,17.7,35.8
30053,Lincoln,MT,Montana,42.6,9.9,16.7,24.5,14.0,23.4,27.0,16.9,37.8,17.5,34.2
30055,McCone,MT,Montana,38.1,8.1,12.7,22.1,11.1,18.3,22.6,15.5,32.4,14.5,30.5
30057,Madison,MT,Montana,35.8,7.7,12.2,21.6,10.6,17.4,19.4,15.0,28.7,13.8,28.6
30059,Meagher,MT,Montana,39.0,9.1,13.3,22.4,12.5,19.6,23.7,15.0,32.3,15.3,29.0
30061,Mineral,MT,Montana,39.3,9.1,15.0,23.4,12.8,21.1,25.0,16.0,36.0,16.0,32.5
30063,Missoula,MT,Montana,26.3,5.2,11.5,26.6,8.3,15.3,16.5,17.6,26.2,11.9,27.1
30065,Musselshell,MT,Montana,38.8,8.6,15.4,23.3,12.7,21.5,26.7,16.5,35.6,16.1,33.1
30067,Park,MT,Montana,34.0,7.3,13.5,22.5,10.5,18.0,22.2,15.8,30.4,14.2,29.2
30069,Petroleum,MT,Montana,39.6,9.0,13.9,21.4,12.4,19.5,23.8,14.9,32.9,15.2,30.6
30071,Phillips,MT,Montana,35.8,8.2,15.1,23.9,12.0,20.3,24.8,17.1,38.8,15.4,34.2
30073,Pondera,MT,Montana,37.6,8.9,19.1,25.0,13.6,25.0,29.1,18.8,37.2,17.7,32.6
30075,Powder River,MT,Montana,37.1,8.4,13.3,21.7,11.9,19.0,22.2,15.3,30.4,14.9,32.1
30077,Powell,MT,Montana,35.0,7.6,16.9,22.2,11.3,20.7,25.1,17.0,35.8,15.1,34.4
30079,Prairie,MT,Montana,44.8,12.3,17.5,22.2,16.2,26.4,30.9,16.0,33.5,18.9,31.2
30081,Ravalli,MT,Montana,34.3,7.5,12.7,22.3,10.4,18.3,20.4,15.3,31.9,14.7,30.8
30083,Richland,MT,Montana,31.3,6.2,13.8,22.9,9.2,17.1,23.3,16.7,37.9,13.4,32.4
30085,Roosevelt,MT,Montana,36.0,7.5,23.4,26.9,14.1,28.3,29.4,22.5,41.0,18.9,42.1
30087,Rosebud,MT,Montana,39.4,8.2,20.2,24.6,13.6,25.3,27.4,20.2,39.5,17.5,35.5
30089,Sanders,MT,Montana,40.4,10.2,16.6,23.0,13.7,23.4,26.2,16.3,34.9,17.4,32.1
30091,Sheridan,MT,Montana,37.5,7.9,14.7,23.5,11.5,19.9,23.7,16.4,35.5,15.1,28.5
30093,Silver Bow,MT,Montana,32.5,6.8,14.1,25.1,10.2,20.0,22.0,18.5,32.3,14.9,31.9
30095,Stillwater,MT,Montana,35.1,7.3,12.9,22.6,10.8,17.7,21.0,15.4,30.2,13.9,31.7
30097,Sweet Grass,MT,Montana,36.1,7.9,13.0,22.7,10.9,17.8,22.0,15.6,29.4,14.4,29.8
30099,Teton,MT,Montana,35.0,7.8,14.1,23.5,11.0,19.5,24.0,17.0,30.9,14.8,28.5
30101,Toole,MT,Montana,34.1,7.5,19.3,23.2,11.5,23.0,26.7,18.8,35.6,15.7,31.3
30103,Treasure,MT,Montana,40.0,9.2,13.1,21.6,12.5,19.6,23.6,14.8,33.2,15.1,28.2
30105,Valley,MT,Montana,39.3,8.2,14.1,23.2,11.6,20.3,24.6,17.0,32.7,15.7,31.6
30107,Wheatland,MT,Montana,38.9,9.1,17.0,24.6,13.0,23.5,26.8,17.7,32.0,16.9,32.0
30109,Wibaux,MT,Montana,37.2,8.2,14.4,23.6,11.6,20.0,24.1,16.7,32.5,15.2,32.4
30111,Yellowstone,MT,Montana,31.7,6.0,13.9,27.3,9.5,18.2,20.8,17.6,34.0,13.6,34.7
31001,Adams,NE,Nebraska,35.6,7.1,13.6,19.7,11.8,17.8,26.9,14.0,41.2,12.4,29.2
31003,Antelope,NE,Nebraska,38.7,8.2,14.4,16.6,12.9,17.3,28.5,13.4,42.4,13.1,28.3
31005,Arthur,NE,Nebraska,37.3,8.0,13.6,17.5,12.1,16.6,26.6,13.7,41.7,12.6,29.2
31007,Banner,NE,Nebraska,39.2,8.2,12.8,16.3,13.1,16.8,27.2,12.3,38.5,12.9,28.6
31009,Blaine,NE,Nebraska,39.7,8.3,15.1,17.4,13.3,18.0,29.2,13.7,39.3,13.5,32.6
31011,Boone,NE,Nebraska,37.4,8.2,14.8,16.8,12.7,17.3,29.4,13.2,33.1,13.1,28.2
31013,Box Butte,NE,Nebraska,36.6,7.7,14.8,16.8,13.0,19.0,30.4,14.1,38.8,13.5,30.1
31015,Boyd,NE,Nebraska,43.0,9.8,14.7,16.0,14.8,19.2,30.5,12.8,37.9,14.2,27.9
31017,Brown,NE,Nebraska,39.3,8.5,14.7,17.0,13.2,18.6,29.2,13.7,40.2,13.8,31.4
31019,Buffalo,NE,Nebraska,32.0,5.9,12.2,18.1,9.6,15.2,23.7,14.7,37.3,11.6,32.6
31021,Burt,NE,Nebraska,39.9,8.3,15.2,17.2,13.1,17.8,29.1,13.7,40.3,13.2,32.6
31023,Butler,NE,Nebraska,34.8,7.1,14.1,16.3,11.3,16.6,27.3,13.5,38.6,12.3,29.9
31025,Cass,NE,Nebraska,34.5,6.4,13.0,18.2,10.8,14.5,25.2,13.4,40.2,11.7,28.9
31027,Cedar,NE,Nebraska,35.5,7.3,12.5,15.9,11.3,15.5,25.4,13.0,40.2,11.8,28.4
31029,Chase,NE,Nebraska,36.8,8.1,14.0,16.3,12.7,17.9,30.0,13.1,36.9,13.1,30.4
31031,Cherry,NE,Nebraska,37.5,8.2,15.4,17.1,13.1,18.1,28.4,14.0,40.8,13.6,33.0
31033,Cheyenne,NE,Nebraska,37.5,7.9,15.1,17.1,12.9,18.1,29.9,14.1,34.7,13.5,33.9
31035,Clay,NE,Nebraska,35.5,7.3,14.9,16.9,11.8,17.1,27.6,13.7,40.1,12.8,29.9
31037,Colfax,NE,Nebraska,32.1,6.6,14.4,14.1,13.2,20.8,32.3,13.5,38.8,13.3,32.9
31039,Cuming,NE,Nebraska,37.5,7.7,13.5,16.7,12.1,17.5,28.4,13.5,40.4,12.8,29.3
31041,Custer,NE,Nebraska,37.9,7.7,14.1,16.6,12.2,16.2,28.3,13.6,40.0,12.4,31.7
31043,Dakota,NE,Nebraska,31.7,6.3,14.7,15.9,12.8,20.3,32.9,14.3,44.3,12.7,34.0
31045,Dawes,NE,Nebraska,32.2,6.5,12.3,18.2,10.6,15.9,25.7,14.7,35.5,11.7,32.7
31047,Dawson,NE,Nebraska,35.0,7.0,15.0,15.4,13.5,21.0,32.8,13.7,41.1,13.3,32.1
31049,Deuel,NE,Nebraska,41.6,9.1,14.6,16.9,14.2,18.6,29.4,13.0,39.8,14.1,30.5
31051,Dixon,NE,Nebraska,36.8,8.3,15.3,15.8,13.2,19.3,31.3,13.4,43.3,13.5,31.5
31053,Dodge,NE,Nebraska,34.1,7.0,15.0,16.6,11.9,18.2,28.4,13.7,39.7,13.0,30.3
31055,Douglas,NE,Nebraska,30.6,5.3,13.4,18.9,9.8,15.7,22.1,14.6,36.9,11.1,31.8
31057,Dundy,NE,Nebraska,41.2,9.0,14.3,16.7,14.2,18.7,29.6,13.1,37.0,13.9,31.5
31059,Fillmore,NE,Nebraska,36.9,7.6,14.0,16.6,12.3,16.8,28.6,13.1,42.1,12.8,30.4
31061,Franklin,NE,Nebraska,41.9,9.5,15.9,17.8,14.2,19.8,30.7,13.9,39.2,14.3,31.2
31063,Frontier,NE,Nebraska,36.5,7.9,13.0,16.6,11.9,16.6,26.7,13.5,37.4,12.6,30.2
31065,Furnas,NE,Nebraska,39.6,8.7,14.9,17.1,13.5,18.6,29.1,13.6,44.4,13.7,29.9
31067,Gage,NE,Nebraska,39.6,7.9,15.8,17.6,12.6,18.1,28.7,14.3,41.8,13.8,30.1
31069,Garden,NE,Nebraska,44.0,10.2,15.9,16.9,15.5,20.7,32.6,13.4,40.2,15.1,31.1
31071,Garfield,NE,Nebraska,38.0,8.4,12.4,16.2,12.3,16.1,26.7,12.5,38.8,12.5,27.9
31073,Gosper,NE,Nebraska,37.6,8.0,13.2,16.4,12.4,16.3,26.5,12.8,38.4,12.6,30.2
31075,Grant,NE,Nebraska,37.6,7.8,13.3,17.0,12.1,15.9,25.9,12.9,36.5,12.4,29.3
31077,Greeley,NE,Nebraska,37.8,8.3,14.3,16.5,12.6,17.5,28.5,13.5,34.7,13.2,31.5
31079,Hall,NE,Nebraska,32.8,6.7,14.6,16.4,12.0,20.3,31.2,14.0,41.2,13.1,33.9
31081,Hamilton,NE,Nebraska,34.3,6.8,12.5,16.9,10.5,14.8,24.7,13.4,40.7,11.6,33.5
31083,Harlan,NE,Nebraska,39.4,8.5,14.0,16.6,13.0,17.4,29.3,13.1,35.4,13.3,30.0
31085,Hayes,NE,Nebraska,40.8,9.5,14.4,16.5,14.1,19.0,31.2,12.9,41.0,14.0,30.5
31087,Hitchcock,NE,Nebraska,40.4,8.7,14.8,17.2,13.4,18.2,29.8,13.7,41.6,13.7,30.9
31089,Holt,NE,Nebraska,36.6,8.2,14.3,16.0,12.9,17.9,29.4,13.3,38.4,13.2,32.2
31091,Hooker,NE,Nebraska,39.8,8.6,14.6,16.9,13.3,18.0,29.0,13.4,39.7,13.5,30.1
31093,Howard,NE,Nebraska,37.6,7.3,13.7,16.8,11.5,15.9,27.6,13.4,38.6,12.5,28.8
31095,Jefferson,NE,Nebraska,37.6,8.1,14.6,17.7,13.4,17.9,29.4,13.6,37.4,13.2,30.9
31097,Johnson,NE,Nebraska,34.3,6.8,15.6,15.7,11.6,18.0,30.3,13.7,38.1,12.5,31.9
31099,Kearney,NE,Nebraska,33.3,6.7,12.4,16.8,10.8,14.6,24.8,12.8,38.3,11.4,29.7
31101,Keith,NE,Nebraska,38.4,8.5,14.0,15.6,13.2,18.3,31.1,12.9,35.4,13.8,27.9
31103,Keya Paha,NE,Nebraska,41.7,10.1,13.9,16.0,14.2,18.7,30.1,12.6,36.6,13.9,27.7
31105,Kimball,NE,Nebraska,40.9,9.7,17.0,17.3,15.2,21.9,34.1,14.0,42.1,15.4,31.9
31107,Knox,NE,Nebraska,38.8,8.9,16.0,16.8,14.1,19.1,29.9,14.1,39.8,14.2,30.9
31109,Lancaster,NE,Nebraska,30.0,5.5,11.7,20.5,9.6,14.7,20.2,14.5,34.4,10.3,29.6
31111,Lincoln,NE,Nebraska,37.5,8.0,15.1,18.9,12.9,18.7,29.4,14.5,40.1,13.6,36.3
31113,Logan,NE,Nebraska,38.8,7.8,12.5,16.2,12.0,15.3,26.4,12.4,35.9,12.1,29.5
31115,Loup,NE,Nebraska,40.1,8.7,12.7,15.9,13.5,16.4,27.2,12.2,36.4,12.7,29.7
31117,McPherson,NE,Nebraska,40.3,9.2,13.2,16.7,13.3,17.3,28.6,12.7,38.5,13.3,30.9
31119,Madison,NE,Nebraska,35.1,6.7,14.4,16.2,11.8,17.2,27.7,14.0,40.0,12.2,32.2
31121,Merrick,NE,Nebraska,36.1,7.5,15.0,17.8,11.7,17.4,28.8,14.2,39.3,13.2,30.4
31123,Morrill,NE,Nebraska,37.2,8.3,15.9,17.1,13.3,19.9,32.1,14.0,41.6,14.0,31.5
31125,Nance,NE,Nebraska,37.4,7.8,16.5,17.9,12.7,18.6,28.6,14.7,41.0,13.6,31.4
31127,Nemaha,NE,Nebraska,33.7,7.4,14.8,18.4,11.7,17.7,29.6,14.8,40.7,12.8,31.3
31129,Nuckolls,NE,Nebraska,40.0,8.4,13.5,16.9,12.7,17.4,27.8,12.8,41.8,13.0,28.1
31131,Otoe,NE,Nebraska,36.7,7.0,13.4,17.7,11.9,17.1,27.3,13.6,40.7,12.6,28.5
31133,Pawnee,NE,Nebraska,42.2,9.9,15.7,16.9,14.4,20.9,33.2,13.7,37.5,14.9,30.9
31135,Perkins,NE,Nebraska,36.7,7.6,13.8,17.0,11.9,16.5,26.7,13.3,40.6,12.5,31.3
31137,Phelps,NE,Nebraska,35.3,7.3,14.5,17.9,11.5,17.3,27.2,14.1,38.6,13.0,31.1
31139,Pierce,NE,Nebraska,34.4,7.0,13.7,17.1,10.9,15.8,26.9,13.7,38.9,12.2,28.6
31141,Platte,NE,Nebraska,34.9,6.8,13.5,15.8,11.9,16.8,27.2,13.4,41.8,12.4,28.3
31143,Polk,NE,Nebraska,37.0,7.6,13.6,16.5,12.0,16.5,28.3,13.3,40.4,12.5,29.9
31145,Red Willow,NE,Nebraska,38.6,7.6,14.3,19.4,12.1,17.7,29.6,14.2,42.1,13.2,30.5
31147,Richardson,NE,Nebraska,41.1,8.4,15.7,17.7,14.0,18.9,31.5,13.7,45.3,13.8,29.6
31149,Rock,NE,Nebraska,38.3,8.2,13.4,16.6,12.5,16.8,27.6,12.7,38.8,12.8,31.2
31151,Saline,NE,Nebraska,32.0,6.5,14.1,16.9,11.8,19.0,29.2,14.2,40.4,12.6,35.6
31153,Sarpy,NE,Nebraska,30.1,4.7,11.1,17.5,9.4,13.3,21.3,13.5,35.9,10.0,33.5
31155,Saunders,NE,Nebraska,34.8,6.4,12.8,16.5,10.5,14.1,23.5,13.0,39.3,11.2,28.4
31157,Scotts Bluff,NE,Nebraska,37.7,7.5,14.0,17.5,13.0,19.6,29.4,14.1,39.1,13.6,32.4
31159,Seward,NE,Nebraska,32.0,6.0,12.6,18.4,9.5,14.2,23.7,13.8,34.5,11.2,27.6
31161,Sheridan,NE,Nebraska,40.7,8.9,15.0,16.4,13.9,18.9,32.1,13.3,36.0,14.1,30.3
31163,Sherman,NE,Nebraska,39.9,9.0,15.1,16.7,13.7,19.1,29.8,13.5,41.4,13.9,31.3
31165,Sioux,NE,Nebraska,43.9,10.9,16.8,17.2,16.0,22.0,32.5,13.8,42.6,15.5,30.6
31167,Stanton,NE,Nebraska,34.3,7.1,13.6,16.4,11.5,16.0,27.5,13.3,39.8,12.3,29.1
31169,Thayer,NE,Nebraska,38.4,8.4,15.0,17.4,13.2,18.3,29.2,13.7,40.0,13.9,29.2
31171,Thomas,NE,Nebraska,36.0,7.3,11.9,16.6,11.3,15.3,25.8,12.6,36.6,11.9,28.9
31173,Thurston,NE,Nebraska,35.8,6.9,21.0,18.2,13.4,22.6,30.0,17.7,45.4,14.6,35.6
31175,Valley,NE,Nebraska,38.5,8.5,14.0,16.6,12.9,18.1,28.6,13.3,41.8,13.4,29.6
31177,Washington,NE,Nebraska,34.2,6.3,12.2,17.7,10.7,14.1,23.1,12.9,41.2,11.4,27.1
31179,Wayne,NE,Nebraska,29.0,5.8,12.0,18.2,9.7,14.9,25.2,15.5,37.3,11.1,31.2
31181,Webster,NE,Nebraska,37.4,7.6,14.6,17.6,12.9,17.6,27.0,13.7,39.1,13.2,32.3
31183,Wheeler,NE,Nebraska,40.6,8.5,12.8,15.8,13.2,16.2,26.7,11.8,38.4,12.6,29.8
31185,York,NE,Nebraska,34.0,7.1,14.1,17.3,11.2,16.7,26.8,14.3,40.9,12.3,29.5
32001,Churchill,NV,Nevada,35.4,7.3,16.1,22.0,11.7,22.0,26.4,18.8,37.8,15.6,35.0
32003,Clark,NV,Nevada,34.5,6.2,14.8,20.3,12.4,22.5,27.1,18.7,31.4,14.9,40.9
32005,Douglas,NV,Nevada,38.2,8.5,12.0,18.9,12.2,19.0,21.4,14.5,27.1,14.7,31.1
32007,Elko,NV,Nevada,32.1,6.2,17.1,21.5,11.0,22.1,25.8,18.8,38.0,15.1,37.7
32009,Esmeralda,NV,Nevada,44.8,12.1,18.2,20.2,17.7,29.9,32.3,16.8,36.1,19.4,35.2
32011,Eureka,NV,Nevada,41.5,9.9,21.8,23.5,16.1,28.7,31.5,19.7,38.8,19.1,36.6
32013,Humboldt,NV,Nevada,32.0,6.6,15.6,21.7,11.5,22.4,26.8,18.2,36.2,15.1,38.2
32015,Lander,NV,Nevada,36.0,7.7,17.8,22.8,13.0,24.6,28.5,19.1,35.1,16.5,37.5
32017,Lincoln,NV,Nevada,37.0,7.9,15.0,21.2,11.8,20.4,24.2,16.9,31.6,15.0,36.8
32019,Lyon,NV,Nevada,37.5,7.5,15.9,21.4,12.3,22.7,27.4,17.7,35.2,15.8,36.6
32021,Mineral,NV,Nevada,44.0,11.1,21.4,22.3,17.6,30.9,34.4,19.3,38.2,20.0,38.9
32023,Nye,NV,Nevada,42.3,10.1,17.7,21.0,15.7,27.4,32.1,17.9,39.7,18.3,35.8
32027,Pershing,NV,Nevada,35.4,7.4,17.0,19.6,12.1,23.1,26.5,17.6,35.7,15.4,39.1
32029,Storey,NV,Nevada,38.5,8.4,12.1,19.7,12.4,19.1,22.4,14.7,31.6,14.4,33.0
32031,Washoe,NV,Nevada,29.7,6.1,12.6,21.1,10.0,20.8,21.6,17.5,28.5,14.0,37.8
32033,White Pine,NV,Nevada,36.4,8.1,17.5,21.5,12.6,24.0,26.8,18.5,34.4,16.2,37.2
32510,Carson City,NV,Nevada,34.5,7.2,14.4,21.4,12.1,22.2,24.9,17.6,33.1,15.1,34.8
33001,Belknap,NH,New Hampshire,35.7,7.0,12.2,23.1,10.5,16.1,20.8,15.1,30.5,12.9,34.4
33003,Carroll,NH,New Hampshire,35.1,7.8,10.7,21.5,10.7,15.0,20.5,13.8,30.7,13.0,33.3
33005,Cheshire,NH,New Hampshire,33.3,6.6,11.9,23.6,9.5,15.7,20.8,15.8,29.9,12.7,33.5
33007,Coos,NH,New Hampshire,38.2,8.4,15.2,22.6,13.0,20.3,28.1,16.0,36.4,14.8,31.4
33009,Grafton,NH,New Hampshire,31.8,6.4,10.5,23.7,9.3,14.1,19.7,15.0,25.8,11.5,31.2
33011,Hillsborough,NH,New Hampshire,31.5,5.6,10.7,21.5,9.2,14.7,22.2,15.3,33.1,11.4,33.8
33013,Merrimack,NH,New Hampshire,31.8,5.9,10.6,23.6,9.1,14.5,19.8,15.5,33.2,11.7,32.0
33015,Rockingham,NH,New Hampshire,34.7,5.7,9.9,21.7,9.1,12.8,18.8,14.4,31.2,11.2,33.2
33017,Strafford,NH,New Hampshire,30.9,5.3,10.7,26.3,8.6,14.1,19.3,17.5,32.4,11.1,30.8
33019,Sullivan,NH,New Hampshire,36.1,7.3,13.0,24.1,11.2,17.1,24.6,15.7,33.5,13.4,33.0
34001,Atlantic,NJ,New Jersey,36.1,6.8,12.9,16.3,12.7,19.6,27.9,15.9,30.7,13.8,37.8
34003,Bergen,NJ,New Jersey,32.5,5.2,8.4,14.0,9.7,14.7,21.7,13.6,25.6,10.5,38.7
34005,Burlington,NJ,New Jersey,34.0,5.6,10.9,15.7,10.5,15.8,23.6,15.0,30.2,12.3,34.1
34007,Camden,NJ,New Jersey,33.4,5.7,13.1,17.6,11.4,18.3,26.3,16.2,29.8,13.2,39.9
34009,Cape May,NJ,New Jersey,38.9,7.8,11.8,17.6,11.7,17.1,22.9,14.3,33.5,13.7,32.3
34011,Cumberland,NJ,New Jersey,38.8,7.0,16.5,16.1,13.5,24.9,32.8,17.7,40.4,16.0,42.6
34013,Essex,NJ,New Jersey,31.7,5.6,12.4,15.4,12.0,20.1,28.9,16.0,29.6,12.9,40.0
34015,Gloucester,NJ,New Jersey,36.6,5.4,11.9,18.6,10.3,15.4,23.4,16.3,31.5,12.1,39.7
34017,Hudson,NJ,New Jersey,28.6,4.7,10.6,14.2,10.5,18.5,27.9,14.7,27.9,12.4,39.3
34019,Hunterdon,NJ,New Jersey,31.7,5.8,8.8,16.5,9.2,13.6,19.4,13.3,26.3,11.2,31.9
34021,Mercer,NJ,New Jersey,31.2,5.4,10.5,14.8,11.1,17.3,24.4,14.5,25.4,11.8,36.2
34023,Middlesex,NJ,New Jersey,33.2,5.1,10.0,12.7,11.6,17.0,25.3,13.8,29.9,11.0,38.8
34025,Monmouth,NJ,New Jersey,32.9,5.7,9.7,14.3,9.8,14.1,19.5,13.6,30.4,10.9,33.3
34027,Morris,NJ,New Jersey,31.0,5.1,8.4,14.9,9.0,12.7,19.2,13.0,22.8,10.3,33.4
34029,Ocean,NJ,New Jersey,35.0,7.0,13.3,16.1,11.4,17.3,25.8,15.0,29.8,13.9,36.4
34031,Passaic,NJ,New Jersey,32.4,6.1,12.3,15.4,12.7,22.5,31.2,15.8,31.0,14.5,37.7
34033,Salem,NJ,New Jersey,37.4,6.9,14.7,18.6,11.9,19.7,27.9,17.0,34.0,14.2,40.6
34035,Somerset,NJ,New Jersey,30.6,4.9,8.2,13.9,10.1,13.0,20.8,12.6,26.3,10.4,37.4
34037,Sussex,NJ,New Jersey,33.3,5.8,11.2,18.2,9.5,15.0,21.3,14.9,26.9,11.8,35.5
34039,Union,NJ,New Jersey,33.7,5.5,11.4,14.3,11.6,18.7,25.5,15.0,29.7,12.7,39.3
34041,Warren,NJ,New Jersey,34.5,6.1,11.6,17.8,10.0,16.6,25.0,15.3,32.5,12.7,36.8
35001,Bernalillo,NM,New Mexico,33.5,6.5,12.0,24.6,11.6,21.8,23.2,15.7,33.0,14.3,29.9
35003,Catron,NM,New Mexico,47.1,12.4,14.8,21.8,17.7,25.7,27.3,14.1,31.6,18.1,32.3
35005,Chaves,NM,New Mexico,36.9,7.5,15.1,23.7,14.3,27.9,31.0,17.3,39.8,17.1,35.5
35006,Cibola,NM,New Mexico,36.8,8.3,19.4,23.4,16.6,28.8,29.5,18.7,39.1,18.1,40.0
35007,Colfax,NM,New Mexico,39.2,9.3,13.2,21.1,15.5,25.2,27.5,14.6,31.5,16.6,32.7
35009,Curry,NM,New Mexico,32.2,6.4,14.4,24.6,12.0,24.7,28.5,18.3,39.4,15.3,37.9
35011,De Baca,NM,New Mexico,40.6,9.8,14.1,22.5,15.3,25.5,27.7,15.4,32.5,17.2,31.8
35013,DoÃ±a Ana,NM,New Mexico,32.5,6.7,12.1,22.0,13.7,26.0,27.7,15.9,35.9,15.6,31.4
35015,Eddy,NM,New Mexico,32.2,6.3,13.3,22.8,11.6,22.5,26.7,16.7,39.8,14.7,39.3
35017,Grant,NM,New Mexico,39.7,9.8,12.7,21.2,15.9,25.8,28.3,14.5,32.8,16.8,31.2
35019,Guadalupe,NM,New Mexico,37.2,8.3,13.9,19.2,16.5,29.9,33.2,15.2,36.8,17.1,35.6
35021,Harding,NM,New Mexico,47.5,12.9,14.3,20.4,19.6,29.9,32.2,13.6,35.3,19.0,31.2
35023,Hidalgo,NM,New Mexico,39.2,9.2,14.7,21.6,16.4,28.8,31.1,15.8,34.5,17.9,35.7
35025,Lea,NM,New Mexico,32.3,6.2,14.8,21.7,12.0,26.1,29.8,17.6,37.0,15.5,32.5
35027,Lincoln,NM,New Mexico,41.3,9.6,12.6,22.4,14.4,23.4,25.4,14.2,30.0,16.2,31.2
35028,Los Alamos,NM,New Mexico,28.0,4.9,7.1,20.5,8.0,11.7,13.5,12.1,25.4,9.6,27.4
35029,Luna,NM,New Mexico,39.0,10.1,16.9,22.6,17.7,33.7,35.7,17.6,35.7,19.7,36.8
35031,McKinley,NM,New Mexico,38.2,9.5,26.8,24.8,19.0,35.7,32.1,23.3,41.3,22.2,39.6
35033,Mora,NM,New Mexico,40.9,9.6,10.6,17.7,18.5,27.2,30.6,12.6,33.1,16.6,33.9
35035,Otero,NM,New Mexico,34.2,7.2,14.9,24.0,12.7,24.2,24.6,17.1,37.1,15.3,34.3
35037,Quay,NM,New Mexico,41.9,10.3,15.8,22.3,17.2,28.8,31.6,16.0,37.6,18.4,33.8
35039,Rio Arriba,NM,New Mexico,36.8,8.4,14.2,20.2,17.2,28.8,30.8,15.8,39.9,17.5,34.7
35041,Roosevelt,NM,New Mexico,30.9,6.5,13.4,24.2,11.5,23.2,26.9,18.2,32.6,15.0,34.0
35043,Sandoval,NM,New Mexico,34.0,6.4,11.2,23.1,11.8,19.2,22.1,15.3,32.6,13.8,36.3
35045,San Juan,NM,New Mexico,34.2,8.3,20.1,23.4,14.5,27.2,26.5,19.4,35.1,18.3,37.5
35047,San Miguel,NM,New Mexico,37.1,8.5,11.6,19.5,17.1,28.2,31.7,14.5,37.3,16.9,35.8
35049,Santa Fe,NM,New Mexico,33.2,7.6,10.0,21.9,12.6,20.2,21.4,13.1,25.6,14.1,29.1
35051,Sierra,NM,New Mexico,46.2,12.7,15.8,22.0,18.2,29.1,30.9,15.1,36.8,19.4,32.5
35053,Socorro,NM,New Mexico,36.6,8.7,15.5,21.7,15.7,28.8,30.9,17.2,36.2,17.8,31.8
35055,Taos,NM,New Mexico,38.1,8.7,11.2,20.5,15.2,22.8,25.2,13.4,27.9,15.4,29.6
35057,Torrance,NM,New Mexico,39.8,9.6,17.0,24.4,16.5,29.2,30.7,17.2,34.5,18.4,34.4
35059,Union,NM,New Mexico,38.2,8.7,15.3,22.2,14.7,26.1,28.2,16.0,34.3,16.8,34.3
35061,Valencia,NM,New Mexico,35.2,7.4,13.5,21.8,14.6,26.3,29.0,16.1,35.4,16.4,34.4
36001,Albany,NY,New York,31.7,5.5,10.5,21.1,9.2,14.6,21.2,15.4,29.8,11.6,35.6
36003,Allegany,NY,New York,35.5,7.3,13.8,21.2,11.1,18.3,25.5,17.4,34.4,14.2,37.0
36005,Bronx,NY,New York,36.5,7.0,13.2,15.8,16.1,29.9,38.1,16.4,33.5,16.8,43.2
36007,Broome,NY,New York,35.0,7.1,13.2,20.7,10.9,18.0,24.4,16.6,33.1,13.6,34.4
36009,Cattaraugus,NY,New York,38.1,8.0,16.5,21.6,12.1,20.4,28.4,17.5,35.7,15.6,38.8
36011,Cayuga,NY,New York,36.8,7.7,15.1,20.8,11.8,20.0,28.1,16.6,35.7,15.0,37.9
36013,Chautauqua,NY,New York,37.3,7.9,14.9,20.6,12.6,20.2,27.8,16.7,36.3,15.3,39.5
36015,Chemung,NY,New York,36.8,7.3,14.9,21.4,11.5,18.8,26.5,17.1,30.7,14.5,34.4
36017,Chenango,NY,New York,37.1,8.1,15.3,21.1,12.3,19.7,27.8,16.9,36.3,15.1,38.9
36019,Clinton,NY,New York,34.1,7.0,14.4,22.7,10.7,18.2,26.7,17.6,33.2,14.1,35.2
36021,Columbia,NY,New York,37.0,7.8,12.4,19.3,11.8,17.1,24.6,14.3,30.8,13.5,34.3
36023,Cortland,NY,New York,31.1,6.2,12.8,23.0,9.3,16.5,23.8,17.9,30.5,13.1,36.8
36025,Delaware,NY,New York,39.6,8.5,14.5,20.5,12.5,19.1,28.6,16.1,32.8,15.2,40.1
36027,Dutchess,NY,New York,33.4,6.0,11.0,18.9,9.9,15.1,21.6,14.8,28.2,11.9,35.5
36029,Erie,NY,New York,33.0,6.5,12.4,20.6,10.8,17.1,24.8,16.0,32.8,13.1,37.4
36031,Essex,NY,New York,37.9,8.1,13.5,20.4,11.8,18.2,25.8,15.1,34.8,14.4,34.6
36033,Franklin,NY,New York,36.4,7.6,16.3,21.9,12.2,20.1,28.9,17.3,40.7,15.2,36.5
36035,Fulton,NY,New York,38.3,7.8,16.0,21.7,12.1,20.2,28.5,17.4,35.8,15.5,40.3
36037,Genesee,NY,New York,35.1,6.9,13.5,21.1,10.7,17.3,24.8,16.4,30.2,13.8,37.7
36039,Greene,NY,New York,36.6,7.6,13.5,20.3,11.7,18.4,26.2,15.5,34.4,14.5,36.7
36041,Hamilton,NY,New York,41.5,9.3,13.4,19.4,13.4,18.9,27.0,14.5,31.0,15.2,35.3
36043,Herkimer,NY,New York,36.4,7.6,14.6,20.4,11.3,18.0,28.1,16.6,37.0,14.7,35.8
36045,Jefferson,NY,New York,30.8,6.0,13.9,20.5,10.0,17.0,25.4,17.4,37.8,12.8,42.4
36047,Kings,NY,New York,30.4,5.7,12.1,16.1,12.0,19.6,26.2,15.2,25.1,12.8,39.8
36049,Lewis,NY,New York,36.3,7.7,15.1,20.9,11.8,18.8,27.8,16.8,40.9,15.1,37.3
36051,Livingston,NY,New York,33.7,6.6,12.3,20.8,10.1,16.5,23.1,16.3,30.8,13.0,35.0
36053,Madison,NY,New York,33.7,6.7,12.5,21.1,10.3,16.1,22.7,16.3,36.4,13.2,36.4
36055,Monroe,NY,New York,33.7,6.3,11.6,21.9,11.2,16.5,25.4,15.3,31.4,13.1,34.5
36057,Montgomery,NY,New York,35.3,7.4,15.2,21.2,11.5,20.2,27.7,16.8,38.8,14.9,42.3
36059,Nassau,NY,New York,31.8,5.4,8.5,13.4,10.1,14.5,23.2,13.2,28.4,11.2,40.8
36061,New York,NY,New York,27.2,4.9,8.2,18.5,8.9,15.3,20.4,14.5,19.2,11.1,35.9
36063,Niagara,NY,New York,37.0,7.0,13.7,21.1,11.3,18.0,26.3,16.2,39.5,14.3,37.6
36065,Oneida,NY,New York,36.6,7.3,14.2,20.4,11.5,18.7,28.1,16.7,36.1,14.1,38.3
36067,Onondaga,NY,New York,35.6,6.5,11.9,22.0,10.9,16.5,23.1,16.5,36.9,13.2,36.9
36069,Ontario,NY,New York,34.1,6.8,11.5,20.3,10.5,15.6,22.0,15.2,30.7,12.8,37.8
36071,Orange,NY,New York,31.9,5.8,12.0,17.8,11.2,18.3,26.0,16.0,32.2,13.2,37.7
36073,Orleans,NY,New York,35.7,7.5,15.7,20.6,11.7,20.0,28.3,17.2,32.9,15.0,36.9
36075,Oswego,NY,New York,35.2,7.2,15.7,21.9,11.2,19.0,28.5,18.0,36.4,14.7,39.2
36077,Otsego,NY,New York,32.1,6.8,12.1,20.9,10.2,17.2,24.2,17.4,29.9,13.4,35.3
36079,Putnam,NY,New York,30.4,5.8,9.6,17.6,9.7,14.2,21.6,13.7,27.5,11.6,36.0
36081,Queens,NY,New York,33.6,6.0,10.9,13.7,14.3,20.6,31.0,13.6,24.0,12.8,36.5
36083,Rensselaer,NY,New York,32.1,6.0,11.9,20.0,9.9,15.5,23.2,16.0,31.5,12.6,40.3
36085,Richmond,NY,New York,34.1,5.8,12.1,15.3,11.9,17.9,26.5,14.6,30.3,12.8,40.6
36087,Rockland,NY,New York,32.3,6.3,11.4,17.9,11.3,17.8,27.2,15.0,30.5,12.4,42.6
36089,St. Lawrence,NY,New York,36.5,7.3,15.3,23.6,11.9,19.2,28.0,18.2,41.8,14.7,36.3
36091,Saratoga,NY,New York,32.3,6.0,10.6,20.2,9.6,13.7,19.8,14.7,33.1,11.8,30.1
36093,Schenectady,NY,New York,33.0,6.1,12.1,19.3,10.2,16.2,22.6,15.8,34.3,12.5,38.6
36095,Schoharie,NY,New York,36.8,7.6,13.4,20.0,11.3,17.4,25.3,16.1,32.4,13.9,38.3
36097,Schuyler,NY,New York,37.8,8.2,15.1,20.8,12.4,19.2,26.2,16.2,31.7,15.1,37.9
36099,Seneca,NY,New York,36.4,7.8,15.3,21.2,11.6,19.8,28.4,16.8,34.7,15.0,36.1
36101,Steuben,NY,New York,35.7,7.5,14.6,21.7,11.5,18.1,26.2,16.4,34.8,14.4,37.5
36103,Suffolk,NY,New York,31.7,5.7,9.6,16.0,10.0,15.7,24.1,14.4,29.7,11.9,38.4
36105,Sullivan,NY,New York,35.8,7.2,13.7,19.3,12.1,19.8,28.7,15.7,31.9,14.3,40.3
36107,Tioga,NY,New York,36.9,7.6,13.9,21.0,11.3,17.6,26.1,16.0,30.5,14.3,37.8
36109,Tompkins,NY,New York,26.1,4.8,9.0,22.5,7.6,13.3,17.9,16.1,24.6,10.5,34.7
36111,Ulster,NY,New York,37.0,6.8,11.8,19.4,10.9,16.7,24.1,15.2,30.5,13.3,35.6
36113,Warren,NY,New York,35.8,7.2,12.2,21.0,11.2,17.2,23.5,15.3,31.0,13.7,34.2
36115,Washington,NY,New York,36.2,7.4,14.7,20.4,11.2,18.5,26.7,16.4,31.4,14.5,34.1
36117,Wayne,NY,New York,34.0,7.3,13.9,20.9,11.2,17.7,26.0,16.1,37.4,14.1,37.0
36119,Westchester,NY,New York,29.8,5.6,9.2,15.5,10.5,14.8,22.0,13.3,26.0,11.2,35.2
36121,Wyoming,NY,New York,36.6,7.3,15.1,20.7,11.2,18.7,26.1,16.5,35.6,14.3,38.7
36123,Yates,NY,New York,35.8,7.9,14.8,20.8,11.6,19.2,26.6,16.7,33.9,14.8,36.6
37001,Alamance,NC,North Carolina,36.5,6.7,13.9,24.0,12.2,20.1,24.4,17.2,38.5,13.2,35.5
37003,Alexander,NC,North Carolina,39.1,8.0,16.8,25.8,12.7,21.2,26.3,17.5,36.5,14.6,33.1
37005,Alleghany,NC,North Carolina,44.9,10.5,17.2,25.3,16.0,24.8,29.6,16.4,36.5,16.6,32.6
37007,Anson,NC,North Carolina,46.6,8.8,19.7,23.4,17.2,27.8,33.1,18.9,43.3,16.2,39.7
37009,Ashe,NC,North Carolina,42.9,9.4,15.5,25.2,14.0,21.6,26.3,16.2,36.2,15.1,32.0
37011,Avery,NC,North Carolina,39.9,8.4,15.8,25.2,12.9,21.0,25.4,16.8,37.1,14.5,32.1
37013,Beaufort,NC,North Carolina,45.0,9.2,16.1,23.9,15.6,22.9,28.3,16.5,36.8,15.2,33.8
37015,Bertie,NC,North Carolina,50.0,9.6,18.3,21.7,19.3,28.5,34.2,17.5,43.0,16.2,42.0
37017,Bladen,NC,North Carolina,46.3,9.1,16.8,24.2,16.6,25.2,31.3,17.4,41.3,15.6,36.7
37019,Brunswick,NC,North Carolina,41.6,8.8,12.4,23.4,13.5,17.9,22.5,14.0,32.8,13.3,33.9
37021,Buncombe,NC,North Carolina,36.1,6.7,12.3,24.7,10.9,16.7,20.3,15.3,31.3,12.2,26.9
37023,Burke,NC,North Carolina,40.4,8.6,17.0,26.1,13.8,22.6,28.4,17.3,36.8,15.1,33.7
37025,Cabarrus,NC,North Carolina,34.7,5.5,12.4,23.4,10.8,17.1,21.7,16.2,33.3,11.6,34.2
37027,Caldwell,NC,North Carolina,39.8,8.4,17.0,26.3,13.2,22.3,27.3,17.6,33.4,15.2,31.9
37029,Camden,NC,North Carolina,35.6,6.1,13.1,24.6,10.7,16.4,21.2,16.1,35.2,12.1,33.5
37031,Carteret,NC,North Carolina,40.5,8.1,12.7,24.1,12.5,17.8,22.1,14.7,34.0,13.3,31.3
37033,Caswell,NC,North Carolina,44.1,8.5,16.9,23.5,15.5,23.8,28.9,17.2,39.3,15.1,35.1
37035,Catawba,NC,North Carolina,37.4,7.1,14.7,25.7,12.1,19.5,24.3,16.7,37.4,13.4,31.0
37037,Chatham,NC,North Carolina,39.9,7.8,11.5,22.1,12.9,17.6,22.5,13.8,30.1,12.5,28.6
37039,Cherokee,NC,North Carolina,44.8,10.3,15.6,25.4,15.2,21.9,27.1,15.7,34.8,15.6,30.0
37041,Chowan,NC,North Carolina,47.1,9.5,16.8,23.5,17.0,24.8,30.2,16.7,40.4,15.8,35.8
37043,Clay,NC,North Carolina,44.3,9.9,13.8,24.7,14.3,20.1,25.5,14.7,35.3,14.7,30.5
37045,Cleveland,NC,North Carolina,41.1,7.8,16.4,25.9,13.6,22.1,27.5,17.8,38.6,14.6,35.2
37047,Columbus,NC,North Carolina,44.6,8.6,18.3,24.4,15.6,25.2,31.1,18.3,41.1,15.8,38.2
37049,Craven,NC,North Carolina,39.5,7.4,14.0,24.3,12.5,19.9,24.8,16.7,36.9,13.4,33.3
37051,Cumberland,NC,North Carolina,37.6,5.7,14.8,25.0,12.2,20.6,25.3,18.4,40.1,12.8,41.1
37053,Currituck,NC,North Carolina,35.2,6.3,13.2,24.7,10.7,16.3,21.6,15.8,34.5,12.2,31.0
37055,Dare,NC,North Carolina,38.0,7.1,11.4,24.1,11.2,15.5,20.2,14.2,31.6,12.0,27.0
37057,Davidson,NC,North Carolina,38.6,7.6,15.8,25.6,12.7,20.7,26.5,17.5,36.2,14.2,32.5
37059,Davie,NC,North Carolina,39.1,7.5,13.5,24.8,12.1,18.4,23.6,15.8,33.4,13.3,32.0
37061,Duplin,NC,North Carolina,42.9,8.4,16.3,23.4,15.5,25.5,29.9,17.3,39.4,15.4,34.2
37063,Durham,NC,North Carolina,32.9,5.0,10.7,22.9,10.5,16.5,21.6,15.3,36.1,10.7,33.4
37065,Edgecombe,NC,North Carolina,47.6,8.8,17.7,22.7,17.9,27.3,33.5,18.2,43.7,16.0,36.9
37067,Forsyth,NC,North Carolina,36.7,6.5,13.4,23.4,12.4,19.8,25.2,16.4,41.2,12.6,33.4
37069,Franklin,NC,North Carolina,38.6,6.8,14.8,24.5,12.8,20.1,25.0,16.8,38.8,13.3,36.7
37071,Gaston,NC,North Carolina,37.1,6.7,15.0,25.3,12.3,20.2,25.3,17.4,36.2,13.5,37.5
37073,Gates,NC,North Carolina,44.6,8.6,16.6,24.2,15.8,23.2,29.2,17.3,39.0,15.1,36.0
37075,Graham,NC,North Carolina,40.5,8.7,15.7,25.4,13.1,20.6,25.7,16.8,35.1,14.7,32.6
37077,Granville,NC,North Carolina,40.7,7.2,15.4,23.4,13.6,21.6,26.5,17.0,36.2,13.8,36.0
37079,Greene,NC,North Carolina,43.0,8.1,19.6,23.4,15.9,27.2,32.4,18.7,42.8,15.7,40.1
37081,Guilford,NC,North Carolina,36.9,6.1,13.0,24.2,12.2,18.7,23.7,16.8,38.0,12.4,35.3
37083,Halifax,NC,North Carolina,49.7,9.8,19.8,22.5,19.4,29.4,35.2,18.4,42.6,17.2,38.2
37085,Harnett,NC,North Carolina,37.7,6.2,15.3,26.0,11.8,20.5,25.9,18.1,36.9,13.1,37.3
37087,Haywood,NC,North Carolina,40.2,8.3,13.9,26.4,12.4,19.2,23.9,15.9,33.3,14.0,30.2
37089,Henderson,NC,North Carolina,38.8,8.2,12.7,23.8,12.5,18.9,23.2,14.9,30.3,13.4,32.3
37091,Hertford,NC,North Carolina,48.1,9.1,17.6,22.6,18.9,27.7,33.2,18.2,42.5,16.0,41.3
37093,Hoke,NC,North Carolina,38.2,6.0,16.5,24.7,13.3,22.8,28.0,19.0,38.5,13.9,39.9
37095,Hyde,NC,North Carolina,46.5,9.6,19.0,23.2,17.0,26.4,31.5,17.2,41.0,16.2,36.7
37097,Iredell,NC,North Carolina,36.4,6.2,12.9,24.4,10.7,17.1,21.6,15.9,32.8,12.2,30.4
37099,Jackson,NC,North Carolina,35.5,7.4,14.2,27.2,12.1,19.4,24.2,18.3,34.5,13.6,32.3
37101,Johnston,NC,North Carolina,35.1,5.9,14.2,24.3,11.6,18.7,23.6,16.9,35.1,12.7,35.3
37103,Jones,NC,North Carolina,46.3,9.4,18.1,24.7,17.0,25.8,30.9,17.6,40.0,16.3,35.4
37105,Lee,NC,North Carolina,38.4,7.2,15.5,24.4,13.5,22.5,27.4,17.5,37.8,14.2,38.4
37107,Lenoir,NC,North Carolina,46.9,9.5,19.3,24.2,17.8,28.6,34.2,18.5,42.4,16.9,39.8
37109,Lincoln,NC,North Carolina,37.6,7.0,14.0,25.1,11.5,17.9,22.9,16.2,35.0,13.0,33.5
37111,McDowell,NC,North Carolina,39.8,8.3,17.0,26.1,13.0,21.5,26.3,17.4,35.2,14.9,35.2
37113,Macon,NC,North Carolina,43.5,9.6,14.9,25.4,14.2,21.4,27.0,15.8,35.3,15.1,30.4
37115,Madison,NC,North Carolina,38.3,7.6,13.9,25.8,11.6,18.3,23.0,16.3,34.6,13.3,30.7
37117,Martin,NC,North Carolina,47.5,9.5,17.3,23.8,17.8,26.3,31.2,17.5,40.4,16.2,37.1
37119,Mecklenburg,NC,North Carolina,31.0,4.8,10.8,22.7,10.1,15.8,20.9,15.7,29.7,10.7,38.7
37121,Mitchell,NC,North Carolina,40.3,8.4,14.6,25.6,12.8,19.4,24.9,16.2,37.2,14.2,31.2
37123,Montgomery,NC,North Carolina,42.8,8.8,16.4,24.5,15.1,24.2,28.9,17.1,38.7,15.6,34.5
37125,Moore,NC,North Carolina,38.3,7.3,11.4,23.5,11.5,16.5,21.0,14.7,32.6,12.2,31.4
37127,Nash,NC,North Carolina,42.5,7.5,15.6,22.8,15.0,23.1,28.9,17.2,38.4,14.2,36.0
37129,New Hanover,NC,North Carolina,34.7,6.3,11.6,25.0,10.6,16.5,20.9,16.3,31.1,11.7,30.9
37131,Northampton,NC,North Carolina,52.0,10.6,17.2,21.9,20.3,28.1,33.6,16.5,42.7,16.5,38.1
37133,Onslow,NC,North Carolina,28.8,4.7,13.3,24.4,8.6,17.1,20.9,18.9,33.4,11.2,37.3
37135,Orange,NC,North Carolina,30.2,5.2,9.3,24.4,9.3,13.7,18.1,15.3,28.0,10.0,29.0
37137,Pamlico,NC,North Carolina,46.0,9.6,14.3,23.0,15.2,21.5,26.5,15.0,36.0,14.7,32.1
37139,Pasquotank,NC,North Carolina,39.3,6.7,13.9,23.7,13.0,20.1,25.2,17.1,38.3,13.0,35.4
37141,Pender,NC,North Carolina,37.3,6.8,14.3,24.8,11.8,18.2,22.1,16.5,36.3,13.0,32.2
37143,Perquimans,NC,North Carolina,44.9,9.2,15.2,23.7,15.3,21.9,27.4,15.9,37.3,14.8,32.4
37145,Person,NC,North Carolina,43.2,8.2,16.2,24.8,14.9,22.5,28.4,17.3,38.8,14.8,36.4
37147,Pitt,NC,North Carolina,34.7,6.0,13.8,25.2,12.0,19.3,25.2,18.2,39.0,12.4,34.8
37149,Polk,NC,North Carolina,43.8,9.5,13.0,23.8,14.1,20.0,25.1,14.5,35.2,14.3,27.4
37151,Randolph,NC,North Carolina,39.1,7.8,16.7,26.5,13.2,22.8,27.8,17.9,39.9,14.9,34.7
37153,Richmond,NC,North Carolina,43.9,8.8,19.5,25.9,16.4,27.1,32.1,19.1,42.9,16.4,36.4
37155,Robeson,NC,North Carolina,45.6,9.3,22.5,22.9,18.4,31.4,35.6,20.1,47.9,18.0,39.2
37157,Rockingham,NC,North Carolina,42.5,8.4,17.3,25.2,14.5,23.3,28.6,17.8,37.3,15.3,37.0
37159,Rowan,NC,North Carolina,37.7,7.3,15.9,24.7,12.7,21.3,27.3,17.5,37.4,14.3,30.8
37161,Rutherford,NC,North Carolina,41.7,8.9,17.3,26.7,14.4,23.2,28.8,17.7,38.1,15.6,33.1
37163,Sampson,NC,North Carolina,42.6,8.1,17.2,24.5,15.6,25.7,30.6,18.1,41.8,15.5,34.5
37165,Scotland,NC,North Carolina,46.1,9.0,21.3,24.3,17.4,29.2,33.7,19.7,45.2,16.9,40.2
37167,Stanly,NC,North Carolina,38.4,7.6,16.0,25.7,12.7,20.7,25.4,17.6,36.3,14.3,34.4
37169,Stokes,NC,North Carolina,41.0,8.4,16.2,26.3,13.2,20.9,26.3,16.9,37.1,14.7,31.7
37171,Surry,NC,North Carolina,40.4,8.7,17.1,27.0,13.7,23.5,28.8,17.7,40.9,15.5,32.7
37173,Swain,NC,North Carolina,41.7,8.7,19.8,26.7,15.2,25.1,28.0,19.2,40.7,16.5,34.9
37175,Transylvania,NC,North Carolina,42.3,9.0,12.0,24.2,12.9,18.1,22.3,14.5,33.7,13.4,29.3
37177,Tyrrell,NC,North Carolina,46.2,9.7,18.1,22.9,17.5,26.9,32.1,17.0,41.3,16.2,35.7
37179,Union,NC,North Carolina,33.6,5.5,11.9,24.1,10.5,16.3,21.6,15.8,33.4,11.6,31.6
37181,Vance,NC,North Carolina,45.1,8.3,17.3,23.1,16.8,25.9,31.3,18.1,42.6,15.4,39.7
37183,Wake,NC,North Carolina,32.2,4.7,9.6,23.1,9.5,13.8,18.0,14.7,29.3,9.5,31.5
37185,Warren,NC,North Carolina,50.4,10.5,18.6,22.2,20.0,28.8,33.8,17.2,43.9,16.8,38.5
37187,Washington,NC,North Carolina,51.8,11.1,19.0,23.4,20.6,29.7,35.0,17.7,43.6,17.6,37.7
37189,Watauga,NC,North Carolina,31.3,6.3,12.3,28.5,9.8,17.5,21.5,19.0,33.0,12.2,29.9
37191,Wayne,NC,North Carolina,41.1,7.4,16.2,24.2,14.2,23.2,28.3,17.9,39.5,14.4,34.7
37193,Wilkes,NC,North Carolina,41.5,9.0,17.1,26.8,13.9,23.0,28.0,17.5,38.0,15.7,32.7
37195,Wilson,NC,North Carolina,44.7,8.6,18.0,23.8,16.8,26.8,31.9,18.1,38.4,15.9,36.7
37197,Yadkin,NC,North Carolina,40.6,8.4,16.3,26.3,13.3,21.8,27.1,17.3,36.3,15.2,32.5
37199,Yancey,NC,North Carolina,41.4,9.1,15.9,26.1,13.7,21.5,26.5,16.6,35.6,15.1,30.9
38001,Adams,ND,North Dakota,41.2,9.7,15.3,19.1,14.1,20.9,29.0,13.2,34.8,14.5,31.6
38003,Barnes,ND,North Dakota,36.2,7.5,13.3,20.0,11.5,17.1,23.8,13.5,37.7,12.3,30.3
38005,Benson,ND,North Dakota,40.3,9.0,22.0,21.5,15.4,26.4,31.3,17.3,43.3,16.7,39.9
38007,Billings,ND,North Dakota,38.5,8.4,13.5,18.6,12.1,17.8,24.8,12.7,36.4,12.6,30.2
38009,Bottineau,ND,North Dakota,38.8,8.0,13.4,19.2,11.9,17.2,24.4,13.0,37.7,12.6,33.1
38011,Bowman,ND,North Dakota,36.7,7.8,13.6,19.2,11.4,17.6,24.5,13.1,36.3,12.7,33.7
38013,Burke,ND,North Dakota,37.2,7.3,13.1,19.3,11.1,16.5,22.6,12.8,37.3,12.2,30.2
38015,Burleigh,ND,North Dakota,30.8,5.9,11.8,19.1,9.3,14.3,18.4,13.1,35.2,10.7,29.8
38017,Cass,ND,North Dakota,27.5,4.8,11.2,23.8,7.9,13.6,17.6,13.9,33.8,9.6,31.1
38019,Cavalier,ND,North Dakota,39.7,8.5,12.4,19.0,11.8,17.0,23.9,12.4,39.5,12.6,30.2
38021,Dickey,ND,North Dakota,35.1,7.3,13.8,20.3,11.2,17.4,24.3,14.2,38.7,12.6,32.9
38023,Divide,ND,North Dakota,38.6,8.6,14.1,19.3,12.6,19.0,25.6,13.2,37.4,13.4,30.4
38025,Dunn,ND,North Dakota,35.2,7.1,14.8,19.7,11.5,17.7,24.0,14.1,36.7,12.5,30.9
38027,Eddy,ND,North Dakota,39.1,8.8,16.2,20.4,13.5,21.0,27.5,14.1,38.7,14.4,30.4
38029,Emmons,ND,North Dakota,40.8,9.5,14.7,19.0,13.5,20.3,26.0,13.1,38.1,14.0,30.4
38031,Foster,ND,North Dakota,37.8,7.8,13.3,19.8,11.8,17.2,24.4,13.1,35.7,12.7,31.0
38033,Golden Valley,ND,North Dakota,41.1,9.4,15.6,19.9,13.7,20.1,28.7,13.8,37.6,14.2,32.2
38035,Grand Forks,ND,North Dakota,28.2,5.4,11.3,23.0,9.1,15.7,21.5,15.3,35.2,11.0,32.6
38037,Grant,ND,North Dakota,44.5,11.0,16.4,19.6,15.2,22.8,30.9,13.4,41.3,15.5,30.7
38039,Griggs,ND,North Dakota,41.0,9.0,12.3,18.1,12.3,17.4,23.9,11.9,36.8,12.8,30.6
38041,Hettinger,ND,North Dakota,37.3,8.1,14.5,20.0,11.7,18.0,25.1,13.9,37.4,13.0,32.3
38043,Kidder,ND,North Dakota,39.7,8.9,14.5,19.7,12.8,18.9,26.9,13.2,39.9,13.7,32.6
38045,LaMoure,ND,North Dakota,38.2,8.8,13.8,18.8,12.5,18.5,25.8,12.9,34.4,13.3,29.8
38047,Logan,ND,North Dakota,40.5,9.6,14.9,19.7,13.2,20.5,27.9,13.6,39.8,14.3,32.0
38049,McHenry,ND,North Dakota,38.4,7.8,15.2,19.8,11.9,18.4,26.2,13.7,42.1,13.4,31.9
38051,McIntosh,ND,North Dakota,42.4,10.1,15.6,19.1,14.4,22.0,29.2,13.4,35.8,15.2,32.0
38053,McKenzie,ND,North Dakota,30.4,5.4,15.2,20.8,9.6,16.8,23.9,15.4,41.1,11.9,40.1
38055,McLean,ND,North Dakota,39.0,8.1,13.6,19.8,12.1,17.5,25.2,12.9,40.2,12.8,30.4
38057,Mercer,ND,North Dakota,38.2,8.2,15.1,19.9,12.2,19.2,25.3,13.7,39.8,13.6,31.5
38059,Morton,ND,North Dakota,32.6,6.2,13.5,21.0,9.6,15.7,22.5,14.1,38.6,11.3,33.7
38061,Mountrail,ND,North Dakota,34.7,6.9,19.2,20.5,12.8,21.5,29.8,16.3,42.2,14.1,35.5
38063,Nelson,ND,North Dakota,40.0,8.5,13.2,19.4,12.4,17.4,23.8,12.3,39.6,12.8,31.3
38065,Oliver,ND,North Dakota,37.3,7.9,13.1,19.0,11.7,16.5,24.0,12.8,34.6,12.4,32.2
38067,Pembina,ND,North Dakota,38.5,8.6,14.7,19.7,12.8,19.8,26.5,13.4,41.9,13.7,32.7
38069,Pierce,ND,North Dakota,36.9,8.0,14.2,20.2,12.1,18.3,25.8,13.4,40.7,13.1,31.5
38071,Ramsey,ND,North Dakota,36.8,8.1,15.4,20.5,12.3,19.3,26.0,14.3,40.8,13.5,31.1
38073,Ransom,ND,North Dakota,36.9,7.8,14.8,19.9,12.1,18.6,25.1,13.8,37.9,13.0,30.9
38075,Renville,ND,North Dakota,36.2,7.2,14.1,19.7,11.1,16.7,24.4,13.7,39.0,12.4,33.0
38077,Richland,ND,North Dakota,34.7,7.0,13.2,21.6,10.5,17.0,23.7,14.3,36.1,12.1,30.8
38079,Rolette,ND,North Dakota,40.3,8.5,25.9,22.0,17.9,29.9,34.5,19.2,50.2,18.2,39.9
38081,Sargent,ND,North Dakota,36.7,7.7,13.8,19.5,11.8,17.5,24.5,13.4,41.2,12.8,33.7
38083,Sheridan,ND,North Dakota,44.1,10.5,13.8,18.9,13.9,20.2,28.2,12.2,36.2,14.4,30.0
38085,Sioux,ND,North Dakota,41.3,9.9,32.9,23.9,20.2,36.8,39.1,22.2,49.1,21.4,45.3
38087,Slope,ND,North Dakota,44.4,10.3,15.2,18.6,14.6,20.3,27.0,12.4,38.3,14.6,30.7
38089,Stark,ND,North Dakota,31.7,6.0,14.1,19.7,9.5,16.9,23.5,14.6,37.4,11.7,31.8
38091,Steele,ND,North Dakota,38.8,8.7,14.2,19.5,12.7,18.3,24.9,13.1,35.0,13.2,30.7
38093,Stutsman,ND,North Dakota,33.7,7.3,15.3,20.6,10.9,18.4,24.7,14.7,39.7,13.0,29.8
38095,Towner,ND,North Dakota,43.3,10.1,16.9,20.0,15.0,22.4,30.3,14.0,43.9,15.3,31.5
38097,Traill,ND,North Dakota,34.3,6.8,12.3,19.5,10.5,15.4,22.5,13.4,38.2,11.9,31.4
38099,Walsh,ND,North Dakota,37.4,8.2,14.8,19.4,12.4,19.4,26.7,13.4,35.8,13.5,35.0
38101,Ward,ND,North Dakota,31.4,5.3,12.6,20.5,8.8,15.0,22.6,14.4,33.9,11.0,39.1
38103,Wells,ND,North Dakota,40.6,9.5,14.7,19.2,13.8,20.2,27.0,13.3,37.8,14.3,30.1
38105,Williams,ND,North Dakota,30.4,5.1,15.6,21.2,8.9,16.3,24.1,16.0,40.4,11.3,37.1
39001,Adams,OH,Ohio,40.6,9.2,21.9,26.6,15.7,25.0,35.3,19.8,40.3,17.4,39.6
39003,Allen,OH,Ohio,38.7,7.9,17.0,27.2,14.5,20.7,29.3,18.3,39.7,14.6,40.1
39005,Ashland,OH,Ohio,40.4,8.2,17.7,26.0,13.9,21.3,30.7,18.0,38.3,15.7,33.7
39007,Ashtabula,OH,Ohio,41.7,9.2,20.1,27.7,16.2,24.6,34.5,19.5,45.8,16.9,37.2
39009,Athens,OH,Ohio,33.4,6.2,15.2,30.5,11.5,19.3,24.8,20.9,34.5,13.3,36.5
39011,Auglaize,OH,Ohio,37.6,7.5,15.3,24.8,12.2,18.2,26.5,17.2,39.5,13.7,37.3
39013,Belmont,OH,Ohio,41.4,8.6,18.1,26.0,14.5,22.1,32.1,18.1,40.9,16.2,39.0
39015,Brown,OH,Ohio,42.2,8.7,19.7,27.3,14.5,22.6,34.1,18.9,41.6,16.1,40.3
39017,Butler,OH,Ohio,35.3,6.6,14.6,25.7,12.5,18.8,27.8,17.8,39.0,13.3,37.5
39019,Carroll,OH,Ohio,41.1,9.1,19.0,25.5,14.9,22.3,32.4,18.3,38.9,16.4,40.4
39021,Champaign,OH,Ohio,38.0,7.5,16.4,25.5,12.7,18.7,27.5,17.7,43.2,14.4,41.4
39023,Clark,OH,Ohio,41.6,8.4,17.9,26.7,15.0,22.4,33.5,18.8,42.2,15.8,38.8
39025,Clermont,OH,Ohio,36.2,7.0,15.6,25.7,12.6,17.5,25.3,17.2,34.7,13.3,37.5
39027,Clinton,OH,Ohio,38.1,8.0,17.7,26.2,13.5,20.9,30.3,18.4,39.7,15.0,41.2
39029,Columbiana,OH,Ohio,42.1,8.8,18.5,25.1,15.2,22.2,32.0,17.9,41.1,16.4,41.4
39031,Coshocton,OH,Ohio,41.3,9.1,20.1,27.7,15.3,23.4,32.3,18.9,41.5,16.8,38.6
39033,Crawford,OH,Ohio,40.0,8.8,18.3,26.9,14.6,21.5,32.2,18.6,39.5,15.8,40.0
39035,Cuyahoga,OH,Ohio,38.5,6.9,14.8,23.9,13.4,20.0,24.7,16.1,35.3,13.5,37.7
39037,Darke,OH,Ohio,39.7,8.5,17.7,26.6,14.3,21.5,30.0,18.3,36.4,15.6,33.7
39039,Defiance,OH,Ohio,37.2,7.6,15.9,25.0,13.3,19.3,27.8,17.2,35.3,14.3,37.5
39041,Delaware,OH,Ohio,31.3,5.0,10.1,21.0,10.1,12.0,17.7,13.5,31.5,9.8,32.2
39043,Erie,OH,Ohio,41.6,8.3,14.9,24.5,14.4,18.7,28.0,16.8,40.1,14.3,35.2
39045,Fairfield,OH,Ohio,36.3,6.6,14.4,25.3,12.2,17.4,24.4,16.6,35.6,12.9,40.3
39047,Fayette,OH,Ohio,41.6,8.2,19.9,26.8,14.3,22.4,32.3,19.2,41.3,16.1,39.5
39049,Franklin,OH,Ohio,32.9,5.6,13.9,25.8,11.8,18.3,23.7,18.1,33.7,12.8,36.6
39051,Fulton,OH,Ohio,37.8,7.4,15.1,24.7,13.3,18.5,27.3,17.1,37.0,13.9,36.7
39053,Gallia,OH,Ohio,41.5,9.2,20.8,28.3,15.3,24.1,35.2,19.6,36.6,17.3,38.2
39055,Geauga,OH,Ohio,37.5,7.4,12.8,23.3,12.4,16.4,23.2,15.2,32.6,12.8,33.9
39057,Greene,OH,Ohio,35.4,6.4,12.3,24.2,11.2,15.8,22.6,16.3,37.8,12.1,37.0
39059,Guernsey,OH,Ohio,40.2,8.9,19.0,27.3,14.8,23.4,32.5,19.1,38.3,16.1,40.1
39061,Hamilton,OH,Ohio,36.3,6.5,13.9,25.4,13.2,18.4,24.4,17.3,35.6,12.2,38.8
39063,Hancock,OH,Ohio,36.2,6.9,14.5,25.1,12.5,18.0,26.7,17.4,39.3,13.3,37.4
39065,Hardin,OH,Ohio,38.1,7.5,17.7,27.1,12.9,20.9,30.4,19.9,40.3,15.2,40.3
39067,Harrison,OH,Ohio,43.0,9.1,19.0,26.8,15.6,22.6,31.6,18.7,41.4,16.2,39.0
39069,Henry,OH,Ohio,38.1,7.6,15.8,24.8,13.1,19.1,28.0,17.2,38.6,14.4,38.3
39071,Highland,OH,Ohio,40.1,8.5,19.5,27.4,14.7,22.8,32.7,19.2,41.3,16.2,41.5
39073,Hocking,OH,Ohio,42.5,9.2,20.5,27.1,15.7,23.1,33.4,19.3,36.1,16.7,43.7
39075,Holmes,OH,Ohio,35.3,7.8,21.5,29.3,12.7,25.2,33.9,21.5,38.2,17.0,38.0
39077,Huron,OH,Ohio,37.7,7.7,17.2,25.7,13.5,20.2,30.3,18.0,35.0,15.0,38.1
39079,Jackson,OH,Ohio,42.7,8.4,20.1,28.9,14.9,24.2,33.8,20.0,44.9,16.9,40.9
39081,Jefferson,OH,Ohio,41.9,8.7,17.6,27.8,15.1,22.0,31.3,18.7,42.5,16.1,41.9
39083,Knox,OH,Ohio,37.5,7.5,15.5,25.7,12.6,18.4,27.6,17.7,37.1,13.8,32.8
39085,Lake,OH,Ohio,37.9,7.3,14.5,24.6,12.9,17.8,25.4,16.2,36.9,13.9,38.9
39087,Lawrence,OH,Ohio,42.9,8.6,19.6,27.4,15.1,23.7,32.4,19.6,41.6,16.3,41.9
39089,Licking,OH,Ohio,35.5,6.8,15.4,25.8,12.9,17.5,24.1,17.1,37.5,13.3,37.5
39091,Logan,OH,Ohio,39.0,8.0,17.5,25.4,14.0,20.2,29.2,17.9,39.3,15.0,36.9
39093,Lorain,OH,Ohio,38.8,7.6,15.0,25.2,14.2,19.5,29.0,17.4,36.8,14.5,38.9
39095,Lucas,OH,Ohio,37.2,7.5,16.4,26.2,14.0,21.7,29.8,18.3,36.1,14.6,40.9
39097,Madison,OH,Ohio,37.5,6.8,16.5,24.7,12.4,18.6,26.9,17.6,37.3,13.6,39.0
39099,Mahoning,OH,Ohio,40.2,8.4,16.9,24.5,14.8,21.6,28.2,17.6,38.6,15.3,40.9
39101,Marion,OH,Ohio,41.3,8.3,19.6,27.3,14.8,22.6,33.8,18.7,44.2,16.1,42.9
39103,Medina,OH,Ohio,37.1,6.8,13.1,23.9,11.9,16.0,24.2,15.8,36.3,12.7,35.1
39105,Meigs,OH,Ohio,45.1,10.3,22.5,27.7,17.3,27.2,39.1,20.3,44.5,18.5,40.3
39107,Mercer,OH,Ohio,37.8,7.3,15.0,24.9,12.1,17.4,27.5,17.1,36.3,13.4,37.4
39109,Miami,OH,Ohio,37.2,7.3,15.3,25.3,12.7,17.7,26.1,16.9,33.6,13.8,36.6
39111,Monroe,OH,Ohio,43.3,9.9,20.0,26.6,16.1,23.6,34.0,18.5,40.4,16.9,36.8
39113,Montgomery,OH,Ohio,37.0,7.2,15.2,25.9,14.5,21.0,29.3,18.0,37.0,14.0,39.5
39115,Morgan,OH,Ohio,43.1,9.4,19.5,26.5,16.0,23.4,33.5,18.5,41.1,16.7,39.2
39117,Morrow,OH,Ohio,38.2,7.8,17.8,25.4,13.8,20.4,29.8,18.1,40.0,15.2,36.6
39119,Muskingum,OH,Ohio,39.9,8.0,18.1,27.8,14.4,21.3,29.9,18.9,43.9,15.3,40.6
39121,Noble,OH,Ohio,47.9,11.9,18.5,23.4,18.0,24.4,33.6,16.3,41.6,17.2,38.1
39123,Ottawa,OH,Ohio,41.9,8.5,14.0,23.6,13.8,18.1,28.4,15.5,38.0,14.3,35.3
39125,Paulding,OH,Ohio,40.0,8.1,17.2,25.7,14.1,20.4,30.8,17.8,41.3,15.0,38.5
39127,Perry,OH,Ohio,40.5,8.3,19.3,27.0,14.3,21.8,32.1,18.8,38.6,15.9,41.0
39129,Pickaway,OH,Ohio,38.7,7.1,17.9,26.9,12.6,20.0,29.4,18.5,39.8,14.4,41.1
39131,Pike,OH,Ohio,43.7,9.6,22.9,29.2,16.2,25.8,36.6,21.0,43.2,18.1,37.5
39133,Portage,OH,Ohio,34.7,6.8,14.5,24.6,11.8,18.0,25.0,17.8,32.9,13.1,38.3
39135,Preble,OH,Ohio,39.0,7.9,17.0,26.0,13.4,19.7,30.3,17.9,39.7,14.8,36.8
39137,Putnam,OH,Ohio,36.6,7.0,14.0,24.2,12.3,16.9,24.7,16.4,43.7,13.4,33.0
39139,Richland,OH,Ohio,38.9,8.3,18.0,26.2,14.5,21.7,30.2,18.8,39.0,15.6,40.4
39141,Ross,OH,Ohio,40.7,8.1,19.8,27.9,15.0,22.3,30.8,19.2,44.3,15.7,39.4
39143,Sandusky,OH,Ohio,39.7,8.0,16.6,25.0,14.4,21.0,29.3,17.6,40.7,15.1,40.0
39145,Scioto,OH,Ohio,43.6,9.0,20.8,29.3,15.3,24.9,35.9,21.0,44.7,17.6,43.0
39147,Seneca,OH,Ohio,36.0,7.4,16.4,25.4,13.2,19.6,29.3,18.0,35.8,14.5,36.4
39149,Shelby,OH,Ohio,38.2,7.7,17.0,25.6,13.3,19.8,29.3,18.1,39.6,14.8,38.3
39151,Stark,OH,Ohio,38.5,7.9,17.1,25.1,13.7,20.5,29.1,17.7,40.4,14.6,34.6
39153,Summit,OH,Ohio,37.5,7.0,14.6,25.8,13.7,19.4,26.2,17.2,37.6,13.9,37.6
39155,Trumbull,OH,Ohio,40.2,8.9,18.4,25.6,15.5,22.0,31.3,18.5,39.7,15.7,40.0
39157,Tuscarawas,OH,Ohio,39.9,8.2,17.5,24.9,13.6,20.4,29.9,18.4,43.4,15.0,40.5
39159,Union,OH,Ohio,32.0,5.2,12.6,24.2,10.2,14.1,23.2,16.1,39.8,11.4,34.8
39161,Van Wert,OH,Ohio,38.8,7.8,16.5,25.7,13.2,19.8,29.3,17.8,37.3,14.4,35.6
39163,Vinton,OH,Ohio,41.2,8.9,21.2,28.1,15.4,23.8,33.0,19.6,40.3,17.1,38.8
39165,Warren,OH,Ohio,32.2,5.8,12.2,22.7,11.0,14.5,20.4,15.2,32.6,11.4,34.9
39167,Washington,OH,Ohio,41.2,8.6,17.0,25.8,13.8,20.0,29.9,17.6,43.7,15.1,37.1
39169,Wayne,OH,Ohio,37.1,7.6,16.3,25.4,12.9,19.7,27.3,17.8,37.5,14.4,32.7
39171,Williams,OH,Ohio,39.9,8.3,17.8,25.8,14.4,20.8,31.6,18.2,40.6,15.3,37.1
39173,Wood,OH,Ohio,33.1,6.1,12.7,27.6,10.7,16.6,22.9,17.4,37.4,12.2,36.0
39175,Wyandot,OH,Ohio,39.1,7.6,15.5,24.6,13.0,18.2,27.1,17.0,35.6,14.0,36.9
40001,Adair,OK,Oklahoma,44.0,9.6,25.8,26.3,17.5,30.6,40.8,21.2,46.2,19.1,40.5
40003,Alfalfa,OK,Oklahoma,42.7,8.3,17.9,22.6,13.5,21.3,31.7,16.2,40.6,14.5,34.6
40005,Atoka,OK,Oklahoma,42.7,8.9,21.3,24.8,14.6,25.2,34.7,18.8,40.3,16.5,38.2
40007,Beaver,OK,Oklahoma,41.3,8.4,15.3,22.9,13.9,22.7,33.9,16.2,38.4,15.1,34.9
40009,Beckham,OK,Oklahoma,40.9,7.9,20.0,24.3,13.3,24.4,35.0,18.7,40.0,15.6,38.5
40011,Blaine,OK,Oklahoma,43.1,8.6,17.6,24.6,14.3,22.7,33.2,17.4,38.3,15.6,36.7
40013,Bryan,OK,Oklahoma,40.3,8.1,19.0,27.0,13.4,23.7,34.1,18.9,40.0,16.0,39.3
40015,Caddo,OK,Oklahoma,41.6,8.2,21.5,24.2,14.9,25.9,37.4,19.0,40.2,16.5,40.8
40017,Canadian,OK,Oklahoma,35.6,5.6,13.4,24.8,10.4,16.8,26.8,17.3,39.0,12.2,35.9
40019,Carter,OK,Oklahoma,41.3,7.7,18.0,25.5,13.7,22.1,34.6,18.4,39.7,15.1,38.4
40021,Cherokee,OK,Oklahoma,40.6,8.1,18.9,25.3,14.3,24.1,31.6,19.6,42.9,16.1,40.7
40023,Choctaw,OK,Oklahoma,46.1,9.9,21.5,25.3,17.2,27.8,38.6,19.3,45.4,18.0,37.0
40025,Cimarron,OK,Oklahoma,41.9,8.7,13.0,21.5,13.7,20.5,31.7,14.4,37.6,14.1,33.0
40027,Cleveland,OK,Oklahoma,34.2,5.9,13.2,25.5,10.9,17.9,26.6,17.5,36.3,12.3,35.1
40029,Coal,OK,Oklahoma,45.5,10.4,23.1,27.5,17.2,28.5,39.2,20.0,42.6,18.7,40.0
40031,Comanche,OK,Oklahoma,37.5,6.6,17.6,25.1,12.8,21.9,33.1,18.9,43.0,14.3,43.3
40033,Cotton,OK,Oklahoma,44.2,9.2,19.3,25.6,15.4,24.3,35.0,18.0,43.1,16.7,38.2
40035,Craig,OK,Oklahoma,44.7,9.6,22.2,26.0,15.9,26.7,36.1,19.7,41.8,17.7,38.8
40037,Creek,OK,Oklahoma,39.5,8.0,18.4,24.9,13.4,21.6,31.3,17.9,39.8,15.1,39.2
40039,Custer,OK,Oklahoma,35.1,6.9,15.4,25.9,11.8,21.0,31.4,18.4,41.0,13.8,37.8
40041,Delaware,OK,Oklahoma,47.1,10.4,20.5,25.4,16.7,26.2,35.9,18.5,37.8,17.8,36.0
40043,Dewey,OK,Oklahoma,41.8,8.3,17.5,24.8,13.5,21.5,32.5,17.5,38.2,15.2,35.4
40045,Ellis,OK,Oklahoma,43.7,9.1,16.4,24.2,14.1,21.7,33.2,16.5,39.6,15.2,34.8
40047,Garfield,OK,Oklahoma,38.9,7.3,16.9,22.9,12.6,21.2,32.0,16.9,41.7,13.9,36.2
40049,Garvin,OK,Oklahoma,41.7,8.2,19.2,25.9,14.1,23.3,34.4,18.7,38.6,15.7,38.4
40051,Grady,OK,Oklahoma,39.3,7.1,16.3,23.9,12.0,19.4,29.3,17.7,38.4,13.9,35.5
40053,Grant,OK,Oklahoma,42.4,8.8,16.9,24.2,13.5,21.1,32.5,16.8,36.3,15.1,36.3
40055,Greer,OK,Oklahoma,40.8,7.6,17.9,23.9,13.0,22.3,33.1,17.6,42.1,14.9,38.5
40057,Harmon,OK,Oklahoma,44.7,9.4,17.8,23.2,17.0,27.4,39.3,17.2,42.4,17.1,36.9
40059,Harper,OK,Oklahoma,41.9,8.5,16.2,23.3,14.0,22.4,33.3,16.2,39.4,15.3,36.9
40061,Haskell,OK,Oklahoma,44.1,9.5,20.7,25.4,15.4,25.7,36.3,18.8,42.2,17.2,40.7
40063,Hughes,OK,Oklahoma,43.0,9.0,21.8,25.3,15.1,26.1,36.5,19.3,41.9,16.9,38.3
40065,Jackson,OK,Oklahoma,39.1,7.3,16.1,24.6,13.2,22.2,34.4,17.5,40.4,14.6,41.1
40067,Jefferson,OK,Oklahoma,45.6,10.1,20.9,25.4,16.3,26.9,38.3,18.5,41.2,17.7,36.9
40069,Johnston,OK,Oklahoma,42.3,9.3,21.0,26.9,15.3,26.2,36.9,19.8,39.4,17.4,36.8
40071,Kay,OK,Oklahoma,41.4,8.6,18.7,26.5,14.1,23.2,32.1,18.6,42.6,15.8,35.6
40073,Kingfisher,OK,Oklahoma,38.1,7.2,15.6,23.6,11.9,20.2,33.6,17.0,37.1,14.0,35.8
40075,Kiowa,OK,Oklahoma,45.4,10.1,19.9,25.4,16.6,26.5,36.4,18.4,42.7,17.5,40.7
40077,Latimer,OK,Oklahoma,45.1,10.6,22.4,26.2,17.0,28.4,37.9,19.9,42.3,18.7,37.2
40079,Le Flore,OK,Oklahoma,42.5,9.1,21.9,25.9,15.1,26.2,37.9,19.8,40.3,17.3,38.3
40081,Lincoln,OK,Oklahoma,43.3,8.6,18.9,25.5,14.1,22.9,33.3,18.0,44.1,15.9,38.1
40083,Logan,OK,Oklahoma,39.8,6.9,15.3,24.5,12.0,18.8,28.8,16.9,40.2,13.3,34.9
40085,Love,OK,Oklahoma,41.6,8.5,18.5,24.8,14.4,24.1,35.0,18.0,38.8,15.9,36.1
40087,McClain,OK,Oklahoma,38.8,6.6,15.4,25.2,11.3,18.5,28.6,17.1,38.5,13.5,37.7
40089,McCurtain,OK,Oklahoma,42.6,8.9,21.2,25.5,15.5,26.3,36.5,19.5,42.6,17.0,38.6
40091,McIntosh,OK,Oklahoma,49.1,11.1,21.8,26.1,17.7,28.1,39.8,18.9,44.8,18.6,36.5
40093,Major,OK,Oklahoma,40.8,8.4,16.9,24.2,13.3,21.1,33.9,16.9,41.9,15.1,33.4
40095,Marshall,OK,Oklahoma,43.9,9.6,18.7,24.6,15.7,25.6,37.3,17.8,39.4,16.9,37.9
40097,Mayes,OK,Oklahoma,43.2,8.7,20.3,25.1,14.6,24.0,34.9,19.0,41.8,16.7,37.4
40099,Murray,OK,Oklahoma,43.0,8.7,17.9,24.5,14.3,23.1,34.9,17.5,41.4,15.9,36.1
40101,Muskogee,OK,Oklahoma,42.6,8.5,20.7,26.1,15.2,26.5,35.8,20.1,41.5,17.1,39.6
40103,Noble,OK,Oklahoma,41.7,8.2,16.8,25.3,13.3,21.2,33.3,17.3,41.6,15.2,36.9
40105,Nowata,OK,Oklahoma,43.5,9.0,20.3,25.7,15.2,24.3,35.1,18.7,40.5,16.7,39.0
40107,Okfuskee,OK,Oklahoma,46.0,10.1,24.4,25.7,17.3,29.1,39.0,19.9,45.8,18.4,38.8
40109,Oklahoma,OK,Oklahoma,37.1,6.7,14.3,25.0,12.6,20.2,29.2,17.4,37.7,13.3,36.0
40111,Okmulgee,OK,Oklahoma,43.8,8.6,20.0,25.7,15.4,25.2,37.2,19.5,45.0,16.5,38.2
40113,Osage,OK,Oklahoma,45.6,8.7,17.9,24.0,14.4,22.3,31.9,17.4,46.4,15.3,36.5
40115,Ottawa,OK,Oklahoma,41.0,9.1,21.3,27.0,15.2,25.5,36.3,19.8,41.7,17.1,39.9
40117,Pawnee,OK,Oklahoma,42.1,8.8,19.3,26.0,14.3,23.3,33.3,18.2,39.7,16.0,37.1
40119,Payne,OK,Oklahoma,30.6,5.7,14.0,26.0,9.8,17.9,27.1,19.1,33.9,12.3,37.3
40121,Pittsburg,OK,Oklahoma,43.5,8.9,19.2,25.0,14.3,23.8,33.8,18.2,40.1,16.2,42.1
40123,Pontotoc,OK,Oklahoma,40.2,7.4,16.5,25.3,12.3,20.3,29.7,17.9,39.9,14.3,36.5
40125,Pottawatomie,OK,Oklahoma,40.9,7.5,18.1,25.9,13.0,22.5,32.2,19.2,41.2,15.2,37.6
40127,Pushmataha,OK,Oklahoma,46.9,11.0,23.6,27.0,17.7,28.4,39.6,19.2,39.1,18.9,36.9
40129,Roger Mills,OK,Oklahoma,43.8,9.3,17.4,24.6,14.6,22.2,33.5,17.1,40.3,15.6,35.4
40131,Rogers,OK,Oklahoma,37.8,7.2,15.7,24.6,12.4,18.6,28.5,16.9,40.1,13.9,34.2
40133,Seminole,OK,Oklahoma,44.4,9.6,22.5,27.6,16.1,27.6,37.9,20.3,45.0,18.2,39.6
40135,Sequoyah,OK,Oklahoma,44.7,9.7,22.8,26.8,16.6,27.7,37.4,20.3,47.1,18.4,37.0
40137,Stephens,OK,Oklahoma,43.7,8.8,18.6,25.4,14.2,23.8,34.3,17.9,39.1,16.0,33.7
40139,Texas,OK,Oklahoma,37.5,7.0,16.0,22.2,13.7,25.2,37.4,16.9,44.1,15.1,36.4
40141,Tillman,OK,Oklahoma,43.6,9.2,18.1,23.4,16.2,26.0,37.4,17.2,44.0,16.6,38.7
40143,Tulsa,OK,Oklahoma,35.6,6.6,14.7,27.2,11.7,20.2,30.8,17.9,35.7,13.5,35.0
40145,Wagoner,OK,Oklahoma,38.7,6.8,15.5,24.5,11.9,18.7,28.4,16.7,36.1,13.5,38.8
40147,Washington,OK,Oklahoma,39.6,8.2,16.9,26.5,13.2,21.2,30.9,17.2,42.4,14.6,39.9
40149,Washita,OK,Oklahoma,40.5,8.4,17.5,24.9,13.4,21.8,32.5,17.2,39.5,15.1,36.4
40151,Woods,OK,Oklahoma,36.1,7.2,14.7,26.0,11.1,19.3,29.1,17.9,36.6,13.4,36.6
40153,Woodward,OK,Oklahoma,39.5,7.5,16.9,24.1,12.1,20.8,30.7,17.4,41.5,14.3,36.7
41001,Baker,OR,Oregon,38.7,9.0,13.8,25.7,13.6,21.0,21.3,16.7,37.7,15.7,31.3
41003,Benton,OR,Oregon,27.4,5.7,9.6,26.7,9.3,16.2,16.2,18.0,25.9,12.0,25.2
41005,Clackamas,OR,Oregon,32.1,6.1,10.5,27.5,10.5,16.8,19.7,16.5,34.0,13.1,31.7
41007,Clatsop,OR,Oregon,37.1,8.0,13.2,26.4,12.6,20.3,21.5,17.0,34.8,15.2,29.2
41009,Columbia,OR,Oregon,34.9,7.2,14.3,27.3,12.1,20.2,22.1,18.0,33.5,14.9,33.1
41011,Coos,OR,Oregon,40.7,9.4,15.2,26.4,14.2,23.6,24.1,17.4,34.1,17.2,30.7
41013,Crook,OR,Oregon,37.7,7.9,13.0,26.7,12.5,19.7,21.2,17.1,36.1,14.8,30.8
41015,Curry,OR,Oregon,43.6,10.5,13.4,25.3,15.7,23.1,23.8,16.1,38.4,16.9,30.4
41017,Deschutes,OR,Oregon,33.0,6.4,10.6,24.8,10.2,16.1,16.6,15.7,27.2,12.7,24.8
41019,Douglas,OR,Oregon,39.4,9.1,14.5,27.2,14.3,23.4,25.8,17.8,37.6,16.7,33.3
41021,Gilliam,OR,Oregon,41.1,9.8,14.8,26.2,14.8,23.9,25.5,17.2,35.4,17.1,29.2
41023,Grant,OR,Oregon,41.0,10.0,14.4,25.7,14.6,22.8,24.7,16.9,33.6,16.7,31.0
41025,Harney,OR,Oregon,42.0,9.8,16.2,27.1,15.0,24.5,26.5,18.5,38.8,17.5,33.7
41027,Hood River,OR,Oregon,32.1,6.4,11.4,23.9,11.3,19.2,20.7,16.1,31.5,13.8,29.2
41029,Jackson,OR,Oregon,36.1,7.5,12.9,26.3,12.7,19.7,21.8,18.0,32.8,14.8,34.2
41031,Jefferson,OR,Oregon,35.5,7.6,14.6,25.5,13.4,22.3,23.3,18.1,35.5,15.6,33.6
41033,Josephine,OR,Oregon,39.0,9.5,15.5,27.0,14.8,24.2,25.7,18.1,33.8,17.5,31.4
41035,Klamath,OR,Oregon,40.0,8.6,15.1,27.3,14.1,23.5,26.3,18.7,37.9,16.6,33.2
41037,Lake,OR,Oregon,40.6,9.4,15.6,26.2,14.7,24.0,25.7,17.5,37.7,16.8,32.1
41039,Lane,OR,Oregon,33.3,6.8,12.2,27.4,10.8,19.0,19.2,18.8,34.3,14.1,30.1
41041,Lincoln,OR,Oregon,41.6,9.5,13.6,26.5,14.9,22.7,23.6,16.5,35.7,17.0,32.2
41043,Linn,OR,Oregon,34.4,7.1,14.2,30.5,12.0,21.1,22.6,18.8,40.1,15.2,33.9
41045,Malheur,OR,Oregon,36.3,7.8,15.9,24.8,13.9,25.7,28.3,18.9,41.2,16.7,35.1
41047,Marion,OR,Oregon,33.3,6.5,12.4,27.2,12.5,21.6,22.2,18.4,43.4,14.8,34.2
41049,Morrow,OR,Oregon,35.5,7.9,16.0,25.9,14.5,27.5,27.9,19.3,39.2,17.5,34.8
41051,Multnomah,OR,Oregon,28.5,5.2,12.0,29.9,9.5,17.3,17.6,18.1,28.9,12.3,28.7
41053,Polk,OR,Oregon,31.5,6.6,11.8,27.0,10.9,18.7,20.2,17.6,32.5,13.6,33.3
41055,Sherman,OR,Oregon,40.2,9.4,15.3,26.4,14.2,23.4,24.7,17.8,36.6,16.9,30.1
41057,Tillamook,OR,Oregon,37.6,8.6,13.2,25.4,13.5,20.9,22.1,16.6,32.1,15.5,29.2
41059,Umatilla,OR,Oregon,32.7,7.0,14.6,23.5,12.5,23.4,25.0,18.4,37.7,15.7,33.0
41061,Union,OR,Oregon,35.9,7.8,13.7,27.3,12.2,20.6,21.7,18.6,35.8,15.0,31.5
41063,Wallowa,OR,Oregon,38.5,8.3,11.8,25.6,12.6,19.0,20.4,15.6,34.2,14.5,29.6
41065,Wasco,OR,Oregon,35.4,7.9,14.5,26.4,13.3,22.4,23.6,17.9,37.9,15.9,29.9
41067,Washington,OR,Oregon,29.9,5.0,9.7,24.9,9.9,17.3,17.7,16.1,32.4,12.4,29.2
41069,Wheeler,OR,Oregon,45.2,11.3,14.1,25.3,16.5,24.5,25.8,16.2,35.8,17.8,30.6
41071,Yamhill,OR,Oregon,33.2,6.4,11.8,24.8,11.2,19.4,20.8,16.9,37.0,13.9,33.4
42001,Adams,PA,Pennsylvania,,,,,,,,,,,37.8
42003,Allegheny,PA,Pennsylvania,,,,,,,,,,,35.8
42005,Armstrong,PA,Pennsylvania,,,,,,,,,,,36.6
42007,Beaver,PA,Pennsylvania,,,,,,,,,,,35.5
42009,Bedford,PA,Pennsylvania,,,,,,,,,,,37.8
42011,Berks,PA,Pennsylvania,,,,,,,,,,,40.4
42013,Blair,PA,Pennsylvania,,,,,,,,,,,40.8
42015,Bradford,PA,Pennsylvania,,,,,,,,,,,37.1
42017,Bucks,PA,Pennsylvania,,,,,,,,,,,37.2
42019,Butler,PA,Pennsylvania,,,,,,,,,,,36.1
42021,Cambria,PA,Pennsylvania,,,,,,,,,,,38.4
42023,Cameron,PA,Pennsylvania,,,,,,,,,,,38.9
42025,Carbon,PA,Pennsylvania,,,,,,,,,,,37.6
42027,Centre,PA,Pennsylvania,,,,,,,,,,,35.2
42029,Chester,PA,Pennsylvania,,,,,,,,,,,31.7
42031,Clarion,PA,Pennsylvania,,,,,,,,,,,36.6
42033,Clearfield,PA,Pennsylvania,,,,,,,,,,,40.6
42035,Clinton,PA,Pennsylvania,,,,,,,,,,,41.0
42037,Columbia,PA,Pennsylvania,,,,,,,,,,,36.9
42039,Crawford,PA,Pennsylvania,,,,,,,,,,,35.9
42041,Cumberland,PA,Pennsylvania,,,,,,,,,,,35.4
42043,Dauphin,PA,Pennsylvania,,,,,,,,,,,42.0
42045,Delaware,PA,Pennsylvania,,,,,,,,,,,40.4
42047,Elk,PA,Pennsylvania,,,,,,,,,,,37.2
42049,Erie,PA,Pennsylvania,,,,,,,,,,,36.6
42051,Fayette,PA,Pennsylvania,,,,,,,,,,,38.2
42053,Forest,PA,Pennsylvania,,,,,,,,,,,41.0
42055,Franklin,PA,Pennsylvania,,,,,,,,,,,38.1
42057,Fulton,PA,Pennsylvania,,,,,,,,,,,38.2
42059,Greene,PA,Pennsylvania,,,,,,,,,,,38.9
42061,Huntingdon,PA,Pennsylvania,,,,,,,,,,,37.5
42063,Indiana,PA,Pennsylvania,,,,,,,,,,,36.7
42065,Jefferson,PA,Pennsylvania,,,,,,,,,,,37.4
42067,Juniata,PA,Pennsylvania,,,,,,,,,,,36.8
42069,Lackawanna,PA,Pennsylvania,,,,,,,,,,,40.0
42071,Lancaster,PA,Pennsylvania,,,,,,,,,,,37.7
42073,Lawrence,PA,Pennsylvania,,,,,,,,,,,44.2
42075,Lebanon,PA,Pennsylvania,,,,,,,,,,,35.1
42077,Lehigh,PA,Pennsylvania,,,,,,,,,,,35.9
42079,Luzerne,PA,Pennsylvania,,,,,,,,,,,38.8
42081,Lycoming,PA,Pennsylvania,,,,,,,,,,,36.7
42083,McKean,PA,Pennsylvania,,,,,,,,,,,36.0
42085,Mercer,PA,Pennsylvania,,,,,,,,,,,38.4
42087,Mifflin,PA,Pennsylvania,,,,,,,,,,,39.8
42089,Monroe,PA,Pennsylvania,,,,,,,,,,,41.3
42091,Montgomery,PA,Pennsylvania,,,,,,,,,,,36.6
42093,Montour,PA,Pennsylvania,,,,,,,,,,,36.6
42095,Northampton,PA,Pennsylvania,,,,,,,,,,,35.8
42097,Northumberland,PA,Pennsylvania,,,,,,,,,,,39.2
42099,Perry,PA,Pennsylvania,,,,,,,,,,,36.9
42101,Philadelphia,PA,Pennsylvania,,,,,,,,,,,42.4
42103,Pike,PA,Pennsylvania,,,,,,,,,,,37.8
42105,Potter,PA,Pennsylvania,,,,,,,,,,,37.3
42107,Schuylkill,PA,Pennsylvania,,,,,,,,,,,40.8
42109,Snyder,PA,Pennsylvania,,,,,,,,,,,34.9
42111,Somerset,PA,Pennsylvania,,,,,,,,,,,35.7
42113,Sullivan,PA,Pennsylvania,,,,,,,,,,,38.3
42115,Susquehanna,PA,Pennsylvania,,,,,,,,,,,36.3
42117,Tioga,PA,Pennsylvania,,,,,,,,,,,39.5
42119,Union,PA,Pennsylvania,,,,,,,,,,,37.8
42121,Venango,PA,Pennsylvania,,,,,,,,,,,37.3
42123,Warren,PA,Pennsylvania,,,,,,,,,,,39.3
42125,Washington,PA,Pennsylvania,,,,,,,,,,,36.7
42127,Wayne,PA,Pennsylvania,,,,,,,,,,,38.8
42129,Westmoreland,PA,Pennsylvania,,,,,,,,,,,36.7
42131,Wyoming,PA,Pennsylvania,,,,,,,,,,,37.8
42133,York,PA,Pennsylvania,,,,,,,,,,,38.3
44001,Bristol,RI,Rhode Island,32.4,6.0,10.1,23.4,9.8,13.7,18.8,14.5,25.6,11.3,31.8
44003,Kent,RI,Rhode Island,36.8,6.4,12.7,24.7,11.8,16.6,23.7,15.8,33.0,12.8,34.6
44005,Newport,RI,Rhode Island,35.1,6.9,9.2,22.4,10.3,14.5,20.1,13.9,27.4,11.6,27.4
44007,Providence,RI,Rhode Island,33.0,6.2,12.2,23.1,11.6,19.1,28.7,17.9,33.4,14.0,37.3
44009,Washington,RI,Rhode Island,33.1,6.4,9.5,22.1,9.0,13.1,17.8,14.4,27.0,11.3,30.4
45001,Abbeville,SC,South Carolina,43.7,8.6,16.0,23.2,16.9,24.1,31.0,17.6,37.6,16.5,36.9
45003,Aiken,SC,South Carolina,38.9,7.1,13.4,22.7,13.9,20.4,26.5,15.6,34.4,14.0,37.1
45005,Allendale,SC,South Carolina,50.1,9.1,19.0,19.6,21.6,31.4,38.4,18.3,46.7,17.8,44.7
45007,Anderson,SC,South Carolina,38.0,7.2,14.2,25.9,13.3,21.0,26.4,17.7,36.3,15.0,34.2
45009,Bamberg,SC,South Carolina,47.1,8.7,16.3,20.1,19.5,27.3,32.7,17.7,42.0,16.7,39.8
45011,Barnwell,SC,South Carolina,45.7,9.2,19.5,22.4,19.4,29.4,36.2,18.9,44.2,17.9,43.9
45013,Beaufort,SC,South Carolina,38.2,7.5,9.6,18.0,12.7,15.2,19.9,13.1,29.6,12.6,30.4
45015,Berkeley,SC,South Carolina,36.4,5.6,12.9,22.4,12.9,18.4,25.6,16.7,37.9,13.0,36.8
45017,Calhoun,SC,South Carolina,45.3,8.2,14.1,21.2,17.3,22.7,29.1,15.8,40.7,15.3,37.0
45019,Charleston,SC,South Carolina,32.3,5.5,10.5,21.3,11.4,15.4,20.3,14.4,30.0,11.4,30.0
45021,Cherokee,SC,South Carolina,39.8,7.7,17.3,24.1,15.0,24.0,31.4,18.7,38.8,16.2,39.1
45023,Chester,SC,South Carolina,43.8,8.3,17.8,23.0,16.9,25.5,32.8,18.5,37.9,16.6,38.1
45025,Chesterfield,SC,South Carolina,44.6,8.5,18.1,23.1,18.1,27.1,34.6,18.4,45.2,17.6,38.9
45027,Clarendon,SC,South Carolina,48.1,9.3,16.9,22.0,19.6,27.6,33.7,17.5,38.0,17.1,36.3
45029,Colleton,SC,South Carolina,44.1,8.4,17.6,22.6,17.3,25.9,33.2,17.8,39.3,16.7,38.1
45031,Darlington,SC,South Carolina,44.6,8.0,16.4,22.9,17.6,25.4,30.3,17.8,45.6,16.2,37.6
45033,Dillon,SC,South Carolina,47.4,9.1,21.0,22.8,20.3,31.6,35.8,20.2,45.3,18.5,39.9
45035,Dorchester,SC,South Carolina,35.3,5.9,13.2,21.7,12.8,18.4,24.6,16.2,35.4,13.2,37.4
45037,Edgefield,SC,South Carolina,40.3,7.7,16.3,20.6,16.2,23.6,29.0,17.1,39.9,15.5,38.0
45039,Fairfield,SC,South Carolina,49.1,9.1,17.2,20.6,20.5,27.4,33.4,17.2,45.7,17.0,39.7
45041,Florence,SC,South Carolina,42.6,7.0,14.8,22.7,15.5,23.1,30.1,17.6,40.6,14.9,37.4
45043,Georgetown,SC,South Carolina,44.1,8.6,11.9,19.8,16.9,19.9,25.2,14.0,31.8,14.4,34.3
45045,Greenville,SC,South Carolina,35.6,6.1,11.3,21.8,12.2,17.5,23.2,16.0,32.5,12.8,32.1
45047,Greenwood,SC,South Carolina,40.8,7.5,15.0,23.6,15.4,22.6,28.5,17.1,36.8,15.0,39.4
45049,Hampton,SC,South Carolina,46.7,8.6,19.1,21.1,20.2,29.1,35.1,18.4,41.6,16.9,43.2
45051,Horry,SC,South Carolina,42.0,8.1,14.6,21.5,14.9,20.8,25.0,16.6,32.3,15.8,34.6
45053,Jasper,SC,South Carolina,43.3,8.3,14.0,20.6,17.0,23.6,30.2,15.8,35.0,15.5,35.8
45055,Kershaw,SC,South Carolina,40.1,7.0,14.5,21.9,14.8,20.6,27.5,16.7,36.6,14.7,38.8
45057,Lancaster,SC,South Carolina,37.3,7.1,12.6,22.1,14.1,19.6,26.5,15.8,36.1,14.2,37.7
45059,Laurens,SC,South Carolina,40.5,7.7,16.5,23.4,15.6,25.3,31.9,17.9,36.3,16.0,34.4
45061,Lee,SC,South Carolina,48.3,8.6,18.6,21.1,20.1,29.6,36.2,18.6,43.7,17.2,42.5
45063,Lexington,SC,South Carolina,37.1,6.2,13.0,24.4,12.3,18.8,25.9,16.2,36.2,13.2,34.4
45065,McCormick,SC,South Carolina,51.5,11.1,14.6,18.8,20.6,24.9,30.6,13.9,36.9,16.6,35.4
45067,Marion,SC,South Carolina,49.6,9.5,20.1,21.6,22.0,31.7,36.8,19.1,45.3,18.7,38.8
45069,Marlboro,SC,South Carolina,49.1,9.0,21.0,21.8,20.5,32.0,38.8,19.4,41.0,18.6,43.6
45071,Newberry,SC,South Carolina,42.4,7.8,15.3,22.1,16.1,22.2,30.8,17.0,38.1,15.2,35.7
45073,Oconee,SC,South Carolina,39.8,8.7,14.7,25.0,15.3,22.5,28.6,15.8,38.2,16.1,35.3
45075,Orangeburg,SC,South Carolina,47.3,8.4,16.4,21.4,19.0,27.5,33.9,18.0,42.2,16.3,39.5
45077,Pickens,SC,South Carolina,34.9,6.7,13.5,25.4,12.1,20.1,25.6,18.0,35.4,14.1,35.9
45079,Richland,SC,South Carolina,36.5,5.4,11.2,22.3,13.0,19.2,21.7,16.6,34.7,12.6,41.6
45081,Saluda,SC,South Carolina,42.4,8.5,15.9,21.4,16.8,25.4,32.2,16.5,43.6,16.4,39.9
45083,Spartanburg,SC,South Carolina,38.2,6.5,14.2,24.1,13.5,20.9,27.4,17.3,37.9,14.3,37.9
45085,Sumter,SC,South Carolina,41.6,7.0,15.0,21.0,15.8,22.4,27.4,17.4,42.7,14.7,41.9
45087,Union,SC,South Carolina,47.4,9.4,19.2,23.4,19.1,29.0,34.0,18.8,44.0,18.3,39.4
45089,Williamsburg,SC,South Carolina,49.9,8.6,17.5,20.0,20.4,29.3,34.9,17.9,45.0,16.8,39.1
45091,York,SC,South Carolina,35.5,5.3,11.3,21.9,11.8,16.7,23.3,15.9,37.3,12.1,33.9
46003,Aurora,SD,South Dakota,34.7,7.6,15.4,20.1,12.2,17.9,25.2,14.9,36.4,13.0,28.9
46005,Beadle,SD,South Dakota,34.9,7.8,16.9,20.4,13.4,20.9,29.7,15.4,35.4,14.1,31.3
46007,Bennett,SD,South Dakota,38.9,9.8,28.0,22.4,18.7,30.4,35.1,20.4,42.4,19.1,31.3
46009,Bon Homme,SD,South Dakota,36.7,8.1,17.7,19.6,12.8,19.9,26.7,15.3,37.0,13.7,29.7
46011,Brookings,SD,South Dakota,25.5,5.0,10.7,23.5,8.5,13.6,18.4,15.9,35.7,10.0,30.0
46013,Brown,SD,South Dakota,31.7,6.5,14.1,20.2,11.2,16.3,24.4,14.8,35.1,12.0,29.6
46015,Brule,SD,South Dakota,37.0,8.2,16.4,20.3,13.2,19.4,26.2,15.2,38.2,14.0,29.5
46017,Buffalo,SD,South Dakota,35.6,8.0,31.7,22.6,17.5,31.4,36.4,23.1,48.5,18.9,38.8
46019,Butte,SD,South Dakota,35.8,7.9,16.8,21.3,12.5,19.2,27.7,15.7,35.7,13.6,31.2
46021,Campbell,SD,South Dakota,40.0,9.4,13.7,18.4,13.8,18.1,25.7,12.6,33.0,13.4,27.8
46023,Charles Mix,SD,South Dakota,38.3,9.0,20.4,20.9,15.3,23.0,30.0,16.8,40.4,15.5,31.9
46025,Clark,SD,South Dakota,36.6,8.6,16.5,19.9,13.1,19.2,27.3,14.6,34.1,13.9,29.2
46027,Clay,SD,South Dakota,24.5,4.9,12.4,24.3,8.1,14.6,21.7,17.8,34.7,10.5,31.4
46029,Codington,SD,South Dakota,33.2,7.4,16.2,21.3,12.1,18.7,26.5,15.2,35.9,12.9,30.6
46031,Corson,SD,South Dakota,40.1,10.4,29.6,23.8,19.9,32.6,37.3,21.2,43.5,20.0,35.5
46033,Custer,SD,South Dakota,40.3,8.9,13.9,18.8,13.9,17.2,25.1,12.4,33.9,13.2,27.8
46035,Davison,SD,South Dakota,35.6,7.5,15.6,20.4,12.2,18.1,25.4,15.2,38.0,13.1,29.8
46037,Day,SD,South Dakota,39.2,9.5,16.6,19.7,14.7,20.0,26.8,14.6,34.8,14.6,28.7
46039,Deuel,SD,South Dakota,34.6,7.6,14.8,20.1,11.9,16.8,23.9,14.4,33.3,12.6,29.4
46041,Dewey,SD,South Dakota,38.1,8.3,29.5,22.1,18.0,29.9,36.3,21.1,43.6,18.1,36.3
46043,Douglas,SD,South Dakota,38.2,8.9,15.8,20.5,13.6,19.3,26.3,14.7,35.1,13.9,28.7
46045,Edmunds,SD,South Dakota,36.5,8.1,14.7,19.8,12.4,17.0,23.1,13.9,33.7,12.9,29.0
46047,Fall River,SD,South Dakota,43.1,10.5,17.4,20.0,16.4,21.8,30.5,14.3,38.0,15.5,31.7
46049,Faulk,SD,South Dakota,38.6,9.5,17.2,21.1,14.4,20.8,27.8,15.4,36.3,14.8,30.4
46051,Grant,SD,South Dakota,36.5,8.2,14.7,19.4,12.8,17.9,26.5,13.8,37.3,13.3,27.9
46053,Gregory,SD,South Dakota,38.9,9.2,16.2,20.1,14.1,20.0,27.0,14.8,35.9,14.4,29.9
46055,Haakon,SD,South Dakota,38.0,9.1,15.7,19.9,13.5,18.6,26.8,14.4,33.7,13.7,27.3
46057,Hamlin,SD,South Dakota,30.3,6.2,14.6,20.1,10.1,15.8,23.2,15.2,34.6,11.9,31.0
46059,Hand,SD,South Dakota,35.7,7.9,13.0,19.6,11.9,15.8,22.8,13.6,33.9,12.3,30.0
46061,Hanson,SD,South Dakota,33.9,6.9,16.8,21.8,12.1,17.7,24.2,15.8,36.6,13.1,30.6
46063,Harding,SD,South Dakota,34.0,7.0,13.3,19.7,11.2,15.1,21.4,13.7,35.3,11.7,28.4
46065,Hughes,SD,South Dakota,32.0,6.3,13.7,20.3,10.8,15.1,21.9,14.4,34.0,11.6,27.3
46067,Hutchinson,SD,South Dakota,35.3,7.7,14.6,20.3,12.1,17.1,24.0,14.4,34.4,12.7,28.3
46069,Hyde,SD,South Dakota,37.4,8.8,16.3,20.6,13.6,19.4,26.1,15.1,35.3,14.1,29.6
46071,Jackson,SD,South Dakota,40.2,10.3,28.5,22.3,18.6,31.3,35.2,20.9,40.9,19.5,34.8
46073,Jerauld,SD,South Dakota,39.2,8.9,14.5,18.7,13.8,18.3,26.2,13.2,35.6,13.5,29.3
46075,Jones,SD,South Dakota,41.0,9.5,16.2,19.6,14.7,19.3,27.2,14.0,35.4,14.2,27.3
46077,Kingsbury,SD,South Dakota,35.5,7.9,14.7,20.1,12.1,17.2,24.6,14.3,35.6,12.9,27.4
46079,Lake,SD,South Dakota,35.8,7.5,13.2,19.4,12.0,15.8,22.5,13.6,32.5,12.1,30.5
46081,Lawrence,SD,South Dakota,33.0,7.6,14.2,20.4,11.4,16.4,23.5,14.0,32.7,12.6,28.8
46083,Lincoln,SD,South Dakota,28.9,5.1,11.6,19.7,8.8,12.3,17.6,13.6,34.9,9.7,26.6
46085,Lyman,SD,South Dakota,38.7,9.2,21.4,20.8,15.8,24.1,30.1,17.1,40.1,15.8,33.1
46087,McCook,SD,South Dakota,32.8,6.7,14.0,20.5,11.0,15.7,22.9,14.2,36.1,12.0,29.0
46089,McPherson,SD,South Dakota,40.9,10.3,16.2,19.3,14.8,21.3,29.2,14.0,34.9,15.0,27.8
46091,Marshall,SD,South Dakota,36.0,7.8,15.2,19.1,12.7,17.3,24.7,14.1,35.9,13.0,29.2
46093,Meade,SD,South Dakota,31.3,6.1,14.1,22.6,9.5,15.4,21.4,15.8,30.4,11.6,27.9
46095,Mellette,SD,South Dakota,42.5,11.5,30.2,22.8,21.1,32.7,38.5,20.7,45.6,20.3,37.3
46097,Miner,SD,South Dakota,37.7,8.6,15.9,19.9,13.3,18.7,26.6,14.6,35.7,13.7,29.4
46099,Minnehaha,SD,South Dakota,31.7,5.5,14.2,22.3,10.6,15.8,23.3,15.7,37.4,11.0,28.1
46101,Moody,SD,South Dakota,34.1,7.2,14.5,19.3,12.1,16.9,23.8,14.2,33.6,12.5,31.0
46102,Oglala Lakota,SD,South Dakota,38.9,9.7,39.8,24.3,21.1,39.7,40.1,25.7,47.0,22.5,40.6
46103,Pennington,SD,South Dakota,34.6,7.0,15.0,21.0,12.1,17.1,23.3,14.8,33.7,12.5,31.7
46105,Perkins,SD,South Dakota,38.7,9.3,16.0,20.2,14.3,19.6,26.6,14.4,36.0,14.3,26.0
46107,Potter,SD,South Dakota,37.9,8.5,13.6,19.1,13.1,16.8,24.3,13.5,34.8,12.8,27.7
46109,Roberts,SD,South Dakota,39.6,9.5,20.3,20.5,16.3,23.5,31.7,16.8,43.0,16.1,34.7
46111,Sanborn,SD,South Dakota,35.9,7.8,16.1,20.2,12.6,18.2,25.5,14.7,36.3,13.4,28.0
46115,Spink,SD,South Dakota,37.3,8.3,15.1,20.2,12.9,18.1,25.6,14.2,36.0,13.4,30.2
46117,Stanley,SD,South Dakota,33.6,6.9,13.4,20.0,11.1,15.1,21.8,13.9,35.2,11.8,28.9
46119,Sully,SD,South Dakota,37.6,8.1,13.7,18.8,12.5,16.2,23.4,13.4,34.7,12.4,28.1
46121,Todd,SD,South Dakota,38.5,9.5,37.2,24.2,20.7,37.8,40.8,24.8,49.3,21.8,40.3
46123,Tripp,SD,South Dakota,39.9,9.8,18.9,20.6,15.3,22.6,29.4,15.9,37.0,15.7,31.6
46125,Turner,SD,South Dakota,34.3,7.3,15.0,20.4,11.8,16.8,24.2,14.6,34.0,12.6,27.5
46127,Union,SD,South Dakota,32.0,6.4,12.8,19.9,10.6,14.8,21.1,13.8,31.2,11.2,31.2
46129,Walworth,SD,South Dakota,36.7,8.4,15.7,19.8,13.4,18.7,25.1,14.5,34.3,13.5,29.2
46135,Yankton,SD,South Dakota,35.0,7.1,13.8,20.2,11.8,16.4,24.5,14.4,38.3,12.3,28.7
46137,Ziebach,SD,South Dakota,39.4,9.2,30.4,23.1,18.7,31.7,37.8,21.5,47.2,19.3,38.3
47001,Anderson,TN,Tennessee,41.8,7.8,18.5,30.2,14.1,23.0,27.4,19.9,42.0,15.8,36.5
47003,Bedford,TN,Tennessee,39.4,7.0,19.4,29.6,13.5,24.7,29.6,20.4,44.4,16.1,40.0
47005,Benton,TN,Tennessee,46.0,10.0,22.4,29.4,16.9,28.4,33.8,20.5,40.8,18.8,39.6
47007,Bledsoe,TN,Tennessee,45.7,10.2,25.6,29.0,17.3,31.0,34.7,21.0,41.9,19.6,39.8
47009,Blount,TN,Tennessee,40.8,7.5,16.6,29.3,13.4,21.3,25.8,18.5,36.3,15.1,37.9
47011,Bradley,TN,Tennessee,40.8,7.3,17.6,28.7,13.4,22.3,25.9,19.7,41.5,15.4,37.1
47013,Campbell,TN,Tennessee,43.5,9.3,22.8,31.0,15.7,27.7,32.3,21.5,42.6,18.7,37.3
47015,Cannon,TN,Tennessee,41.5,8.2,20.8,30.3,14.5,25.4,29.5,20.5,43.1,17.1,39.2
47017,Carroll,TN,Tennessee,42.0,8.4,19.8,29.7,15.2,25.1,30.3,20.2,42.8,16.8,38.9
47019,Carter,TN,Tennessee,44.7,9.3,20.5,31.5,15.9,26.6,31.4,20.2,37.9,18.1,42.9
47021,Cheatham,TN,Tennessee,38.1,6.6,17.4,28.7,12.4,20.6,24.6,18.9,39.6,14.6,37.8
47023,Chester,TN,Tennessee,39.8,7.5,19.4,30.8,13.9,24.2,28.6,21.2,39.0,16.2,41.3
47025,Claiborne,TN,Tennessee,42.6,8.5,20.9,30.9,15.0,25.9,30.3,20.8,42.3,17.4,38.6
47027,Clay,TN,Tennessee,47.4,10.8,23.1,30.2,17.8,29.5,34.2,20.2,39.9,19.5,37.8
47029,Cocke,TN,Tennessee,45.5,10.0,23.9,31.1,17.2,29.5,33.3,21.2,40.3,19.4,41.4
47031,Coffee,TN,Tennessee,41.6,7.9,19.9,29.8,13.9,24.5,28.3,20.0,39.5,16.4,39.7
47033,Crockett,TN,Tennessee,42.7,8.0,19.5,27.9,15.5,25.8,30.9,20.0,42.1,16.9,41.1
47035,Cumberland,TN,Tennessee,49.0,10.9,19.4,29.1,17.3,26.7,29.7,18.3,39.5,18.0,35.2
47037,Davidson,TN,Tennessee,33.3,5.1,14.0,28.2,11.2,20.6,24.7,19.2,32.3,12.6,37.0
47039,Decatur,TN,Tennessee,46.5,10.4,23.8,30.4,17.8,29.6,33.5,20.6,43.0,19.4,41.4
47041,DeKalb,TN,Tennessee,43.6,8.9,22.2,30.1,15.9,27.8,32.2,20.8,40.4,18.3,38.5
47043,Dickson,TN,Tennessee,37.6,6.8,18.0,29.4,12.7,22.1,27.1,19.6,37.6,15.1,38.7
47045,Dyer,TN,Tennessee,42.6,8.0,20.1,30.8,14.9,25.6,30.5,20.7,39.4,16.8,42.2
47047,Fayette,TN,Tennessee,45.1,8.0,16.5,25.8,15.9,22.7,26.8,17.6,39.0,15.2,36.5
47049,Fentress,TN,Tennessee,45.6,10.0,22.5,30.4,17.1,29.3,32.6,20.6,44.9,19.3,39.1
47051,Franklin,TN,Tennessee,40.7,7.8,17.7,30.1,13.9,22.8,28.8,19.6,35.0,15.5,39.5
47053,Gibson,TN,Tennessee,41.5,7.6,20.1,28.5,14.7,24.9,29.8,20.2,39.6,16.2,40.3
47055,Giles,TN,Tennessee,43.1,8.4,19.5,29.1,15.4,25.1,28.8,19.8,39.8,16.8,39.9
47057,Grainger,TN,Tennessee,43.3,9.1,21.3,29.9,15.7,26.6,30.8,20.1,41.2,17.9,39.5
47059,Greene,TN,Tennessee,42.3,8.9,20.6,29.3,15.4,25.8,31.1,19.9,40.6,17.8,40.2
47061,Grundy,TN,Tennessee,44.5,9.6,24.2,31.2,16.5,29.1,33.0,21.4,40.6,19.2,37.6
47063,Hamblen,TN,Tennessee,41.4,8.2,20.9,30.1,15.2,26.6,31.1,20.6,40.5,17.6,39.5
47065,Hamilton,TN,Tennessee,38.3,6.6,15.4,26.6,12.7,20.3,22.4,17.9,34.5,13.6,36.9
47067,Hancock,TN,Tennessee,49.5,12.1,29.4,33.1,20.3,35.8,39.0,23.2,43.0,22.7,41.1
47069,Hardeman,TN,Tennessee,45.9,8.3,22.2,25.8,17.2,28.9,34.1,20.7,43.7,17.3,44.1
47071,Hardin,TN,Tennessee,45.7,10.1,22.7,30.2,17.1,29.0,33.3,20.6,38.1,19.0,38.0
47073,Hawkins,TN,Tennessee,43.9,9.2,21.2,30.7,16.0,26.3,31.6,20.1,41.1,17.9,37.1
47075,Haywood,TN,Tennessee,51.2,9.4,22.9,26.7,20.7,32.4,38.7,20.9,46.6,18.7,43.1
47077,Henderson,TN,Tennessee,43.0,8.4,21.5,29.0,15.4,26.4,31.1,20.4,38.8,17.5,37.7
47079,Henry,TN,Tennessee,45.1,9.7,21.0,30.4,16.9,27.2,32.5,19.8,38.2,18.3,38.4
47081,Hickman,TN,Tennessee,41.4,7.9,20.9,29.7,14.1,25.0,29.7,20.5,38.4,16.7,38.4
47083,Houston,TN,Tennessee,42.4,8.3,20.2,30.1,14.7,24.8,30.1,20.1,39.5,17.0,37.9
47085,Humphreys,TN,Tennessee,42.4,8.5,20.6,30.1,15.0,25.2,29.5,20.3,41.2,17.2,37.1
47087,Jackson,TN,Tennessee,44.8,10.1,23.2,30.6,17.0,28.7,33.0,20.3,39.4,18.8,39.0
47089,Jefferson,TN,Tennessee,40.9,8.0,18.1,30.1,13.6,23.0,27.1,19.5,37.3,16.1,35.8
47091,Johnson,TN,Tennessee,46.2,10.1,23.2,30.1,17.5,29.5,33.7,20.4,40.0,19.1,38.2
47093,Knox,TN,Tennessee,36.5,6.2,15.0,30.7,12.0,19.3,23.3,19.0,33.5,13.3,34.1
47095,Lake,TN,Tennessee,48.3,9.8,29.4,29.2,19.0,36.4,39.6,23.4,47.2,20.7,43.7
47097,Lauderdale,TN,Tennessee,45.5,8.3,23.4,27.9,17.2,30.3,34.5,21.8,47.2,17.9,45.7
47099,Lawrence,TN,Tennessee,42.0,8.5,21.4,32.0,14.9,26.5,30.5,21.2,41.5,17.6,39.6
47101,Lewis,TN,Tennessee,42.0,8.6,20.8,30.2,14.9,25.7,29.8,20.6,39.2,17.5,38.3
47103,Lincoln,TN,Tennessee,42.1,8.0,18.9,28.3,14.8,24.3,28.8,19.3,40.5,16.5,38.5
47105,Loudon,TN,Tennessee,44.8,9.0,15.9,26.7,15.1,23.1,27.1,16.9,36.4,16.0,35.9
47107,McMinn,TN,Tennessee,43.3,8.3,19.7,29.2,15.4,24.8,30.0,20.1,46.8,16.9,38.1
47109,McNairy,TN,Tennessee,44.3,9.0,22.0,30.2,16.2,27.2,31.3,20.9,39.4,18.0,38.4
47111,Macon,TN,Tennessee,39.4,7.9,22.7,30.7,14.6,27.2,31.8,21.8,43.1,17.4,37.7
47113,Madison,TN,Tennessee,43.7,7.7,18.4,26.9,16.2,25.7,30.4,19.5,43.8,16.0,36.6
47115,Marion,TN,Tennessee,44.0,9.2,21.7,30.4,16.2,27.3,31.1,20.2,40.6,18.1,38.0
47117,Marshall,TN,Tennessee,39.9,7.1,18.8,30.1,13.6,22.8,27.2,20.0,40.0,15.6,40.4
47119,Maury,TN,Tennessee,39.0,6.6,16.4,27.9,12.6,20.1,24.6,18.9,35.2,14.1,39.2
47121,Meigs,TN,Tennessee,44.9,9.3,22.2,30.2,15.9,27.2,31.1,20.4,40.8,18.2,35.3
47123,Monroe,TN,Tennessee,45.2,9.3,21.7,30.8,15.9,27.0,31.9,20.4,39.1,18.3,36.1
47125,Montgomery,TN,Tennessee,33.9,4.8,15.6,28.6,10.8,19.1,23.7,20.0,38.4,12.9,44.8
47127,Moore,TN,Tennessee,42.7,8.5,18.8,28.8,14.7,23.7,28.6,18.9,38.8,16.4,37.4
47129,Morgan,TN,Tennessee,42.4,8.5,22.2,30.0,14.8,26.3,30.4,20.8,43.4,17.5,41.0
47131,Obion,TN,Tennessee,43.7,9.0,21.1,30.2,16.2,27.7,32.2,20.4,40.2,17.8,40.8
47133,Overton,TN,Tennessee,43.5,9.1,22.7,30.6,15.7,28.0,30.7,21.0,40.9,18.3,38.0
47135,Perry,TN,Tennessee,44.6,9.6,23.6,30.2,16.4,29.0,33.5,21.0,40.1,18.9,38.5
47137,Pickett,TN,Tennessee,49.0,12.1,23.5,29.9,19.1,30.9,35.1,19.9,41.8,20.4,38.1
47139,Polk,TN,Tennessee,43.8,8.7,20.7,30.5,15.1,25.1,30.5,20.1,43.7,17.5,39.3
47141,Putnam,TN,Tennessee,37.0,6.9,17.6,28.9,12.4,22.2,25.4,20.5,37.5,15.2,36.0
47143,Rhea,TN,Tennessee,43.2,8.7,21.5,30.2,15.7,27.0,31.2,20.6,42.5,17.8,40.7
47145,Roane,TN,Tennessee,43.3,8.8,18.9,29.6,14.7,24.3,29.5,18.7,37.0,16.9,38.3
47147,Robertson,TN,Tennessee,38.2,6.6,18.0,28.3,12.7,21.8,27.2,19.5,37.0,14.9,38.2
47149,Rutherford,TN,Tennessee,34.0,5.0,14.6,26.8,10.9,18.2,22.9,19.6,37.9,12.8,38.3
47151,Scott,TN,Tennessee,44.1,9.6,26.4,32.7,16.6,30.9,35.4,23.1,43.4,19.8,41.7
47153,Sequatchie,TN,Tennessee,44.7,9.8,22.7,31.3,16.7,28.6,32.5,20.7,39.4,18.8,37.5
47155,Sevier,TN,Tennessee,40.8,8.2,18.8,29.4,14.4,23.9,27.2,19.7,38.4,16.7,37.2
47157,Shelby,TN,Tennessee,43.0,6.5,17.2,24.9,15.9,23.6,27.5,19.2,39.7,14.2,41.6
47159,Smith,TN,Tennessee,39.1,7.5,19.7,30.0,13.5,23.3,27.7,20.1,39.1,16.1,37.4
47161,Stewart,TN,Tennessee,41.4,8.0,18.7,29.0,14.0,23.1,27.6,19.2,38.1,16.1,38.4
47163,Sullivan,TN,Tennessee,42.0,8.5,19.2,30.6,15.2,24.6,29.1,19.3,37.8,16.6,36.5
47165,Sumner,TN,Tennessee,37.0,6.4,15.3,29.3,12.2,19.8,23.6,18.4,40.6,13.9,36.9
47167,Tipton,TN,Tennessee,42.1,7.0,19.0,28.7,14.2,23.6,28.0,20.0,44.1,15.5,41.1
47169,Trousdale,TN,Tennessee,35.9,6.0,20.8,29.2,11.7,23.1,27.9,21.4,39.1,14.9,39.7
47171,Unicoi,TN,Tennessee,45.2,9.7,21.4,29.9,16.5,27.1,31.9,19.9,39.3,18.3,39.3
47173,Union,TN,Tennessee,41.2,8.3,21.3,29.9,14.6,25.3,29.5,20.4,40.3,17.2,36.8
47175,Van Buren,TN,Tennessee,45.1,9.5,21.1,29.5,16.0,26.3,31.0,19.8,39.2,17.9,38.8
47177,Warren,TN,Tennessee,42.1,8.2,21.4,29.7,15.5,26.9,31.8,20.7,42.3,17.6,38.7
47179,Washington,TN,Tennessee,36.9,7.3,16.9,30.9,12.8,21.8,25.4,19.7,35.5,15.2,37.0
47181,Wayne,TN,Tennessee,42.7,8.9,23.1,29.0,15.4,27.7,31.5,20.7,40.5,17.9,41.8
47183,Weakley,TN,Tennessee,38.3,7.8,19.0,30.1,13.9,24.5,28.9,21.5,39.1,16.0,38.6
47185,White,TN,Tennessee,43.3,9.0,22.1,31.4,15.6,27.1,32.1,20.7,39.7,18.1,37.8
47187,Williamson,TN,Tennessee,35.0,5.1,10.4,24.7,10.0,14.2,18.1,15.1,29.4,10.9,33.6
47189,Wilson,TN,Tennessee,35.7,5.9,14.4,27.0,11.3,18.1,21.8,17.7,31.2,13.1,38.2
48001,Anderson,TX,Texas,38.6,6.9,17.4,22.0,13.9,25.0,30.6,18.4,39.9,14.9,41.8
48003,Andrews,TX,Texas,31.9,5.6,14.5,22.1,12.7,25.5,31.1,18.2,36.7,14.6,38.9
48005,Angelina,TX,Texas,41.3,7.9,17.1,24.3,14.9,28.5,33.4,19.6,40.8,17.0,41.6
48007,Aransas,TX,Texas,43.5,9.1,14.1,22.4,15.9,24.5,30.2,15.7,36.0,15.7,37.6
48009,Archer,TX,Texas,38.1,7.5,14.6,23.8,12.7,20.7,26.5,17.2,34.9,14.3,35.5
48011,Armstrong,TX,Texas,38.0,7.4,12.8,23.0,12.6,19.1,24.9,16.2,33.3,13.7,35.1
48013,Atascosa,TX,Texas,36.8,6.6,13.7,20.7,15.4,26.9,35.0,17.0,42.2,15.3,37.6
48015,Austin,TX,Texas,39.5,7.9,14.6,22.1,14.7,23.9,30.1,16.8,37.3,15.1,36.3
48017,Bailey,TX,Texas,35.6,7.2,14.4,21.2,15.5,29.0,36.4,17.7,38.8,16.3,36.7
48019,Bandera,TX,Texas,42.6,9.1,13.9,22.7,15.7,22.7,29.7,15.5,35.5,15.5,35.9
48021,Bastrop,TX,Texas,35.7,6.5,14.0,21.9,13.4,23.9,31.3,17.0,40.2,14.4,33.8
48023,Baylor,TX,Texas,41.3,8.9,16.2,23.9,14.9,25.0,30.8,17.7,36.1,16.1,36.2
48025,Bee,TX,Texas,34.2,5.9,14.8,19.6,13.9,26.6,32.9,17.5,39.2,14.6,41.4
48027,Bell,TX,Texas,33.2,5.4,13.3,24.7,12.6,22.2,29.3,18.9,43.2,13.6,42.4
48029,Bexar,TX,Texas,33.5,5.4,12.2,22.2,13.9,22.8,30.6,16.7,34.1,13.9,41.0
48031,Blanco,TX,Texas,38.7,7.4,11.5,21.5,13.1,18.8,24.1,14.7,34.5,13.4,34.8
48033,Borden,TX,Texas,39.6,7.9,12.4,21.7,13.2,19.8,25.5,15.0,33.2,13.9,32.7
48035,Bosque,TX,Texas,40.0,8.4,14.2,22.9,14.3,22.5,28.2,16.5,35.9,15.2,36.6
48037,Bowie,TX,Texas,38.9,7.1,16.0,23.6,13.8,23.3,29.1,18.6,36.7,14.6,41.9
48039,Brazoria,TX,Texas,34.6,5.1,11.6,19.9,12.0,19.8,25.6,16.1,36.3,12.0,42.1
48041,Brazos,TX,Texas,27.8,4.6,11.7,24.2,9.7,19.6,24.2,19.5,29.4,11.8,33.9
48043,Brewster,TX,Texas,35.0,6.6,9.7,20.1,12.8,19.1,24.9,14.3,32.8,12.4,34.3
48045,Briscoe,TX,Texas,43.4,9.9,16.8,22.8,17.5,29.0,34.5,17.5,39.5,17.7,39.7
48047,Brooks,TX,Texas,38.3,8.1,15.4,19.3,19.8,36.3,42.8,17.5,42.6,18.4,40.1
48049,Brown,TX,Texas,38.1,7.8,15.3,23.5,14.0,23.9,30.1,17.7,34.9,15.5,37.8
48051,Burleson,TX,Texas,39.3,7.4,14.1,22.1,14.0,22.4,28.7,16.7,35.9,14.5,36.9
48053,Burnet,TX,Texas,38.3,7.7,13.1,22.2,13.5,21.2,26.8,16.1,35.3,14.3,37.0
48055,Caldwell,TX,Texas,34.9,6.5,14.4,21.4,14.6,26.6,33.3,17.5,42.2,15.3,37.2
48057,Calhoun,TX,Texas,36.8,7.3,13.0,20.1,14.7,24.2,31.3,16.1,34.8,14.8,37.0
48059,Callahan,TX,Texas,38.5,7.6,14.7,23.9,13.2,21.1,26.5,17.3,36.2,14.6,35.7
48061,Cameron,TX,Texas,34.0,7.1,13.0,18.9,18.3,31.2,36.9,16.5,40.3,16.2,39.8
48063,Camp,TX,Texas,40.9,8.3,17.2,23.5,16.1,27.8,33.8,18.9,40.0,16.7,38.9
48065,Carson,TX,Texas,36.0,6.8,13.1,23.2,11.7,18.5,24.2,16.6,34.0,13.2,36.3
48067,Cass,TX,Texas,42.8,8.7,17.2,24.0,15.7,25.3,30.8,18.6,39.3,16.3,39.8
48069,Castro,TX,Texas,36.2,7.2,13.3,20.1,15.5,27.3,34.2,16.6,38.2,15.5,38.3
48071,Chambers,TX,Texas,32.1,5.2,13.4,23.4,10.8,19.6,25.0,18.0,35.0,12.8,39.6
48073,Cherokee,TX,Texas,38.7,7.8,16.9,23.6,14.7,26.2,31.8,18.5,35.7,15.9,39.5
48075,Childress,TX,Texas,34.0,6.3,14.7,21.9,12.0,23.4,29.6,18.3,36.1,14.0,40.4
48077,Clay,TX,Texas,39.3,7.9,14.2,23.6,13.2,20.6,26.4,16.8,34.9,14.5,34.6
48079,Cochran,TX,Texas,39.8,8.8,19.3,22.9,18.6,35.5,41.7,19.6,42.6,19.2,42.3
48081,Coke,TX,Texas,42.3,9.6,15.3,22.9,15.9,25.5,31.7,16.9,36.3,16.4,38.2
48083,Coleman,TX,Texas,41.9,9.0,15.5,23.3,15.4,24.0,29.8,17.0,37.2,16.0,36.8
48085,Collin,TX,Texas,30.4,4.3,9.3,20.0,9.5,14.8,20.0,14.6,32.3,10.2,34.9
48087,Collingsworth,TX,Texas,39.9,8.2,16.5,23.4,15.5,27.1,32.0,18.0,39.3,16.5,38.8
48089,Colorado,TX,Texas,40.0,7.9,13.6,21.1,14.9,23.5,29.9,16.2,36.2,14.8,36.2
48091,Comal,TX,Texas,34.3,5.8,10.5,20.3,11.2,17.1,21.8,14.7,35.0,12.0,34.8
48093,Comanche,TX,Texas,40.1,8.5,14.5,22.5,14.8,24.4,30.5,16.8,36.7,15.7,37.9
48095,Concho,TX,Texas,38.5,7.6,15.8,20.0,14.2,25.8,32.0,16.9,37.1,15.1,39.3
48097,Cooke,TX,Texas,37.4,7.2,14.5,23.7,13.0,22.1,27.7,17.5,36.1,14.6,37.7
48099,Coryell,TX,Texas,30.4,4.9,14.1,24.0,10.3,20.3,26.8,19.6,37.3,12.8,42.0
48101,Cottle,TX,Texas,45.1,10.2,17.6,22.6,18.8,30.1,35.4,17.4,40.6,18.1,40.1
48103,Crane,TX,Texas,34.3,6.4,14.3,20.4,15.0,28.6,36.0,17.6,39.7,15.7,39.1
48105,Crockett,TX,Texas,37.7,7.7,14.3,20.3,16.5,28.8,35.3,16.5,37.7,16.6,37.7
48107,Crosby,TX,Texas,39.5,8.4,15.9,21.6,17.1,30.3,37.0,17.8,40.5,17.3,39.2
48109,Culberson,TX,Texas,40.2,8.7,16.1,19.9,19.3,33.8,40.8,17.2,40.3,18.1,39.5
48111,Dallam,TX,Texas,35.1,6.7,16.9,22.3,14.7,28.6,35.6,18.9,39.6,16.1,39.8
48113,Dallas,TX,Texas,33.1,5.3,12.5,19.3,12.5,22.5,30.5,17.1,35.7,12.6,35.6
48115,Dawson,TX,Texas,36.0,7.0,17.1,21.1,15.3,30.2,36.5,18.6,39.4,16.5,40.5
48117,Deaf Smith,TX,Texas,35.5,7.1,15.7,20.9,16.4,32.3,39.8,18.4,40.7,17.2,41.5
48119,Delta,TX,Texas,39.1,7.8,15.9,24.4,13.7,22.7,28.3,18.1,37.1,15.2,36.2
48121,Denton,TX,Texas,29.5,4.3,9.8,20.8,9.9,15.7,21.2,15.8,33.7,10.6,35.8
48123,DeWitt,TX,Texas,40.2,8.2,16.0,21.5,16.0,26.9,33.0,17.2,37.6,16.2,37.9
48125,Dickens,TX,Texas,43.0,9.6,15.1,21.9,16.7,26.4,32.5,16.4,37.5,16.7,35.9
48127,Dimmit,TX,Texas,42.3,9.9,18.9,20.9,23.4,42.7,49.5,19.2,46.8,21.4,43.0
48129,Donley,TX,Texas,39.4,8.4,14.3,23.6,14.0,23.0,28.8,17.7,34.2,15.3,36.7
48131,Duval,TX,Texas,38.4,8.2,14.8,19.4,18.8,34.0,41.1,17.4,41.2,17.8,40.0
48133,Eastland,TX,Texas,38.7,8.2,15.6,24.1,14.1,24.2,29.8,18.0,35.5,15.6,37.9
48135,Ector,TX,Texas,30.5,5.3,14.2,21.2,12.8,25.9,31.8,18.0,40.0,14.4,37.8
48137,Edwards,TX,Texas,44.6,10.5,15.0,20.1,19.3,30.2,36.4,15.5,38.2,17.8,38.2
48139,Ellis,TX,Texas,34.2,5.3,12.6,22.6,11.6,20.1,25.8,17.3,37.2,12.9,40.8
48141,El Paso,TX,Texas,33.1,5.8,12.1,19.9,15.4,26.9,33.4,17.5,34.0,15.0,37.6
48143,Erath,TX,Texas,30.9,5.8,12.9,24.9,10.8,20.1,25.1,19.3,33.4,13.1,39.3
48145,Falls,TX,Texas,40.9,8.1,17.1,23.1,16.1,27.6,33.8,19.1,40.0,16.4,40.5
48147,Fannin,TX,Texas,37.5,7.4,16.6,24.5,13.2,23.1,29.1,18.4,39.2,15.1,38.7
48149,Fayette,TX,Texas,39.3,8.0,12.3,21.3,13.8,20.8,26.5,15.4,33.9,14.2,35.0
48151,Fisher,TX,Texas,40.0,8.0,13.4,21.6,14.5,22.3,28.8,16.1,36.1,14.7,36.7
48153,Floyd,TX,Texas,38.9,8.3,15.2,21.0,17.0,29.9,36.5,17.3,39.1,17.0,38.8
48155,Foard,TX,Texas,45.4,10.9,18.0,23.8,18.2,30.1,35.6,18.4,40.1,18.7,38.2
48157,Fort Bend,TX,Texas,31.8,4.6,9.8,17.5,12.0,17.0,24.3,14.3,30.1,10.5,37.3
48159,Franklin,TX,Texas,38.4,7.5,13.1,22.9,13.0,20.2,25.5,16.3,35.3,13.9,34.2
48161,Freestone,TX,Texas,41.0,7.9,16.0,22.7,14.7,24.1,30.1,17.7,38.2,15.3,38.9
48163,Frio,TX,Texas,33.1,6.2,15.0,19.5,15.3,31.8,38.6,18.0,40.5,16.2,41.6
48165,Gaines,TX,Texas,30.8,5.5,16.4,23.8,11.8,26.0,31.8,20.1,36.1,15.2,38.8
48167,Galveston,TX,Texas,35.7,5.9,12.3,21.7,12.3,19.6,25.4,16.6,34.0,12.9,36.8
48169,Garza,TX,Texas,35.5,6.9,16.9,20.9,14.9,29.7,36.0,18.3,39.9,16.3,41.1
48171,Gillespie,TX,Texas,40.3,8.3,11.1,21.0,13.6,20.0,25.6,14.4,32.8,13.8,33.2
48173,Glasscock,TX,Texas,32.4,5.5,10.8,21.2,10.9,17.9,23.3,15.4,34.0,11.9,34.8
48175,Goliad,TX,Texas,40.5,8.5,14.2,21.5,15.6,24.6,30.4,16.2,37.0,15.6,36.7
48177,Gonzales,TX,Texas,38.8,7.9,15.8,21.8,16.0,28.9,35.8,17.9,39.4,16.6,37.8
48179,Gray,TX,Texas,37.6,7.3,16.4,23.2,13.9,25.1,31.6,18.4,38.5,15.4,38.9
48181,Grayson,TX,Texas,36.1,6.7,14.4,24.3,12.5,20.8,27.4,17.8,33.9,13.9,40.7
48183,Gregg,TX,Texas,37.6,6.7,15.3,23.7,13.5,23.7,29.1,18.8,36.8,14.7,39.4
48185,Grimes,TX,Texas,38.7,7.5,15.7,22.6,14.4,24.7,30.1,17.8,37.1,15.2,39.3
48187,Guadalupe,TX,Texas,33.8,5.6,12.5,22.1,12.8,20.4,25.9,16.4,34.7,12.9,37.0
48189,Hale,TX,Texas,36.3,7.1,15.7,21.3,15.6,29.7,36.1,18.3,38.9,16.3,41.0
48191,Hall,TX,Texas,42.7,9.5,15.6,22.1,17.5,28.4,34.4,17.3,39.1,17.1,38.7
48193,Hamilton,TX,Texas,41.3,8.9,15.3,23.2,14.6,23.7,30.0,17.0,36.1,15.7,38.0
48195,Hansford,TX,Texas,34.6,6.7,13.6,22.0,13.6,25.2,31.0,17.2,36.8,15.0,35.5
48197,Hardeman,TX,Texas,40.5,8.6,15.8,23.1,15.2,25.2,31.2,17.7,37.6,16.1,36.7
48199,Hardin,TX,Texas,36.7,6.8,15.6,24.8,12.4,21.1,26.8,18.5,34.0,14.5,39.5
48201,Harris,TX,Texas,32.8,5.4,12.7,19.7,13.2,21.8,26.8,16.5,37.3,12.9,41.0
48203,Harrison,TX,Texas,38.6,7.1,15.2,23.5,13.8,23.3,29.5,18.6,38.8,14.7,37.8
48205,Hartley,TX,Texas,34.9,6.3,13.4,20.7,12.0,21.0,26.8,16.3,34.5,13.3,35.9
48207,Haskell,TX,Texas,39.3,8.2,16.3,22.9,14.9,26.0,32.1,17.7,36.6,16.1,37.8
48209,Hays,TX,Texas,29.0,4.7,10.8,21.9,10.2,18.3,23.1,17.0,34.5,11.7,35.1
48211,Hemphill,TX,Texas,34.1,6.3,11.7,21.5,11.6,19.3,25.5,15.9,32.7,13.0,36.4
48213,Henderson,TX,Texas,40.6,8.3,16.1,24.2,14.5,24.1,30.1,17.9,35.4,15.8,36.4
48215,Hidalgo,TX,Texas,33.4,6.5,13.3,20.2,17.4,33.7,37.5,18.2,44.2,16.6,40.4
48217,Hill,TX,Texas,38.8,7.8,15.3,23.5,14.2,23.8,30.4,17.8,36.9,15.5,40.7
48219,Hockley,TX,Texas,35.1,6.7,14.5,22.0,14.1,25.5,32.0,17.8,36.1,15.2,40.8
48221,Hood,TX,Texas,38.0,7.4,12.0,22.6,12.5,18.6,24.7,15.5,33.2,13.4,32.6
48223,Hopkins,TX,Texas,37.5,7.3,15.5,24.1,13.4,23.3,29.6,18.2,37.5,15.1,36.8
48225,Houston,TX,Texas,43.4,8.9,17.9,22.7,16.8,28.0,33.7,18.2,38.2,16.6,40.3
48227,Howard,TX,Texas,34.8,6.3,15.1,22.0,13.7,25.3,32.1,18.0,38.4,14.9,39.1
48229,Hudspeth,TX,Texas,33.0,6.0,18.7,20.5,14.3,33.2,38.5,19.6,41.0,16.5,41.9
48231,Hunt,TX,Texas,35.6,6.5,15.2,23.3,12.3,22.6,28.0,18.5,36.7,14.4,37.6
48233,Hutchinson,TX,Texas,36.0,7.0,14.8,23.4,12.9,22.3,28.2,17.9,35.1,14.6,37.1
48235,Irion,TX,Texas,37.7,7.3,12.8,22.5,13.4,20.9,26.7,16.1,35.1,14.1,36.5
48237,Jack,TX,Texas,37.5,7.6,17.5,24.0,13.4,24.8,30.4,18.9,37.8,15.7,37.8
48239,Jackson,TX,Texas,38.6,7.8,15.0,22.4,14.7,25.1,31.7,17.5,37.7,15.5,38.7
48241,Jasper,TX,Texas,43.2,9.0,18.9,24.5,16.3,27.2,33.5,19.4,41.1,17.1,40.5
48243,Jeff Davis,TX,Texas,50.1,12.3,14.4,21.0,21.2,28.6,34.2,14.3,37.9,18.2,35.6
48245,Jefferson,TX,Texas,39.8,7.0,16.1,21.1,15.6,26.4,31.9,18.6,41.3,15.1,40.6
48247,Jim Hogg,TX,Texas,41.6,9.9,17.2,19.7,22.8,40.8,47.7,17.9,44.7,20.6,39.5
48249,Jim Wells,TX,Texas,37.3,7.6,14.6,20.0,18.0,32.5,40.2,17.2,40.6,17.2,40.8
48251,Johnson,TX,Texas,33.8,5.9,14.4,23.2,11.9,21.2,27.0,18.0,33.4,13.5,40.7
48253,Jones,TX,Texas,36.2,6.6,17.1,21.4,13.0,25.3,30.7,18.4,38.7,14.9,41.5
48255,Karnes,TX,Texas,35.3,6.4,16.0,20.4,14.0,27.9,34.1,18.0,38.9,15.3,40.1
48257,Kaufman,TX,Texas,32.5,5.0,14.0,22.2,11.2,21.4,27.3,18.3,38.0,13.1,41.3
48259,Kendall,TX,Texas,34.9,6.1,10.0,20.4,11.1,16.4,21.2,14.3,34.3,11.7,31.9
48261,Kenedy,TX,Texas,38.2,8.3,15.1,19.3,18.5,33.9,40.2,16.7,37.9,18.2,41.6
48263,Kent,TX,Texas,38.9,7.7,11.5,21.6,12.9,19.3,25.2,14.9,32.5,13.9,34.7
48265,Kerr,TX,Texas,40.3,8.7,12.4,21.4,14.7,22.3,28.0,15.4,34.4,14.8,36.1
48267,Kimble,TX,Texas,43.8,9.9,14.8,22.5,16.6,25.9,31.5,16.2,36.8,16.5,35.1
48269,King,TX,Texas,45.0,10.4,17.5,22.8,16.8,27.1,32.5,17.0,37.8,17.5,39.1
48271,Kinney,TX,Texas,39.2,8.6,12.2,19.4,15.8,25.6,32.0,15.4,36.8,15.2,38.5
48273,Kleberg,TX,Texas,31.5,6.0,12.1,21.0,14.0,26.9,33.9,18.0,37.1,14.5,38.6
48275,Knox,TX,Texas,40.3,8.2,15.6,22.6,15.6,25.9,32.4,17.5,37.8,16.1,38.3
48277,Lamar,TX,Texas,39.9,7.8,16.7,24.6,14.3,24.3,30.1,19.0,38.5,15.6,38.6
48279,Lamb,TX,Texas,38.2,7.9,15.2,21.4,16.6,29.4,35.9,17.6,40.0,16.8,38.3
48281,Lampasas,TX,Texas,38.5,7.5,14.2,23.6,14.0,22.1,27.8,17.3,35.1,14.7,40.1
48283,La Salle,TX,Texas,33.6,6.9,15.3,19.5,15.5,33.1,39.8,18.3,38.8,16.8,40.6
48285,Lavaca,TX,Texas,40.6,8.4,14.4,22.8,14.6,23.4,29.7,16.9,36.3,15.3,35.7
48287,Lee,TX,Texas,40.6,8.1,16.4,22.9,15.4,25.9,31.9,17.8,39.8,16.1,39.6
48289,Leon,TX,Texas,41.6,8.8,15.9,23.2,15.3,24.6,30.5,17.4,36.2,16.0,36.9
48291,Liberty,TX,Texas,35.4,6.5,17.8,23.7,13.9,27.8,34.5,20.1,40.1,16.2,39.3
48293,Limestone,TX,Texas,41.9,8.4,16.6,22.8,16.1,26.5,32.8,18.1,39.7,16.3,39.5
48295,Lipscomb,TX,Texas,38.6,8.0,14.5,22.0,14.8,24.8,30.6,16.7,36.7,15.5,36.7
48297,Live Oak,TX,Texas,40.0,8.5,16.8,21.4,16.2,29.1,35.0,17.8,39.7,16.8,39.4
48299,Llano,TX,Texas,44.8,10.0,12.5,21.5,15.7,22.3,28.1,14.5,35.8,15.3,33.7
48303,Lubbock,TX,Texas,30.3,5.4,12.6,22.7,11.4,21.0,27.6,18.2,35.4,13.1,34.5
48305,Lynn,TX,Texas,37.5,7.5,15.9,22.9,15.2,26.9,32.5,18.0,38.6,16.0,38.7
48307,McCulloch,TX,Texas,40.4,8.6,15.1,22.7,15.5,25.5,32.1,17.0,36.4,16.0,37.6
48309,McLennan,TX,Texas,34.3,6.2,13.5,23.6,12.5,22.4,27.9,18.4,34.8,13.9,38.9
48311,McMullen,TX,Texas,42.1,9.5,15.9,21.3,17.8,28.7,35.5,17.0,38.6,17.0,39.6
48313,Madison,TX,Texas,36.1,6.7,16.2,22.0,13.1,25.3,31.5,18.9,37.1,14.8,39.8
48315,Marion,TX,Texas,46.8,10.1,17.7,23.1,18.1,27.5,33.1,17.9,39.1,17.4,38.0
48317,Martin,TX,Texas,32.3,5.5,14.0,22.2,12.1,22.7,29.3,17.8,36.0,14.0,38.9
48319,Mason,TX,Texas,41.2,8.8,11.5,20.9,14.4,21.4,26.8,14.2,33.5,14.4,33.5
48321,Matagorda,TX,Texas,39.6,7.9,15.3,22.0,16.4,27.6,33.8,17.4,39.4,16.1,40.3
48323,Maverick,TX,Texas,34.4,6.6,14.2,19.7,17.8,34.5,41.7,18.0,43.9,17.4,40.4
48325,Medina,TX,Texas,37.1,6.6,12.6,20.6,14.4,23.7,30.5,16.0,39.5,14.3,37.2
48327,Menard,TX,Texas,44.2,10.3,14.0,20.9,17.6,27.3,33.3,15.3,36.5,17.0,34.7
48329,Midland,TX,Texas,30.5,4.7,12.0,21.4,10.8,20.2,26.6,17.2,35.9,12.4,39.3
48331,Milam,TX,Texas,40.2,8.0,15.3,22.7,14.9,24.7,31.1,17.3,37.1,15.5,37.3
48333,Mills,TX,Texas,40.4,8.6,12.7,21.9,14.1,21.3,26.9,15.5,33.0,14.6,34.1
48335,Mitchell,TX,Texas,35.4,6.5,16.0,21.0,13.3,25.9,31.8,18.3,38.4,14.8,40.8
48337,Montague,TX,Texas,38.7,8.0,15.7,24.4,13.4,22.7,28.4,17.9,35.0,15.3,37.4
48339,Montgomery,TX,Texas,31.9,5.3,11.8,21.5,11.4,18.2,23.5,16.4,31.8,12.2,38.5
48341,Moore,TX,Texas,34.5,6.5,15.7,21.3,14.9,29.0,35.9,18.4,39.0,16.0,39.0
48343,Morris,TX,Texas,42.7,8.4,16.7,23.4,15.9,25.5,31.6,18.5,39.0,16.1,38.5
48345,Motley,TX,Texas,41.8,9.1,14.4,22.4,14.7,23.1,28.8,16.2,35.2,15.4,35.0
48347,Nacogdoches,TX,Texas,35.0,6.8,14.9,24.4,13.2,24.3,29.8,19.8,33.2,14.7,37.4
48349,Navarro,TX,Texas,38.4,7.6,16.6,23.3,15.3,26.7,32.9,18.9,38.1,16.0,39.8
48351,Newton,TX,Texas,46.2,10.5,22.2,25.0,18.6,31.3,37.1,20.3,42.8,19.2,43.5
48353,Nolan,TX,Texas,40.3,8.5,17.3,23.1,16.5,29.1,35.8,18.6,40.5,17.3,39.6
48355,Nueces,TX,Texas,36.2,6.5,13.1,20.0,15.8,26.7,31.8,16.5,39.7,14.6,39.5
48357,Ochiltree,TX,Texas,34.8,6.7,14.9,22.1,14.1,26.7,33.4,18.0,39.2,15.5,37.7
48359,Oldham,TX,Texas,36.3,6.8,15.3,24.3,13.3,22.5,28.6,17.9,36.1,14.8,37.2
48361,Orange,TX,Texas,36.6,6.7,15.7,25.0,12.4,21.7,27.6,19.0,38.4,14.5,41.3
48363,Palo Pinto,TX,Texas,38.6,8.0,16.3,24.0,14.4,24.7,30.7,18.3,39.4,15.9,38.6
48365,Panola,TX,Texas,39.3,7.5,15.6,23.5,13.8,22.9,28.7,18.1,37.4,14.9,40.0
48367,Parker,TX,Texas,34.0,5.9,12.9,24.0,10.7,18.2,23.4,16.9,35.5,12.7,37.8
48369,Parmer,TX,Texas,34.9,6.8,13.4,20.1,15.0,27.2,33.8,16.7,37.0,15.5,37.6
48371,Pecos,TX,Texas,36.2,6.9,15.8,19.6,16.5,30.6,37.4,17.4,40.2,16.3,40.3
48373,Polk,TX,Texas,40.7,8.1,18.9,24.8,15.4,26.5,32.4,18.8,39.2,16.6,39.2
48375,Potter,TX,Texas,37.6,7.2,17.3,23.0,15.3,28.6,34.9,19.2,41.8,16.3,41.1
48377,Presidio,TX,Texas,42.9,10.6,14.6,18.7,22.2,36.8,43.7,16.2,41.0,19.2,39.2
48379,Rains,TX,Texas,40.5,8.3,14.6,23.3,14.1,21.9,27.5,16.6,35.8,15.0,37.2
48381,Randall,TX,Texas,32.8,5.6,12.0,23.6,10.8,18.6,23.5,17.2,35.1,12.5,35.5
48383,Reagan,TX,Texas,34.3,5.9,13.1,19.6,14.5,25.3,33.0,16.4,39.1,14.3,39.7
48385,Real,TX,Texas,45.5,10.5,16.4,22.7,18.3,28.3,34.6,16.6,38.1,17.8,37.2
48387,Red River,TX,Texas,44.8,9.7,17.5,23.7,16.9,26.9,32.5,18.2,38.5,17.0,40.1
48389,Reeves,TX,Texas,35.6,7.0,15.6,19.6,17.6,33.8,41.5,17.9,40.7,17.3,40.9
48391,Refugio,TX,Texas,40.8,8.6,15.0,21.0,17.6,28.9,35.9,17.0,39.7,16.9,38.6
48393,Roberts,TX,Texas,36.3,6.9,12.4,22.8,11.6,17.8,23.6,16.1,33.7,13.0,35.7
48395,Robertson,TX,Texas,40.8,8.0,15.7,22.2,15.4,25.3,31.5,17.6,37.9,15.7,39.5
48397,Rockwall,TX,Texas,30.5,4.5,10.0,21.8,9.4,15.2,20.4,15.5,35.1,10.7,35.3
48399,Runnels,TX,Texas,38.2,7.8,14.3,21.9,14.7,24.2,31.0,16.8,35.9,15.2,38.2
48401,Rusk,TX,Texas,39.0,7.1,16.1,22.7,13.9,24.1,29.8,18.4,37.5,15.0,39.6
48403,Sabine,TX,Texas,45.9,10.4,16.2,23.1,16.6,25.3,30.7,16.8,35.5,16.9,36.6
48405,San Augustine,TX,Texas,49.7,11.9,21.8,24.3,20.9,33.7,39.2,19.5,43.5,20.1,39.5
48407,San Jacinto,TX,Texas,42.7,9.0,17.5,23.9,16.4,27.1,32.4,18.4,39.0,17.0,38.3
48409,San Patricio,TX,Texas,38.0,6.8,14.4,20.7,15.4,27.4,34.6,17.5,41.3,15.6,41.1
48411,San Saba,TX,Texas,38.2,8.2,14.9,21.9,14.2,25.1,30.9,17.3,35.8,15.4,37.9
48413,Schleicher,TX,Texas,37.1,7.4,12.3,20.2,14.8,24.4,30.7,15.5,36.0,14.7,38.1
48415,Scurry,TX,Texas,35.3,6.7,14.2,22.1,13.6,24.3,31.0,17.5,38.1,14.7,39.0
48417,Shackelford,TX,Texas,36.8,7.0,12.5,23.2,12.3,19.0,24.1,16.2,33.8,13.4,35.3
48419,Shelby,TX,Texas,42.0,8.5,18.5,23.9,16.4,28.8,35.2,19.4,41.1,17.1,39.5
48421,Sherman,TX,Texas,34.2,6.5,12.3,21.0,12.9,22.4,28.5,16.2,35.4,13.9,37.6
48423,Smith,TX,Texas,36.4,6.5,13.6,23.3,13.2,21.3,27.0,17.7,37.5,13.7,39.1
48425,Somervell,TX,Texas,36.6,6.9,13.4,23.1,12.3,19.8,25.7,16.5,34.3,13.8,33.9
48427,Starr,TX,Texas,36.6,7.6,16.9,21.2,20.0,40.3,47.0,19.5,45.0,19.9,42.2
48429,Stephens,TX,Texas,37.7,7.7,15.6,22.8,13.8,24.2,29.9,17.7,36.3,15.3,38.8
48431,Sterling,TX,Texas,31.1,5.1,11.2,21.4,10.5,17.6,23.8,16.0,33.2,12.0,37.1
48433,Stonewall,TX,Texas,42.7,9.4,15.0,22.1,15.8,25.4,32.2,16.6,35.8,16.4,36.9
48435,Sutton,TX,Texas,39.2,8.2,14.0,20.1,17.4,28.8,35.8,16.3,38.3,16.6,38.3
48437,Swisher,TX,Texas,39.3,8.2,17.6,21.9,16.6,30.6,36.9,18.7,40.5,17.0,40.0
48439,Tarrant,TX,Texas,31.4,5.1,12.7,22.7,11.7,20.8,27.7,17.5,33.2,12.8,39.5
48441,Taylor,TX,Texas,32.7,5.8,12.9,23.4,11.2,20.2,26.1,18.4,34.3,13.0,36.9
48443,Terrell,TX,Texas,39.6,7.8,9.2,17.9,15.0,20.0,26.8,12.8,33.8,13.0,34.3
48445,Terry,TX,Texas,37.6,7.6,16.7,21.9,16.4,30.8,37.3,18.6,40.7,17.2,41.2
48447,Throckmorton,TX,Texas,43.1,9.7,14.9,22.9,15.4,23.7,30.0,16.5,35.5,15.9,35.6
48449,Titus,TX,Texas,37.8,7.5,16.5,22.5,15.6,28.6,35.1,18.7,38.6,16.5,40.9
48451,Tom Green,TX,Texas,34.8,6.4,12.8,23.0,12.9,22.4,29.0,17.4,36.8,13.9,38.2
48453,Travis,TX,Texas,26.6,4.1,9.5,22.1,9.0,15.7,19.9,15.9,30.4,10.3,32.3
48455,Trinity,TX,Texas,43.9,9.5,16.8,23.7,16.4,25.7,31.7,17.7,37.7,16.8,37.2
48457,Tyler,TX,Texas,42.0,9.0,19.3,24.3,15.3,27.5,33.1,19.3,38.7,16.9,37.6
48459,Upshur,TX,Texas,38.8,7.7,16.6,24.9,13.9,23.7,29.6,18.9,37.6,15.6,38.5
48461,Upton,TX,Texas,37.9,7.7,16.6,21.9,16.6,30.1,37.1,18.5,40.9,17.0,39.6
48463,Uvalde,TX,Texas,35.5,7.0,13.1,20.6,15.7,28.1,34.5,17.0,40.1,15.7,38.3
48465,Val Verde,TX,Texas,33.0,6.4,13.0,19.5,15.6,29.5,36.4,17.2,37.8,15.6,38.5
48467,Van Zandt,TX,Texas,38.8,7.7,15.6,24.7,13.4,22.5,28.7,18.1,36.0,15.2,36.7
48469,Victoria,TX,Texas,35.4,6.8,13.9,21.6,14.5,25.0,31.6,17.4,37.2,14.9,38.5
48471,Walker,TX,Texas,36.2,6.4,16.2,22.8,13.3,24.3,29.7,19.5,39.3,14.3,42.2
48473,Waller,TX,Texas,31.2,5.0,12.2,21.6,11.1,21.4,26.9,18.9,36.6,12.6,38.2
48475,Ward,TX,Texas,34.8,6.4,14.5,21.3,14.4,26.5,33.9,17.9,37.6,15.3,39.8
48477,Washington,TX,Texas,38.5,7.2,12.1,21.7,13.2,20.5,26.5,16.4,35.7,13.5,36.8
48479,Webb,TX,Texas,31.6,5.8,12.7,19.1,16.1,31.4,39.2,17.2,42.1,16.1,37.5
48481,Wharton,TX,Texas,38.1,7.3,14.2,21.5,15.0,25.5,32.1,17.3,40.0,15.2,39.2
48483,Wheeler,TX,Texas,39.8,8.3,16.0,23.4,14.7,24.8,30.8,17.8,37.2,15.9,38.0
48485,Wichita,TX,Texas,34.8,6.2,14.6,23.9,12.1,22.0,27.0,18.6,35.3,13.8,38.6
48487,Wilbarger,TX,Texas,40.3,8.5,18.2,23.7,16.5,29.2,35.8,19.2,39.6,17.3,39.5
48489,Willacy,TX,Texas,36.5,7.7,16.4,19.5,18.8,37.1,44.1,18.4,43.2,18.5,41.0
48491,Williamson,TX,Texas,29.2,4.5,9.9,20.4,9.8,15.9,22.5,15.5,32.6,10.5,33.1
48493,Wilson,TX,Texas,34.2,6.3,12.4,20.9,13.1,21.4,26.6,16.0,35.3,13.5,37.7
48495,Winkler,TX,Texas,33.8,6.1,14.1,20.5,14.1,26.3,33.2,17.4,37.6,15.0,38.2
48497,Wise,TX,Texas,34.5,6.4,14.8,23.5,11.9,21.0,26.6,17.9,34.1,14.1,42.8
48499,Wood,TX,Texas,41.2,8.8,14.8,23.2,14.6,23.0,28.6,16.7,34.3,15.5,34.5
48501,Yoakum,TX,Texas,32.6,6.0,12.9,20.9,13.5,25.3,32.1,17.3,37.6,14.6,39.8
48503,Young,TX,Texas,38.1,7.5,14.5,23.4,13.4,22.1,28.4,17.3,37.1,14.6,37.8
48505,Zapata,TX,Texas,38.2,8.4,17.1,20.4,20.8,40.2,47.1,18.8,43.7,20.0,41.9
48507,Zavala,TX,Texas,40.6,9.0,18.0,20.8,22.6,41.9,48.4,19.2,47.5,20.9,41.5
49001,Beaver,UT,Utah,29.6,5.7,9.3,25.3,9.8,16.5,19.3,16.9,28.5,13.0,35.2
49003,Box Elder,UT,Utah,28.9,5.4,9.8,26.5,9.3,16.7,19.4,17.9,32.6,13.3,37.6
49005,Cache,UT,Utah,24.6,4.3,8.1,27.7,7.8,14.9,15.5,17.8,27.9,11.7,32.3
49007,Carbon,UT,Utah,33.6,7.4,11.9,28.5,12.8,20.4,21.9,17.8,35.0,15.9,34.6
49009,Daggett,UT,Utah,39.6,8.9,11.0,24.2,13.5,20.1,22.8,15.7,33.1,15.7,33.3
49011,Davis,UT,Utah,26.9,4.5,7.4,28.9,8.2,14.3,17.0,17.2,32.7,10.9,33.6
49013,Duchesne,UT,Utah,31.3,6.4,11.8,25.6,11.0,19.9,24.1,18.6,31.6,14.8,31.8
49015,Emery,UT,Utah,34.0,6.8,11.0,27.1,11.2,18.5,20.1,17.3,30.6,14.5,36.9
49017,Garfield,UT,Utah,34.7,7.3,9.3,24.7,11.6,17.6,19.5,15.4,28.6,13.9,34.8
49019,Grand,UT,Utah,33.3,6.9,10.2,25.3,11.2,18.5,20.1,16.4,28.3,14.0,35.9
49021,Iron,UT,Utah,27.6,5.6,9.9,27.5,9.4,17.5,18.3,18.4,35.3,13.4,31.9
49023,Juab,UT,Utah,28.5,5.3,10.3,26.4,9.0,16.8,18.6,18.3,32.6,13.1,34.9
49025,Kane,UT,Utah,35.6,7.3,9.3,25.0,11.8,17.6,19.5,15.5,33.3,14.0,33.6
49027,Millard,UT,Utah,33.8,7.1,10.8,25.4,11.8,20.1,23.3,17.1,34.1,14.9,30.9
49029,Morgan,UT,Utah,27.9,4.7,7.6,24.7,8.1,12.7,15.1,15.6,25.0,11.0,35.6
49031,Piute,UT,Utah,40.6,10.2,12.3,26.0,15.2,24.7,26.0,17.1,33.0,17.8,34.8
49033,Rich,UT,Utah,33.9,7.3,10.1,26.1,11.6,17.9,19.3,16.5,32.7,14.2,33.0
49035,Salt Lake,UT,Utah,27.5,4.4,8.2,27.8,8.5,16.1,18.6,17.5,29.9,12.5,35.2
49037,San Juan,UT,Utah,37.3,8.0,15.7,26.4,15.4,26.5,25.1,20.5,34.2,18.6,38.0
49039,Sanpete,UT,Utah,28.4,6.1,11.2,26.8,10.4,18.7,20.5,18.6,29.2,14.0,36.6
49041,Sevier,UT,Utah,32.9,6.4,10.4,27.5,10.5,18.2,21.0,17.6,36.4,14.4,35.8
49043,Summit,UT,Utah,27.7,5.0,6.6,22.7,8.7,12.5,14.3,13.6,19.8,10.6,25.5
49045,Tooele,UT,Utah,28.8,4.3,9.5,27.8,8.9,16.1,20.8,17.3,37.6,12.2,39.6
49047,Uintah,UT,Utah,30.7,5.8,12.6,27.2,10.5,19.3,21.3,18.7,35.5,14.3,37.3
49049,Utah,UT,Utah,23.0,3.7,6.4,26.4,6.9,12.6,14.2,17.1,29.7,10.7,31.3
49051,Wasatch,UT,Utah,27.1,5.0,7.3,22.4,8.4,13.4,16.8,14.5,24.3,11.4,28.2
49053,Washington,UT,Utah,34.2,6.9,8.0,25.4,10.7,17.4,16.9,15.6,33.1,13.8,33.1
49055,Wayne,UT,Utah,37.9,8.3,10.7,25.6,13.1,19.7,22.1,16.7,34.3,15.5,32.8
49057,Weber,UT,Utah,29.4,4.9,9.1,28.2,9.0,16.7,20.3,18.6,34.7,12.9,33.5
50001,Addison,VT,Vermont,31.8,6.0,9.9,24.7,8.2,13.7,17.9,15.1,27.3,11.8,27.6
50003,Bennington,VT,Vermont,35.6,7.3,11.9,29.2,10.0,15.8,20.0,16.1,30.5,13.9,31.6
50005,Caledonia,VT,Vermont,34.9,7.1,13.7,26.7,10.1,17.2,24.0,17.1,31.3,13.8,34.5
50007,Chittenden,VT,Vermont,25.2,4.8,8.5,27.0,6.6,11.4,14.1,15.9,22.7,10.7,25.6
50009,Essex,VT,Vermont,39.9,9.5,16.3,26.2,12.5,21.7,27.0,16.8,34.2,16.7,30.6
50011,Franklin,VT,Vermont,34.0,6.8,13.0,25.4,9.6,16.0,21.5,17.0,36.9,13.5,32.8
50013,Grand Isle,VT,Vermont,35.5,6.7,11.3,25.1,9.7,14.3,18.7,15.0,30.7,12.3,28.8
50015,Lamoille,VT,Vermont,29.4,6.0,11.9,27.5,8.3,14.8,19.4,15.7,29.2,12.6,29.9
50017,Orange,VT,Vermont,34.3,6.9,12.1,26.2,9.7,16.2,22.3,15.4,32.6,13.4,27.3
50019,Orleans,VT,Vermont,36.0,7.6,13.9,24.8,10.7,18.3,23.5,17.0,33.2,14.7,34.4
50021,Rutland,VT,Vermont,36.5,7.5,12.9,25.3,10.3,16.8,22.2,16.3,35.5,14.3,29.6
50023,Washington,VT,Vermont,30.3,6.1,11.5,27.6,8.9,13.8,18.3,15.5,27.1,11.8,25.2
50025,Windham,VT,Vermont,32.5,7.1,12.2,26.1,9.8,16.3,19.8,15.7,25.9,13.3,27.6
50027,Windsor,VT,Vermont,33.2,6.7,11.1,26.6,9.5,14.3,19.6,14.8,28.8,12.2,30.1
51001,Accomack,VA,Virginia,47.4,9.7,16.5,21.7,18.2,26.5,33.4,16.9,40.0,16.8,35.6
51003,Albemarle,VA,Virginia,32.2,5.7,9.0,20.9,10.2,14.0,19.4,14.3,28.2,11.1,31.6
51005,Alleghany,VA,Virginia,42.5,9.2,16.6,24.5,15.1,22.3,28.4,17.5,39.0,16.4,34.6
51007,Amelia,VA,Virginia,43.0,8.5,17.7,23.4,16.6,24.4,30.3,18.0,39.3,16.6,36.2
51009,Amherst,VA,Virginia,41.2,8.1,15.6,23.3,15.1,21.8,29.0,17.5,39.3,15.4,36.2
51011,Appomattox,VA,Virginia,41.4,8.1,15.8,23.5,14.8,21.7,28.3,17.5,38.9,15.4,37.3
51013,Arlington,VA,Virginia,25.9,3.8,7.0,21.2,8.0,11.4,14.8,13.4,25.3,8.8,28.3
51015,Augusta,VA,Virginia,38.1,7.6,14.5,24.7,13.2,19.6,25.7,16.9,40.8,14.7,35.4
51017,Bath,VA,Virginia,47.3,11.6,19.3,24.8,18.4,27.4,33.1,17.7,38.8,19.1,36.5
51019,Bedford,VA,Virginia,37.8,7.7,13.2,23.3,13.5,18.5,26.5,15.9,36.9,14.1,34.4
51021,Bland,VA,Virginia,40.0,8.3,16.0,23.6,13.8,20.6,26.5,16.8,36.5,15.4,34.9
51023,Botetourt,VA,Virginia,39.4,7.6,13.0,23.6,13.0,17.9,24.0,15.7,35.1,14.1,33.8
51025,Brunswick,VA,Virginia,45.6,8.6,17.9,20.8,18.2,27.3,33.9,18.2,43.4,16.6,44.5
51027,Buchanan,VA,Virginia,44.2,10.6,21.6,26.6,17.4,28.8,34.4,19.6,38.9,19.4,38.2
51029,Buckingham,VA,Virginia,43.6,8.3,18.4,22.8,16.6,25.3,30.9,18.1,43.6,16.4,40.6
51031,Campbell,VA,Virginia,39.3,7.8,15.3,23.1,14.2,20.7,27.0,17.2,35.6,14.9,34.6
51033,Caroline,VA,Virginia,39.4,6.7,15.2,22.8,14.0,21.1,27.9,17.4,41.9,14.4,38.8
51035,Carroll,VA,Virginia,43.4,9.9,17.9,25.8,15.9,24.4,30.5,17.8,41.4,17.7,38.1
51036,Charles City,VA,Virginia,47.7,9.1,16.6,21.0,19.4,25.4,31.9,16.8,42.1,16.8,39.1
51037,Charlotte,VA,Virginia,45.2,9.9,19.2,24.0,18.6,28.1,33.5,18.6,42.6,18.4,40.5
51041,Chesterfield,VA,Virginia,36.5,5.6,11.5,21.2,12.4,16.8,22.6,16.1,36.4,12.4,33.8
51043,Clarke,VA,Virginia,37.1,7.1,11.7,23.3,12.2,16.9,22.9,14.9,32.8,13.3,34.7
51045,Craig,VA,Virginia,40.7,8.7,15.6,24.2,14.3,21.2,26.6,16.7,36.5,16.0,36.2
51047,Culpeper,VA,Virginia,37.4,6.6,13.7,22.5,12.8,19.6,25.9,16.7,38.5,13.9,37.9
51049,Cumberland,VA,Virginia,43.2,8.4,15.4,22.7,16.1,22.8,28.6,17.2,39.5,15.6,37.5
51051,Dickenson,VA,Virginia,44.3,10.6,20.6,26.4,16.9,27.4,34.0,19.3,39.1,19.1,37.2
51053,Dinwiddie,VA,Virginia,40.8,7.0,14.6,22.7,14.7,20.7,27.9,17.4,40.7,14.5,38.8
51057,Essex,VA,Virginia,45.9,8.9,16.9,22.8,18.0,25.6,31.2,17.7,42.6,16.9,40.6
51059,Fairfax,VA,Virginia,29.6,5.0,8.1,18.4,10.7,13.8,19.4,12.2,24.0,10.3,34.1
51061,Fauquier,VA,Virginia,34.0,6.2,11.5,22.1,11.6,16.6,21.2,15.3,32.7,12.6,31.7
51063,Floyd,VA,Virginia,39.4,8.3,15.0,23.7,13.5,19.6,26.2,16.3,32.7,15.1,34.0
51065,Fluvanna,VA,Virginia,37.3,6.7,12.5,23.5,12.6,17.6,22.9,16.0,39.1,13.5,36.6
51067,Franklin,VA,Virginia,41.2,8.7,15.0,24.0,15.1,21.1,27.3,16.6,34.8,15.6,35.1
51069,Frederick,VA,Virginia,35.1,6.6,13.0,22.3,11.8,17.9,24.1,16.1,37.5,13.4,35.2
51071,Giles,VA,Virginia,39.9,8.1,16.0,24.9,13.8,20.8,27.1,17.5,36.1,15.4,35.0
51073,Gloucester,VA,Virginia,38.5,7.1,13.5,24.1,12.8,18.0,23.8,16.2,35.8,14.2,31.7
51075,Goochland,VA,Virginia,38.4,6.8,10.1,21.0,12.2,15.4,20.9,13.8,33.0,12.2,34.9
51077,Grayson,VA,Virginia,45.0,10.4,19.8,24.9,17.5,27.3,33.9,18.3,41.1,18.6,37.7
51079,Greene,VA,Virginia,37.6,7.1,14.2,23.8,12.7,19.5,25.8,16.7,37.8,14.4,34.9
51081,Greensville,VA,Virginia,44.3,7.5,19.2,19.4,17.1,26.8,31.6,18.4,45.3,15.7,42.7
51083,Halifax,VA,Virginia,47.4,10.0,18.4,22.4,19.3,27.4,33.7,17.9,40.2,17.9,37.7
51085,Hanover,VA,Virginia,34.9,6.1,11.8,21.7,11.6,15.5,21.4,15.0,32.9,12.4,33.9
51087,Henrico,VA,Virginia,36.6,5.7,11.4,20.8,12.3,17.4,21.4,15.5,32.8,12.0,36.4
51089,Henry,VA,Virginia,45.9,9.8,17.8,23.7,18.0,26.9,33.1,18.1,41.9,18.0,38.9
51091,Highland,VA,Virginia,44.0,9.9,12.8,21.6,15.2,19.6,25.6,13.9,33.0,15.1,30.3
51093,Isle of Wight,VA,Virginia,39.2,6.9,13.2,22.2,13.8,18.9,24.0,16.0,36.6,13.7,36.2
51095,James City,VA,Virginia,38.4,7.1,9.7,21.4,12.5,16.0,21.1,13.9,32.1,12.4,29.2
51097,King and Queen,VA,Virginia,44.9,8.9,16.4,22.7,17.0,23.8,29.8,17.2,40.7,16.4,38.9
51099,King George,VA,Virginia,34.3,5.8,13.1,23.1,11.6,17.5,23.1,16.7,36.1,12.8,34.8
51101,King William,VA,Virginia,36.5,6.3,13.8,23.9,12.2,18.3,23.8,17.1,34.9,13.6,37.8
51103,Lancaster,VA,Virginia,49.1,10.8,13.4,20.7,18.1,23.2,29.2,14.3,35.1,16.3,34.3
51105,Lee,VA,Virginia,44.4,10.2,21.2,25.8,17.3,27.9,34.0,19.4,42.3,19.2,38.2
51107,Loudoun,VA,Virginia,29.8,4.2,8.4,18.4,9.5,13.4,19.0,13.0,28.1,9.9,30.5
51109,Louisa,VA,Virginia,40.0,7.5,14.9,23.0,14.1,20.3,25.4,16.6,36.7,14.9,36.2
51111,Lunenburg,VA,Virginia,46.0,9.5,18.9,22.8,18.9,27.6,33.6,18.0,46.1,17.8,40.2
51113,Madison,VA,Virginia,39.4,7.8,14.1,23.4,13.7,19.8,25.6,16.4,37.8,14.7,34.2
51115,Mathews,VA,Virginia,43.1,9.2,13.1,23.1,15.2,20.1,26.1,15.0,35.1,15.2,32.4
51117,Mecklenburg,VA,Virginia,46.7,9.6,16.3,22.7,18.6,25.2,31.3,16.7,41.2,17.0,39.4
51119,Middlesex,VA,Virginia,45.0,9.8,13.1,21.8,16.5,21.2,27.2,14.6,37.8,15.6,37.4
51121,Montgomery,VA,Virginia,29.4,5.3,11.8,25.3,9.6,16.5,21.4,18.5,28.0,12.1,31.9
51125,Nelson,VA,Virginia,43.4,9.1,13.7,22.5,15.6,20.7,27.3,15.2,35.2,15.2,33.8
51127,New Kent,VA,Virginia,35.6,6.1,12.3,22.5,11.9,16.4,21.5,15.8,35.1,12.5,35.9
51131,Northampton,VA,Virginia,47.1,9.8,14.4,20.8,18.5,24.4,31.2,15.5,39.5,16.4,34.3
51133,Northumberland,VA,Virginia,46.5,9.9,12.0,20.1,16.8,20.9,26.2,13.8,36.0,15.1,31.3
51135,Nottoway,VA,Virginia,43.2,7.9,18.0,22.1,16.7,25.6,30.9,18.3,43.5,16.0,39.1
51137,Orange,VA,Virginia,38.4,7.1,13.7,23.4,12.9,18.9,25.0,16.6,37.1,14.1,37.8
51139,Page,VA,Virginia,40.0,8.4,17.0,25.1,14.1,22.1,29.1,17.9,34.6,16.3,35.7
51141,Patrick,VA,Virginia,43.4,10.1,17.2,23.7,16.4,24.4,30.3,17.2,39.9,17.6,36.2
51143,Pittsylvania,VA,Virginia,45.9,9.5,18.1,22.9,17.5,25.6,33.3,17.5,41.6,17.4,35.3
51145,Powhatan,VA,Virginia,37.6,6.7,12.8,22.4,12.1,17.1,22.6,15.8,36.4,13.4,30.8
51147,Prince Edward,VA,Virginia,35.8,6.6,14.6,25.6,13.5,22.3,27.7,20.5,37.2,14.5,39.2
51149,Prince George,VA,Virginia,34.0,5.4,13.8,22.2,11.5,19.4,24.9,18.4,38.4,12.7,41.4
51153,Prince William,VA,Virginia,32.8,4.8,11.1,20.0,11.4,16.7,23.1,14.9,34.3,11.6,38.4
51155,Pulaski,VA,Virginia,39.3,8.3,15.7,24.1,14.1,20.6,27.9,17.4,35.7,15.5,35.9
51157,Rappahannock,VA,Virginia,42.0,8.9,13.5,22.9,14.7,19.8,25.3,15.1,35.2,15.1,35.0
51159,Richmond,VA,Virginia,42.5,8.0,17.3,21.9,15.1,24.4,30.0,17.4,37.1,15.7,38.6
51161,Roanoke,VA,Virginia,36.3,6.9,11.9,24.6,12.0,16.5,22.7,15.8,34.4,13.3,31.3
51163,Rockbridge,VA,Virginia,40.9,8.7,13.8,23.3,14.0,19.9,25.9,15.9,34.0,15.3,33.4
51165,Rockingham,VA,Virginia,36.6,7.2,13.9,23.9,12.3,19.5,25.9,17.0,33.1,14.5,31.6
51167,Russell,VA,Virginia,42.9,9.5,19.0,26.3,15.7,25.2,31.3,18.6,39.6,18.1,37.6
51169,Scott,VA,Virginia,43.6,10.1,18.6,26.7,16.4,25.2,31.4,18.4,38.3,17.9,36.6
51171,Shenandoah,VA,Virginia,38.7,8.3,15.9,23.6,14.1,22.0,28.8,17.4,36.2,15.7,36.7
51173,Smyth,VA,Virginia,40.9,9.3,18.3,26.0,15.4,24.8,30.7,18.7,38.1,17.6,38.0
51175,Southampton,VA,Virginia,43.2,7.8,15.0,21.5,15.9,21.6,27.2,16.7,38.4,14.9,39.0
51177,Spotsylvania,VA,Virginia,36.5,5.9,12.8,22.7,12.6,18.6,24.6,16.4,40.3,13.0,40.7
51179,Stafford,VA,Virginia,31.5,4.8,11.0,22.1,10.7,16.2,22.1,15.8,35.7,11.7,37.8
51181,Surry,VA,Virginia,45.8,8.6,14.4,21.1,17.3,22.8,29.2,16.0,39.9,15.4,37.9
51183,Sussex,VA,Virginia,43.5,7.4,17.1,20.2,16.2,24.7,30.9,17.8,45.5,15.0,43.7
51185,Tazewell,VA,Virginia,43.1,9.3,18.1,26.9,15.9,25.2,31.0,18.7,40.4,17.6,39.4
51187,Warren,VA,Virginia,36.1,7.0,15.0,24.4,12.7,19.8,25.7,17.6,38.0,14.7,38.3
51191,Washington,VA,Virginia,40.0,8.3,14.8,24.3,13.8,19.8,27.0,16.5,38.3,15.2,34.6
51193,Westmoreland,VA,Virginia,45.4,10.0,17.1,23.0,18.3,26.6,33.1,16.9,41.0,17.5,38.1
51195,Wise,VA,Virginia,41.8,8.6,19.4,26.3,15.1,24.3,31.4,19.7,43.5,17.1,35.6
51197,Wythe,VA,Virginia,40.3,8.5,16.7,25.1,14.3,22.3,28.2,17.9,38.8,16.2,33.0
51199,York,VA,Virginia,33.4,5.7,10.0,21.2,11.1,14.7,19.2,14.5,31.5,11.3,33.0
51510,Alexandria,VA,Virginia,30.3,4.4,9.0,20.9,9.9,14.7,19.5,14.5,32.0,10.5,34.3
51520,Bristol,VA,Virginia,41.0,8.7,17.2,25.6,14.8,23.5,29.6,18.3,39.2,16.6,35.8
51530,Buena Vista,VA,Virginia,36.2,7.5,15.8,26.9,12.9,21.9,27.8,19.8,37.0,15.6,36.4
51540,Charlottesville,VA,Virginia,30.2,5.1,11.1,24.4,10.4,16.7,21.9,17.4,33.0,11.6,35.5
51550,Chesapeake,VA,Virginia,36.5,5.6,12.5,21.6,12.8,18.4,22.7,16.5,40.1,12.7,39.4
51570,Colonial Heights,VA,Virginia,36.4,6.4,12.8,22.9,12.3,18.4,25.1,16.6,37.4,13.4,37.9
51580,Covington,VA,Virginia,42.4,9.0,19.9,25.6,16.6,26.4,32.9,19.7,40.7,17.9,36.3
51590,Danville,VA,Virginia,47.7,9.0,19.1,22.1,19.9,29.5,35.6,19.3,41.7,17.7,44.9
51595,Emporia,VA,Virginia,47.6,8.8,18.6,21.1,20.0,29.8,36.4,19.1,44.4,17.6,44.4
51600,Fairfax,VA,Virginia,31.2,5.0,9.2,19.5,11.1,15.0,20.7,13.8,31.8,10.9,34.4
51610,Falls Church,VA,Virginia,29.2,4.4,6.7,20.4,8.9,11.0,15.8,12.4,29.1,9.2,31.9
51620,Franklin,VA,Virginia,45.2,8.1,16.8,22.4,18.1,26.4,32.7,18.6,43.8,16.4,41.3
51630,Fredericksburg,VA,Virginia,30.2,4.8,11.7,24.8,10.2,17.2,22.8,18.4,39.5,12.1,39.8
51640,Galax,VA,Virginia,40.9,8.6,19.2,26.5,16.3,26.8,33.1,19.8,39.4,18.1,37.1
51650,Hampton,VA,Virginia,39.9,6.4,14.1,21.0,15.0,21.3,26.4,18.0,40.3,13.9,43.1
51660,Harrisonburg,VA,Virginia,27.8,5.0,13.2,26.9,10.2,20.7,25.9,21.1,34.0,13.4,37.7
51670,Hopewell,VA,Virginia,43.4,8.1,20.3,24.1,17.7,29.0,35.6,20.7,45.8,17.7,45.4
51678,Lexington,VA,Virginia,25.3,4.4,9.2,25.9,7.8,14.6,19.5,19.6,29.1,10.7,32.1
51680,Lynchburg,VA,Virginia,32.5,5.4,12.3,24.9,11.0,18.7,23.6,19.6,36.4,12.8,36.5
51683,Manassas,VA,Virginia,30.9,4.9,12.0,20.0,12.0,19.8,26.2,15.8,35.8,12.8,37.2
51685,Manassas Park,VA,Virginia,33.1,5.3,13.8,20.4,13.8,23.4,30.8,16.7,38.6,14.1,39.4
51690,Martinsville,VA,Virginia,44.9,8.4,19.1,23.2,18.6,28.6,34.0,19.5,44.9,17.5,42.8
51700,Newport News,VA,Virginia,37.6,5.9,14.1,22.2,13.5,21.1,28.1,18.1,40.8,13.6,40.8
51710,Norfolk,VA,Virginia,36.2,5.5,13.7,21.8,12.7,20.3,26.1,18.8,40.3,13.2,41.1
51720,Norton,VA,Virginia,40.0,8.1,19.8,27.1,14.9,24.9,31.3,20.2,40.8,17.2,37.5
51730,Petersburg,VA,Virginia,46.4,7.4,16.9,20.9,19.2,28.1,34.2,19.6,46.6,16.1,47.7
51735,Poquoson,VA,Virginia,34.8,6.4,11.2,23.1,11.0,15.2,20.6,15.1,33.2,12.3,32.6
51740,Portsmouth,VA,Virginia,40.5,6.7,16.4,22.7,15.8,23.8,30.0,19.4,40.8,14.7,42.9
51750,Radford,VA,Virginia,27.5,4.9,14.0,30.0,9.2,19.9,24.8,23.4,34.4,13.4,35.8
51760,Richmond,VA,Virginia,36.2,5.6,14.2,22.8,12.9,19.7,25.4,18.2,37.7,12.9,37.2
51770,Roanoke,VA,Virginia,39.6,7.4,16.5,23.5,15.1,23.0,30.0,18.1,42.0,15.3,40.2
51775,Salem,VA,Virginia,35.4,6.7,13.0,24.9,12.0,17.9,24.0,17.2,35.2,13.6,36.1
51790,Staunton,VA,Virginia,37.1,7.0,13.5,24.5,12.9,19.0,25.1,17.1,36.4,14.1,35.8
51800,Suffolk,VA,Virginia,39.2,5.9,13.2,21.2,13.7,19.4,25.9,16.9,42.5,13.3,40.1
51810,Virginia Beach,VA,Virginia,35.4,5.7,11.9,23.3,12.3,17.4,22.3,16.3,36.7,12.2,37.0
51820,Waynesboro,VA,Virginia,37.6,7.1,15.2,24.2,13.2,21.0,27.4,17.7,38.6,14.8,36.6
51830,Williamsburg,VA,Virginia,28.5,5.1,9.7,24.8,9.4,15.9,21.0,19.0,31.1,11.5,35.3
51840,Winchester,VA,Virginia,37.5,7.4,15.5,24.2,14.2,23.2,28.9,18.3,37.6,15.5,35.4
53001,Adams,WA,Washington,32.4,6.8,14.0,22.3,13.3,27.8,29.8,18.3,37.6,16.8,29.5
53003,Asotin,WA,Washington,37.4,8.1,13.3,25.4,12.6,19.3,21.6,17.1,35.3,15.2,30.2
53005,Benton,WA,Washington,29.2,5.8,10.4,24.0,10.4,18.5,20.6,16.2,36.2,13.5,31.3
53007,Chelan,WA,Washington,32.4,6.7,11.4,24.5,10.7,18.9,20.6,16.1,29.1,13.9,27.7
53009,Clallam,WA,Washington,38.8,8.4,11.8,24.5,12.1,19.1,20.3,15.1,31.0,15.2,28.2
53011,Clark,WA,Washington,31.1,5.6,11.0,26.9,9.6,16.9,19.8,18.2,35.3,13.1,30.0
53013,Columbia,WA,Washington,36.8,8.1,11.9,25.5,12.2,19.2,20.6,15.8,32.4,15.1,28.4
53015,Cowlitz,WA,Washington,35.4,7.2,13.4,27.5,11.4,20.7,22.5,18.7,40.5,15.6,35.6
53017,Douglas,WA,Washington,32.4,6.6,11.7,22.6,11.0,20.8,23.0,16.6,35.8,14.7,29.0
53019,Ferry,WA,Washington,41.1,10.0,16.0,25.0,15.1,24.3,25.1,17.4,40.2,17.9,35.2
53021,Franklin,WA,Washington,27.8,5.3,12.1,21.2,10.8,23.3,24.9,17.8,35.2,14.8,35.9
53023,Garfield,WA,Washington,37.7,7.7,11.4,23.4,11.5,17.8,19.7,15.4,31.0,14.1,31.2
53025,Grant,WA,Washington,32.7,6.5,12.6,23.7,11.5,23.2,25.3,17.8,38.7,15.0,32.4
53027,Grays Harbor,WA,Washington,39.4,8.1,15.0,26.9,13.6,21.9,23.8,18.4,37.0,16.0,39.1
53029,Island,WA,Washington,34.7,6.8,9.5,23.2,10.2,15.6,16.1,14.8,31.3,12.8,29.0
53031,Jefferson,WA,Washington,41.0,9.2,9.5,23.7,13.1,17.6,17.4,13.4,28.7,14.5,26.5
53033,King,WA,Washington,26.7,4.0,7.2,23.5,7.3,12.5,13.9,14.7,22.6,9.7,29.0
53035,Kitsap,WA,Washington,33.2,5.8,10.4,25.1,9.8,14.9,16.7,16.0,31.8,12.5,31.8
53037,Kittitas,WA,Washington,30.2,6.1,11.1,26.4,9.7,17.0,19.4,18.0,34.7,13.5,29.7
53039,Klickitat,WA,Washington,34.1,7.8,12.1,24.0,11.7,19.0,20.4,16.1,32.9,14.7,32.1
53041,Lewis,WA,Washington,36.3,7.2,14.4,26.5,12.1,20.5,22.4,17.8,39.0,16.0,36.0
53043,Lincoln,WA,Washington,36.7,8.1,11.7,23.0,11.7,18.6,20.5,15.8,37.6,14.7,31.5
53045,Mason,WA,Washington,36.8,7.7,13.0,25.4,12.2,20.8,21.4,16.9,35.9,15.6,32.5
53047,Okanogan,WA,Washington,37.6,8.6,15.5,24.6,13.3,23.1,24.8,17.2,32.6,16.5,34.2
53049,Pacific,WA,Washington,42.1,9.2,13.1,25.2,14.9,21.8,22.2,16.0,36.4,16.0,34.5
53051,Pend Oreille,WA,Washington,38.5,8.8,13.6,24.6,13.3,21.1,23.1,16.8,38.9,16.4,30.7
53053,Pierce,WA,Washington,32.3,5.3,11.6,26.5,10.6,17.2,19.0,18.1,36.9,13.7,37.0
53055,San Juan,WA,Washington,37.0,8.0,8.9,22.5,10.9,15.5,15.8,13.0,24.7,13.0,26.6
53057,Skagit,WA,Washington,33.2,6.9,11.4,25.5,10.8,18.0,19.6,15.8,33.0,14.3,30.5
53059,Skamania,WA,Washington,36.2,7.4,12.0,25.2,11.2,17.9,19.2,16.1,32.8,14.3,32.0
53061,Snohomish,WA,Washington,29.6,4.9,10.1,25.0,9.1,15.4,17.8,15.8,30.6,12.1,34.5
53063,Spokane,WA,Washington,31.1,6.0,11.7,26.5,10.2,17.6,19.3,17.5,34.7,13.1,32.6
53065,Stevens,WA,Washington,37.6,8.7,14.0,24.3,12.6,20.5,21.6,16.0,34.3,15.9,30.7
53067,Thurston,WA,Washington,34.5,5.8,10.2,27.2,10.3,16.6,17.2,16.9,31.2,13.4,34.3
53069,Wahkiakum,WA,Washington,42.9,10.2,13.3,25.4,14.7,22.0,21.7,16.0,39.1,16.8,31.1
53071,Walla Walla,WA,Washington,31.6,6.5,11.1,24.8,10.6,19.3,19.6,16.8,34.1,14.3,29.0
53073,Whatcom,WA,Washington,28.4,5.7,10.8,29.5,8.8,16.2,16.8,17.9,26.5,12.9,29.1
53075,Whitman,WA,Washington,23.9,4.5,10.1,28.5,7.4,16.0,16.6,20.9,28.5,12.1,29.0
53077,Yakima,WA,Washington,32.7,6.5,12.9,22.6,12.9,26.4,27.9,17.8,39.7,15.5,30.7
54001,Barbour,WV,West Virginia,46.4,9.3,21.4,31.9,16.9,28.1,36.2,22.6,43.3,18.5,42.5
54003,Berkeley,WV,West Virginia,39.6,6.7,17.4,29.5,13.5,22.3,31.1,21.6,38.7,15.6,36.2
54005,Boone,WV,West Virginia,48.1,9.7,21.9,31.0,17.3,28.3,36.9,21.6,46.7,18.9,42.5
54007,Braxton,WV,West Virginia,49.0,11.1,24.1,30.2,19.1,30.9,38.5,22.0,41.5,20.2,42.0
54009,Brooke,WV,West Virginia,44.6,8.7,16.9,28.8,15.5,23.3,29.9,19.5,40.0,16.3,43.5
54011,Cabell,WV,West Virginia,39.8,8.1,17.8,32.4,14.9,24.9,31.1,21.9,44.1,16.8,40.9
54013,Calhoun,WV,West Virginia,51.4,12.5,26.2,30.9,21.1,34.0,41.2,22.2,40.8,22.0,41.2
54015,Clay,WV,West Virginia,48.4,10.8,24.3,31.5,18.8,31.0,39.1,22.3,41.9,20.5,42.4
54017,Doddridge,WV,West Virginia,45.5,9.4,21.5,29.2,16.4,27.1,34.6,21.2,41.0,18.0,43.5
54019,Fayette,WV,West Virginia,45.6,9.7,21.7,31.2,17.9,29.0,35.9,21.8,40.5,18.8,46.6
54021,Gilmer,WV,West Virginia,43.5,8.2,20.7,28.4,15.5,27.2,34.8,21.4,42.9,17.0,41.9
54023,Grant,WV,West Virginia,45.6,9.7,19.2,28.8,16.6,25.5,33.8,20.0,43.2,17.8,45.4
54025,Greenbrier,WV,West Virginia,46.9,10.1,20.8,29.4,17.3,27.3,35.0,20.8,40.4,18.9,37.8
54027,Hampshire,WV,West Virginia,46.0,9.5,20.3,29.6,16.9,25.9,33.9,20.1,39.2,17.7,39.4
54029,Hancock,WV,West Virginia,46.3,9.2,18.6,29.5,16.6,25.2,32.2,20.2,44.0,17.4,38.4
54031,Hardy,WV,West Virginia,48.7,10.4,21.6,29.8,19.0,29.1,36.3,21.0,41.9,19.5,42.0
54033,Harrison,WV,West Virginia,43.0,8.5,18.8,29.6,15.6,24.4,30.4,20.3,40.2,16.4,39.0
54035,Jackson,WV,West Virginia,46.5,9.2,19.7,30.5,17.2,26.0,34.5,20.6,42.8,17.8,43.1
54037,Jefferson,WV,West Virginia,40.5,6.8,15.1,27.8,13.4,20.1,26.4,18.6,38.3,14.3,36.7
54039,Kanawha,WV,West Virginia,46.2,8.7,18.9,30.2,15.6,24.0,32.3,20.9,40.3,16.5,39.2
54041,Lewis,WV,West Virginia,44.2,9.2,21.2,31.0,16.9,27.1,34.7,21.6,40.3,18.3,43.2
54043,Lincoln,WV,West Virginia,47.2,10.4,24.6,32.5,18.5,31.1,36.2,22.5,45.6,20.6,43.5
54045,Logan,WV,West Virginia,47.8,10.2,24.0,34.3,18.2,31.7,39.3,23.1,45.0,20.5,44.5
54047,McDowell,WV,West Virginia,51.0,11.8,28.7,31.1,21.6,37.0,45.0,23.8,46.2,22.2,46.0
54049,Marion,WV,West Virginia,41.9,7.9,17.7,30.3,14.7,23.1,29.8,21.4,42.1,15.8,40.2
54051,Marshall,WV,West Virginia,45.7,9.4,20.4,29.9,16.4,25.3,33.3,20.5,37.5,17.7,43.2
54053,Mason,WV,West Virginia,45.8,9.7,21.9,31.7,17.0,28.0,36.6,21.6,41.3,19.0,41.4
54055,Mercer,WV,West Virginia,45.3,9.5,21.1,31.1,17.2,27.8,35.0,21.3,40.8,18.3,42.1
54057,Mineral,WV,West Virginia,43.0,8.4,17.5,30.4,15.2,23.5,30.9,19.7,39.3,16.6,37.0
54059,Mingo,WV,West Virginia,50.1,11.5,27.6,34.0,20.4,35.0,44.0,24.1,43.5,22.4,47.6
54061,Monongalia,WV,West Virginia,31.9,5.6,13.9,29.4,10.8,18.4,22.9,20.9,31.9,12.9,39.0
54063,Monroe,WV,West Virginia,47.7,10.3,20.5,30.3,17.9,27.4,35.7,20.4,41.1,18.6,40.3
54065,Morgan,WV,West Virginia,46.7,9.4,19.4,29.1,16.8,25.6,33.4,19.8,39.2,17.7,40.1
54067,Nicholas,WV,West Virginia,46.6,9.9,20.7,30.8,16.8,27.1,35.1,20.7,40.6,18.4,41.2
54069,Ohio,WV,West Virginia,42.5,8.3,16.3,29.5,15.0,22.8,29.8,20.1,39.5,16.2,39.2
54071,Pendleton,WV,West Virginia,48.4,10.9,19.3,28.7,18.2,27.1,34.6,19.3,36.5,18.4,39.1
54073,Pleasants,WV,West Virginia,43.5,8.1,19.7,30.7,14.9,24.6,33.0,20.9,44.0,16.8,42.6
54075,Pocahontas,WV,West Virginia,49.9,11.4,22.2,29.4,19.2,30.3,37.9,20.6,40.6,20.1,40.6
54077,Preston,WV,West Virginia,43.1,8.5,20.6,30.5,15.3,25.5,31.9,21.2,37.7,17.2,38.7
54079,Putnam,WV,West Virginia,43.7,7.5,16.3,30.1,14.1,21.3,28.6,19.6,38.3,15.3,40.3
54081,Raleigh,WV,West Virginia,47.2,9.5,20.5,30.6,17.7,29.5,36.5,22.3,43.1,19.4,43.1
54083,Randolph,WV,West Virginia,45.7,9.1,20.0,30.7,16.0,25.9,33.4,20.8,45.9,17.4,43.3
54085,Ritchie,WV,West Virginia,47.6,10.5,23.3,30.5,17.9,29.6,38.3,21.5,42.9,19.5,43.3
54087,Roane,WV,West Virginia,49.1,11.0,23.9,31.5,19.4,31.8,39.6,21.8,41.6,20.5,42.8
54089,Summers,WV,West Virginia,48.9,11.0,22.6,30.5,19.4,30.9,38.9,21.5,39.8,20.3,41.5
54091,Taylor,WV,West Virginia,44.9,9.0,20.5,30.2,15.9,26.3,34.7,21.0,42.0,17.9,42.4
54093,Tucker,WV,West Virginia,48.1,9.9,18.5,29.3,16.9,25.4,33.3,19.1,39.3,17.8,37.2
54095,Tyler,WV,West Virginia,48.0,10.0,20.2,29.8,17.6,26.3,34.9,20.4,42.8,18.3,40.7
54097,Upshur,WV,West Virginia,44.9,9.4,20.9,30.3,16.5,26.6,35.0,21.6,36.6,17.9,39.4
54099,Wayne,WV,West Virginia,46.5,9.7,21.5,31.3,16.9,27.9,35.7,21.8,42.6,18.7,44.3
54101,Webster,WV,West Virginia,49.9,11.5,24.2,31.4,19.5,31.8,41.2,21.7,42.9,20.9,39.4
54103,Wetzel,WV,West Virginia,45.6,9.7,20.6,30.7,16.7,26.9,36.9,21.3,42.4,18.2,44.6
54105,Wirt,WV,West Virginia,47.6,10.4,21.4,30.3,18.1,28.0,36.0,20.9,42.8,18.9,42.5
54107,Wood,WV,West Virginia,45.3,9.0,18.9,32.0,16.6,25.5,33.1,20.8,43.5,17.5,41.3
54109,Wyoming,WV,West Virginia,49.7,10.7,24.6,31.6,18.7,32.0,39.9,22.4,44.6,20.6,44.4
55001,Adams,WI,Wisconsin,43.5,10.6,17.5,22.6,16.7,23.2,33.7,14.9,40.3,16.4,32.1
55003,Ashland,WI,Wisconsin,36.3,8.4,17.3,25.2,13.9,21.1,31.5,16.6,41.2,15.4,32.8
55005,Barron,WI,Wisconsin,36.6,8.3,15.4,23.7,13.2,19.7,29.6,15.6,38.3,14.6,32.3
55007,Bayfield,WI,Wisconsin,41.2,9.1,13.3,23.0,13.9,18.7,27.3,13.9,39.1,14.4,31.5
55009,Brown,WI,Wisconsin,31.5,6.2,13.4,23.2,10.5,17.1,27.1,15.5,41.1,12.5,30.7
55011,Buffalo,WI,Wisconsin,36.6,8.1,15.0,23.4,12.8,18.9,29.9,15.3,39.6,14.4,32.8
55013,Burnett,WI,Wisconsin,41.2,10.0,16.1,22.1,15.5,21.2,31.9,14.5,39.0,15.8,30.8
55015,Calumet,WI,Wisconsin,31.0,6.1,12.9,23.4,10.3,15.4,25.3,15.1,33.3,12.2,32.7
55017,Chippewa,WI,Wisconsin,34.7,7.2,15.6,24.1,11.7,18.8,28.2,15.8,41.7,13.8,32.7
55019,Clark,WI,Wisconsin,33.7,8.2,18.3,22.6,12.5,22.0,33.5,17.0,37.9,15.7,31.8
55021,Columbia,WI,Wisconsin,32.8,6.9,14.4,23.3,11.3,17.0,26.2,15.4,33.6,13.3,32.0
55023,Crawford,WI,Wisconsin,38.5,8.8,16.4,23.2,13.8,20.8,30.1,15.8,37.4,15.0,35.3
55025,Dane,WI,Wisconsin,25.6,4.8,9.8,24.3,8.2,13.2,20.5,14.8,32.4,10.4,28.6
55027,Dodge,WI,Wisconsin,33.4,7.0,14.9,22.8,11.3,18.2,28.4,16.0,42.8,13.5,36.0
55029,Door,WI,Wisconsin,38.8,8.5,11.9,20.7,13.0,17.0,27.0,13.0,36.6,13.3,30.9
55031,Douglas,WI,Wisconsin,35.5,7.2,14.3,23.9,11.7,17.5,27.2,16.0,41.0,13.5,32.9
55033,Dunn,WI,Wisconsin,29.9,6.0,13.7,25.0,9.9,16.6,26.6,16.7,38.8,12.5,33.9
55035,Eau Claire,WI,Wisconsin,29.0,5.8,12.6,26.0,9.4,15.5,24.4,16.8,30.0,11.7,35.9
55037,Florence,WI,Wisconsin,40.7,9.0,14.5,22.4,14.3,19.2,29.4,14.0,37.5,15.0,33.0
55039,Fond du Lac,WI,Wisconsin,34.4,6.9,14.8,24.4,11.5,17.7,29.1,15.6,43.8,13.7,30.8
55041,Forest,WI,Wisconsin,43.2,9.9,19.9,25.4,16.7,24.7,35.3,17.5,46.0,17.6,34.5
55043,Grant,WI,Wisconsin,31.7,7.0,15.0,24.4,11.5,18.5,31.1,17.3,40.9,13.8,34.3
55045,Green,WI,Wisconsin,35.9,7.0,13.6,23.0,11.3,17.2,26.5,15.0,40.3,13.1,32.0
55047,Green Lake,WI,Wisconsin,37.8,8.6,16.0,23.6,13.7,20.8,32.2,15.8,40.4,15.1,33.6
55049,Iowa,WI,Wisconsin,33.3,7.0,13.8,23.5,11.3,17.0,28.3,15.1,38.7,13.1,31.3
55051,Iron,WI,Wisconsin,39.6,9.8,14.8,21.3,14.8,20.1,30.4,14.1,34.7,15.1,28.3
55053,Jackson,WI,Wisconsin,38.1,8.3,17.7,23.5,13.4,21.5,31.4,16.6,40.4,15.3,35.5
55055,Jefferson,WI,Wisconsin,31.1,6.5,13.4,22.8,10.7,16.8,27.7,15.5,40.7,13.0,31.0
55057,Juneau,WI,Wisconsin,39.7,8.7,18.5,24.2,14.2,22.4,32.2,16.4,42.1,15.9,32.7
55059,Kenosha,WI,Wisconsin,33.6,6.3,14.5,24.1,11.4,18.4,27.3,16.0,40.1,13.0,35.8
55061,Kewaunee,WI,Wisconsin,35.4,7.6,14.7,22.6,12.1,17.9,28.3,15.0,41.3,13.5,34.7
55063,La Crosse,WI,Wisconsin,30.0,6.1,12.6,25.1,10.1,16.3,25.1,16.3,37.5,12.3,31.6
55065,Lafayette,WI,Wisconsin,36.4,7.9,15.9,24.0,12.5,20.3,30.6,16.4,41.9,14.7,33.4
55067,Langlade,WI,Wisconsin,39.2,9.0,17.2,21.8,14.1,21.5,33.0,15.8,37.1,15.7,32.4
55069,Lincoln,WI,Wisconsin,38.4,8.5,16.0,23.9,13.1,20.5,30.2,15.7,42.8,14.7,33.0
55071,Manitowoc,WI,Wisconsin,36.9,7.7,14.9,21.6,12.2,18.5,30.3,14.9,39.1,14.0,34.9
55073,Marathon,WI,Wisconsin,34.4,6.9,14.3,24.0,10.9,18.0,27.9,14.8,36.3,13.1,30.1
55075,Marinette,WI,Wisconsin,38.2,8.7,16.1,23.2,13.9,20.0,30.2,15.3,37.8,14.9,31.9
55077,Marquette,WI,Wisconsin,40.6,9.3,17.0,23.3,14.6,21.9,32.9,15.3,43.4,15.9,33.6
55078,Menominee,WI,Wisconsin,38.9,8.6,23.4,23.3,18.2,27.2,36.8,19.3,45.4,18.3,38.2
55079,Milwaukee,WI,Wisconsin,35.2,6.2,14.6,23.6,13.1,22.2,27.8,17.0,38.6,13.6,35.8
55081,Monroe,WI,Wisconsin,36.0,7.8,17.1,25.2,12.8,20.6,32.0,16.7,44.4,15.1,31.1
55083,Oconto,WI,Wisconsin,37.1,8.0,15.7,23.2,12.9,19.0,29.8,15.8,42.7,14.5,32.0
55085,Oneida,WI,Wisconsin,39.1,8.6,14.1,23.5,13.8,18.3,26.8,14.5,35.2,14.7,31.6
55087,Outagamie,WI,Wisconsin,33.3,6.0,12.7,23.7,10.3,16.1,25.6,15.5,36.6,12.3,32.1
55089,Ozaukee,WI,Wisconsin,30.3,6.3,10.3,21.8,10.1,14.2,22.1,13.5,30.3,11.2,28.6
55091,Pepin,WI,Wisconsin,36.3,7.9,14.2,22.6,12.4,17.8,27.8,14.8,36.6,13.7,31.6
55093,Pierce,WI,Wisconsin,30.8,5.9,13.0,23.5,9.8,14.9,24.7,15.8,33.2,12.0,33.6
55095,Polk,WI,Wisconsin,36.1,7.5,14.3,22.6,12.4,17.7,27.0,15.0,35.6,13.5,28.9
55097,Portage,WI,Wisconsin,29.0,6.2,12.8,24.6,9.6,16.5,24.6,16.2,35.1,12.0,33.5
55099,Price,WI,Wisconsin,40.1,9.7,16.7,22.0,14.8,21.4,31.7,14.9,42.5,15.8,35.5
55101,Racine,WI,Wisconsin,34.6,6.7,14.7,22.4,12.5,19.2,31.2,15.3,42.3,13.2,36.0
55103,Richland,WI,Wisconsin,37.2,8.8,16.4,22.5,13.6,20.8,31.7,15.6,37.5,15.1,32.7
55105,Rock,WI,Wisconsin,33.4,6.7,14.7,23.3,12.3,19.5,29.6,16.0,41.9,13.8,37.2
55107,Rusk,WI,Wisconsin,39.7,9.6,17.5,22.7,14.9,22.3,31.4,15.9,41.1,15.9,31.6
55109,St. Croix,WI,Wisconsin,32.0,5.7,12.6,22.6,9.6,14.8,24.1,14.6,36.3,11.7,31.0
55111,Sauk,WI,Wisconsin,34.0,7.1,14.9,24.2,12.3,18.7,29.8,15.7,40.4,13.8,34.2
55113,Sawyer,WI,Wisconsin,41.4,9.6,17.3,22.7,15.2,22.9,31.3,15.0,34.3,16.3,33.8
55115,Shawano,WI,Wisconsin,35.9,8.1,16.7,22.0,12.9,20.1,30.0,16.0,40.4,14.7,34.4
55117,Sheboygan,WI,Wisconsin,35.4,6.9,13.7,22.0,11.5,18.0,29.0,15.4,36.6,13.4,31.8
55119,Taylor,WI,Wisconsin,37.3,8.2,16.3,21.6,12.8,20.5,32.1,16.1,44.3,15.0,33.2
55121,Trempealeau,WI,Wisconsin,35.3,7.5,15.8,23.2,12.3,18.7,29.0,15.9,41.3,14.2,34.3
55123,Vernon,WI,Wisconsin,36.5,8.4,16.1,22.9,12.9,20.3,29.6,15.9,38.8,14.8,30.6
55125,Vilas,WI,Wisconsin,41.6,9.4,14.2,22.4,13.8,18.7,28.7,13.6,38.4,14.8,28.4
55127,Walworth,WI,Wisconsin,32.7,6.8,12.8,21.9,11.2,17.2,26.1,15.2,38.4,13.1,31.4
55129,Washburn,WI,Wisconsin,40.4,9.2,15.7,21.6,14.4,20.1,30.9,14.7,35.6,15.1,32.4
55131,Washington,WI,Wisconsin,32.9,6.5,12.1,22.3,10.5,15.2,22.7,14.6,36.4,12.0,32.5
55133,Waukesha,WI,Wisconsin,33.6,6.2,10.3,20.2,10.5,13.8,21.0,12.9,33.4,11.5,30.8
55135,Waupaca,WI,Wisconsin,36.7,7.7,15.7,22.9,13.1,19.5,28.7,15.7,38.2,14.3,33.0
55137,Waushara,WI,Wisconsin,39.1,8.9,16.5,22.1,14.4,20.5,32.0,15.3,39.7,15.0,31.3
55139,Winnebago,WI,Wisconsin,32.4,6.3,14.2,23.4,11.2,17.3,27.7,16.1,40.0,12.5,31.1
55141,Wood,WI,Wisconsin,35.9,7.8,15.5,22.7,12.6,18.7,28.2,15.7,40.0,14.1,31.5
56001,Albany,WY,Wyoming,25.4,4.7,10.5,23.7,7.5,15.0,17.5,17.1,27.0,10.9,30.6
56003,Big Horn,WY,Wyoming,35.7,8.2,15.7,21.6,12.6,21.1,28.0,15.9,33.8,14.8,30.2
56005,Campbell,WY,Wyoming,29.6,5.6,15.3,22.8,9.9,18.2,25.9,16.6,35.9,13.2,34.3
56007,Carbon,WY,Wyoming,34.6,7.4,15.6,19.8,12.9,20.8,30.5,15.8,38.6,14.6,32.1
56009,Converse,WY,Wyoming,34.3,7.1,15.4,21.0,11.5,19.2,26.4,16.0,37.3,14.0,33.1
56011,Crook,WY,Wyoming,34.4,7.3,13.5,20.1,11.5,17.5,24.5,14.8,32.6,13.6,30.0
56013,Fremont,WY,Wyoming,35.4,7.6,16.4,20.6,12.4,20.6,27.2,16.3,33.9,14.6,31.3
56015,Goshen,WY,Wyoming,35.8,8.0,13.9,20.9,12.3,19.6,27.0,15.0,36.8,14.2,30.5
56017,Hot Springs,WY,Wyoming,39.1,9.7,14.9,20.7,14.5,22.0,28.4,14.7,35.1,15.6,30.2
56019,Johnson,WY,Wyoming,37.1,8.8,14.7,19.6,13.1,20.2,28.4,14.6,35.6,14.8,29.9
56021,Laramie,WY,Wyoming,30.3,5.9,13.3,21.1,10.5,18.2,27.5,16.0,33.8,13.3,33.5
56023,Lincoln,WY,Wyoming,34.5,6.8,14.1,19.9,11.4,17.2,24.5,15.0,35.4,13.4,31.1
56025,Natrona,WY,Wyoming,30.2,6.2,14.9,23.2,11.1,18.3,26.3,16.3,36.6,12.7,34.5
56027,Niobrara,WY,Wyoming,36.4,8.7,16.1,22.3,13.0,21.2,30.2,16.4,36.3,15.3,31.4
56029,Park,WY,Wyoming,34.0,7.4,12.5,20.9,11.7,17.6,24.9,14.2,31.5,13.2,29.8
56031,Platte,WY,Wyoming,38.7,9.0,15.0,19.8,13.5,21.4,29.3,15.2,35.8,15.3,32.3
56033,Sheridan,WY,Wyoming,34.0,7.0,12.9,23.1,10.9,17.1,22.9,14.8,30.6,13.0,29.3
56035,Sublette,WY,Wyoming,34.4,7.3,12.7,20.2,11.2,17.1,24.3,14.1,33.3,13.2,31.6
56037,Sweetwater,WY,Wyoming,31.1,6.2,16.1,23.6,11.1,20.0,27.2,17.1,36.3,14.0,38.6
56039,Teton,WY,Wyoming,27.0,5.0,9.2,18.0,8.4,12.3,18.3,12.7,24.0,10.1,27.1
56041,Uinta,WY,Wyoming,31.6,6.5,14.8,20.8,11.0,18.9,25.9,16.2,34.4,13.5,34.9
56043,Washakie,WY,Wyoming,36.1,8.5,15.4,20.3,13.7,21.8,30.2,15.2,33.3,15.4,31.4
56045,Weston,WY,Wyoming,34.6,7.9,15.7,19.5,12.6,20.1,28.3,15.5,35.7,14.7,30.5
