fips,state,county,ypll_premature_death,life_expectancy,pct_physically_inactive_chr,pct_exercise_access,pm25_air_pollution,pct_unemployed,pct_uninsured,pct_hs_graduation,social_associations_per_10k,median_household_income,pct_park_access,pct_severe_housing_cost_burden,drug_overdose_deaths_per_100k,injury_deaths_per_100k,pct_homeownership
00000,US,United States,8351.7365494,77.099412282,0.232,0.8445242486,7.3,0.036390896,0.0954837794,0.87,9.0915185291,77719.0,0.509125452,0.147123724,30.808248914,83.562394901,0.6502210081
01000,AL,Alabama,11853.247248,73.279289325,0.278,0.6141318983,8.6,0.0249824318,0.1048872681,0.8827366389,11.658760151,62248.0,0.1678049726,0.1232858113,26.131132528,93.387131733,0.6993339614
01001,AL,Autauga County,9938.2633823,74.800645825,0.257,0.5449196497,9.3,0.0218888889,0.0819036072,0.83,11.21170033,68857.0,0.0539579968,0.0982333798,10.857204898,65.975725122,0.7491009191
01003,AL,Baldwin County,8957.1126859,76.580109234,0.238,0.6162439001,7.8,0.0227949698,0.1021234205,0.8673389021,9.6982977256,74248.0,0.1657224713,0.1155147835,31.607684304,82.420053413,0.7753534372
01005,AL,Barbour County,12738.656137,72.708991709,0.349,0.5485866075,8.8,0.0443101712,0.1211704165,0.751627907,8.9047195013,45298.0,0.0973318003,0.1066602894,16.159657415,85.603992699,0.6748898678
01007,AL,Bibb County,11708.948038,72.977378514,0.322,0.4339030189,8.6,0.024623803,0.1083579882,0.91,8.6344012724,56025.0,0.182119948,0.1100699301,27.019724399,99.630201415,0.7717606657
01009,AL,Blount County,11898.088409,72.936172299,0.297,0.4229208239,8.8,0.0214429478,0.1251558215,0.9385098336,7.3934668638,64962.0,0.0372712822,0.0936733221,23.805205405,98.254695342,0.7950584702
01011,AL,Bullock County,15998.089209,70.96745637,0.399,0.428405909,8.4,0.0237777778,0.1140909091,0.825,4.900999804,36204.0,0.0028000386,0.1827411168,,116.28594517,0.6350999131
01013,AL,Butler County,14616.39262,71.541917066,0.343,0.4272216682,8.4,0.0291930292,0.1038040427,0.76,9.1152815013,44729.0,0.0935908876,0.1043018868,21.038605842,120.62475303,0.6841090609
01015,AL,Calhoun County,14259.564795,70.813154873,0.285,0.644927474,8.9,0.0281949934,0.1183334269,0.9208569119,13.904722424,51841.0,0.1663846927,0.1096265368,33.60088521,99.10820068,0.703867036
01017,AL,Chambers County,12568.860637,71.861783224,0.337,0.5001437939,8.9,0.0238446411,0.1273807243,0.8260416667,16.428068529,50390.0,0.0182043023,0.0972611267,11.823359016,97.408575518,0.7098889634
01019,AL,Cherokee County,12680.903028,72.395529183,0.269,0.2998278002,8.4,0.0239581576,0.1325415178,0.93,7.9045134772,56400.0,0.0346001362,0.0744437513,19.584290788,110.23133054,0.794502243
01021,AL,Chilton County,11802.63262,72.70685113,0.277,0.3130359444,8.9,0.0219287439,0.1318174548,0.86,15.909685293,59165.0,0.0207713156,0.1025839947,25.082070008,97.708534104,0.768314914
01023,AL,Choctaw County,12977.181714,73.06127106,0.335,0.2516383735,8.7,0.0400379057,0.1116294207,0.825,19.294155479,47432.0,0.0076589025,0.1087001878,,122.57242916,0.8221878624
01025,AL,Clarke County,16382.035791,69.949889441,0.329,0.5408671547,8.8,0.0499275458,0.1148128868,0.8421206897,16.433488785,50868.0,,0.0992501704,14.584487939,102.49078444,0.7091812589
01027,AL,Clay County,13312.804786,71.851139548,0.321,0.6439308795,6.8,0.023549201,0.1055630936,0.825,10.564868291,52077.0,0.2068699073,0.0625455872,,122.04087634,0.7769297485
01029,AL,Cleburne County,12586.014576,72.100332749,0.307,0.424282678,8.3,0.02272361,0.1238729591,0.975,8.4712628698,59526.0,0.2931721573,0.0693450743,,110.20673722,0.8004787143
01031,AL,Coffee County,10338.895023,74.199504456,0.269,0.522547461,8.9,0.0250677196,0.115180798,0.9142788462,12.042696834,64737.0,0.0008042645,0.1192512016,10.480306272,77.685206035,0.6923298178
01033,AL,Colbert County,12369.517136,73.022425449,0.292,0.6886259982,7.5,0.0294227652,0.1068873768,0.920217803,14.819154619,57770.0,0.0457126881,0.114608309,19.307504183,87.213131094,0.7080150308
01035,AL,Conecuh County,18927.733282,68.961085989,0.332,0.3740622575,8.5,0.035454332,0.1057656996,0.925,7.1390326611,46702.0,0.0021557299,0.1089541373,31.990693616,124.2997497,0.7493374558
01037,AL,Coosa County,14409.561567,72.230535629,0.308,0.0405314335,8.5,0.0255001099,0.0949401523,,9.836710604,59736.0,0.0160777895,0.0329586101,,108.27444723,0.8131397286
01039,AL,Covington County,14664.189369,70.640113875,0.279,0.5791589034,8.6,0.0274341044,0.1103448276,0.9526119403,10.903675336,50119.0,0.1129092361,0.0978922369,22.310273435,104.7874427,0.7571576406
01041,AL,Crenshaw County,13951.809024,70.418927021,0.305,0.1482492042,8.5,0.0266233766,0.131403118,0.875,11.516314779,49128.0,0.1482492042,0.1160599572,,99.428656229,0.7420689655
01043,AL,Cullman County,11852.911745,72.853788329,0.305,0.4711264881,8.7,0.02041586,0.1164789446,0.94,9.2648761926,61231.0,0.0297043225,0.0913160521,30.60345479,100.48948102,0.7635700431
01045,AL,Dale County,11939.042155,73.008730369,0.293,0.389084864,9.0,0.0253325785,0.1049121135,0.887710084,10.697561763,54697.0,,0.1042850316,16.233217221,82.529383306,0.6134351763
01047,AL,Dallas County,20426.822143,67.706493274,0.345,0.5646612241,8.7,0.0542217626,0.0973662639,0.8116348449,14.143117469,39013.0,0.0506473922,0.1782864343,23.532819232,135.49115544,0.6101453036
01049,AL,DeKalb County,11969.446607,72.357615551,0.341,0.3865769188,7.2,0.0227067475,0.1519862125,0.9188321168,9.4447067974,50614.0,0.109959781,0.0810355455,22.741090366,99.618547467,0.7675942342
01051,AL,Elmore County,9508.1160841,74.60542113,0.256,0.5111108585,9.4,0.0212986475,0.0899437942,0.8635452696,10.495405469,73125.0,0.0431362743,0.0925560994,10.726941864,69.319840329,0.768637216
01053,AL,Escambia County,15044.632371,70.098328137,0.327,0.3864570014,8.9,0.0311634349,0.1241663326,0.8991643454,13.636611575,50333.0,0.011426395,0.1196551724,49.249402623,130.03545925,0.686878961
01055,AL,Etowah County,14706.297419,70.243289319,0.299,0.5472466066,7.9,0.0279482627,0.112525627,0.889566474,14.162657147,52504.0,0.0703913531,0.1212646283,25.921761643,98.950115896,0.7375127681
01057,AL,Fayette County,14667.278733,70.679483092,0.322,0.3584951902,8.3,0.0288666059,0.1155548403,0.875,7.4450924432,49235.0,,0.0986922406,39.169604387,108.3183575,0.781854239
01059,AL,Franklin County,13058.98714,71.506373608,0.333,0.5691775916,7.5,0.0256896189,0.1369978534,0.9465,7.8291369159,49682.0,0.012736275,0.0885748591,27.238821607,108.10674118,0.7175881998
01061,AL,Geneva County,14287.285268,70.579638414,0.302,0.3550020631,8.9,0.0244293866,0.1210851975,0.959351145,9.334279207,50006.0,0.0127161559,0.0933306629,16.271356155,92.089371981,0.7827488152
01063,AL,Greene County,16286.662891,70.558950817,0.399,0.0397153946,8.5,0.0477025605,0.092735123,0.875,8.0840743735,34619.0,0.0012936611,0.1391076115,,104.10054589,0.6973987488
01065,AL,Hale County,15927.466736,69.946175937,0.32,0.5071356104,8.7,0.0332887253,0.1139656858,0.925,6.1664953751,42380.0,0.2762259046,0.1536972513,,98.097988991,0.7700776033
01067,AL,Henry County,10894.195271,74.216601454,0.328,0.1852327073,9.0,0.0263493413,0.1127886987,0.925,12.46105919,55598.0,0.0169135658,0.0822926673,,94.52340607,0.8089467385
01069,AL,Houston County,11251.055627,73.542174929,0.295,0.7218522042,9.3,0.0258287321,0.1171585758,0.8951292247,10.917939655,59412.0,0.0020801851,0.1309954973,16.453648829,77.901941166,0.63915831
01071,AL,Jackson County,13931.867869,70.899564188,0.311,0.3767854086,7.9,0.0248275275,0.129937158,0.9411545624,9.4534041708,51479.0,0.0780539759,0.095359028,10.811085815,93.243492141,0.7504012083
01073,AL,Jefferson County,13163.518237,72.43208331,0.265,0.7978616347,10.2,0.0245276408,0.0960067357,0.8922618428,14.05150817,64726.0,0.2641476996,0.1595986405,50.086217691,121.97393937,0.6371736374
01075,AL,Lamar County,12036.358042,72.385633339,0.289,0.2322502147,8.2,0.0279562424,0.1106487611,0.875,8.0262677855,50929.0,,0.0644748079,,95.920473208,0.7403248446
01077,AL,Lauderdale County,9936.8569068,74.903864823,0.255,0.5265593604,7.3,0.0253922044,0.1064372475,0.936986987,13.246000125,63895.0,0.0292420162,0.1120334216,19.414802551,82.407318453,0.6783402532
01079,AL,Lawrence County,13633.173957,71.144564733,0.301,0.5649321199,7.9,0.0225871314,0.1217629202,0.94,10.236647197,61064.0,0.08257491,0.0663910506,,101.18636468,0.8141498669
01081,AL,Lee County,7894.4869047,77.146206461,0.265,0.6107862099,9.3,0.0229331823,0.1004613633,0.9021334923,8.4083353156,62301.0,0.2376822906,0.1743920796,12.004069951,64.572456507,0.6572912987
01083,AL,Limestone County,8777.4894426,76.061757922,0.244,0.497914454,7.8,0.0206563552,0.0923175388,0.8750755089,7.6645626691,81811.0,0.0708120112,0.0769825719,6.5492990691,64.568168862,0.7749681417
01085,AL,Lowndes County,19891.328012,67.599804261,0.362,0.0091164775,8.7,0.0457012282,0.0910078783,0.775,5.1140431625,42011.0,0.0091164775,0.175856531,,130.39137787,0.7731314588
01087,AL,Macon County,15396.827364,71.420007275,0.351,0.3866475527,8.9,0.0318949343,0.0961538462,0.825,7.5610282998,40710.0,0.2903440508,0.1628268991,,113.27371941,0.6480212558
01089,AL,Madison County,9054.1844336,76.475175248,0.217,0.7819545385,7.1,0.0204677795,0.0806479077,0.9315725,10.332907958,86172.0,0.3892640273,0.1062513416,28.856869081,76.343162516,0.6877681281
01091,AL,Marengo County,14678.892244,70.764814396,0.327,0.4757025307,8.7,0.0333553065,0.1024383505,0.8833633094,14.937316618,47228.0,0.0565129638,0.0954532618,,106.98812538,0.6904793171
01093,AL,Marion County,12543.533929,72.404085747,0.298,0.3125319519,7.8,0.0292030164,0.1121395987,0.9063880126,9.6035121416,48829.0,,0.0713671539,,76.570197253,0.7522530807
01095,AL,Marshall County,12808.56937,71.900213003,0.279,0.5238905053,8.7,0.0205583207,0.1241745022,0.9128538813,8.9516510264,59882.0,0.0774904725,0.0898107715,26.472894132,93.738974902,0.7547757417
01097,AL,Mobile County,12655.580664,72.618914026,0.287,0.6292148917,8.0,0.0310043278,0.1176122841,0.8333943042,11.132419892,55538.0,0.3154054035,0.1404791332,26.753960556,94.372209225,0.6487442915
01099,AL,Monroe County,15784.597331,70.791269449,0.329,0.4256524378,8.6,0.0427815138,0.1147275306,0.83,14.43001443,49314.0,0.0049565041,0.1060840025,18.483977752,95.744785857,0.7021362899
01101,AL,Montgomery County,13219.378867,72.724550576,0.296,0.7828603126,7.9,0.0281265324,0.1125308519,0.6905726573,14.622660264,60063.0,0.0458913144,0.1742167873,16.656004858,86.76171836,0.577044666
01103,AL,Morgan County,12501.614916,72.755057494,0.296,0.7180301569,8.1,0.019869691,0.1225546779,0.9053000723,11.673684295,70387.0,0.1959553074,0.0998161057,26.647668873,97.604405388,0.7250574335
01105,AL,Perry County,17916.639734,68.821870444,0.388,0.5515215603,8.5,0.0500167842,0.1012900976,0.925,9.9564405725,34176.0,0.109622841,0.0646302251,,95.039406583,0.6932707355
01107,AL,Pickens County,13196.566691,71.498580013,0.326,0.160225906,8.6,0.0302176697,0.1046413502,0.925,11.231748409,47372.0,0.0,0.1101838974,19.200223421,103.95331364,0.7543910164
01109,AL,Pike County,13497.370953,71.64235794,0.297,0.6129540428,8.6,0.027288514,0.1058417085,0.8976449275,9.6928575756,50675.0,,0.16718107,,72.541303205,0.6287187624
01111,AL,Randolph County,11833.808003,73.064225194,0.314,0.4066554377,8.4,0.0244889488,0.1272769734,0.8976141079,8.8971929356,57148.0,0.0223061866,0.1039222657,14.839437289,100.14623122,0.7870055878
01113,AL,Russell County,14160.382378,71.017446865,0.33,0.5954243617,8.7,0.0275583864,0.1174595948,0.9263509317,9.9052173171,52312.0,0.2298802021,0.1693269777,29.057511082,126.69266899,0.6055331315
01115,AL,St. Clair County,11877.985387,72.792927371,0.248,0.4921901584,9.4,0.0213632938,0.0957893482,0.856791498,8.1974194098,78349.0,0.003721063,0.070499803,41.814006971,105.78968046,0.8247237289
01117,AL,Shelby County,6794.9802433,79.404063548,0.208,0.7397634335,10.0,0.0184491585,0.0756171604,0.9507045735,9.7777198357,90280.0,0.2052918072,0.1002763427,25.05730015,64.486884069,0.8125951249
01119,AL,Sumter County,15670.022213,71.343758203,0.358,0.3093560146,8.7,0.0368673647,0.0935182971,0.725,10.124019236,37021.0,,0.1447714764,,122.22946545,0.6961175236
01121,AL,Talladega County,15316.224091,70.451040172,0.314,0.5463121888,9.1,0.0277452555,0.1048795335,0.9198917197,11.895321174,59491.0,0.174853011,0.1265449485,15.27581096,102.73146294,0.7256225486
01123,AL,Tallapoosa County,12182.594159,72.783391238,0.293,0.618067827,8.6,0.0251941329,0.1227664015,0.88,12.690045635,60583.0,0.0672944252,0.0857768899,12.281692909,94.090060444,0.7560430263
01125,AL,Tuscaloosa County,10422.47724,74.51571098,0.28,0.6678720555,7.5,0.023399467,0.0880480633,0.8467905057,8.8267590168,61117.0,0.2835717684,0.1474511587,21.495971358,72.382141102,0.6215788931
01127,AL,Walker County,18377.077905,67.799489094,0.34,0.4207707141,9.0,0.0264438992,0.1233731922,0.8560147849,14.454685339,57950.0,0.0260475651,0.1061256005,50.962038482,123.61829175,0.7749869178
01129,AL,Washington County,12864.089912,72.598586835,0.319,0.104432025,9.0,0.0256830601,0.0987920621,0.92,19.177357492,57311.0,,0.0886150235,,98.797958176,0.8589292004
01131,AL,Wilcox County,19438.678148,68.73901576,0.407,0.0159433962,8.5,0.0799683294,0.1213566508,0.775,6.9589422408,34426.0,0.0159433962,0.1786245907,,152.77213746,0.7790414297
01133,AL,Winston County,12030.860071,72.676920031,0.281,0.7805012744,8.1,0.0272876487,0.1168619792,0.925,9.2612081667,52280.0,0.4741291419,0.0812989137,22.562222379,104.0573923,0.7662950257
02000,AK,Alaska,10028.003437,76.315233199,0.213,0.7906191922,5.3,0.0422549805,0.1330597255,0.7760453481,10.932641569,88696.0,0.4562191246,0.1235849932,30.672417669,108.17159189,0.6658914005
02013,AK,Aleutians East Borough,4200.3367471,,0.298,0.2736842105,,0.0210150674,0.1958456973,,0.0,83000.0,0.2736842105,0.1133757962,,,0.5701402806
02016,AK,Aleutians West Census Area,5785.3974442,85.91516727,0.271,0.813646789,,0.0301153954,0.1670011148,,0.0,104159.0,0.0005733945,0.0916030534,,80.828863252,0.2947799386
02020,AK,Anchorage Borough,9853.0638746,76.34256887,0.199,0.9386053762,5.8,0.0342719612,0.1211176078,0.8179577922,11.52727716,93881.0,0.6433336652,0.1320469307,39.310683113,95.637766584,0.6373623317
02050,AK,Bethel Census Area,18066.471244,68.864695155,0.354,0.9177113468,,0.0971377725,0.1416339356,0.5110899183,3.8341458071,62140.0,0.9177113468,0.1027639972,19.909141916,234.06965477,0.6050203819
02060,AK,Bristol Bay Borough,16587.524231,,0.21,0.058056872,,0.0368763557,0.1691678035,,0.0,99790.0,0.058056872,0.0442477876,,,0.519434629
02063,AK,Chugach Census Area,,,0.2,0.661926218,,0.0471098266,0.1753246753,,14.547570556,95180.0,0.1874119966,0.0590750097,,,0.6270996641
02066,AK,Copper River Census Area,,,0.226,0.5242644249,,0.0761973875,0.142787761,,15.449980688,69092.0,0.5242644249,0.0539744848,,,0.6771378709
02068,AK,Denali Borough,,88.591762237,0.207,0.7201976529,,0.0595581172,0.1260806916,0.725,0.0,86118.0,0.3909820877,0.0878243513,,,0.7823639775
02070,AK,Dillingham Census Area,20903.735026,68.174982434,0.279,0.4651019148,,0.0636205899,0.1696480092,,0.0,62598.0,0.4651019148,0.0822239624,76.772752652,222.73552219,0.6312364425
02090,AK,Fairbanks North Star Borough,8712.742308,77.684520715,0.203,0.7402854007,11.9,0.0380447922,0.1109260287,0.7010507569,8.9139645119,86780.0,0.2148868329,0.1266537959,19.539427774,97.840056382,0.6169283503
02100,AK,Haines Borough,10534.529197,78.336464242,0.199,0.9576923077,,0.0657065707,0.1119016818,,0.0,78649.0,0.3038461538,0.1196388262,,93.656875266,0.7641824249
02105,AK,Hoonah-Angoon Census Area,9451.7912651,78.265212214,0.248,0.378858351,,0.0558572537,0.1692789969,,0.0,64720.0,0.378858351,0.0734265734,,,0.7223427332
02110,AK,Juneau Borough,7261.629556,79.790675956,0.203,1.0,4.8,0.0299353214,0.1224768554,0.86,12.624270159,99748.0,1.0,0.1284119107,33.50539751,85.842826171,0.6440858578
02122,AK,Kenai Peninsula Borough,8874.4859998,77.885547847,0.203,0.7227163727,,0.0471778488,0.1452395008,0.77,15.982863734,74185.0,0.2857701662,0.1204451233,28.909607441,102.9914645,0.7677600201
02130,AK,Ketchikan Gateway Borough,9819.4276417,77.625504964,0.207,0.8090765701,,0.036757228,0.1552901024,0.825,12.371734226,87760.0,0.2337252653,0.150481031,36.370690073,110.04763904,0.6733677282
02150,AK,Kodiak Island Borough,8975.6460306,77.439334178,0.227,0.9922143348,,0.0441176471,0.1783650658,0.875,13.364779874,86250.0,0.9922143348,0.1386210222,,90.990407452,0.6069878472
02158,AK,Kusilvak Census Area,24556.33926,64.993406958,0.403,0.9997609943,,0.1505657093,0.1389707156,0.6840062112,0.0,42029.0,0.9997609943,0.1181538462,,242.88771854,0.6943416182
02164,AK,Lake and Peninsula Borough,20072.785321,,0.272,0.2750677507,,0.0588235294,0.1922348485,,21.723388849,62547.0,0.2750677507,0.0588235294,,200.83009774,0.6055900621
02170,AK,Matanuska-Susitna Borough,8750.0795302,76.2208921,0.26,0.653075709,4.7,0.0482599075,0.1466952195,0.86,7.4123097287,94376.0,0.0974495942,0.1218800816,27.227248791,97.609565374,0.7663676226
02180,AK,Nome Census Area,18090.491543,68.924182126,0.31,0.4581923153,,0.0768090887,0.1453762844,0.78125,4.06710727,75296.0,0.0882938483,0.0944223108,,211.603958,0.6335247667
02185,AK,North Slope Borough,9617.4349943,75.755450434,0.245,0.0672649805,,0.0492819843,0.1469318182,0.725,2.7764923646,103556.0,0.0672649805,0.0666666667,,133.92417528,0.4952380952
02188,AK,Northwest Arctic Borough,19917.503044,67.849054939,0.306,0.0311818298,,0.0963253657,0.1660181582,0.725,6.7358210966,78619.0,0.0311818298,0.0827205882,,242.62243203,0.604843148
02195,AK,Petersburg Census Area,7076.5773882,78.465812259,0.207,0.1892289582,,0.0507868383,0.184366364,,17.857142857,68449.0,0.1892289582,0.106943336,,,0.7096285064
02198,AK,Prince of Wales-Hyder Census Area,14378.467379,71.902262456,0.24,0.3196593082,,0.0674157303,0.1913445174,,8.8495575221,57304.0,0.1110724839,0.0972590628,,149.24878113,0.7159284497
02220,AK,Sitka Borough,7686.8488695,79.006760318,0.207,0.9953889808,,0.029652578,0.1495450543,0.86625,9.5442615128,89264.0,0.8363679357,0.1096014493,,99.211036047,0.6166143306
02230,AK,Skagway Municipality,,,0.227,1.0,,0.0582147477,0.1586757991,,0.0,79412.0,1.0,0.0608899297,,,0.6563192905
02240,AK,Southeast Fairbanks Census Area,9720.3749391,75.428867686,0.257,0.2711515864,,0.0521047984,0.1609372328,0.7531976744,5.6971941319,79014.0,0.2711515864,0.0914258645,,109.3242038,0.7589787971
02275,AK,Wrangell City,10946.485665,77.453729986,0.231,0.9990597085,,0.0485961123,0.2105619499,,0.0,65011.0,0.9990597085,0.0658823529,,146.04810997,0.5657894737
02282,AK,Yakutat Borough,,,0.25,0.6329305136,,0.0603174603,0.1930783242,,0.0,77108.0,0.6329305136,0.0489130435,,,0.6086956522
02290,AK,Yukon-Koyukuk Census Area,22703.597242,67.338969656,0.308,0.1946472019,,0.0903010033,0.1913116124,0.6662094763,0.0,49498.0,0.1946472019,0.0813661477,,279.82214045,0.7069486405
04000,AZ,Arizona,9457.2593479,76.733171829,0.226,0.8590831688,6.0,0.0391400858,0.1272086616,0.7734030013,5.6527906509,77158.0,0.4877132105,0.1380867903,36.01591773,101.07847813,0.6697789251
04001,AZ,Apache County,27851.413774,63.845346311,0.316,0.1752472698,3.3,0.0788163868,0.1302971035,0.7746938776,3.0566083873,43121.0,0.1485739386,0.064972858,39.422460947,239.4449493,0.7913302999
04003,AZ,Cochise County,9423.8489242,76.089432366,0.24,0.6880515277,6.5,0.0453362912,0.1118610324,0.7336625648,8.5148373029,53011.0,0.0838680877,0.1143825286,34.549784657,99.073363351,0.7050083208
04005,AZ,Coconino County,11546.476059,75.864470435,0.18,0.8251287035,5.3,0.0419991488,0.1381327883,0.8447989093,9.5793419409,71528.0,0.4514510582,0.162604944,28.035672497,123.13298223,0.5884381641
04007,AZ,Gila County,19407.343282,69.593726569,0.245,0.878003454,6.0,0.0430466783,0.1518558889,0.7532509158,8.716293906,55804.0,0.6287543175,0.1394292837,40.169577416,176.84941106,0.7716853739
04009,AZ,Graham County,11352.564126,73.543255415,0.256,0.674902032,5.4,0.0368326335,0.1131238202,0.8618532819,4.6416875113,66469.0,0.0497495653,0.1039843684,36.739576213,102.60429288,0.7353932584
04011,AZ,Greenlee County,11216.589614,75.103455247,0.25,0.7933702813,5.4,0.0285895807,0.0930557319,0.95546875,4.3001505053,71273.0,0.5178291331,0.0447585395,35.654437195,102.06685379,0.5580720093
04012,AZ,La Paz County,23645.177931,69.329962473,0.292,0.4179501117,4.2,0.0476190476,0.1693875315,0.8379464286,5.4525627045,48801.0,0.0357552697,0.0962989156,62.506894143,193.58178054,0.704287161
04013,AZ,Maricopa County,8525.3191969,77.470431797,0.22,0.9276185775,12.6,0.0342015741,0.1247096348,0.7696987237,5.3937977697,86973.0,0.5639705124,0.1415317484,36.573929789,92.370474108,0.6501300268
04015,AZ,Mohave County,13412.686082,72.784224521,0.273,0.5704351822,6.1,0.0450922493,0.1410078056,0.7871574179,5.4796753858,56302.0,0.2173144462,0.1376610527,29.586069536,151.09819991,0.7363027482
04017,AZ,Navajo County,21728.239752,67.131288084,0.259,0.5981146397,5.3,0.0566569412,0.1540432197,0.810332871,6.9028992177,51011.0,0.3589493708,0.0875158743,41.956893852,187.5415699,0.7274259018
04019,AZ,Pima County,9749.815683,76.485898854,0.246,0.8627377129,6.2,0.0382614254,0.1130348635,0.7307711835,6.193285344,69553.0,0.5254376659,0.147150269,42.481365913,110.32585311,0.6480897521
04021,AZ,Pinal County,9284.8309924,78.111967714,0.252,0.6296676888,16.1,0.0411207724,0.1321722264,0.8015231238,3.5117654916,77290.0,0.0990302494,0.1052132327,25.313024591,82.275025971,0.8052394191
04023,AZ,Santa Cruz County,6446.7835233,79.865502476,0.278,0.6123266693,10.4,0.0757701915,0.1999431392,0.8863780488,4.1018068459,52400.0,0.1486081101,0.1156483791,27.187173231,68.510820058,0.683753568
04025,AZ,Yavapai County,10159.849891,76.388259727,0.218,0.8306923106,5.7,0.0361016452,0.1614111536,0.8155548817,7.717585127,67317.0,0.3902137514,0.148125664,33.211192995,126.61382449,0.7351147842
04027,AZ,Yuma County,9875.9199698,77.788101404,0.306,0.7816471373,9.1,0.1320121302,0.1673820282,0.8700254176,4.4264393145,61225.0,0.4597731029,0.123307537,25.764396449,76.801650527,0.7002327608
05000,AR,Arkansas,11384.029581,73.68056117,0.302,0.6336356609,8.3,0.0325079265,0.1001208573,0.8826559625,11.672435028,58748.0,0.1604675905,0.1138209588,19.7757648,91.412008937,0.6614198258
05001,AR,Arkansas County,17354.839288,68.69002717,0.361,0.5683130212,7.2,0.0265934066,0.0822363327,0.8839108911,13.929263566,50198.0,0.2763426439,0.0941484145,,119.94596609,0.6745103993
05003,AR,Ashley County,15009.040924,70.864945848,0.362,0.2814500052,7.4,0.0562790698,0.1015127951,0.8917400881,15.800370491,49560.0,0.022190746,0.1277165823,24.837227456,104.09076715,0.7213501875
05005,AR,Baxter County,11056.830289,74.173299685,0.291,0.5899055901,7.6,0.0358205403,0.1081818492,0.9058024691,11.075762932,48804.0,0.0569342014,0.0996632631,14.193232982,103.1506094,0.7495982166
05007,AR,Benton County,6948.4701487,78.171667307,0.231,0.7679235263,9.3,0.0244269193,0.1060021572,0.8960496084,8.0894661943,92632.0,0.1173201844,0.072973205,14.457902091,61.51371046,0.6720350711
05009,AR,Boone County,10888.527445,74.194103081,0.295,0.451261606,7.7,0.0312973246,0.0941842001,0.9468574514,13.582697733,56154.0,,0.0823990646,15.825706222,99.654918341,0.7029280462
05011,AR,Bradley County,14248.848305,71.526980159,0.356,0.4871503082,8.1,0.0463215259,0.1219176368,0.9308441558,13.813517514,44525.0,0.0178283547,0.1007990166,,104.08387268,0.6686111111
05013,AR,Calhoun County,17436.885915,69.873328055,0.327,0.0728001688,8.2,0.0293242669,0.1026156942,,12.779552716,57689.0,0.0,0.0402684564,,147.91125325,0.8636363636
05015,AR,Carroll County,10688.152755,75.265721648,0.295,0.5397027601,7.9,0.0293519798,0.1427392361,0.8436877076,11.133532809,53986.0,0.0611111111,0.1151160596,24.574912525,114.74348144,0.7767873222
05017,AR,Chicot County,16984.779644,69.765682445,0.385,0.3651057994,8.6,0.0575236759,0.1057126031,,8.1029069179,40381.0,0.0262539185,0.1279103191,,119.11379338,0.6738964021
05019,AR,Clark County,12303.773465,72.060403275,0.334,0.4839597128,8.4,0.0471820214,0.0897727273,0.9031887755,16.0,53561.0,0.2228853866,0.1325874486,,72.440511668,0.6154412667
05021,AR,Clay County,10838.20941,72.812563789,0.336,0.608851017,8.1,0.0412562721,0.0959713518,,14.721345952,47663.0,0.0733919736,0.0942264862,,140.90733271,0.7146827992
05023,AR,Cleburne County,9759.3491599,75.349563892,0.304,0.4047185464,8.1,0.0393508226,0.0997057862,0.9391025641,16.611295681,56692.0,0.105944721,0.0777091976,13.291862722,105.50040762,0.785427424
05025,AR,Cleveland County,13719.880391,71.536978287,0.353,0.0135099338,8.0,0.0347085789,0.0831903945,,6.6961296371,54458.0,0.0135099338,0.0600693107,,115.64555921,0.7919799499
05027,AR,Columbia County,13621.524684,71.487972258,0.313,0.5198017631,8.5,0.0429027841,0.0876260312,0.9099342105,14.854159165,44175.0,0.0104819964,0.1255955532,,89.399633722,0.6914244708
05029,AR,Conway County,12472.47923,73.106625379,0.352,0.4565773594,8.5,0.0376473418,0.0892515543,0.8967436975,12.829041148,53863.0,0.0731354091,0.0938113306,19.060931444,95.517369834,0.7146814404
05031,AR,Craighead County,10319.662144,74.431998348,0.33,0.582436551,8.5,0.0274602732,0.0993340082,0.8985614422,8.4058150544,60204.0,0.0964479327,0.133341422,13.334123504,71.5351295,0.5920151302
05033,AR,Crawford County,11457.194163,73.195992697,0.3,0.5954467597,8.7,0.0336426039,0.0932823112,0.9323026316,6.7130577159,63905.0,0.1922904229,0.0852376906,24.3424825,77.040365942,0.7424110638
05035,AR,Crittenden County,17011.102223,69.161773093,0.357,0.7882814609,7.5,0.0421455939,0.0934291049,0.8636400541,9.5620577548,52153.0,0.5621742832,0.1514261508,22.503199674,110.27299905,0.566146799
05037,AR,Cross County,13763.325385,70.901982646,0.329,0.7230440207,8.4,0.0340375587,0.1046994041,0.9296875,14.456960424,47669.0,0.0983187786,0.0983606557,28.326319197,111.48947515,0.6606376456
05039,AR,Dallas County,16219.468049,70.5198047,0.351,,8.2,0.039289762,0.0909508498,,17.767727346,46701.0,,0.0909874946,,116.44571838,0.7117525773
05041,AR,Desha County,15390.218708,70.644300495,0.41,0.6019306713,8.5,0.0460310966,0.1045673077,0.925,17.63995915,43469.0,0.0465116279,0.1619930475,,98.488646945,0.6050526316
05043,AR,Drew County,12652.14281,72.42319675,0.339,0.6621902017,8.3,0.0415253087,0.0865188101,0.875,10.643959553,48746.0,0.1662247839,0.129982669,,95.996386018,0.6387778412
05045,AR,Faulkner County,9025.9012271,75.673682657,0.255,0.6456541806,9.1,0.0288225611,0.0758522996,0.9058101356,8.9296204911,68543.0,0.0204699671,0.1330704677,15.275619584,74.543658,0.6158474195
05047,AR,Franklin County,12985.179437,72.268482824,0.355,0.6667836463,7.5,0.032149583,0.0954432598,0.8628172589,15.054136993,54077.0,0.073931099,0.0875270145,19.105481363,96.738215009,0.7403314917
05049,AR,Fulton County,12325.242911,72.756804657,0.375,0.2562318841,,0.038470042,0.0927137871,,7.2686157325,46346.0,0.0655900621,0.1019743979,,110.29292503,0.846921797
05051,AR,Garland County,14392.654139,72.086639937,0.28,0.7234178479,8.1,0.0369016117,0.1003282393,0.8485896269,10.590574389,53849.0,0.3757137153,0.1369166429,35.308852529,127.92031246,0.6923129656
05053,AR,Grant County,11187.593048,73.264578022,0.3,0.3510413186,8.3,0.0285780669,0.0712878016,0.8914545455,11.563876652,64306.0,0.0010580243,0.0632339657,,92.15376514,0.7952552121
05055,AR,Greene County,10847.058235,73.523634066,0.331,0.6911185937,8.3,0.033108211,0.07981061,0.9144897959,10.549431622,55444.0,0.0770290362,0.1135432518,13.732094072,84.275059822,0.6514559857
05057,AR,Hempstead County,11967.24553,73.316297707,0.329,0.6048342886,8.9,0.0336943442,0.1072124756,0.8964788732,8.7390119776,50576.0,0.2168452529,0.0960660085,,77.165703703,0.6962704588
05059,AR,Hot Spring County,12718.197584,72.166013618,0.32,0.1972154964,8.4,0.0354640981,0.0844607097,0.9271153846,10.84239376,53767.0,0.0517857143,0.1145188772,19.972438036,106.19891415,0.7737377076
05061,AR,Howard County,12555.033612,72.401282235,0.31,0.4673445444,8.9,0.0345024781,0.104079602,0.9636699507,15.131002628,47308.0,0.0858036762,0.1083299138,,86.277289044,0.7119365448
05063,AR,Independence County,11068.144723,73.386571309,0.341,0.4840002109,8.2,0.0340976595,0.0976523969,0.9425339367,12.913427329,59695.0,0.0141546734,0.1194887261,14.106237602,79.924627371,0.6762659318
05065,AR,Izard County,11978.48315,73.719201621,0.313,0.5303822641,7.6,0.0509383378,0.1033437827,0.9501785714,9.9658314351,47320.0,0.1607129705,0.1061750333,,109.02113556,0.7467674557
05067,AR,Jackson County,14435.466766,70.529179494,0.368,0.6195762459,7.1,0.0510677809,0.0915949232,0.8647058824,9.624639076,45762.0,0.0230378991,0.1139887245,,90.908003493,0.6527732196
05069,AR,Jefferson County,15931.253522,70.288029776,0.354,0.5891317276,8.7,0.0461265523,0.0775251584,0.8315267728,14.319957663,49581.0,0.1606749926,0.1324009933,20.462032698,125.89960717,0.632119668
05071,AR,Johnson County,11849.031072,73.421216934,0.37,0.5032816808,7.9,0.0436592547,0.1144122268,0.8830696203,8.076612438,50387.0,0.1112276205,0.1239592969,21.695019079,87.333591537,0.7165322982
05073,AR,Lafayette County,14359.501033,71.67935972,0.39,0.1109701966,8.5,0.0486142662,0.1184802158,,6.5563022455,43824.0,0.1109701966,0.0857400722,,77.721818069,0.7718408736
05075,AR,Lawrence County,14246.208655,71.32416894,0.352,0.3511346818,8.2,0.0335600237,0.0911591356,0.9044642857,9.256402345,49015.0,0.0462506167,0.0922793502,,125.99850759,0.6816840143
05077,AR,Lee County,18151.85151,68.855333883,0.395,0.523372093,8.5,0.0518256773,0.1014786307,,9.5648015304,36735.0,0.2659302326,0.1751923947,,131.52429738,0.6122680803
05079,AR,Lincoln County,11302.502175,72.559078596,0.364,0.3792597172,8.4,0.0399234345,0.100069979,0.925,4.645401053,53381.0,0.0428869485,0.0809729064,,110.25358324,0.7839681637
05081,AR,Little River County,12484.081963,71.836016258,0.321,0.5311824381,9.3,0.0348499516,0.0791108205,0.9044444444,13.535233906,48837.0,0.0409945119,0.0961323497,,90.864034363,0.8
05083,AR,Logan County,13583.053556,71.190888658,0.324,0.644881927,8.1,0.0400241838,0.0885187388,0.9678097345,11.292523408,51290.0,0.2154181061,0.0810608891,18.785810451,112.99857118,0.766855257
05085,AR,Lonoke County,9866.9289251,74.120651825,0.261,0.4695129366,9.0,0.0273764477,0.0859797034,0.8675173439,7.8431372549,74687.0,0.076268324,0.085271028,21.441206425,81.977380715,0.7442211597
05087,AR,Madison County,10725.409535,74.197789786,0.343,0.4874402276,7.7,0.0255114928,0.0992715326,0.875,3.4313164818,52262.0,0.2001089522,0.0460279577,21.530632218,89.129737246,0.7904717129
05089,AR,Marion County,11364.832841,73.687270698,0.291,0.3077380245,7.5,0.0411570248,0.099909991,,8.6936362583,49975.0,0.1358017354,0.0919003115,,104.21847983,0.8347039474
05091,AR,Miller County,13871.734904,71.387827371,0.35,0.6131924883,9.3,0.0363870552,0.0888862446,0.8212811791,11.045309269,50421.0,0.3157746479,0.1454156122,19.473741607,86.42038406,0.6533627613
05093,AR,Mississippi County,18347.527472,67.930831726,0.375,0.7390930318,8.3,0.0492370052,0.0839973334,0.8621832359,10.798025504,49484.0,0.1841956495,0.1144729504,28.662232451,120.69042905,0.5942396463
05095,AR,Monroe County,18678.559477,68.808555989,0.381,0.662009119,8.3,0.0393509128,0.1109962795,,9.1407678245,40631.0,0.3081335491,0.0979498861,,149.55731036,0.6566158212
05097,AR,Montgomery County,13842.295437,71.904096289,0.313,0.9724186704,7.8,0.0490500864,0.1320450886,,7.0126227209,48991.0,0.9537953795,0.0788262371,,129.30154481,0.7886460554
05099,AR,Nevada County,13041.587799,72.730104139,0.352,0.4793020457,8.6,0.036661699,0.0741569442,0.8805263158,8.5564111967,45562.0,0.2867629362,0.1881809178,,92.581313193,0.6590241035
05101,AR,Newton County,11535.973879,73.596637745,0.332,0.5847750865,7.2,0.0338451896,0.0911554093,0.8553240741,5.6513139305,46307.0,0.5847750865,0.100410601,,104.16110251,0.7241718596
05103,AR,Ouachita County,14753.490461,70.778616792,0.334,0.389183223,8.4,0.0386332953,0.0789770367,0.9026785714,15.420200463,49690.0,0.0459602649,0.0934238652,16.290986641,103.92105493,0.7121071013
05105,AR,Perry County,10348.656243,74.088937256,0.302,0.4778920052,8.3,0.0360381307,0.0912293947,0.9350409836,8.9436549737,57996.0,0.2845593373,0.0359467874,,89.912237837,0.7736979167
05107,AR,Phillips County,20040.55176,67.37627668,0.416,0.4194229841,8.5,0.0648854962,0.0868662398,0.805,12.415054888,37338.0,0.0425519073,0.168232743,,176.70777989,0.5395695096
05109,AR,Pike County,13905.172066,71.555985239,0.319,0.3529643103,8.4,0.0345513299,0.1066227681,0.9573529412,7.8593182041,53108.0,0.2327204798,0.1182939914,,99.466324911,0.7587378641
05111,AR,Poinsett County,16532.368319,68.664015957,0.367,0.4280426736,8.5,0.0332761924,0.0920316101,0.8881533101,9.7799511002,51635.0,0.0792510342,0.089245125,29.223530787,124.20217354,0.6366958255
05113,AR,Polk County,13274.801678,72.172341924,0.322,0.6252536288,7.2,0.036286157,0.1122400596,0.9307017544,15.514299012,47766.0,0.3855678685,0.1085012678,17.124167337,103.64800325,0.8215372907
05115,AR,Pope County,9343.2272747,75.143608763,0.285,0.7360565469,8.3,0.0386260077,0.1103772114,0.905013587,12.799500507,59016.0,0.1902305107,0.099328628,14.048743938,70.255417473,0.7123333195
05117,AR,Prairie County,12114.533465,72.792878666,0.343,0.3241970539,8.4,0.0309483248,0.0899286544,,14.871731317,54962.0,0.1825645979,0.0596816976,,104.20284821,0.7605029132
05119,AR,Pulaski County,12282.675657,73.800449453,0.267,0.8498114626,9.6,0.0319375444,0.090317321,0.7879906956,15.382880908,61344.0,0.1425969308,0.1477461253,32.270371933,104.68276867,0.5774875629
05121,AR,Randolph County,13413.511181,72.056322244,0.338,0.3915244198,7.9,0.0354770318,0.1039072848,0.8932692308,5.3087009609,51480.0,0.0218081956,0.0641120118,,101.24652986,0.7322868053
05123,AR,St. Francis County,15430.382452,70.423376274,0.407,0.7250324816,8.5,0.0497652582,0.109534428,0.8952205882,10.689946996,41708.0,0.1732784755,0.1535406109,17.174261507,113.04600806,0.5523410735
05125,AR,Saline County,9601.6762931,75.546619276,0.25,0.5149656446,8.9,0.0272414187,0.0821864665,0.923369403,7.6949048737,77844.0,0.0710604784,0.0914123373,24.697390575,94.936300805,0.7643832302
05127,AR,Scott County,18530.934916,68.316613203,0.324,0.4603497357,7.7,0.0301438685,0.0914323087,0.89875,11.218765936,46026.0,0.4109394063,0.11908646,,132.96025084,0.7389865037
05129,AR,Searcy County,10893.5565,73.620086054,0.356,0.2000510986,7.3,0.0434782609,0.0920985556,0.8758849558,5.0517807527,40688.0,0.2000510986,0.1141342756,,111.45165784,0.751310616
05131,AR,Sebastian County,11658.764852,73.458914584,0.333,0.6449659231,9.0,0.0339832769,0.113834551,0.9034734799,9.917944506,58112.0,0.2033975227,0.1235870084,24.412477373,82.731190752,0.6121537603
05133,AR,Sevier County,11822.374346,72.191816267,0.344,0.3756550287,9.0,0.037690752,0.1546990496,0.9697560976,8.9251561902,52845.0,0.0394595618,0.1026119403,,86.25192852,0.6529752501
05135,AR,Sharp County,12343.434486,73.007976712,0.358,0.4293324069,7.6,0.0393939394,0.108994709,0.975,13.475575519,45258.0,0.2640264026,0.1154252908,28.378991978,100.38328162,0.7955947137
05137,AR,Stone County,10970.690645,74.050907845,0.335,0.5091835909,7.5,0.0411712902,0.1152737752,0.925,10.337972167,43767.0,0.1824581277,0.0850544082,,110.06013431,0.7555421201
05139,AR,Union County,15151.791918,70.39071074,0.313,0.5043529472,8.5,0.0463697376,0.0884586946,0.8997297297,21.190930282,49664.0,0.0054539868,0.139869921,24.494580574,121.27899895,0.729322314
05141,AR,Van Buren County,11384.682707,73.925062181,0.349,0.4233350215,7.9,0.0402356902,0.104029118,0.927173913,14.283939883,50332.0,0.0302608255,0.1052553001,,122.72197337,0.7801827126
05143,AR,Washington County,8081.1890204,76.840833306,0.284,0.8252660948,6.9,0.022912204,0.1399363568,0.8849322289,8.2404492802,66158.0,0.3914247715,0.1217157827,11.21005916,53.775066811,0.5556160768
05145,AR,White County,11838.890549,72.758194102,0.342,0.4349014605,8.5,0.0346930318,0.1012278265,0.8817417582,9.6456819497,56178.0,0.0354065242,0.0981089616,21.823690258,88.963650168,0.6823631024
05147,AR,Woodruff County,11238.502398,73.185381974,0.359,0.4552560217,8.2,0.035525853,0.0904219692,,16.531658125,43259.0,0.176264157,0.1263358779,,124.84394507,0.6574645841
05149,AR,Yell County,10520.849161,73.910261727,0.352,0.7210186053,8.2,0.0369367151,0.1192004401,0.8851170569,8.942322023,51997.0,0.3827172679,0.0738440304,,81.463662415,0.6751521172
06000,CA,California,6744.0793614,79.365139736,0.216,0.9433557497,12.6,0.047645947,0.0751413327,0.868359725,6.1715106547,95473.0,0.7971224453,0.2002429441,26.14947342,62.927378325,0.5578635172
06001,CA,Alameda County,5217.153956,81.980724102,0.188,0.996220175,11.8,0.0407492053,0.0449517881,0.8877118018,7.0227262543,119230.0,0.9709169241,0.1805535185,19.899284921,51.631090663,0.5407229939
06003,CA,Alpine County,27650.288753,,0.181,0.7774086379,9.7,0.0648148148,0.0602836879,,0.0,83265.0,0.7774086379,0.0984682713,,311.74229304,0.8097251586
06005,CA,Amador County,7567.0889858,78.51853107,0.189,0.6024855463,14.2,0.0507497917,0.0572942477,0.9230674847,7.2442770212,80767.0,0.2074665217,0.1563165022,20.365935122,107.48480601,0.8006348811
06007,CA,Butte County,9315.6316083,75.71472799,0.225,0.822370908,16.1,0.0524643673,0.0756578947,0.8760004168,8.0076023984,63084.0,0.3222244273,0.1969310109,47.902781226,113.6450012,0.58275548
06009,CA,Calaveras County,7926.2637477,78.844903669,0.201,0.7275236245,12.7,0.0421752596,0.0693528473,0.9488390805,8.8052745742,77041.0,0.1689702376,0.1890083495,20.130561067,99.740241718,0.8436609488
06011,CA,Colusa County,6184.0873816,79.183410513,0.272,0.75800174,12.8,0.1299167927,0.0977555287,0.8996575342,5.0196221594,66675.0,0.5045560694,0.1296582759,16.822401321,73.689931192,0.6222877043
06013,CA,Contra Costa County,5577.0858174,81.18311538,0.186,0.9760199395,11.1,0.041348686,0.052402156,0.9148917118,5.4712065869,122000.0,0.8850794261,0.174264941,21.667023942,55.953351772,0.6765477503
06015,CA,Del Norte County,11532.764664,73.808348464,0.265,0.84853837,10.3,0.057079318,0.0804093567,0.8697272727,3.3232405288,70231.0,0.4856360163,0.1485200846,56.524353578,127.53080193,0.7120881405
06017,CA,El Dorado County,6326.7138053,80.602033471,0.152,0.8676308288,14.6,0.0395751041,0.051702803,0.9404869533,6.0733158228,107063.0,0.312064231,0.1646794725,23.497214889,74.81973121,0.7638505527
06019,CA,Fresno County,9008.14375,75.915782071,0.261,0.8379008064,20.3,0.0746247614,0.0766190402,0.8150885269,5.4374058058,71271.0,0.5617744043,0.1933726707,19.605972758,71.60788264,0.5541697836
06021,CA,Glenn County,9722.9427626,75.367113289,0.265,0.6958882318,17.0,0.0627736085,0.0915559772,0.8580851064,9.1746356611,64197.0,0.4344157416,0.1675110488,40.970653306,95.864436409,0.6306463177
06023,CA,Humboldt County,9668.4104689,75.799242703,0.217,0.883052549,8.8,0.0460073065,0.0695626817,0.9241537377,9.110436264,61307.0,0.5224126686,0.2093858699,47.009945926,113.67858596,0.5626845002
06025,CA,Imperial County,8703.3035356,76.234887759,0.323,0.8161233598,11.9,0.1726880782,0.0859546729,0.8563833333,4.7002736231,58768.0,0.7027300753,0.1850200718,21.156911907,61.09507658,0.5677667677
06027,CA,Inyo County,10430.905432,76.642154958,0.197,0.8689524611,12.2,0.0378216637,0.0734193927,0.9085280374,5.3424511166,71656.0,0.2843395036,0.1137260058,50.238633509,99.171752398,0.6709579705
06029,CA,Kern County,10697.187205,74.220994058,0.308,0.8533239482,21.1,0.0832156572,0.0772961519,0.8456329605,4.2571399879,68436.0,0.6652988501,0.1846355737,49.138198624,98.739902328,0.598121642
06031,CA,Kings County,8187.5172369,76.571550806,0.298,0.6574964259,20.0,0.082102624,0.0729343831,0.7037681159,3.5952177068,65768.0,0.4690397807,0.1661902625,17.860410005,62.612814407,0.5481982806
06033,CA,Lake County,12236.877358,74.127437899,0.223,0.7175006969,9.6,0.0578624678,0.0750658813,0.8405708661,5.7192298104,57945.0,0.3208485542,0.1736446379,86.379793086,179.28310984,0.7093384919
06035,CA,Lassen County,11257.584967,74.889548925,0.237,0.454842652,12.4,0.0519480519,0.0596468562,0.8769321534,4.6816479401,77743.0,0.2307668805,0.1457360811,38.676822914,132.07815919,0.6821192053
06037,CA,Los Angeles County,6746.4426092,79.411059251,0.226,0.9795156965,15.6,0.0502513244,0.0938034339,0.8622990967,6.1196538924,86499.0,0.8145394117,0.2411145172,22.998109971,52.975166199,0.4607934981
06039,CA,Madera County,8647.5122922,76.539521154,0.286,0.7448145659,17.1,0.074790518,0.0957632528,0.8791677282,4.4304113419,66084.0,0.4563181978,0.1833094067,18.222681164,73.69773329,0.6552692472
06041,CA,Marin County,4149.4124394,84.323707759,0.128,0.9753050652,8.6,0.033177294,0.0510538131,0.9034822647,9.0228030842,139197.0,0.9244551523,0.2018843997,23.656981524,63.465134422,0.6388213293
06043,CA,Mariposa County,9759.3288204,78.314183535,0.221,0.4475512229,21.3,0.0509009601,0.067219075,0.875,8.2256169213,64352.0,0.3064035958,0.1692138235,31.172677148,113.95216335,0.7473053892
06045,CA,Mendocino County,10092.92427,76.811276899,0.216,0.6878745865,12.4,0.0469807636,0.1031859674,0.832213667,8.2420948286,65891.0,0.4112946365,0.1820306572,67.003806864,136.57860404,0.6087358982
06047,CA,Merced County,8849.4618855,76.154611006,0.311,0.7829247303,15.3,0.0900346416,0.0863411068,0.9171081606,3.6205148717,58962.0,0.6434093641,0.1915537135,20.917886195,70.161883634,0.5330299628
06049,CA,Modoc County,13302.421752,74.573597999,0.215,0.5462068966,10.4,0.0633996937,0.08,0.8651315789,3.5248501939,51996.0,0.2157471264,0.1379980564,,137.76318508,0.7732843137
06051,CA,Mono County,4738.8510165,93.553610434,0.191,0.6830617658,39.1,0.0381234893,0.1026892526,0.4862840467,3.8526737556,82973.0,0.3439939371,0.1713686618,,70.551308079,0.691722514
06053,CA,Monterey County,6114.4568796,80.84712662,0.255,0.8947532657,8.8,0.0701490823,0.1163688971,0.8863694323,5.5214412117,86809.0,0.8203537303,0.1900095584,21.981586194,62.23672621,0.5227950866
06055,CA,Napa County,5209.6739061,81.216513295,0.228,0.9513255421,10.3,0.0353465883,0.0735834682,0.9289196273,7.8183172003,100469.0,0.8537085474,0.1789441058,18.697474857,61.87530444,0.6440408352
06057,CA,Nevada County,7472.1809052,79.988561151,0.213,0.8039925275,12.4,0.0391703182,0.0621219011,0.8061124122,9.9713567888,87142.0,0.2725814497,0.2145246999,37.329805558,94.089775512,0.7443937621
06059,CA,Orange County,5325.418567,81.281396133,0.203,0.9913369641,12.7,0.0355333623,0.0733022363,0.9226044302,6.756190689,109768.0,0.9229012086,0.2029104901,25.237590727,51.370846272,0.5644654
06061,CA,Placer County,5085.9506432,81.226077435,0.165,0.9465630937,13.1,0.0372588191,0.0372506774,0.9122334004,7.2048868761,110020.0,0.7528975463,0.1573774367,18.896662022,57.643862682,0.7427905959
06063,CA,Plumas County,8791.7606587,78.152884551,0.193,0.9152097019,21.1,0.0727468678,0.061813499,0.72625,11.368921503,64121.0,0.7570490147,0.127293578,29.193069222,122.07336922,0.747858473
06065,CA,Riverside County,7817.2946057,77.78627907,0.239,0.8975893077,14.8,0.0479967112,0.0834044299,0.9215802644,4.357488696,90251.0,0.6654552898,0.1864579848,32.338541411,70.251545254,0.68859694
06067,CA,Sacramento County,7615.5062798,77.990352897,0.227,0.9886060736,14.9,0.044495148,0.0537022707,0.8352370914,7.3729507395,89984.0,0.9208204132,0.1776718881,28.506608715,73.467122983,0.5862891858
06069,CA,San Benito County,6316.422011,79.924828187,0.228,0.8362534847,8.9,0.0596457665,0.0676743269,0.916635514,3.9953239912,105112.0,0.6302387516,0.1600506971,20.674596971,63.225230586,0.6743114722
06071,CA,San Bernardino County,9377.7099479,75.406198707,0.269,0.8675504915,17.4,0.0465183271,0.0872305862,0.8588180726,4.4583106923,84576.0,0.6594753339,0.1953600699,24.203544512,68.202382289,0.6153870336
06073,CA,San Diego County,5726.724331,80.300615456,0.183,0.9752658222,20.6,0.0388460016,0.0727566314,0.8538256569,6.5716218262,103476.0,0.8018319098,0.2084284372,27.661262025,63.355139036,0.5450784689
06075,CA,San Francisco County,5634.0409149,82.409551034,0.164,1.0,10.5,0.0326595968,0.0416185761,0.5012035473,9.7719426498,125456.0,0.9952721219,0.1688577421,63.286971076,86.602000706,0.3849717358
06077,CA,San Joaquin County,8729.5107709,76.406422979,0.24,0.9052298863,15.1,0.0623594145,0.0764269648,0.8582426812,4.5258052845,86211.0,0.7925896362,0.1710574523,23.270594902,72.644223879,0.6153215148
06079,CA,San Luis Obispo County,6205.5911463,80.680590912,0.174,0.865613404,10.0,0.0345819212,0.0716699108,0.9294192256,8.4747866233,89809.0,0.6626207404,0.2026458265,34.457489253,72.532310812,0.6189610366
06081,CA,San Mateo County,4006.435541,84.086243002,0.172,0.994547657,9.8,0.030296839,0.0464065688,0.8418442161,6.4455875839,151004.0,0.939243265,0.1844130086,16.761204955,43.918707854,0.5908843373
06083,CA,Santa Barbara County,6122.9359008,80.606527682,0.205,0.9229768712,9.3,0.0411412705,0.0920095558,0.9292619228,7.6830007413,90155.0,0.8267358872,0.2095555448,25.691382826,66.424188458,0.5286922664
06085,CA,Santa Clara County,4125.4737001,83.790189413,0.191,0.9938675559,12.5,0.0350141633,0.0405437096,0.8878492578,6.1412815449,154573.0,0.9475545369,0.1573441999,17.409550675,46.857061301,0.5529843369
06087,CA,Santa Cruz County,5482.157239,81.766669433,0.206,0.982459638,11.1,0.0574025838,0.0649526387,0.8710270426,7.67863222,102723.0,0.8872927442,0.200184365,29.423242117,78.470310584,0.5997749631
06089,CA,Shasta County,10558.411247,74.273091544,0.192,0.7927259751,9.8,0.0514014265,0.0746961108,0.8927725225,8.6221190516,71935.0,0.2913123439,0.1696730064,35.233611759,116.26927476,0.6535474935
06091,CA,Sierra County,4389.3184297,81.345053545,0.21,0.0704573548,10.8,0.0465465465,0.0634993148,,0.0,67675.0,0.0704573548,0.2719854941,,90.838307812,0.7827529022
06093,CA,Siskiyou County,13488.219943,73.136244258,0.216,0.7361375805,10.9,0.0638310601,0.081612492,0.8816161616,9.8488318827,58975.0,0.5476676649,0.1655111698,38.924463644,133.76945842,0.6970434231
06095,CA,Solano County,7384.6121829,78.813129927,0.218,0.9710402191,12.4,0.0465077341,0.0559530522,0.8918962115,5.1030981823,99117.0,0.8536398738,0.1830702975,24.788518315,72.446602973,0.6322849807
06097,CA,Sonoma County,5996.9731849,80.59529104,0.174,0.9335969382,8.3,0.0361828176,0.0666035387,0.8777924828,7.8939189889,100157.0,0.8241838716,0.1831093636,29.142404187,65.684484517,0.6219960315
06099,CA,Stanislaus County,9308.6312939,75.443443084,0.255,0.942182543,15.6,0.0643255514,0.071081164,0.9005470783,5.5326289057,81582.0,0.8583050872,0.1806752119,28.712096255,70.821066999,0.6100296389
06101,CA,Sutter County,8212.8302749,77.317583756,0.27,0.8206116447,16.7,0.0778414926,0.0875364939,0.8617889046,5.3805467854,71968.0,0.5692892917,0.1572368013,30.617347789,77.91211923,0.5918170878
06103,CA,Tehama County,11335.91281,74.324889694,0.249,0.5622901761,13.3,0.0582639715,0.0724317194,0.9331789737,4.7513219404,58333.0,0.3372221969,0.1517422414,30.21968172,117.50663866,0.6757726494
06105,CA,Trinity County,12353.942814,77.038334258,0.229,0.909632572,10.2,0.0567982456,0.0599834908,0.7134920635,5.0693872378,52079.0,0.8675521351,0.1255462853,24.967655537,181.48293334,0.730318258
06107,CA,Tulare County,9205.5434658,75.500490899,0.309,0.7304979529,20.8,0.0999517119,0.0924812828,0.8671102923,4.4812624596,71368.0,0.516546647,0.1665498255,18.689251151,65.510878712,0.5861814034
06109,CA,Tuolumne County,9372.1488896,76.440592231,0.192,0.7376303488,16.2,0.0500525552,0.0565854971,0.9093619247,7.8854229704,72329.0,0.2968176915,0.1704181515,28.509729703,100.77663735,0.7414617037
06111,CA,Ventura County,5626.3683053,80.73711678,0.21,0.9770478632,7.9,0.0427407969,0.0847642306,0.8590551211,6.4976789714,106526.0,0.9048472287,0.1903093406,27.886335139,62.031719297,0.6415796004
06113,CA,Yolo County,5727.9988216,79.914901908,0.245,0.9606197696,15.9,0.0469326579,0.0559474314,0.9175119409,6.7082367242,91192.0,0.8889479351,0.2020822319,16.696289933,51.284989047,0.5355688935
06115,CA,Yuba County,9988.2992377,75.054453792,0.25,0.8385902544,16.3,0.0666290232,0.0656039409,0.8478623188,3.3210769778,71493.0,0.5336684033,0.1659442493,33.079054907,89.965397924,0.6331824823
08000,CO,Colorado,7405.0728715,78.467466504,0.167,0.8987804037,5.65,0.0316887108,0.0843397265,0.8243565009,8.7398367719,92790.0,0.6871729358,0.1480519104,29.725572824,93.089807593,0.6631539885
08001,CO,Adams County,8283.4627209,76.868546414,0.233,0.9332777748,9.2,0.0341549976,0.113846884,0.8098416614,4.5491162394,95278.0,0.7796224585,0.156688101,34.785977046,90.731147603,0.6887394304
08003,CO,Alamosa County,12905.123193,72.967340218,0.238,0.8213849536,5.3,0.0372561359,0.1078364176,0.7270408163,10.848601736,50056.0,0.0879335613,0.1181003302,58.80086782,138.62710525,0.5639269406
08005,CO,Arapahoe County,6895.3955049,79.092212115,0.176,0.9747187323,5.9,0.0311153725,0.0979610713,0.8277601284,8.3103591295,97560.0,0.8229685377,0.1557312982,24.845541013,82.967919376,0.6512387254
08007,CO,Archuleta County,8261.4756731,79.636926837,0.164,0.9165356688,5.0,0.0324046921,0.1081352192,0.925,11.426122974,74432.0,0.7061905831,0.1145905024,,97.444936446,0.7745596206
08009,CO,Baca County,16304.428184,69.755336433,0.244,0.533941814,5.5,0.0201177625,0.0912308297,,20.396270396,47421.0,0.533941814,0.1429499675,,158.48757571,0.7187696171
08011,CO,Bent County,10364.280102,74.752989176,0.258,0.8247787611,,0.0302351624,0.0790488432,0.4017857143,7.4087794036,44960.0,0.4518584071,0.1561253561,,117.97090051,0.6608
08013,CO,Boulder County,4570.6689894,82.281546404,0.125,0.9544289178,10.2,0.0284688027,0.0588717755,0.92,9.4360364982,97170.0,0.7946383761,0.1915444674,16.663584581,70.701564845,0.6245729498
08014,CO,Broomfield County,4980.1768443,81.869898342,0.127,0.9969235751,9.6,0.0302586968,0.0407141537,,5.9116406773,113162.0,0.8164264896,0.1119923962,15.200150213,62.188027979,0.6258853207
08015,CO,Chaffee County,6515.5378019,81.047847697,0.18,0.9986136784,4.7,0.0300729344,0.098560995,0.9040960452,14.834594274,75298.0,0.8281474635,0.1839875112,21.326158995,96.703209955,0.729418162
08017,CO,Cheyenne County,12533.633434,73.825322994,0.181,0.5188787185,5.9,0.021194605,0.0904295403,,0.0,63177.0,0.4656750572,0.0907759883,,,0.7270306258
08019,CO,Clear Creek County,4820.2018639,83.609193058,0.148,0.7319357242,5.7,0.0279167339,0.067414175,0.975,0.0,94093.0,0.6455251676,0.1053220036,,96.452235176,0.8255762411
08021,CO,Conejos County,12590.585972,72.647656686,0.239,0.0636643882,4.9,0.033212247,0.0907079646,0.8700431034,3.9583058451,53174.0,0.0636643882,0.1074321944,,138.4030801,0.7451799486
08023,CO,Costilla County,20238.531978,69.90177207,0.279,0.4184052586,4.7,0.0443951165,0.1113753468,,8.3263946711,38731.0,0.2309231209,0.134696756,,201.44189992,0.7852604828
08025,CO,Crowley County,16104.683183,70.127334353,0.254,0.020938872,,0.0422848665,0.0893617021,,7.1250445315,46979.0,,0.135042735,,140.21408297,0.6579144786
08027,CO,Custer County,8054.6925404,79.239580636,0.175,0.9398384354,,0.0318471338,0.0819112628,,26.241799438,77137.0,0.7096088435,0.0883977901,,125.07328513,0.8566176471
08029,CO,Delta County,9511.5918588,75.95357407,0.205,0.6032504167,5.8,0.0362366777,0.1201222802,0.85,13.290298082,57075.0,0.1583536351,0.1482237648,25.442595145,136.78928697,0.7639943074
08031,CO,Denver County,8059.7051109,77.40781497,0.212,0.99129307,10.5,0.0334923675,0.0850216585,0.7619482011,10.837684297,93572.0,0.9217941587,0.1628543391,44.670693664,101.63831079,0.4912585185
08033,CO,Dolores County,7029.4235419,78.503329003,0.181,0.1938950989,4.5,0.0289330922,0.0780567686,,0.0,57701.0,0.1938950989,0.0526315789,,99.304865938,0.8408723748
08035,CO,Douglas County,4121.105941,82.449989279,0.118,0.9131119789,7.0,0.0288906321,0.0395240209,0.89,6.3565858485,144807.0,0.5226745778,0.1094019882,12.028274585,57.39979485,0.7776757511
08037,CO,Eagle County,4321.3570187,89.667159576,0.157,0.9261990634,5.4,0.0262291327,0.1176807171,0.88,10.129329836,110598.0,0.5191006801,0.2078313253,7.8341097137,66.651935623,0.6757209124
08039,CO,Elbert County,6353.7301336,80.741349428,0.162,0.4695341877,7.2,0.0264284385,0.0717303292,0.9186342593,4.6764272096,123083.0,0.0334586755,0.106646878,25.535019455,76.894071024,0.9442891167
08041,CO,El Paso County,9565.7337158,76.230887393,0.185,0.8983166643,6.0,0.033379157,0.0819583194,0.7543359523,8.6420269874,88794.0,0.6806577263,0.1435140907,44.681213589,114.94085558,0.6638180059
08043,CO,Fremont County,9802.3748095,75.554569826,0.199,0.8044913055,5.3,0.0485863874,0.0871257975,0.8269153226,8.4641583201,61015.0,0.1785283721,0.1240544629,37.377080374,129.62482871,0.7615145521
08045,CO,Garfield County,6090.0661159,80.001164573,0.187,0.8323093134,5.4,0.0291209665,0.1408690985,0.8328366446,9.635303753,94696.0,0.2591391748,0.142372134,18.398467516,92.571619905,0.6971522691
08047,CO,Gilpin County,6624.6586509,79.996722919,0.149,0.5466597796,,0.0267812026,0.0498402556,,0.0,88589.0,0.5079201102,0.162573504,,82.337054968,0.7958387516
08049,CO,Grand County,7066.2459688,83.909055568,0.151,0.7126041865,5.4,0.0273008425,0.1025784753,0.8690384615,13.951423679,93257.0,0.2307056054,0.1386185995,33.738903064,95.32040365,0.7637770898
08051,CO,Gunnison County,4089.8514924,82.909697159,0.132,0.8381605391,4.8,0.0260968561,0.069142403,0.925,13.899345572,79658.0,0.5653150491,0.1817123642,,77.145390275,0.6693660635
08053,CO,Hinsdale County,,,0.141,0.3654822335,4.4,0.0293398533,0.1370656371,,0.0,71541.0,0.3654822335,0.183982684,,,0.7970401691
08055,CO,Huerfano County,14473.394912,72.532217058,0.222,0.4530791789,4.7,0.0584890333,0.093052368,,5.6481219994,47855.0,0.2571847507,0.1288160834,,161.51827175,0.7729196051
08057,CO,Jackson County,,,0.213,0.7839013778,5.6,0.0215517241,0.1711899791,,0.0,96811.0,0.2857142857,0.1109057301,,,0.7318611987
08059,CO,Jefferson County,6799.4898572,78.858819098,0.138,0.9912833885,9.3,0.0294811287,0.0630461923,0.85,7.8452745239,102146.0,0.92799403,0.1272843359,28.752040676,93.414437234,0.706100462
08061,CO,Kiowa County,10213.812899,,0.226,,5.9,0.0218894009,0.0658396947,,0.0,55523.0,,0.1666666667,,,0.6968641115
08063,CO,Kit Carson County,10203.798719,75.602952311,0.187,0.7050938338,5.9,0.0184242424,0.1290024061,,11.492601638,55304.0,,0.1198979592,,158.67618724,0.6829100892
08065,CO,Lake County,7782.7764587,81.272567344,0.148,0.90922539,4.5,0.0251164675,0.1312633481,0.875,5.4592602702,86215.0,0.8586605702,0.0764419736,,111.19155978,0.7603920243
08067,CO,La Plata County,7125.7266023,80.29958296,0.142,0.7440598152,5.6,0.0295574476,0.1039137249,0.7995863971,9.8927694455,83542.0,0.4619864122,0.1337908905,21.248841643,83.702190444,0.7095689655
08069,CO,Larimer County,5743.1130531,80.538440655,0.127,0.9192822489,8.2,0.0282988485,0.072270114,0.8719157571,9.2699125902,88519.0,0.6108654119,0.1619099668,18.53654866,71.501861831,0.6432035152
08071,CO,Las Animas County,12323.513606,74.003287867,0.248,0.7086911714,5.0,0.0498820357,0.111144072,,7.6778111258,52067.0,0.4777052559,0.1566073698,55.325034578,151.95678901,0.7010893896
08073,CO,Lincoln County,7749.369197,77.55401406,0.212,0.7208810573,6.0,0.0282384581,0.0798800436,,9.0744101633,58034.0,0.0028193833,0.14445629,,99.329525702,0.7106598985
08075,CO,Logan County,11935.647358,73.981681344,0.222,0.7779171312,6.3,0.0271831126,0.1032804233,0.9083333333,9.6047639629,55415.0,0.0092902267,0.0998001332,31.111940763,111.80824424,0.6829896907
08077,CO,Mesa County,8653.0872385,76.741987974,0.186,0.566649326,6.1,0.0347341058,0.0992226381,0.7952581032,8.7621977357,66339.0,0.2599564556,0.1417533149,24.810528146,115.14895551,0.7189237752
08079,CO,Mineral County,,,0.168,1.0,4.3,0.0250521921,0.0835913313,,0.0,37108.0,1.0,0.1756440281,,,0.7373271889
08081,CO,Moffat County,10529.956459,75.07434281,0.23,0.8008576587,5.9,0.0324214792,0.1009446194,0.775,6.8300827199,73875.0,0.0330273849,0.1422161529,48.093960411,139.442533,0.7211012634
08083,CO,Montezuma County,12917.35774,74.340355351,0.211,0.6722503772,5.2,0.0396336386,0.123777988,0.6532608696,8.3119238326,60809.0,0.3291036404,0.1170740845,35.420171788,132.42815392,0.748327989
08085,CO,Montrose County,8864.2579498,77.869693349,0.196,0.7169568172,5.5,0.0327100614,0.1335887373,0.740268595,10.499646208,67113.0,0.2948054078,0.1334776757,24.558522191,137.4998258,0.7464772662
08087,CO,Morgan County,9509.9031143,75.57026962,0.21,0.7603654976,7.6,0.0301670893,0.1341240876,0.8243211488,10.94428674,68541.0,0.3607571021,0.1241477273,18.351149241,107.03385032,0.6510468594
08089,CO,Otero County,13765.874444,71.917761969,0.281,0.7676297485,5.9,0.0414926931,0.099864179,0.8904811715,10.927170409,52169.0,0.251364366,0.1409531502,29.039166576,125.26141513,0.68873479
08091,CO,Ouray County,4077.4284376,85.435387473,0.15,0.5999179319,,0.0317718941,0.0582357979,,9.8039215686,92760.0,0.4497332786,0.1321212121,,112.35504193,0.7800318218
08093,CO,Park County,7197.8513917,81.504230822,0.158,0.5213341001,5.1,0.0280198189,0.0733148526,,8.9191147779,103720.0,0.3113858539,0.1016095343,,97.810139651,0.8739197348
08095,CO,Phillips County,9191.2301148,76.280126208,0.233,0.8231788079,5.9,0.0216306156,0.1281826163,,20.229265003,59367.0,0.1940397351,0.1132075472,,141.68837698,0.7493275955
08097,CO,Pitkin County,3487.5237491,94.218993001,0.126,0.9461343473,4.7,0.0332869726,0.0698507008,0.975,17.184166864,109268.0,0.6540500058,0.1939045428,23.024674776,77.417885809,0.6750083047
08099,CO,Prowers County,11421.638609,73.70137811,0.247,0.6735561297,6.1,0.0279674797,0.1299654577,0.86375,9.2795680783,50365.0,,0.1165616562,,101.17428515,0.7031113059
08101,CO,Pueblo County,13502.222466,72.464580236,0.228,0.7839523793,5.6,0.0442745471,0.0771994847,0.8257586619,7.6086443637,63801.0,0.6533461781,0.1619489206,43.41940592,132.19842309,0.683157367
08103,CO,Rio Blanco County,5865.6315406,78.726512952,0.197,0.8880379844,8.3,0.0328827183,0.0947042907,,9.1338103212,72088.0,0.0474804717,0.0797914996,,90.492089743,0.7587939698
08105,CO,Rio Grande County,14090.622064,72.321133918,0.193,0.8359476558,5.0,0.0397389134,0.1411007698,0.8467241379,14.12803532,55574.0,0.4094808909,0.1198194501,49.957389286,143.24620663,0.6840222576
08107,CO,Routt County,5044.8267567,83.310253823,0.142,0.7543195457,6.7,0.0254690024,0.0913544811,0.9374814815,14.79585716,112377.0,0.4233758911,0.156045437,15.860847498,75.573294287,0.7588285149
08109,CO,Saguache County,9580.3904928,77.125456,0.245,0.2492148241,4.6,0.035322054,0.1234593691,,13.589008002,47829.0,0.2449748744,0.1485969388,54.912140575,145.40490816,0.7506899724
08111,CO,San Juan County,,,0.177,0.9886524823,4.5,0.0259067358,0.1352657005,,0.0,102689.0,0.0893617021,0.1331444759,,,0.5552486188
08113,CO,San Miguel County,5934.6286699,86.542762674,0.153,0.7866699703,4.8,0.0323613087,0.0755461165,0.945,14.994377109,94927.0,0.7866699703,0.190984888,,96.172815151,0.652076038
08115,CO,Sedgwick County,13182.490843,73.499061259,0.209,0.6106489185,5.7,0.0309653916,0.1023166023,0.9517241379,0.0,45999.0,,0.1234042553,,131.09596224,0.723
08117,CO,Summit County,4161.5949396,92.415881703,0.151,0.9998711963,,0.0227231659,0.1042199984,0.89,7.8521184361,105135.0,0.9998711963,0.128928217,18.450785244,54.4906101,0.6921519397
08119,CO,Teller County,8621.0119013,78.438656823,0.162,0.8307163092,5.2,0.0301872934,0.0634454239,0.7211764706,12.873637205,88089.0,0.708174828,0.1295313072,33.19524113,96.99243936,0.8220918866
08121,CO,Washington County,11151.940836,73.995779066,0.178,0.4208013286,6.4,0.023160254,0.0949313918,,14.546965919,54255.0,,0.1180518793,,155.96142007,0.7173913043
08123,CO,Weld County,6882.4572046,78.764784736,0.193,0.7837777866,9.9,0.0326938398,0.0962363789,0.8627408793,6.1683267842,90675.0,0.4722582763,0.1377438594,21.870835144,80.517525039,0.7554970463
08125,CO,Yuma County,5886.2777149,79.07673437,0.217,0.7037444934,6.1,0.0201342282,0.1348457813,,15.153045762,61870.0,0.0043051662,0.129405576,,94.139326203,0.6985089714
09000,CT,Connecticut,6702.9213207,79.174899386,0.225,0.9329296295,7.8,0.0375612918,0.0613444167,0.8898011634,8.7639832828,91477.0,0.6765892648,0.1629589769,40.82934834,82.708754956,0.6618306259
09001,CT,Fairfield County,5172.1783558,81.152519652,,,8.1,0.0386587993,,0.8970736523,,,,,,61.421944332,
09003,CT,Hartford County,7218.3142009,78.328706504,,,7.8,0.0377607443,,0.8866458892,,,,,,86.897134342,
09005,CT,Litchfield County,6766.9662411,79.131059491,,,5.7,0.0342457145,,0.8944335706,,,,,,92.859479241,
09007,CT,Middlesex County,5772.7670624,80.434918718,,,,0.0323183904,,0.9504019934,,,,,,81.833361305,
09009,CT,New Haven County,7774.257499,78.009675659,,,8.2,0.0390408475,,0.8710312431,,,,,,97.140427217,
09011,CT,New London County,7672.8286776,78.079982622,,,6.9,0.0361651802,,0.899692623,,,,,,96.508389411,
09013,CT,Tolland County,5836.8354823,80.205187013,,,,0.033235136,,0.932635318,,,,,,64.158081262,
09015,CT,Windham County,7900.9300498,77.22349753,,,,0.0388383541,,0.8307228315,,,,,,98.425028079,
09110,CT,Capitol Planning Region,,,0.239,0.9316147127,,,0.0575988392,,9.4554265284,90965.0,0.6577847022,0.1497005988,38.412670272,,0.6539017081
09120,CT,Greater Bridgeport Planning Region,,,0.255,0.9862298866,,,0.077565832,,7.8219050005,92858.0,0.9031395613,0.2028316565,35.850397919,,0.6537541725
09130,CT,Lower Connecticut River Valley Planning Region,,,0.196,0.9267843306,,,0.043424679,,9.7383111957,99807.0,0.5616185966,0.1316956245,30.385040746,,0.7522954471
09140,CT,Naugatuck Valley Planning Region,,,0.249,0.9340839654,,,0.0636924004,,6.3204304059,81392.0,0.6608655879,0.1652900666,52.486733336,,0.6764046204
09150,CT,Northeastern Connecticut Planning Region,,,0.225,0.7367118345,,,0.0525295575,,7.6926275521,88129.0,0.2758212023,0.1137440758,30.14678365,,0.7619716511
09160,CT,Northwest Hills Planning Region,,,0.224,0.8434530635,,,0.0558629387,,9.0078951552,91206.0,0.4636587469,0.1391277708,39.446338261,,0.7586478155
09170,CT,South Central Connecticut Planning Region,,,0.261,0.9511452496,,,0.0571868018,,8.4955097655,80953.0,0.7910942756,0.1773356558,51.287061007,,0.6055528478
09180,CT,Southeastern Connecticut Planning Region,,,0.238,0.8829048247,,,0.0609909062,,8.6304354804,82733.0,0.5578611418,0.1410271309,52.4245461,,0.6539095979
09190,CT,Western Connecticut Planning Region,,,0.207,0.9601352995,,,0.0677016536,,9.8286007472,121285.0,0.6794967037,0.1826877029,17.262849599,,0.6619625537
10000,DE,Delaware,8958.8418958,76.833054979,0.227,0.7892333739,7.3,0.0397311117,0.0690985266,0.8793662227,10.074666436,81615.0,0.5289116196,0.1269580342,50.056687703,98.554931747,0.7226993834
10001,DE,Kent County,10077.932194,75.084676846,0.251,0.6647860061,7.3,0.0451284823,0.0749899423,0.8871756941,9.7889230045,72498.0,0.1523225058,0.1354067893,46.688707101,94.303087059,0.7097340585
10003,DE,New Castle County,8585.8336078,77.067826738,0.224,0.9293995819,8.3,0.0388030073,0.0616501556,0.8839833093,10.564836471,86798.0,0.8097890556,0.1300085173,52.319467114,99.758704212,0.6851168236
10005,DE,Sussex County,9330.0924691,77.094690802,0.227,0.5475739117,7.2,0.0384122919,0.0836376481,0.8617631276,8.9077810249,78092.0,0.1421066822,0.1145766015,47.375046637,98.955097056,0.8126786354
11000,DC,District of Columbia,9241.4137427,76.523411164,0.152,1.0,7.8,0.0490570017,0.0307021922,0.7702466574,29.398499262,104643.0,0.9845941889,0.1643468899,64.487272646,113.14304625,0.4113995696
11001,DC,District of Columbia,9241.4137427,76.523411164,0.152,1.0,7.8,0.0490570017,0.0307021922,0.7702466574,29.398499262,104643.0,0.9845941889,0.1643468899,64.487272646,113.14304625,0.4113995696
12000,FL,Florida,8552.6770833,78.068184013,0.235,0.8776018613,7.9,0.0290920528,0.1393755961,0.8724507352,6.9508307618,73283.0,0.3965476296,0.1763116799,34.381468053,94.140832574,0.6732392607
12001,FL,Alachua County,8031.6577089,77.679971344,0.244,0.9001608802,7.8,0.030843186,0.1015170141,0.866055379,8.9075097701,61843.0,0.3393495842,0.2083746628,18.214805281,77.758402895,0.5406646804
12003,FL,Baker County,10954.219291,73.481120682,0.298,0.4915248239,7.9,0.0293111491,0.1082042507,0.81,7.5531417473,69399.0,0.1192894299,0.114664852,45.304586218,99.548204304,0.8320017754
12005,FL,Bay County,11538.017433,74.18906107,0.244,0.6938806958,8.3,0.0278266128,0.1368760821,0.85,7.9401946698,70859.0,0.1878481417,0.1299645271,37.8997207,105.84893526,0.6828345464
12007,FL,Bradford County,11048.573691,74.119175887,0.292,0.6109953009,8.0,0.0311358656,0.1245453148,0.775,10.983780617,59468.0,0.3748012578,0.1731626472,28.420529096,111.12773278,0.7085896309
12009,FL,Brevard County,10702.6429,75.835402526,0.224,0.8279790047,7.9,0.0298583642,0.1115447992,0.87,6.9447417365,77961.0,0.1203025987,0.1397013472,48.012156613,118.83829186,0.7692078654
12011,FL,Broward County,7597.560479,79.272690806,0.26,0.9801468338,9.3,0.0288090408,0.1458272947,0.87,5.8088592551,74367.0,0.5550184507,0.2288697134,35.400268055,81.015162802,0.6325990296
12013,FL,Calhoun County,10923.726358,72.721239094,0.295,0.3601992966,8.0,0.0331271203,0.1528013582,0.925,8.1699346405,47523.0,0.1038247362,0.1011932079,,93.023255814,0.7688648649
12015,FL,Charlotte County,9589.2265541,78.806582538,0.23,0.8342601166,7.9,0.0346526461,0.1400681904,0.88,5.5758137974,71381.0,0.3713519618,0.1350410053,23.977778341,87.66999647,0.8316929134
12017,FL,Citrus County,14552.442742,72.50908895,0.229,0.7740033671,8.2,0.0449179672,0.1323132577,0.87,6.5219130124,54447.0,0.3172000026,0.1289917394,50.039905241,153.26604496,0.8483235535
12019,FL,Clay County,9534.479807,75.419766887,0.211,0.782954936,8.8,0.0289367546,0.1029835714,0.9,6.7081808914,82249.0,0.2390661871,0.1107634387,34.887881679,93.486335083,0.7624423597
12021,FL,Collier County,6599.5629302,84.027056719,0.236,0.9155852797,7.6,0.0287234153,0.1857939122,0.92,6.9850299251,91402.0,0.2861834401,0.1800713698,27.953680157,93.437377115,0.7597891426
12023,FL,Columbia County,12795.095335,72.378985361,0.278,0.6457717582,8.0,0.0338411171,0.1356406978,0.9,7.5095955944,58949.0,0.2652156446,0.1112848987,26.052933979,105.84203217,0.708757485
12027,FL,DeSoto County,11834.567095,76.562584139,0.328,0.6371556393,7.7,0.0358002407,0.2257904526,0.75,7.3629361124,54288.0,0.0568636685,0.1108437733,20.325203252,108.31110869,0.7131005057
12029,FL,Dixie County,12583.238733,73.346541076,0.341,0.3469777433,7.4,0.0363151757,0.1480381569,0.825,7.0077084793,50966.0,0.2144519363,0.0722808231,33.149386736,152.10649813,0.8383360522
12031,FL,Duval County,11402.440974,74.256321282,0.273,0.892150905,8.3,0.0314689953,0.1192715713,0.86,8.3715677556,69455.0,0.4675606966,0.166131961,52.862715494,114.96309139,0.5806525662
12033,FL,Escambia County,12585.976198,72.732727545,0.243,0.8175486557,9.7,0.0307400429,0.1240462673,0.78,8.8956469813,70838.0,0.1143380811,0.1438388055,61.982277813,123.16945248,0.6399931406
12035,FL,Flagler County,8875.5010404,77.900684916,0.21,0.8507514431,8.1,0.0371434674,0.114520346,0.9,5.9192612762,74753.0,0.2470401636,0.1396663954,32.779003955,96.08317769,0.8152338158
12037,FL,Franklin County,10085.111678,75.120753947,0.268,0.7090193559,7.5,0.028708134,0.1969978911,0.825,13.602176348,55816.0,0.6286242069,0.1009114583,32.196613989,111.23470523,0.7722651484
12039,FL,Gadsden County,12920.240255,72.913561972,0.319,0.446972117,8.7,0.0386882435,0.1642455338,0.76,10.598345736,51288.0,0.1146351481,0.1550088333,19.638352191,99.130155215,0.7293296937
12041,FL,Gilchrist County,10657.017756,74.912844668,0.269,0.487236901,7.7,0.0326552463,0.1406693137,0.875,6.3184498736,56884.0,0.3070420958,0.0828967643,23.11645358,125.70507655,0.8371184724
12043,FL,Glades County,11002.162807,79.954970285,0.335,0.1051459673,7.3,0.037608486,0.2482054114,0.875,5.6206841176,55240.0,0.0495629226,0.1244131455,41.145913696,126.46602731,0.7969298246
12045,FL,Gulf County,10295.792161,74.270993651,0.273,0.597378805,7.4,0.0268003646,0.1411965127,0.925,11.753950633,66806.0,0.3105975197,0.109352518,30.084932077,119.1552305,0.8025862069
12047,FL,Hamilton County,14094.072207,71.520113803,0.343,0.2505712654,7.5,0.0431807456,0.145314622,0.775,7.5660134675,49260.0,0.2505712654,0.1444362564,35.944501689,143.32543388,0.748853211
12049,FL,Hardee County,11769.155466,73.951659949,0.363,0.3094721049,7.9,0.0412813738,0.1785935244,0.85,10.528368103,53913.0,0.1947328937,0.1390532544,25.676577826,107.51548374,0.7144084438
12051,FL,Hendry County,10573.446178,74.864519115,0.358,0.5691461168,7.5,0.0479667632,0.2429245966,0.76,8.9503858342,54619.0,0.0211514677,0.1172172098,28.12035512,107.18937912,0.723680436
12053,FL,Hernando County,11322.306187,74.434585846,0.264,0.8046474565,8.3,0.038408814,0.1412916423,0.89,6.3316835512,64092.0,0.2221576742,0.1170178697,45.849922319,130.45965588,0.8182484108
12055,FL,Highlands County,12965.895259,74.963827294,0.295,0.7030868771,7.8,0.0427396089,0.1906683863,0.83,11.267018879,51495.0,0.1600730972,0.1180977423,36.127053142,120.63778694,0.7891735411
12057,FL,Hillsborough County,8048.6132746,77.452837411,0.235,0.9135776928,8.3,0.0293416893,0.1339878642,0.88,6.9516903775,76528.0,0.5906654646,0.1716227314,35.594544724,86.019668281,0.6106442479
12059,FL,Holmes County,13510.801646,71.14677663,0.291,0.1147916349,8.4,0.0321816662,0.1539225422,0.85,12.213118925,51582.0,0.1120948456,0.0879004099,22.023073405,109.0468086,0.7673204459
12061,FL,Indian River County,9380.145435,78.272090204,0.234,0.8679688087,7.8,0.0352662892,0.1398119413,0.95,8.3656006501,73686.0,0.1881117481,0.1484336338,30.798408209,107.41575694,0.7933067428
12063,FL,Jackson County,13578.880873,71.90684619,0.304,0.2527314609,8.8,0.0340418277,0.1152717751,0.83,10.785920226,50923.0,0.0648154018,0.1143431551,23.241073315,118.71116012,0.7452752671
12065,FL,Jefferson County,10233.219218,75.32130509,0.259,0.4822880772,7.9,0.0318890815,0.1526860522,,8.6424677569,59967.0,0.177670572,0.1262955854,,96.320554806,0.7510132159
12067,FL,Lafayette County,11326.240343,73.279493582,0.315,0.515681984,7.4,0.0331125828,0.183010157,0.975,21.834061135,58096.0,0.1698273766,0.1219614417,,107.64520142,0.8140511646
12069,FL,Lake County,9159.1616474,77.385487325,0.243,0.8375699299,8.9,0.0311542275,0.1258668597,0.89,7.0951555448,70784.0,0.1889799873,0.1327079888,32.672131772,122.56909012,0.76647604
12071,FL,Lee County,8494.3210274,80.601092056,0.208,0.8526435881,7.3,0.0317700454,0.1713228046,0.82,5.7875647605,71811.0,0.4550617621,0.1653790478,39.10551242,105.10946079,0.7398056247
12073,FL,Leon County,8452.1183015,77.089036178,0.227,0.8306217017,7.5,0.0310566309,0.1067573839,0.8776351614,13.215903473,66063.0,0.4829328058,0.1940298507,15.581846471,64.617830716,0.5185252708
12075,FL,Levy County,10861.510183,74.361429212,0.287,0.4927414657,8.0,0.0351007363,0.1701948013,0.93,7.5121520106,53214.0,0.258534312,0.0977279433,38.744378267,130.43173371,0.7984534935
12077,FL,Liberty County,10119.302401,74.32007053,0.305,0.2315023827,7.4,0.0327930645,0.158508644,0.775,9.2068920163,51523.0,0.2268623025,0.1208881579,,100.79158267,0.7952231793
12079,FL,Madison County,11824.120397,72.439122907,0.37,0.4679430098,8.1,0.0325749099,0.1609837898,0.775,12.089240576,52713.0,0.0500890472,0.1292888334,,95.429160115,0.7200573066
12081,FL,Manatee County,8820.008448,79.839024496,0.248,0.8899427085,8.5,0.0304125497,0.1575168752,0.8,6.9443635304,79213.0,0.2122338696,0.1493111474,35.114405126,96.921003045,0.746884347
12083,FL,Marion County,12581.013607,73.961486773,0.288,0.6821429712,8.5,0.036371422,0.1555083687,0.83,6.3065222053,58584.0,0.1635160731,0.1333758069,51.564096508,165.5682819,0.7668089314
12085,FL,Martin County,7339.9488654,80.359704058,0.211,0.9674053689,7.9,0.0289105608,0.1350048576,0.91,9.0737380097,76430.0,0.3582127235,0.1589166629,30.369641927,100.13052951,0.8010616337
12086,FL,Miami-Dade County,6314.2384448,79.697129164,0.302,0.9848103112,7.8,0.0182001376,0.160538988,0.88,5.3032402499,72030.0,0.7395711769,0.2513858802,13.824110816,55.56690295,0.5219313747
12087,FL,Monroe County,7731.1904146,80.750495173,0.225,0.7968964935,7.5,0.0191201523,0.1517586959,0.88,10.158124052,85639.0,0.5000844656,0.2301227602,42.056035462,116.78590714,0.6339012417
12089,FL,Nassau County,9846.7231454,76.429730267,0.185,0.8235124845,8.4,0.02828114,0.0929312902,0.93,8.9888558617,92766.0,0.5067735081,0.1128514814,37.782352463,100.51173584,0.8298436188
12091,FL,Okaloosa County,9412.0688737,75.906823106,0.207,0.7794092636,8.9,0.0261515375,0.1187532892,0.88,9.0076773127,81990.0,0.2168679252,0.1319370071,42.019618493,99.475373481,0.6775435969
12093,FL,Okeechobee County,12549.337859,73.198587283,0.333,0.6941529614,7.7,0.0321262972,0.1754143646,0.78,6.9286350589,54297.0,0.1648420946,0.1370888733,40.658670461,126.7660151,0.7455718707
12095,FL,Orange County,7030.2730105,78.947032671,0.232,0.9133573629,6.8,0.0284348175,0.1316928648,0.872381068,7.1589549578,78487.0,0.2211988464,0.1853554312,26.916717992,71.619294964,0.5736470514
12097,FL,Osceola County,7380.1849339,77.734782435,0.284,0.7373358446,8.9,0.0336966372,0.1320529478,0.85,4.3782319043,76416.0,0.1601261784,0.2041383498,26.669044588,70.080920444,0.6623073117
12099,FL,Palm Beach County,7623.7614719,80.695456849,0.235,0.9594073413,7.3,0.0300809794,0.1633979664,0.8910453268,6.5526181826,84789.0,0.296397043,0.201096389,35.874824052,95.407148876,0.6986331197
12101,FL,Pasco County,9901.2905662,76.233451384,0.223,0.8543169405,8.7,0.0333108574,0.1231949535,0.9,4.9277752409,72065.0,0.1953777512,0.1400826612,52.402549123,121.39244273,0.7550378491
12103,FL,Pinellas County,9370.2611679,77.580231199,0.235,0.9829257841,7.9,0.0278225968,0.1298656031,0.88,7.6632017626,70684.0,0.6131828878,0.170454214,54.573915879,125.82985377,0.6943923335
12105,FL,Polk County,9798.1163305,76.101922353,0.295,0.6991404683,8.4,0.0365104436,0.1465998671,0.78,6.9595785645,66709.0,0.1087889596,0.1509691868,30.015629129,88.213256624,0.7001731473
12107,FL,Putnam County,15842.618517,70.790954129,0.32,0.565390543,8.3,0.0397435443,0.1676306926,0.89,9.7683692176,51585.0,0.3184626505,0.1238901076,33.525096888,147.69184499,0.7261337684
12109,FL,St. Johns County,5815.4266607,81.015968703,0.161,0.9133180945,8.7,0.0266243556,0.0803610925,0.9299157838,6.3550829257,106281.0,0.2593032824,0.1241873474,19.020024555,68.219806651,0.8205868029
12111,FL,St. Lucie County,8816.1273805,78.214672427,0.267,0.8499116109,7.9,0.0351277916,0.1409883994,0.91,4.990186895,66876.0,0.2183424152,0.1650906071,28.379874724,86.151055069,0.7765496809
12113,FL,Santa Rosa County,8239.480631,76.347040329,0.23,0.6213882979,9.7,0.0284344942,0.0965959205,0.9,6.7080920774,87581.0,0.1456595745,0.1016949153,34.227431825,86.977960293,0.7998035088
12115,FL,Sarasota County,8415.7692917,80.252246127,0.191,0.8898171915,7.9,0.0301040659,0.1345377466,0.89,8.4363359479,78218.0,0.5301470487,0.1539763451,33.781586153,104.23500453,0.7633757171
12117,FL,Seminole County,7002.0272011,79.068430751,0.204,0.9291205804,7.3,0.0278176722,0.1150369844,0.93,7.1432748782,80698.0,0.4110832186,0.1541747893,30.287357453,81.263168231,0.6576031845
12119,FL,Sumter County,10414.5354,78.385190701,0.209,0.8931345952,8.6,0.0422217089,0.1070746761,0.93,4.4836862799,79334.0,0.0813706147,0.1100630378,23.83074452,144.82961222,0.8810445019
12121,FL,Suwannee County,11924.413179,72.936582257,0.268,0.500092009,7.8,0.0340361946,0.156734644,0.91,7.2669617494,56009.0,0.1579334775,0.1112864494,24.490341158,118.64520606,0.7451660564
12123,FL,Taylor County,12288.904815,72.573188945,0.287,0.6401633327,7.6,0.0340304856,0.1339459387,0.875,14.095757177,50556.0,0.1079097082,0.0657894737,,111.22439522,0.7263241316
12125,FL,Union County,17100.507362,67.900093832,0.313,0.0678144547,7.8,0.0297373562,0.1063464837,0.775,4.5278137128,60843.0,0.0678144547,0.0694193548,21.287012793,102.39261736,0.7359255725
12127,FL,Volusia County,11239.660539,74.966048004,0.233,0.8172246781,8.1,0.0326890394,0.1278274693,0.89,7.4586665562,66111.0,0.3856484501,0.1606775491,58.4716096,134.32300174,0.7280198487
12129,FL,Wakulla County,8820.1988338,74.542221173,0.232,0.7123267385,7.4,0.0274456353,0.1141986914,0.97,5.4011029621,72916.0,0.6260514157,0.0855524558,24.955128759,95.664575349,0.8383523427
12131,FL,Walton County,9109.6665912,76.925733526,0.214,0.7175087976,8.6,0.0278310399,0.137759489,0.97,10.563718429,82259.0,0.3553283315,0.1197712059,38.32997946,102.99195521,0.7715484246
12133,FL,Washington County,10978.10352,72.569656768,0.302,0.6131605972,8.4,0.0328633736,0.1666845321,0.88,9.4436137562,54678.0,0.3215498855,0.0965817848,19.53582871,99.107248201,0.7979961215
13000,GA,Georgia,9405.678903,75.611300802,0.232,0.7455850069,8.8,0.0320025844,0.1363270919,0.8486222258,8.8317690039,74521.0,0.2970017106,0.1434804922,21.907653581,76.800772646,0.6535729799
13001,GA,Appling County,14664.352655,71.486667076,0.307,0.3837020169,8.7,0.0336334472,0.1870353644,0.92,11.395702192,51054.0,,0.0949642524,19.912745968,91.171554475,0.717919568
13003,GA,Atkinson County,15714.212812,69.120830275,0.346,,8.5,0.0309278351,0.2071292357,0.975,4.888182818,44890.0,,0.0886243386,,113.44710227,0.6459705237
13005,GA,Bacon County,16179.212325,69.469153029,0.318,0.5434470377,8.5,0.0293476105,0.1723864537,0.925,8.0421767492,48915.0,,0.1106838781,30.024620189,93.432755368,0.7390979317
13007,GA,Baker County,17336.661826,71.773104609,0.307,,9.4,0.0378927911,0.1108881084,,0.0,47850.0,,0.0898520085,,108.78433506,0.7271095153
13009,GA,Baldwin County,12279.389822,72.73573337,0.296,0.4321103222,8.6,0.0416690614,0.1532220981,0.88,9.166953134,51206.0,0.2590470102,0.1548103426,15.092631023,74.69805785,0.6422395023
13011,GA,Banks County,10880.178888,73.877982741,0.301,0.3097865262,8.6,0.0219206681,0.1756220472,0.84,6.7259933775,70067.0,0.1187136124,0.1089935423,29.698473149,94.276376435,0.7669073228
13013,GA,Barrow County,9299.2271892,74.873041906,0.25,0.672798036,9.5,0.0276126909,0.1563375373,0.89,5.9351168546,72075.0,0.1733069876,0.1055075854,27.911066929,86.467384409,0.7946254619
13015,GA,Bartow County,10527.02631,73.938103851,0.259,0.564209695,9.1,0.0307770595,0.1551953982,0.9256206631,6.7366331017,78771.0,0.1366378637,0.1073453642,36.627287329,91.003616389,0.7386294877
13017,GA,Ben Hill County,15004.843394,69.707900938,0.362,0.4296847738,9.0,0.0432480141,0.1499059797,0.83,9.3737184369,40325.0,0.0561823892,0.1409011304,19.669164651,105.54027132,0.5980173136
13019,GA,Berrien County,14035.255546,71.166782215,0.305,0.2657488987,9.0,0.036856299,0.1511328178,0.83,5.4902822005,50581.0,,0.1029744585,35.862217361,105.9120083,0.6903066415
13021,GA,Bibb County,14811.683558,70.625763728,0.321,0.7610234769,8.2,0.0395883796,0.1596857126,0.822494929,12.548256369,51569.0,0.3065155771,0.2017715322,18.037518038,104.54044951,0.5152226002
13023,GA,Bleckley County,12845.863636,72.205653357,0.266,0.7500596042,8.9,0.04199916,0.1234405778,0.975,12.237904871,58877.0,,0.1320330083,,81.851093971,0.733130983
13025,GA,Brantley County,14471.809365,71.49147876,0.308,0.1728538927,7.8,0.0347837588,0.1794578597,0.89,7.1495352802,57325.0,0.0077687143,0.0982631071,36.045128501,97.334531297,0.7731400117
13027,GA,Brooks County,10487.589621,73.872965399,0.346,0.4339611067,9.0,0.0339496817,0.1508402676,0.975,8.6137943764,46796.0,,0.183801214,,96.385542169,0.7040373707
13029,GA,Bryan County,9532.1304153,74.897493497,0.217,0.6126335554,9.0,0.0263544626,0.1143887553,0.93,6.2208398134,97746.0,0.0280298628,0.0984412392,19.12918083,82.376178307,0.7563365148
13031,GA,Bulloch County,9168.4485331,75.272938973,0.254,0.557651759,9.0,0.0335186941,0.1442541302,0.8513140604,7.1033843413,54787.0,0.0819122307,0.1566873216,8.5248031176,59.269325768,0.5326661382
13033,GA,Burke County,12349.00069,72.979130683,0.302,0.401935274,9.5,0.0552038209,0.1183100041,0.85,9.4308676398,51388.0,,0.1417468971,19.622683822,97.286314484,0.7273826536
13035,GA,Butts County,12208.373544,71.940684977,0.291,0.6162616969,8.5,0.0294117647,0.136335627,0.93,7.1297234418,59622.0,0.057167571,0.1153354261,32.110563091,121.27416624,0.7106616387
13037,GA,Calhoun County,11947.560791,73.550025303,0.366,,9.0,0.027753686,0.1542534416,,12.799414884,41260.0,,0.1065989848,,60.504201681,0.6293103448
13039,GA,Camden County,8626.1316325,76.512739603,0.273,0.6809085597,8.1,0.0302694066,0.1244855521,0.94,8.4191324786,72185.0,0.2578695589,0.1364257813,24.990331122,67.653613499,0.6378424658
13043,GA,Candler County,18173.169311,67.795788196,0.345,0.5723522448,8.9,0.0246584472,0.2023269343,,7.2727272727,49332.0,0.0040979874,0.1151967087,,113.42639176,0.6249103514
13045,GA,Carroll County,11392.441111,72.973049842,0.252,0.6347987377,8.8,0.0328049431,0.1382171874,0.933767507,9.9524849107,71083.0,0.1668009534,0.142074429,36.122359741,94.011934568,0.6929905042
13047,GA,Catoosa County,9551.4109378,75.286416772,0.235,0.7817214757,8.5,0.0266689857,0.1223467983,0.89,7.1194025514,70315.0,0.3364126591,0.0973523899,29.724343263,74.363865628,0.750793833
13049,GA,Charlton County,11364.770139,73.50922893,0.318,0.5452947755,7.5,0.0307753008,0.1629711752,0.975,4.6944683515,52191.0,0.0848378335,0.1335907336,,91.831580881,0.7814488497
13051,GA,Chatham County,10235.346721,75.61810595,0.227,0.8930648073,8.9,0.0293543549,0.1411562308,0.88,11.291667082,70556.0,0.2940116698,0.1747708371,26.271311615,82.700795074,0.5628684764
13053,GA,Chattahoochee County,9997.2109931,75.372307889,0.303,0.5956089911,8.8,0.0449973531,0.0796576695,0.975,0.0,57550.0,0.0,0.1120354964,,67.987762203,0.3595150237
13055,GA,Chattooga County,14488.383926,70.575595711,0.322,0.6192269177,8.4,0.0368791302,0.166807477,0.9440677966,10.025665704,51225.0,0.3967154016,0.0863528615,34.800765617,116.66264382,0.6739225552
13057,GA,Cherokee County,5752.9672286,79.429827139,0.216,0.8620996174,9.3,0.0257117634,0.1252712616,0.92,6.8615391179,104220.0,0.2459642938,0.1090012912,20.458688671,60.040971779,0.7740890933
13059,GA,Clarke County,8072.6621119,77.264265627,0.266,0.7402755866,8.4,0.033168832,0.1463130685,0.3205055147,10.548604427,54550.0,0.3085466034,0.2488505637,20.963763746,58.563146959,0.4124000665
13061,GA,Clay County,16381.227435,72.555786109,0.298,0.2952949438,8.5,0.0775969962,0.1425531915,,10.544815466,37858.0,0.2303370787,0.1270718232,,118.76484561,0.7692960136
13063,GA,Clayton County,11266.392996,73.788437033,0.343,0.7297938473,8.2,0.0409614344,0.1547834007,0.7787444042,4.1475027313,57974.0,0.304195299,0.2025586978,18.390856472,77.510879108,0.531895556
13065,GA,Clinch County,14490.574628,69.760988817,0.362,0.0010371907,8.0,0.0282926829,0.1849518162,0.875,18.012608826,45718.0,0.0010371907,0.0675484176,,93.275161727,0.7008097166
13067,GA,Cobb County,6457.5673814,79.138528085,0.167,0.9118722337,8.2,0.0282215754,0.125417347,0.8693576943,7.7465956433,99134.0,0.4418735781,0.1220960409,22.59201685,62.612865517,0.6699294503
13069,GA,Coffee County,12805.212007,71.622173443,0.335,0.4187552214,6.8,0.0360216768,0.1911480945,0.93,9.0336329102,49804.0,0.0734475077,0.1024078696,11.558377512,90.681126297,0.6310876093
13071,GA,Colquitt County,13173.133514,71.627166121,0.36,0.431391346,9.5,0.0284353679,0.1978802418,0.87,8.9593986277,47821.0,0.1302017517,0.1239743019,13.856880306,91.981008112,0.6342595347
13073,GA,Columbia County,7069.7068862,78.426826938,0.237,0.7709633998,9.7,0.0300119732,0.1028178754,0.9,7.6345747727,97031.0,0.1507787962,0.0938850051,21.142744618,61.882435975,0.7849202235
13075,GA,Cook County,13070.534521,71.810706448,0.324,0.6967902954,9.0,0.0320752442,0.1743027888,0.98,6.8949666743,50258.0,0.0138719601,0.1555707684,,98.43431536,0.641309505
13077,GA,Coweta County,8323.9759944,76.435159053,0.218,0.6361745508,8.8,0.0291819184,0.1099108143,0.9,7.3913214113,93326.0,0.086071238,0.1002818354,17.853718533,67.775312141,0.7759269307
13079,GA,Crawford County,13687.872846,71.691229244,0.289,0.0250618302,8.8,0.0322885196,0.1621224832,0.825,6.589785832,61519.0,,0.0694943686,,112.66041864,0.8451025057
13081,GA,Crisp County,16330.926652,70.079644998,0.309,0.4612976948,9.3,0.0368682265,0.141819649,0.83,9.1333468642,43174.0,0.228736089,0.1799146439,25.96517421,99.44274537,0.5371579212
13083,GA,Dade County,11895.484938,73.047799945,0.236,0.6253153652,7.8,0.0259850133,0.1419158224,0.925,9.3277781233,58644.0,0.1757430312,0.0700754401,35.077583361,75.489443853,0.7792165749
13085,GA,Dawson County,8319.4321496,76.904686054,0.208,0.8923053959,,0.026174546,0.1396099863,0.93,10.617824673,89330.0,0.1090006717,0.0740705615,24.490367122,92.011771665,0.7838436001
13087,GA,Decatur County,14703.40195,71.014822222,0.308,0.5387339531,9.3,0.0343654601,0.1395699401,0.9,8.9710855013,50452.0,0.068852794,0.1408421053,20.123820685,91.665696659,0.6184838648
13089,GA,DeKalb County,8477.1280874,78.224975785,0.213,0.906309934,9.0,0.0331510105,0.1374765817,0.7608459884,7.3018536483,77722.0,0.6563995489,0.181813268,19.057657958,73.741536572,0.5849951349
13091,GA,Dodge County,13998.573444,71.342584198,0.292,0.5511166876,9.2,0.0383044642,0.1386752137,0.88,11.10998889,46462.0,,0.1434963247,33.326112676,105.60287398,0.6837914977
13093,GA,Dooly County,13389.09595,73.206217956,0.314,0.3135260528,9.2,0.0383006824,0.152456758,0.875,8.5130533485,50396.0,0.153372591,0.1006871036,,82.621867254,0.6664965552
13095,GA,Dougherty County,15701.864167,70.324103485,0.315,0.7823522555,10.3,0.0428428817,0.1578839094,0.87,11.450473688,45863.0,0.1621401096,0.2272602865,28.707720017,93.659310797,0.4654609102
13097,GA,Douglas County,8875.5932727,75.582327261,0.267,0.7620652121,9.3,0.0344533851,0.1410573946,0.88,5.4983844253,79672.0,0.3715204836,0.1254573756,19.269220481,67.41339971,0.6644071758
13099,GA,Early County,16355.922173,69.726824991,0.333,0.6061359867,9.3,0.0387209593,0.1420553754,0.875,10.402874976,43444.0,0.0103187765,0.1123447,,102.57998335,0.7034380411
13101,GA,Echols County,7910.9087131,76.843132736,0.294,0.0021639167,8.0,0.0283997815,0.190842139,,0.0,50311.0,0.0021639167,0.0911504425,,56.721497448,0.7684036394
13103,GA,Effingham County,9467.0864082,74.946755779,0.233,0.5808797419,9.1,0.0259295069,0.1064590332,0.92,7.0972320795,83900.0,0.0048634378,0.0828763217,20.342649605,70.419744355,0.785141159
13105,GA,Elbert County,14106.467989,71.146985394,0.312,0.4901461527,8.4,0.0358146926,0.1847947823,0.875,10.59856667,50367.0,0.1116769364,0.1506849315,27.244244653,82.43853177,0.6858702244
13107,GA,Emanuel County,13932.750601,70.076998165,0.332,0.1399332396,9.1,0.0420386484,0.1653962978,0.83,9.1587073139,46017.0,0.0532765285,0.0968794882,14.673083695,82.885107133,0.5980404016
13109,GA,Evans County,14702.591358,70.700645764,0.351,0.7295340635,8.8,0.0290296387,0.1784170885,0.925,13.090229079,50831.0,,0.0992514555,,89.921318846,0.6403508772
13111,GA,Fannin County,12245.467464,74.099572743,0.28,0.8563529365,6.9,0.0281632318,0.1783425038,0.925,14.376189921,60037.0,0.7164184999,0.1208445226,34.582132565,131.30917552,0.7820614383
13113,GA,Fayette County,6478.3018855,79.516169691,0.199,0.8206369448,9.0,0.0296879383,0.0976090934,0.9,12.537900516,108579.0,0.2595348759,0.1201810375,12.833926205,60.037011453,0.8099338203
13115,GA,Floyd County,11716.398668,72.59643013,0.299,0.7562180476,8.8,0.0315469566,0.1565883555,0.9156558935,9.4526512676,61058.0,0.1212772864,0.1300628788,28.973984058,91.43566153,0.6207206716
13117,GA,Forsyth County,4424.6930567,81.026413608,0.185,0.8995196651,9.5,0.0254172559,0.0834534399,0.96,5.7626750787,136347.0,0.2502477287,0.0923917494,13.619601948,42.727100895,0.8497254522
13119,GA,Franklin County,12333.086533,72.10512187,0.292,0.4179047131,8.6,0.0322906155,0.1736200257,0.9,13.262599469,53221.0,0.0815403005,0.1153412649,28.004536735,115.46069667,0.7611123775
13121,GA,Fulton County,8074.7444163,77.52843163,0.2,0.9383365676,9.5,0.0342526302,0.1074919764,0.8741802749,9.659102541,94510.0,0.6320208867,0.1727090757,24.212322487,76.058521734,0.541375868
13123,GA,Gilmer County,10784.195367,75.405283192,0.244,0.7953624852,7.2,0.030829421,0.1735842644,0.94,5.8629308483,62317.0,0.5264886933,0.095257698,31.11678128,102.77686701,0.807484935
13125,GA,Glascock County,11755.948721,71.774221656,0.268,,8.9,0.0339531124,0.1163865546,,13.610071453,54862.0,,0.0404564315,,182.33387358,0.7418426104
13127,GA,Glynn County,11817.384294,74.725227352,0.244,0.7373815075,7.7,0.0284459061,0.1630587136,0.5182256298,11.871319597,70067.0,0.3068912058,0.1359458731,33.674516223,88.753853631,0.6704404332
13129,GA,Gordon County,11132.088578,73.127354982,0.305,0.5769498123,8.6,0.029607978,0.1994314144,0.9739167768,10.855921566,64795.0,0.0997671347,0.1033774303,19.321365452,79.555858843,0.7258768773
13131,GA,Grady County,11368.059768,74.166269836,0.338,0.3850815673,9.4,0.0306103633,0.1766123875,0.89,10.765918179,52456.0,0.2085683793,0.1629445823,,94.596098507,0.6406234488
13133,GA,Greene County,11079.366288,76.11745214,0.255,0.6817340735,8.5,0.03323223,0.140547626,0.875,10.92407766,79890.0,0.187100185,0.1012993901,,90.972560137,0.7913586541
13135,GA,Gwinnett County,6208.9455672,79.266172833,0.231,0.8205706631,8.3,0.0286567188,0.1526588593,0.8236764893,7.1666360795,84076.0,0.2514225829,0.1691310628,16.096992707,50.415490639,0.6668907115
13137,GA,Habersham County,9824.0184495,74.815047607,0.297,0.7110642828,7.8,0.0312129797,0.1840946615,0.97,11.163770405,71753.0,0.3035780235,0.1050882794,27.085590466,84.844077364,0.7468220339
13139,GA,Hall County,8170.1752594,77.183412745,0.283,0.6791312224,8.7,0.0240991961,0.1917487372,0.8578922111,7.099467775,78309.0,0.2610960145,0.126948743,23.936730434,74.522788004,0.6887304772
13141,GA,Hancock County,15831.577032,70.724342307,0.353,0.0019461935,8.5,0.0546938776,0.1376607717,,0.0,40099.0,0.0019461935,0.2132736764,,118.15861613,0.7748948107
13143,GA,Haralson County,12726.558116,71.226951346,0.275,0.4020856312,8.4,0.0320774701,0.1439577957,0.9723182957,9.2542362064,59384.0,,0.1143829944,34.672561002,116.74152635,0.7112076455
13145,GA,Harris County,7326.0558202,78.819768908,0.231,0.2150109611,8.7,0.0282313535,0.0901822175,0.91,9.0969235858,91977.0,0.1126398985,0.0922021004,17.59552518,81.601413674,0.8831209939
13147,GA,Hart County,11167.428468,74.249824092,0.265,0.512234784,8.6,0.0293932726,0.1519082065,0.97,12.635177822,53100.0,0.0661684993,0.1031894934,31.358185741,91.647226346,0.7508299346
13149,GA,Heard County,14527.667896,71.244880435,0.283,0.004381353,8.3,0.0306008902,0.1464027647,0.975,5.9701492537,57670.0,0.004381353,0.1087727595,34.030003119,147.29535258,0.7201750345
13151,GA,Henry County,9126.0001496,75.304114433,0.238,0.6547409352,9.1,0.0345797364,0.1037367488,0.87,5.7174147622,80908.0,0.2392693343,0.1261878026,17.605201313,72.900722243,0.7254254539
13153,GA,Houston County,9564.6548763,75.016285678,0.265,0.6790989593,9.5,0.0291281244,0.1101989636,0.89,6.8383727031,75266.0,0.2431233309,0.1111293634,18.124332924,68.650281145,0.6710157984
13155,GA,Irwin County,12087.494171,71.747502304,0.303,0.4877922615,8.9,0.0394736842,0.1545156228,0.925,4.3830813062,52918.0,0.0118973722,0.1121629375,,110.76791991,0.7122147651
13157,GA,Jackson County,9048.8280653,75.089027159,0.268,0.4514339916,9.2,0.0207291794,0.1358682052,0.9533056995,7.7439954251,84439.0,0.0027797173,0.1043195719,20.796852188,73.99301756,0.7978944247
13159,GA,Jasper County,11123.139295,73.781043184,0.288,0.5492870853,8.5,0.028637983,0.1386426169,0.925,5.0153595386,67681.0,0.1580751302,0.1264284419,,90.576036555,0.8418788713
13161,GA,Jeff Davis County,13865.417463,70.685920757,0.333,0.5684417078,8.5,0.0427238501,0.1761628382,0.975,8.7312781248,47635.0,,0.1210771411,,99.842913816,0.6838673621
13163,GA,Jefferson County,15667.147589,68.794972052,0.364,0.5055700554,9.4,0.0400837571,0.1860186532,0.925,11.100953376,45829.0,,0.1488465763,,105.33570881,0.6786570743
13165,GA,Jenkins County,12472.5352,71.773956828,0.367,0.6222042887,9.0,0.0497751124,0.1470638884,0.825,10.357923812,42539.0,0.1676273922,0.1218855219,,99.003062188,0.8738180633
13167,GA,Johnson County,13596.984105,71.820085868,0.347,,9.0,0.0289396887,0.1685373241,0.825,12.984202554,51602.0,,0.1019044437,,84.352593842,0.7520865533
13169,GA,Jones County,9118.9230672,75.631675922,0.278,0.8453099093,8.6,0.0308370044,0.1219873611,0.9,5.2683338016,65524.0,0.1927540833,0.0892118179,22.180973395,79.714705265,0.8542382323
13171,GA,Lamar County,12812.989743,71.905996872,0.278,0.5385405405,8.5,0.0335097002,0.1294642857,0.85,6.1642780089,63622.0,0.0155135135,0.0768772348,24.218101301,81.347447463,0.7622857143
13173,GA,Lanier County,9926.4428131,74.588335565,0.334,0.4531740407,8.1,0.038247012,0.1392389575,0.925,6.882312457,54586.0,,0.1404203472,,65.919578115,0.7178965718
13175,GA,Laurens County,14998.455485,70.752850372,0.309,0.5388137987,9.3,0.0409782224,0.1424046591,0.9004901961,11.276681434,56867.0,0.1123058301,0.1358010411,23.855124422,98.514011342,0.6526774389
13177,GA,Lee County,8772.6048946,75.073504084,0.249,0.5302294726,9.4,0.0284965387,0.1150831991,0.91,4.1614648356,80806.0,0.1467297892,0.1187234043,16.446184999,76.412192839,0.735451505
13179,GA,Liberty County,12510.195053,72.867088958,0.287,0.7659985289,8.8,0.032830016,0.1187480878,0.9,7.0557107159,57699.0,0.0679324507,0.1334024148,21.347429414,79.142384344,0.4994445869
13181,GA,Lincoln County,11825.179125,74.687241645,0.267,0.3651495449,8.5,0.0380434783,0.1967612746,0.925,17.854865451,58502.0,0.0622886866,0.1156609195,,73.497731708,0.7913306452
13183,GA,Long County,10346.323242,75.740270109,0.296,0.3213137061,8.5,0.0321399031,0.1563534187,0.96,3.8151297144,63146.0,,0.0889044452,,58.369062274,0.6326250857
13185,GA,Lowndes County,11341.959548,73.476966671,0.289,0.7629533788,8.3,0.0348118253,0.1426172768,0.95,9.0196176684,54984.0,0.1517111906,0.1504976303,8.9564854751,63.958308658,0.5609196937
13187,GA,Lumpkin County,9955.9900267,75.283983267,0.248,0.8118131868,,0.0265878061,0.16035384,0.995,4.3108403265,72676.0,0.3295210225,0.1273943727,30.98973465,98.336522891,0.7837172499
13189,GA,McDuffie County,13503.144445,71.926177823,0.299,0.5297707101,9.2,0.0486012328,0.1296720061,0.86,11.513839635,53389.0,,0.1551239458,35.654492466,103.39912996,0.6522053507
13191,GA,McIntosh County,13809.158004,74.31296999,0.286,0.6037357631,8.1,0.0304752882,0.1700130378,0.975,5.366726297,56573.0,0.3051480638,0.1761376007,27.255382938,120.78033268,0.8022575251
13193,GA,Macon County,12937.971068,71.889465533,0.412,0.4380069525,9.0,0.0423617208,0.1930646673,0.875,9.3497662558,41895.0,0.0317000497,0.1305892804,,87.900145435,0.6110831234
13195,GA,Madison County,10544.980607,74.196389322,0.293,0.1939575033,8.8,0.0289939535,0.176699634,0.95,9.2142471325,65296.0,0.0209163347,0.1269699673,44.173894306,113.5580426,0.7563102341
13197,GA,Marion County,12487.921225,73.379226203,0.318,,8.5,0.0362790698,0.178828908,0.875,4.0273862263,51270.0,,0.078186362,,104.6989904,0.7705084746
13199,GA,Meriwether County,15062.67204,70.77554767,0.31,0.3216901955,8.2,0.0387323944,0.1696584393,0.825,10.074358359,54428.0,0.0566632708,0.117999479,20.699977708,115.19750183,0.7046511628
13201,GA,Miller County,22798.686686,67.27107023,0.334,0.1968333333,9.3,0.0265580737,0.1376611418,,10.3323575,50799.0,,0.1269565217,,132.16471898,0.6817082998
13205,GA,Mitchell County,12434.601832,72.354176373,0.346,0.599172604,9.6,0.037327361,0.1409552123,0.8723568282,10.418639894,48774.0,,0.1526542711,,85.877333924,0.6537836148
13207,GA,Monroe County,10716.475593,74.519748237,0.254,0.668204743,8.7,0.0294164163,0.1237186285,0.93,9.8548951643,80692.0,0.0893515041,0.0739030023,26.68801708,105.46507266,0.8301832486
13209,GA,Montgomery County,13468.072254,71.407170168,0.329,,8.9,0.0387697079,0.141470401,0.975,6.9324090121,53248.0,,0.0859598854,,102.94282198,0.7603442569
13211,GA,Morgan County,9731.2641454,75.796841928,0.223,0.2906901528,8.8,0.0280927572,0.1290673763,0.96,10.936236984,69090.0,0.1484798726,0.098429872,,91.520753085,0.7478506352
13213,GA,Murray County,12065.10564,72.520703041,0.306,0.6808345633,8.1,0.0410375532,0.1816105591,0.92,3.2120972524,63836.0,0.2738348385,0.0735143966,21.584824208,77.816353406,0.7334513042
13215,GA,Muscogee County,13163.695708,71.987049397,0.307,0.8910942287,8.4,0.0422735677,0.1183744187,0.92,10.265724326,52492.0,0.5065628594,0.1810418225,19.183859098,102.95554814,0.502369727
13217,GA,Newton County,10380.493147,74.085719742,0.276,0.5874576603,9.1,0.0380686757,0.1290614269,0.9,6.971544197,76151.0,0.0833548181,0.1527777778,20.215380439,79.815912439,0.7392366337
13219,GA,Oconee County,5598.6900562,79.810967637,0.187,0.7330558147,8.8,0.0243178834,0.0742694694,0.98,11.92988896,114230.0,0.0100959353,0.053332389,13.308803382,57.890750505,0.8159771755
13221,GA,Oglethorpe County,9361.5518389,75.95696497,0.273,0.2623946037,8.3,0.0282725474,0.162777599,0.925,5.1716335898,67249.0,0.0408094435,0.0979381443,30.440076535,95.668697988,0.8151468905
13223,GA,Paulding County,7727.8314983,76.884831252,0.252,0.6696568857,9.2,0.0286458894,0.1136115346,0.9,4.4277299197,93773.0,0.1075055881,0.0812229664,27.39934546,70.141016066,0.8026549277
13225,GA,Peach County,13589.075461,71.389291517,0.288,0.6666666667,9.2,0.0384098168,0.154682807,0.82,5.9519641482,68464.0,0.1414173904,0.1332653061,28.258898609,101.59402455,0.7051730844
13227,GA,Pickens County,10079.332302,75.144961563,0.232,0.7562018304,7.9,0.0274752475,0.1586860719,0.92,8.0399701373,78032.0,0.0169195568,0.1007159905,35.30207792,87.66241564,0.7787651295
13229,GA,Pierce County,13349.537637,71.092206146,0.267,0.6605295192,8.3,0.0305785124,0.1574209246,0.94,9.9166997223,56330.0,0.0145567052,0.0813769264,30.167934837,102.51725538,0.7808164354
13231,GA,Pike County,11051.159585,73.156613975,0.237,0.3642860924,8.4,0.0272678476,0.1271835367,0.96,10.005002501,80652.0,,0.1023798115,18.775175804,83.17391666,0.8481168332
13233,GA,Polk County,13660.509479,70.995657631,0.306,0.6630340933,8.6,0.0332313535,0.1528419085,0.9,9.6090050104,56271.0,,0.1439114391,40.755123227,112.02632851,0.6449191686
13235,GA,Pulaski County,10269.092133,75.180341341,0.322,0.8032470827,9.0,0.0350746269,0.1596096332,0.875,9.0144230769,46123.0,0.0915271436,0.1520839962,,69.420991407,0.6760048721
13237,GA,Putnam County,12212.752791,73.978873945,0.283,0.7274912687,8.5,0.0379817957,0.1642835954,0.9,10.442046641,59068.0,0.2296003991,0.1580342577,19.092658139,107.12659686,0.8253404381
13239,GA,Quitman County,14262.774728,72.863222292,0.31,0.4581655481,8.4,0.0523415978,0.1724608044,,0.0,42480.0,0.3270693512,0.0535031847,,88.175645887,0.7871657754
13241,GA,Rabun County,11890.683056,74.308964336,0.24,1.0,6.6,0.0300051073,0.196928186,0.925,15.111007788,60085.0,1.0,0.1347150259,34.885073065,115.65150347,0.7737944608
13243,GA,Randolph County,17237.779119,71.258571668,0.42,,8.7,0.0422354949,0.1581084309,,11.445389143,39926.0,,0.1886204209,,91.754343039,0.4954614221
13245,GA,Richmond County,14035.731088,71.402295998,0.302,0.8874529905,10.7,0.0459049594,0.1243753889,0.7221879383,9.6302748742,52073.0,0.0812073163,0.1892928596,43.457597104,109.38040029,0.5141756528
13247,GA,Rockdale County,9531.5104056,75.673791186,0.286,0.8219728545,9.3,0.0372343896,0.1489298416,0.81,8.0013475954,76081.0,0.3388799829,0.1565410733,21.071052303,79.30746812,0.6577932212
13249,GA,Schley County,11470.700639,75.408069992,0.281,0.2403782714,8.7,0.0327255727,0.1232162459,0.975,17.793594306,60750.0,0.2403782714,0.1455149502,,105.42107611,0.7916410572
13251,GA,Screven County,15034.821697,70.882990858,0.304,0.4427383237,8.8,0.0518398048,0.1468782469,0.775,12.878300064,49034.0,,0.094402277,26.131990307,111.43175519,0.7136258661
13253,GA,Seminole County,13376.892507,72.687551124,0.295,0.169235815,9.0,0.0377358491,0.1511908351,0.925,13.147803221,49423.0,0.0570678911,0.1438215439,,116.85246208,0.7450980392
13255,GA,Spalding County,14238.15217,71.209621711,0.306,0.6559147773,8.7,0.0359335682,0.1521646505,0.79,9.2862635848,56834.0,0.2438267019,0.1372881356,24.480763016,93.756026643,0.6374976446
13257,GA,Stephens County,12942.813987,71.540153686,0.28,0.6446385902,7.7,0.0362186569,0.1444149578,0.94,12.702207943,50685.0,0.4517249104,0.1191433742,27.590012416,118.45192446,0.7211950175
13259,GA,Stewart County,13630.875856,71.000849679,0.363,0.0092209259,8.4,0.0329020333,0.1652786675,,0.0,41227.0,0.0092209259,0.0671550672,,98.311749949,0.5837129841
13261,GA,Sumter County,13124.742152,71.957962413,0.319,0.6313141545,9.2,0.0452466514,0.1427444063,0.9534090909,11.081483534,43835.0,0.2456780119,0.1333931062,12.57976716,77.710141173,0.5495022124
13263,GA,Talbot County,13334.211866,73.361459004,0.332,0.1098901099,8.4,0.0328505828,0.1415558838,,5.2201148425,41656.0,0.0115122972,0.1284129693,,99.671085418,0.8392575039
13265,GA,Taliaferro County,9410.3217992,,0.32,0.3438101347,8.3,0.0379061372,0.1075555556,,0.0,46469.0,0.3438101347,0.1254295533,,127.14558169,0.7903726708
13267,GA,Tattnall County,11557.284299,72.535555656,0.325,0.5135714911,8.9,0.0317885048,0.1575976934,0.92,11.220079787,48998.0,0.0718413449,0.1049499202,13.79671914,76.32472109,0.7236127665
13269,GA,Taylor County,11728.101604,73.427777815,0.358,,8.6,0.041958042,0.1638727335,0.875,11.632415665,44708.0,,0.1573586231,,70.584083289,0.6164652074
13271,GA,Telfair County,13517.407033,72.662958673,0.372,0.576260319,8.8,0.0655203083,0.1640511479,0.875,9.7134531326,42203.0,0.1278352168,0.1485256644,,66.40381822,0.7105347422
13273,GA,Terrell County,15869.937172,70.318323542,0.353,0.6200326619,9.1,0.0445026178,0.1628930818,0.875,4.5693397304,45616.0,,0.1451072386,,99.11716571,0.564828614
13275,GA,Thomas County,12172.822302,72.777688732,0.262,0.5382767806,9.6,0.0354028001,0.1340439819,0.8989228007,14.486073616,54989.0,0.3097296825,0.1333680495,14.730252256,78.780811309,0.619140944
13277,GA,Tift County,13127.035258,71.961238671,0.316,0.6514125387,9.3,0.0288116967,0.1656575442,0.93,11.832319135,53295.0,0.0989502709,0.1077644819,24.322417973,84.083731753,0.6101923943
13279,GA,Toombs County,13738.362027,70.671376817,0.285,0.4684424713,8.9,0.0377715602,0.1608181734,0.925,13.786935947,48866.0,,0.1476705491,26.015534991,107.11257234,0.6568579046
13281,GA,Towns County,10501.200352,75.7596402,0.229,1.0,6.4,0.0417374424,0.1444803099,0.925,10.021584952,60563.0,0.9647002321,0.1549065844,,104.86746366,0.8003093315
13283,GA,Treutlen County,14605.42237,70.299160972,0.351,0.6292538245,8.9,0.042680644,0.1948599115,0.875,10.997643362,45699.0,,0.1267883572,,81.317953197,0.6016471608
13285,GA,Troup County,12478.040925,72.269652092,0.28,0.643174027,8.7,0.0282921675,0.1385139885,0.86,12.822156687,60839.0,0.4524529715,0.1576417815,21.891731112,88.550935355,0.5793227061
13287,GA,Turner County,12707.03759,71.954053536,0.349,0.217188541,9.0,0.0398162328,0.1546666667,0.925,12.440624293,42769.0,,0.1060955519,,79.35172049,0.6394784718
13289,GA,Twiggs County,15046.326503,70.312751031,0.304,0.0878833209,8.8,0.0489614243,0.1453416149,,9.1145833333,50700.0,0.0878833209,0.1043445971,,115.15257716,0.8968058968
13291,GA,Union County,8285.3333402,77.623908839,0.258,0.9583062683,6.7,0.0276054862,0.1748235294,0.995,10.610883735,65505.0,0.9296849627,0.1121232041,16.824776425,81.094618339,0.8270069016
13293,GA,Upson County,13550.355008,70.43304461,0.307,0.7020938628,8.5,0.0345538938,0.1406587473,0.9,10.325429039,54439.0,0.0063898917,0.1730946292,13.360377977,86.010024617,0.6270598439
13295,GA,Walker County,11808.703077,73.301731332,0.318,0.5182546487,8.5,0.0295661356,0.1353037525,0.9201445087,9.2868025829,58363.0,0.3453158719,0.085590595,36.619270409,89.122960844,0.7565791987
13297,GA,Walton County,9790.5794578,74.711761656,0.27,0.7813557043,9.3,0.0295300636,0.126729431,0.9472558341,5.9185950614,79829.0,0.1230229744,0.115119874,23.34944445,84.035508077,0.7917942262
13299,GA,Ware County,15079.747112,69.726357074,0.315,0.5546053902,8.4,0.0332626557,0.1545842217,0.86,15.724153423,40901.0,0.0065377507,0.142121698,38.149116522,105.65328951,0.6148764185
13301,GA,Warren County,14605.668137,71.145499135,0.321,0.0063279003,8.9,0.0408827786,0.1450502912,,11.639185257,48308.0,,0.0929717764,,149.24230828,0.7503751876
13303,GA,Washington County,13307.713597,71.653893908,0.319,0.4116970182,8.7,0.0418197231,0.1415275311,0.93,9.1194649914,48809.0,0.0038022814,0.1483484361,,83.637848118,0.6692794279
13305,GA,Wayne County,13793.546686,70.665581569,0.314,0.54485138,8.5,0.0329458985,0.1809140123,0.9,12.299326774,55797.0,,0.1190866172,30.668462962,92.69436021,0.6591217746
13307,GA,Webster County,15714.491292,75.971668511,0.33,,8.6,0.0364741641,0.2039239001,,12.886597938,45036.0,,0.1446862996,,103.93348257,0.8256772674
13309,GA,Wheeler County,8896.1661669,76.549346189,0.345,0.0617052603,8.8,0.0559311616,0.1801896733,0.925,0.0,41163.0,0.0215499933,0.1597222222,,67.938332898,0.68802589
13311,GA,White County,11237.259656,74.425953455,0.217,0.6865692961,7.0,0.0230298874,0.1668676375,0.9,9.7201971811,66962.0,0.2609720387,0.0936786742,32.82696792,96.572999799,0.7778737287
13313,GA,Whitfield County,9692.9156495,75.069570842,0.305,0.7440115103,8.6,0.0386681975,0.2135926805,0.84891701,9.5993484079,63111.0,0.2932318401,0.0893138745,19.043499873,69.622975196,0.679981164
13315,GA,Wilcox County,14319.49529,70.642999261,0.31,,9.1,0.0351591414,0.137755102,0.925,5.7071110604,45726.0,,0.0843320018,,85.15731087,0.7300319489
13317,GA,Wilkes County,13808.112925,72.025432975,0.324,0.6435964454,8.4,0.0372917218,0.177298972,0.825,10.417751849,48635.0,0.1557762676,0.1138654318,,86.671206587,0.6669912366
13319,GA,Wilkinson County,15270.266235,69.901237475,0.331,,8.8,0.0380418756,0.1491654021,0.975,12.671351227,51498.0,,0.1374482978,,121.85765221,0.8302957873
13321,GA,Worth County,12752.500661,72.935645666,0.303,0.375721709,9.5,0.0323999074,0.138094336,0.81,9.7924010967,50830.0,0.0885777521,0.1147540984,26.251025431,108.37865532,0.7254951752
15000,HI,Hawaii,6298.6179991,81.436895423,0.206,0.9291396585,3.7,0.0295997528,0.0431456293,0.8589179133,6.4852283995,96716.0,0.6979854611,0.1891195227,19.282985389,65.12172851,0.62551049
15001,HI,Hawaii County,7850.7487298,79.522001185,0.193,0.7673666319,3.5,0.0300803264,0.0548292423,0.8479388364,6.882679398,73092.0,0.2105877017,0.1685321856,15.835157641,75.956325605,0.731009622
15003,HI,Honolulu County,6042.198537,81.707869269,0.222,0.9661488154,3.9,0.027077414,0.0395147238,0.8652305442,6.0564180957,102382.0,0.8559548966,0.1935515466,19.659810955,62.11600943,0.5953996458
15005,HI,Kalawao County,,,0.189,1.0,,,,,0.0,,1.0,,,,0.0
15007,HI,Kauai County,5801.0485846,82.361863215,0.196,0.9285655816,3.3,0.0258524808,0.0508951531,0.9112162162,8.8063947975,90084.0,0.7600889519,0.1761678897,23.275448965,69.59325083,0.6728318773
15009,HI,Maui County,6323.1994184,81.740477546,0.204,0.8980176506,3.9,0.0439533866,0.0467440845,0.814953271,7.1189101374,83764.0,0.2890855457,0.1941862876,19.537780428,67.741710364,0.6499414256
16000,ID,Idaho,7098.7600026,78.030124221,0.21,0.768266212,7.2,0.0309482283,0.0976539351,0.7987437002,7.1994648879,74859.0,0.2966887172,0.110829967,18.10523589,81.873194397,0.723731337
16001,ID,Ada County,5738.289616,79.739077472,0.176,0.9162934095,7.8,0.027423875,0.0713040682,0.7958211164,8.1710210115,90513.0,0.4631864347,0.1094374758,19.603510799,67.062609264,0.7135434672
16003,ID,Adams County,9396.9997314,79.195380724,0.233,0.3087462891,8.2,0.0604925054,0.1137254902,,0.0,59829.0,0.0630280886,0.1105072464,,129.27383765,0.8310502283
16005,ID,Bannock County,9368.4978312,75.216144295,0.224,0.742352157,6.7,0.0309485621,0.0782305572,0.8044023723,6.7026374879,67371.0,0.0481509573,0.1159896762,27.384413392,97.617100885,0.6863227355
16007,ID,Bear Lake County,7192.4091295,77.934091674,0.214,0.5624607659,5.5,0.0284246575,0.0877424214,0.825,0.0,67519.0,0.4017576899,0.056929538,,94.981795156,0.8500866551
16009,ID,Benewah County,11074.756024,73.907858584,0.247,0.5877229801,10.5,0.0501993901,0.1387718626,0.8020833333,6.75024108,60872.0,0.4512067156,0.1415368365,,105.68852969,0.7571644042
16011,ID,Bingham County,9872.1119019,75.107775813,0.257,0.5919319887,6.7,0.0306511803,0.1062156163,0.8872264151,1.2018508503,73409.0,,0.0794140324,15.753316758,92.031725846,0.8063589231
16013,ID,Blaine County,4706.6757136,85.255488342,0.181,0.7476104153,,0.0269840122,0.1452770748,0.86,11.662511059,94471.0,0.5093935399,0.0875183862,13.687754934,76.67677789,0.7548360823
16015,ID,Boise County,11447.303917,79.067264434,0.219,0.8178712221,,0.0421878832,0.0952776854,,7.2002880115,74433.0,0.6229960578,0.0788393904,,132.64259079,0.8799659478
16017,ID,Bonner County,7635.8968421,78.77125024,0.213,0.5359371683,12.7,0.043449168,0.1108000317,0.8037437186,8.9469794219,68030.0,0.1278709404,0.1398756193,9.4772613423,99.081397887,0.7764681872
16019,ID,Bonneville County,7922.5052002,76.922477846,0.226,0.7979252041,6.6,0.0260114279,0.0907105994,0.8156321215,4.4789028233,74948.0,0.3359362396,0.0957446809,21.340499526,85.949736464,0.7160772742
16021,ID,Boundary County,7307.1122007,78.056264685,0.234,0.6344558726,9.5,0.046583288,0.1362074045,0.875,7.4934432372,65044.0,0.3720968812,0.1364444444,,76.487929249,0.7797311272
16023,ID,Butte County,12579.121637,74.332789614,0.263,0.4273504274,5.2,0.0392976589,0.1002506266,,0.0,57678.0,0.4273504274,0.0840425532,,128.86597938,0.7738446411
16025,ID,Camas County,,,0.209,0.0705663881,5.3,0.0320855615,0.1397970688,,0.0,72175.0,0.0705663881,0.1598639456,,,0.7581120944
16027,ID,Canyon County,7365.5520429,77.448955324,0.259,0.7606888644,10.5,0.0340411681,0.1191243817,0.739577122,4.9389600303,72059.0,0.2774236819,0.1037294595,16.820903871,71.502075417,0.7508809616
16029,ID,Caribou County,7911.9638526,76.741704298,0.226,0.5948484417,5.7,0.0310035355,0.0921007831,0.9282894737,0.0,70183.0,0.0609079266,0.0757511638,,98.207020399,0.8201646091
16031,ID,Cassia County,7762.348922,76.859928076,0.268,0.6153721355,7.2,0.0264181524,0.125445705,0.84,3.8978756578,68267.0,0.0158994119,0.09,21.306061575,115.45654118,0.6999271668
16033,ID,Clark County,,,0.289,0.0544303797,4.9,0.0316455696,0.215503876,,0.0,55625.0,0.0544303797,0.069124424,,,0.6388888889
16035,ID,Clearwater County,10737.024662,75.869898599,0.24,0.3733684452,7.9,0.0568347421,0.0943232953,0.525,7.7648363838,58757.0,0.1245706435,0.1185747664,,115.20216851,0.8163437237
16037,ID,Custer County,8306.3763589,78.688278746,0.215,0.7583625731,4.9,0.0376797224,0.1268464997,,6.6577896138,58294.0,0.2736842105,0.1013513514,,146.93727615,0.7765131919
16039,ID,Elmore County,7344.3714112,77.387820805,0.269,0.9285564781,7.4,0.0326043738,0.1154710386,0.6528151261,3.7411148522,64247.0,0.1215725947,0.09998028,14.005929177,76.184780132,0.6533001475
16041,ID,Franklin County,6103.5971197,78.861697898,0.243,0.6199098211,6.4,0.0268824771,0.1014425314,0.9186131387,0.0,80768.0,0.0478371143,0.1153765471,,59.995535216,0.7519507187
16043,ID,Fremont County,6704.302667,77.661114121,0.218,0.7148939349,4.9,0.0257483511,0.1340093176,0.925,2.8616397196,72061.0,0.096280251,0.0606751825,,89.478786071,0.8417665335
16045,ID,Gem County,8929.3129174,75.924307076,0.216,0.5672227161,9.9,0.03783907,0.1104785056,0.77,4.4078754041,62479.0,0.0039742718,0.0735625705,,116.2065942,0.7658655144
16047,ID,Gooding County,8157.3607381,76.366748053,0.286,0.6931657905,,0.0301507538,0.1800521204,0.7523333333,6.3633471206,65662.0,0.0266700859,0.1048991354,,104.5431079,0.7135341074
16049,ID,Idaho County,8110.9291001,78.429620165,0.276,0.2018015839,9.0,0.0400809717,0.1143641354,0.7857638889,5.1156710055,57210.0,0.1688531528,0.0906235276,21.377487562,127.60527435,0.8009745698
16051,ID,Jefferson County,7433.4011148,77.42752911,0.252,0.6001424363,6.4,0.0256014409,0.0914889239,0.8284440843,0.8974512385,81566.0,0.0117186235,0.0858193277,,70.086997897,0.8237195676
16053,ID,Jerome County,8174.6895303,76.383230243,0.29,0.4248050501,7.2,0.0308299731,0.1606712405,0.6565934066,6.3213622536,62543.0,0.2536204976,0.0940313867,13.413636303,83.754817935,0.7546962674
16055,ID,Kootenai County,6562.2739516,78.387966467,0.202,0.7916399202,13.0,0.0362505411,0.0932466491,0.8239861751,8.0074954515,75235.0,0.3562341709,0.1276159877,20.412176144,80.12104083,0.7221144941
16057,ID,Latah County,5065.2260353,80.750184381,0.169,0.6965356682,10.8,0.0269370022,0.0729918083,0.8481727575,10.005368734,63916.0,0.0163727004,0.1432816946,,59.793539333,0.6063644289
16059,ID,Lemhi County,11399.650817,75.328301508,0.226,0.788312014,10.8,0.0378192534,0.1259996446,0.825,9.7087378641,57562.0,0.2417858039,0.1541053922,,131.0453961,0.8134328358
16061,ID,Lewis County,13688.190512,73.369701569,0.273,0.4299462213,9.4,0.0342754059,0.1129271917,,7.9723624767,53212.0,0.4268327201,0.1015572106,,126.21614515,0.7419146184
16063,ID,Lincoln County,7320.7185534,77.529073362,0.286,,6.2,0.0390593862,0.1403547672,,0.0,65511.0,,0.0809551543,,97.396516202,0.7690631808
16065,ID,Madison County,5017.4787643,79.144215295,0.278,0.8980590781,5.9,0.0217454576,0.082812163,0.892019544,0.0,58236.0,0.5255986242,0.1477026702,,33.276995963,0.4023321334
16067,ID,Minidoka County,8412.7073544,76.958920222,0.286,0.7004117892,7.1,0.0272795528,0.142330823,0.82,6.7585834009,68029.0,0.0011567112,0.1051282051,,98.853854834,0.728052214
16069,ID,Nez Perce County,10019.009423,75.093764263,0.22,0.7243050606,10.8,0.0277662661,0.0932640923,0.8482885086,9.068923821,70340.0,0.1216203374,0.1441651706,31.692456403,115.44276406,0.7217971014
16071,ID,Oneida County,6759.9552319,78.591962736,0.216,0.1172217353,6.2,0.0300782859,0.0836933045,0.925,0.0,67137.0,0.1172217353,0.0884955752,,109.35176275,0.8721532091
16073,ID,Owyhee County,10616.14122,75.17469262,0.271,0.659699488,9.0,0.0386750224,0.16620526,0.8870535714,3.9641639578,60701.0,0.3491983547,0.0911451571,,97.362949272,0.7088041431
16075,ID,Payette County,7115.7069297,77.174090641,0.28,0.672260301,10.2,0.0381659615,0.1183840803,0.7853857567,4.4516990651,67532.0,0.1912471441,0.1050307013,15.369442986,87.594263372,0.7449636114
16077,ID,Power County,6932.0284029,77.880159469,0.28,0.7401624778,6.4,0.0382039196,0.1397426192,0.8601694915,3.7183936539,68403.0,0.4007362275,0.1141716567,,86.934287906,0.7455686854
16079,ID,Shoshone County,11527.69056,73.596254471,0.301,0.9171539221,11.1,0.0520851358,0.1071797278,0.8004950495,4.995717956,59937.0,0.9136608702,0.1139513951,37.005057358,134.41469198,0.7383342138
16081,ID,Teton County,6837.2278586,83.079705228,0.184,0.8310404127,,0.0229479259,0.1449558345,0.925,3.1887755102,94895.0,0.088822012,0.1237022311,,86.751563165,0.7979444566
16083,ID,Twin Falls County,8578.576522,75.988765947,0.241,0.7209315239,7.2,0.0320354301,0.1117161631,0.7748270314,9.1786202186,66664.0,0.2878528752,0.1146683596,24.056861673,110.88531641,0.6959188488
16085,ID,Valley County,5635.2296665,82.95732421,0.23,0.7271411544,7.0,0.0369905956,0.112448912,0.8609913793,16.848523748,84024.0,0.1316192746,0.1203729092,,84.846427965,0.857596612
16087,ID,Washington County,8981.7594114,75.917830754,0.258,0.6999047619,9.4,0.0402361688,0.0918879237,0.77265625,5.4117434834,57369.0,0.0777142857,0.1232876712,,104.36432638,0.732697481
17000,IL,Illinois,7920.5459082,77.468741818,0.221,0.9058523905,8.65,0.0446092058,0.0773527876,0.8733670321,9.7376957871,80346.0,0.7297257492,0.1402452148,29.49179688,76.980194686,0.6683522914
17001,IL,Adams County,8698.9884441,76.456836199,0.225,0.7744801253,8.1,0.0362895401,0.0561031983,0.8488077496,14.986481267,63424.0,0.469279097,0.1018377576,18.51261429,79.855522931,0.7249549874
17003,IL,Alexander County,16047.751832,69.708540915,0.309,0.5368320611,8.8,0.0629486472,0.0573884114,,14.409221902,45550.0,0.4746183206,0.1244131455,,139.67507168,0.7765607886
17005,IL,Bond County,7669.7806249,77.019863209,0.273,0.6216442451,8.6,0.042387429,0.0644670959,0.9103658537,11.469274417,66162.0,0.3974887892,0.0891055242,22.256393655,94.568380213,0.7394501279
17007,IL,Boone County,6935.2202604,78.304849254,0.25,0.7777465948,9.2,0.0704750451,0.0674139421,0.8100923483,5.2677126839,83129.0,0.2696452627,0.1116246945,16.971525552,61.98090988,0.8304359175
17009,IL,Brown County,5303.189835,77.916353054,0.264,0.6832158873,7.7,0.0235864297,0.0383693046,0.675,11.058451817,76076.0,0.0054452274,0.0661616162,,55.502451358,0.7362691737
17011,IL,Bureau County,8700.5588776,76.839950252,0.258,0.6622849236,9.1,0.0569219067,0.0739977817,0.8579842932,13.707810406,66854.0,0.3617795692,0.0888987501,20.40524823,118.55654353,0.7617586182
17013,IL,Calhoun County,9813.6191709,74.707873454,0.2,0.0202839757,8.2,0.0423304506,0.0539963392,,0.0,72574.0,0.0171286906,0.0369747899,,96.128637595,0.8911620295
17015,IL,Carroll County,8315.9940702,76.734122758,0.228,0.5792892625,9.1,0.043820846,0.0756603774,0.9174137931,13.523085839,61982.0,0.1178830722,0.0870542885,,91.786461497,0.7775548009
17017,IL,Cass County,7822.6096051,76.770286533,0.263,0.1696058887,8.0,0.0437855542,0.0783951817,0.8304054054,14.221379474,64413.0,0.1696058887,0.0775395712,,84.194164697,0.7491723466
17019,IL,Champaign County,7180.1386012,78.794249148,0.239,0.881436864,7.6,0.04140472,0.0572602019,0.8422219178,11.861994171,62169.0,0.6895781216,0.1731426913,26.541113794,74.422695945,0.5344903733
17021,IL,Christian County,8450.8408721,75.779214798,0.233,0.6591737189,8.6,0.0505721669,0.0606262492,0.8320652174,13.159468836,72650.0,0.2649858956,0.1099890402,14.116745485,81.029377719,0.7427220334
17023,IL,Clark County,9614.9137236,74.857521679,0.206,0.6098997088,8.6,0.0463293924,0.0592862466,0.781871345,18.385974128,66923.0,0.1330313814,0.08380835,21.835491408,84.597964443,0.8170380476
17025,IL,Clay County,8233.1904113,75.750494574,0.25,0.4528145695,8.6,0.0532523851,0.0586737193,0.7551775148,17.628573618,54837.0,0.0495183624,0.0776605944,25.465379816,73.052689252,0.8070336955
17027,IL,Clinton County,5625.5482976,79.20497903,0.225,0.656548958,8.9,0.0325255735,0.0571488164,0.8384897361,13.275894768,88977.0,0.4336160872,0.0831214689,9.00090009,60.11776641,0.7934038581
17029,IL,Coles County,9240.855685,75.330380231,0.244,0.8352644944,8.6,0.0441665209,0.0657405867,0.8014486922,14.891872059,57728.0,0.105370975,0.1198803731,16.726836816,69.391153852,0.6038357512
17031,IL,Cook County,8535.8650443,77.390350131,0.209,0.9905173706,10.8,0.0442190389,0.0972378904,0.8671693649,7.2025634863,80547.0,0.9526960363,0.1767803399,39.211935606,83.055199692,0.5750967342
17033,IL,Crawford County,7129.2934078,76.670687275,0.23,0.5825793672,8.7,0.0401592319,0.0592359944,0.8753378378,15.105740181,64168.0,0.3538197976,0.0851033702,17.951065396,62.244448976,0.8040750236
17035,IL,Cumberland County,7351.9965738,77.119129423,0.217,0.2144497608,8.6,0.034568722,0.0504542107,0.925,10.654784967,71741.0,0.0023923445,0.076373491,,58.609997731,0.8346889952
17037,IL,DeKalb County,7707.8182975,77.286414903,0.222,0.787472615,9.6,0.04678298,0.0638941904,0.8421147799,10.575464921,69439.0,0.6690101573,0.1575054236,21.301907012,61.457435864,0.6086127079
17039,IL,De Witt County,9245.6900913,75.065794879,0.22,0.7963392627,8.6,0.043536147,0.0570982583,0.8323979592,13.063357283,74553.0,0.4862722351,0.0955177743,,81.368015912,0.76844324
17041,IL,Douglas County,6967.8380116,77.612919461,0.248,0.8170719352,8.4,0.0361752053,0.1160658209,0.9106445313,12.655024045,82895.0,0.2957953394,0.0853466387,,74.542279768,0.7909474492
17043,IL,DuPage County,4711.3568893,81.327487589,0.179,0.9977982092,9.2,0.0337090124,0.0589639191,0.9352543194,9.2626677569,107032.0,0.9615168988,0.1229660691,16.538394589,45.050930955,0.7312823858
17045,IL,Edgar County,11162.282879,73.962465353,0.242,0.5739950196,8.5,0.0372422966,0.0621636816,0.8670995671,12.170632264,59330.0,0.3992055022,0.0602029622,20.075886852,96.048949391,0.7266158697
17047,IL,Edwards County,9576.2678977,76.082534187,0.219,0.5393114492,8.6,0.046692607,0.0626853028,0.725,29.649151705,59867.0,,0.0777690495,,83.096295823,0.7915567282
17049,IL,Effingham County,6573.048719,77.415417022,0.199,0.5876023999,8.8,0.0324476239,0.048472871,0.9101815981,15.149308084,72158.0,0.0161243798,0.0654844102,14.588601439,72.499356861,0.7807555239
17051,IL,Fayette County,7667.6998903,77.009543012,0.231,0.4425725987,8.7,0.0489560835,0.0758363321,0.8700564972,15.019948369,61952.0,0.0206626955,0.0731573157,17.200131346,74.973056558,0.8020939734
17053,IL,Ford County,9100.8995087,74.272201001,0.228,0.6917393232,8.7,0.0437480608,0.0661661192,0.8763681592,15.850252849,71110.0,0.229200532,0.1174883051,,81.9000819,0.7410963687
17055,IL,Franklin County,12270.6227,72.450358496,0.269,0.7080732198,9.1,0.0548057518,0.0774499114,0.7781387665,14.231244294,52533.0,0.1875198392,0.1192307692,25.72198964,106.89048727,0.7476751395
17057,IL,Fulton County,8636.7355838,74.922802582,0.251,0.6093903419,8.5,0.0533937273,0.0634112284,0.8353833866,15.444716998,62914.0,0.355440507,0.0769924134,12.011050166,75.698436354,0.7790965329
17059,IL,Gallatin County,12280.223352,72.635301965,0.265,0.3584714921,8.5,0.0543052838,0.0625344353,,12.358393409,56852.0,0.3584714921,0.0636456212,,94.119572779,0.8039122137
17061,IL,Greene County,10189.970889,73.613452112,0.247,0.5051314143,7.8,0.0444597622,0.0679146713,0.8581790123,16.30761308,59146.0,0.4376303713,0.0760817879,,93.23409796,0.7682764732
17063,IL,Grundy County,7576.1832311,76.491305069,0.205,0.7865341785,9.4,0.0455533107,0.0471307829,0.8938942308,8.6725363398,91254.0,0.3455351874,0.1143222884,29.931920801,78.363552841,0.758114826
17065,IL,Hamilton County,8280.8720804,76.074650198,0.239,0.4782935068,8.8,0.0378578024,0.0698122292,0.925,23.79759519,65472.0,,0.0408805031,,52.163545134,0.7826865672
17067,IL,Hancock County,7757.556362,77.296460222,0.21,0.5561861521,8.3,0.0408809012,0.0593161736,0.8548429319,21.456738576,63408.0,0.3116912599,0.0787304204,,100.43598347,0.8127744511
17069,IL,Hardin County,12840.068621,71.618547028,0.259,0.7377363661,8.3,0.0554400554,0.0570662581,,11.120378093,51216.0,0.7377363661,0.0425383543,,101.13914617,0.807277628
17071,IL,Henderson County,8415.4223517,77.295305013,0.23,0.1236887428,8.3,0.0415126528,0.0595611285,0.825,11.380263372,62610.0,0.1180522937,0.0714840715,,142.18155967,0.8553719008
17073,IL,Henry County,7545.4596318,77.363218073,0.208,0.7823228634,8.9,0.0494969989,0.0597490963,0.8694878472,13.424482125,73198.0,0.6013716419,0.0732658228,15.781853613,80.003282186,0.8038596318
17075,IL,Iroquois County,9715.0037977,74.668757547,0.243,0.386268789,8.9,0.0460001549,0.0763411279,0.8684126984,14.731991085,64995.0,0.2013517007,0.1097213281,26.246391121,106.13899012,0.7854054531
17077,IL,Jackson County,10751.021623,74.919669194,0.272,0.7831388983,9.0,0.0439394497,0.072263163,0.8035968379,17.294790657,48289.0,0.3360705252,0.1773441391,16.06356228,88.397469804,0.4932432432
17079,IL,Jasper County,6630.7805067,77.824149954,0.197,0.4301712071,8.6,0.0402809337,0.0604091789,0.825,14.11202779,69924.0,0.02648864,0.0804274466,,67.953536769,0.8281996814
17081,IL,Jefferson County,10088.642367,74.120151659,0.241,0.4909061515,9.0,0.0470812105,0.0598733448,0.8464622642,17.032967033,60543.0,0.0,0.1057318538,31.670768785,104.82969207,0.7185410334
17083,IL,Jersey County,9795.025836,74.667257522,0.225,0.6841762737,7.5,0.0389646795,0.0515463918,0.87,10.354890332,70158.0,0.1818055039,0.0771746239,17.135290911,99.2440755,0.7791833667
17085,IL,Jo Daviess County,6364.3641937,79.929375629,0.197,0.689902428,9.1,0.0408144029,0.0720105125,0.8665338645,7.8132181267,74426.0,0.1733151804,0.0942449582,,85.551949562,0.8180067405
17087,IL,Johnson County,9590.6166679,75.81902154,0.237,0.6587015329,8.7,0.0582358674,0.0688864761,0.8985169492,8.2206113146,63160.0,0.6587015329,0.0852401308,,82.715567694,0.8466005323
17089,IL,Kane County,6046.1993743,79.770378976,0.21,0.9275984372,8.8,0.0511184023,0.0941969664,0.888465743,7.3709309155,97543.0,0.7896740119,0.1206194014,18.836735478,51.495794891,0.7574128256
17091,IL,Kankakee County,10618.202385,74.582384052,0.237,0.8345612175,9.3,0.0584103156,0.0666611333,0.8196508922,9.9930237381,68451.0,0.54952466,0.1354658056,40.775798474,89.992700797,0.6877124343
17093,IL,Kendall County,4542.991685,80.46606729,0.199,0.9067711138,9.5,0.0382915445,0.0539781617,0.954699679,4.8814606496,114606.0,0.5619137174,0.0916145181,13.655809057,46.235659366,0.8417553789
17095,IL,Knox County,9889.1719168,74.736773788,0.263,0.7590209538,8.6,0.0549532524,0.0664120397,0.8287457045,13.980263158,57569.0,0.4569615947,0.1408724231,19.733126476,81.451704407,0.6978088129
17097,IL,Lake County,5609.8676602,80.432250505,0.213,0.9817034418,9.1,0.0503572022,0.073892717,0.9003911173,7.9249806106,108349.0,0.8435469285,0.123611321,18.353987877,54.138736993,0.7440310138
17099,IL,La Salle County,8942.6861728,75.803065293,0.232,0.7757755932,9.6,0.057907022,0.0621424274,0.8171537808,12.676030274,72225.0,0.5658866658,0.1119459053,33.270284091,97.473250134,0.7391111505
17101,IL,Lawrence County,9520.841107,74.912550662,0.275,0.5228403141,8.6,0.0534018987,0.0670402045,0.7971518987,18.103795092,55411.0,0.0963350785,0.0699691596,,88.339222615,0.7502770595
17103,IL,Lee County,7353.8901581,77.391920458,0.242,0.7120515449,9.3,0.0439750074,0.0556098355,0.8798327759,12.408414087,66598.0,0.5051398448,0.0960818758,13.787126763,78.298393411,0.7326259154
17105,IL,Livingston County,9425.1686192,75.358211922,0.247,0.6753594862,9.0,0.0407783837,0.0577590664,0.8679705215,16.046845528,68544.0,0.4592768393,0.0880685844,37.523804163,102.80436834,0.7390858081
17107,IL,Logan County,7077.9575666,76.728915274,0.242,0.6706685247,8.5,0.0470691935,0.0536108969,0.9019343066,14.497481063,64779.0,0.3633472684,0.0997370398,14.29149894,71.373552212,0.6929509081
17109,IL,McDonough County,7860.0088444,76.723635134,0.254,0.8303473089,8.3,0.0463223787,0.0597922473,0.787807377,14.146904434,50487.0,0.3489610104,0.1702371507,,67.311265522,0.6210884354
17111,IL,McHenry County,5730.3529375,79.472428098,0.201,0.9309735711,8.2,0.0373275039,0.0591117445,0.9390918021,6.8324635041,101205.0,0.7402209336,0.1031942316,18.627046687,56.112836637,0.825787207
17113,IL,McLean County,6618.4676035,78.517526472,0.217,0.786971934,8.9,0.0385506032,0.0485314837,0.8840015974,11.452544978,79622.0,0.3250816009,0.1149736299,13.247974813,59.582734299,0.6521600649
17115,IL,Macon County,10948.534337,74.624427296,0.256,0.8324583165,8.6,0.0604344556,0.0544371879,0.809457672,14.879339397,61033.0,0.6402623127,0.0963002603,28.99683967,87.268326833,0.6984584853
17117,IL,Macoupin County,9297.8558994,75.058121488,0.24,0.780750328,8.6,0.0410646388,0.064746732,0.8272277228,14.238897051,70256.0,0.3026886383,0.0903376437,23.270128661,97.110406029,0.7771212208
17119,IL,Madison County,9158.9616081,75.376217185,0.207,0.8760997371,10.9,0.0413018538,0.0545354606,0.8515200391,12.999120759,73194.0,0.4832223096,0.1080208382,39.949986662,107.02236623,0.7361246972
17121,IL,Marion County,12320.420379,72.411380628,0.259,0.6654827851,8.9,0.0487197724,0.0651762683,0.7678794179,20.859294577,54774.0,0.2443743539,0.1067400644,36.821165884,98.832275183,0.7445198836
17123,IL,Marshall County,8393.2264042,76.306813338,0.244,0.3298415943,8.9,0.0518950437,0.0572367675,,15.413598219,70246.0,0.2098450009,0.080625,31.746031746,109.33324078,0.7971394037
17125,IL,Mason County,10740.033781,73.830929458,0.221,0.5897906159,8.3,0.0521167145,0.0656668018,0.830875576,15.688735488,62146.0,0.4315298793,0.0941671238,,108.02422177,0.8055652783
17127,IL,Massac County,11124.178766,73.538301983,0.242,0.7241866046,8.7,0.0503904797,0.065373299,0.68203125,13.672999424,58202.0,0.5308066907,0.0762535478,28.921237829,79.314720812,0.7902225465
17129,IL,Menard County,6370.625201,78.312275014,0.216,0.7217207449,8.1,0.0390763766,0.0483887788,0.8318037975,9.900173253,80964.0,0.2036269009,0.0668674699,,105.19913868,0.7942252166
17131,IL,Mercer County,7042.0244561,77.265103125,0.221,0.4088795465,8.5,0.0470447919,0.0564896877,0.9016666667,14.189886481,77098.0,0.0080259889,0.0792789919,,96.963115231,0.8272259473
17133,IL,Monroe County,5616.5351036,79.617051286,0.176,0.8526400092,8.4,0.03071781,0.0383343409,0.9334675325,14.272257586,103032.0,0.2928322178,0.0606547793,15.281173594,63.912112209,0.8379609544
17135,IL,Montgomery County,11025.13,74.133372948,0.244,0.3830246041,8.5,0.0506685433,0.0670174742,0.8868566176,13.561741613,60599.0,0.2291077489,0.1013829191,39.216152301,110.5097617,0.7626276076
17137,IL,Morgan County,8190.3296948,76.063927579,0.236,0.7281178794,8.0,0.041722832,0.0595870206,0.7732831325,12.729361359,64268.0,0.3571927693,0.0866651079,20.363488266,82.605261412,0.7164952381
17139,IL,Moultrie County,8829.9484264,74.982952193,0.225,0.6575795126,8.6,0.036244966,0.0867448935,0.9346491228,11.869021853,72928.0,0.3135756574,0.0653907496,,91.162739302,0.7743043628
17141,IL,Ogle County,7241.4052423,77.791451891,0.245,0.6761605005,9.4,0.0538497081,0.0606951872,0.9029051988,12.46324317,78109.0,0.4691048119,0.0919563059,14.369129884,63.218571339,0.7451075139
17143,IL,Peoria County,10362.346184,75.267453864,0.246,0.80046197,8.2,0.0546952744,0.0583856186,0.8295849515,13.1739011,62873.0,0.3845460045,0.1374514573,27.639425025,102.650941,0.6698757039
17145,IL,Perry County,9279.1909288,75.394429268,0.277,0.6738123657,8.8,0.0530126713,0.061803585,0.8741935484,23.800272003,62830.0,0.0959178802,0.0669140056,22.494657519,84.350168221,0.7893420065
17147,IL,Piatt County,6493.1810568,78.415245968,0.19,0.5543693397,8.5,0.0378280132,0.0510134366,0.9270531401,14.949470789,81611.0,0.1953457686,0.0753558052,,70.242579114,0.8540359072
17149,IL,Pike County,9047.1189699,74.610432594,0.238,0.4391071307,7.9,0.0454952267,0.0790577318,0.8928057554,8.2850041425,58733.0,0.240314811,0.1106274937,,90.050719744,0.7845227859
17151,IL,Pope County,12543.073343,75.682803238,0.24,0.9771458942,8.6,0.0394663702,0.0520710059,,23.872679045,58093.0,0.976348658,0.0547619048,,104.58167331,0.8607038123
17153,IL,Pulaski County,12462.621449,71.63570566,0.294,0.6271904487,8.6,0.0766423358,0.0590010977,,18.032458425,50863.0,0.3772385904,0.0829875519,,130.49318749,0.6750805585
17155,IL,Putnam County,7767.7822922,79.776361093,0.205,0.3744899769,8.9,0.0563617955,0.0651240458,,7.1787508973,75469.0,0.031044882,0.0761825031,,109.41305192,0.8071168621
17157,IL,Randolph County,8769.4186086,75.772556159,0.245,0.6588867155,8.3,0.0400419916,0.0727112839,0.8668141593,20.952507649,70526.0,0.283128336,0.0653230796,20.751193194,105.5008395,0.768314626
17159,IL,Richland County,10994.456085,73.665738365,0.223,0.6418769367,8.6,0.0421778084,0.0651422931,0.825,17.49271137,57119.0,0.1744134573,0.0728487886,,85.882021176,0.7356663021
17161,IL,Rock Island County,8428.7752509,76.435559792,0.225,0.9053099425,8.1,0.0510858725,0.0742240092,0.8652722772,12.577105429,63457.0,0.282245355,0.1158223232,15.046679974,89.06724225,0.6863152046
17163,IL,St. Clair County,11441.537893,74.132190766,0.219,0.8022960373,9.5,0.0463335987,0.0531610603,0.8613778638,10.844141195,66007.0,0.4334071484,0.1276156584,36.054253814,103.55620723,0.6779003288
17165,IL,Saline County,11840.518909,72.45351822,0.259,0.7311090542,8.8,0.0497393118,0.0632001338,0.833974359,19.92463291,53318.0,0.0732497476,0.1005792522,30.177183176,105.99558922,0.7485047847
17167,IL,Sangamon County,8879.8417711,76.787168546,0.227,0.8754933968,7.6,0.0427826158,0.0521265895,0.8057459412,18.094523322,73004.0,0.1488975925,0.111968639,32.75315099,88.782021641,0.7061454502
17169,IL,Schuyler County,11014.867546,74.83251464,0.241,0.6360475225,7.9,0.0433544304,0.0803814714,0.875,16.305959087,64444.0,0.0559258186,0.0648912228,,99.994117993,0.7953879941
17171,IL,Scott County,9555.100829,75.586975703,0.203,0.0889068499,7.7,0.0510471204,0.0492976411,,12.526096033,67157.0,0.0046474035,0.053470437,,77.7000777,0.7908464567
17173,IL,Shelby County,7898.3241421,77.078188957,0.252,0.4320628871,8.7,0.0435439976,0.0571554882,0.9019886364,15.895188093,68618.0,0.1356836589,0.082063306,20.684497764,96.964904353,0.7853325753
17175,IL,Stark County,9474.0718812,74.915533362,0.229,0.4690740741,8.6,0.0560165975,0.0711683265,,18.709073901,69523.0,0.1325925926,0.0763636364,,108.73640795,0.7763215378
17177,IL,Stephenson County,9373.1916932,76.165967939,0.241,0.7051758907,9.2,0.0502337563,0.0549865555,0.8128613861,13.752951154,64926.0,0.3106206587,0.1167504631,13.690399227,115.07271327,0.7100518773
17179,IL,Tazewell County,7935.8512404,76.578715422,0.214,0.8316773638,9.0,0.0453739237,0.0497538575,0.8819104084,13.701688079,73659.0,0.5318669438,0.0965501494,24.290400689,78.292879469,0.7752545901
17181,IL,Union County,10017.607027,74.652892987,0.234,0.5594989562,8.8,0.0544380363,0.0702559714,0.8434151786,13.121011511,64452.0,0.4360357226,0.0954586197,29.887622539,82.455008246,0.7682962106
17183,IL,Vermilion County,12430.385006,72.521270274,0.28,0.6839920203,8.8,0.0581854662,0.0537096862,0.7644790487,14.100667708,51813.0,0.2310751065,0.1045190955,35.408353648,117.47319975,0.6923637568
17185,IL,Wabash County,8398.3539773,76.411954308,0.247,0.6954493442,8.5,0.0342527492,0.0576602335,0.875,21.646973933,64466.0,0.0057213273,0.1223053234,,70.736365566,0.7537625418
17187,IL,Warren County,8040.8345606,76.047407166,0.25,0.5741609742,8.4,0.0418383914,0.0715333225,0.7909817352,12.840895194,64493.0,0.1979209979,0.0648606811,,73.091532166,0.7811663195
17189,IL,Washington County,8640.6841131,77.082502471,0.221,0.4887726183,8.8,0.0276060981,0.047596607,0.9324013158,21.989298541,74848.0,0.2280357532,0.0796638041,26.788758463,92.828962636,0.8117790982
17191,IL,Wayne County,9934.8532919,74.651361718,0.227,0.3357438655,8.8,0.045631769,0.0880630997,0.7801428571,25.831653226,56071.0,0.2116323629,0.1228310502,,94.51208138,0.7894352838
17193,IL,White County,10323.770181,73.546439076,0.269,0.521726598,8.7,0.0411590385,0.0638851416,0.8723154362,22.770677244,56768.0,0.0328601283,0.1257473842,,111.82390677,0.7627447522
17195,IL,Whiteside County,9513.2103705,75.477619075,0.232,0.7418074734,9.1,0.0465952424,0.0585079988,0.9288185976,14.087599254,68641.0,0.4566806127,0.0830131356,16.401508939,79.878004502,0.7546413956
17197,IL,Will County,6358.271706,78.546473926,0.207,0.9345764732,9.8,0.0421194322,0.0592979329,0.9062300554,6.6881279987,103587.0,0.6785949695,0.1110180922,22.182370777,57.591520312,0.8251958062
17199,IL,Williamson County,9023.3172271,75.533801627,0.244,0.7826456003,9.0,0.0441294895,0.0496340524,0.8331756757,17.692480696,60704.0,0.3095021816,0.1051070369,24.501347574,81.824230762,0.7113018697
17201,IL,Winnebago County,11175.617656,74.53418613,0.276,0.9001156475,9.1,0.0616879919,0.0709748931,0.7313985033,9.6035267269,65795.0,0.6012405817,0.1354907539,53.153666067,110.10044189,0.6524006271
17203,IL,Woodford County,5802.5908305,78.693898024,0.217,0.7484077261,9.0,0.0398118779,0.0509801342,0.9038743883,15.998741083,90169.0,0.1627108951,0.0926327573,10.485477614,61.139387352,0.8354189336
18000,IN,Indiana,9809.9061753,75.094796569,0.266,0.762419962,8.55,0.0333316575,0.0824213989,0.8776537328,11.814658694,69458.0,0.3700303057,0.1113793261,38.315237711,93.334711689,0.7035088459
18001,IN,Adams County,8648.2221597,77.026380163,0.332,0.5559216957,8.1,0.0271878161,0.1387289044,0.9223293769,15.803482311,66567.0,0.2983886732,0.0794034328,14.832943969,65.260680161,0.8219522074
18003,IN,Allen County,9524.1042433,75.614121219,0.269,0.847484497,8.4,0.0313275009,0.0813709211,0.8936015038,11.138104836,66194.0,0.3746607509,0.1050517903,34.760342923,89.937158758,0.6912694655
18005,IN,Bartholomew County,9280.7350753,76.025874559,0.249,0.7064397626,6.7,0.0278420694,0.0762684697,0.8070723684,10.174766579,79870.0,0.3074031724,0.1073257557,40.724740679,84.653496213,0.6992178026
18007,IN,Benton County,10601.839868,74.484542024,0.318,0.4848033031,8.7,0.0260658273,0.0973588087,0.925,6.8815231104,64671.0,0.1087280651,0.0829341317,,98.68043603,0.8054194292
18009,IN,Blackford County,13646.608623,71.822476753,0.307,0.4254458388,8.0,0.039624609,0.0787826462,0.925,14.262941522,51799.0,0.0109808454,0.1056706424,44.702726866,116.00537996,0.7363636364
18011,IN,Boone County,6188.6004713,78.208101712,0.229,0.8312291702,9.7,0.0250432895,0.0510428709,0.9624450549,10.51723208,103970.0,0.3207224764,0.0879025239,27.705563739,70.573839302,0.7930800057
18013,IN,Brown County,9646.240555,76.657240414,0.251,0.4559612278,8.3,0.0325798712,0.0774752692,0.875,10.276172126,72141.0,0.2519547658,0.1006933976,43.258208245,111.02403344,0.8594473488
18015,IN,Carroll County,7472.8728297,78.26815597,0.27,0.618240914,8.8,0.0292989873,0.096766276,0.925,12.648990513,71740.0,0.1293706294,0.0677056719,22.865729172,85.620651307,0.8070787637
18017,IN,Cass County,9871.0705275,74.936130812,0.308,0.7928703459,8.5,0.0373472549,0.0941306016,0.922045977,11.720831113,54436.0,0.1642989173,0.0836912845,28.446720182,97.802110187,0.7534843206
18019,IN,Clark County,11782.877761,73.194920246,0.279,0.8495123583,9.8,0.0306657168,0.0743495868,0.8340151515,8.2101145391,71718.0,0.4239386257,0.0819276607,52.69754069,109.81835944,0.7497153546
18021,IN,Clay County,9097.078501,74.948816901,0.295,0.5304163833,8.6,0.0342566227,0.0682332956,0.79,14.784487661,62834.0,0.0429607799,0.0659680639,,69.999239139,0.7745944408
18023,IN,Clinton County,9708.8306051,74.365966115,0.289,0.6877372703,8.9,0.0261047603,0.098572851,0.9025,12.179155376,66119.0,0.150406749,0.0640887638,40.768901482,95.84487875,0.7376573088
18025,IN,Crawford County,11674.83629,72.897882383,0.313,0.7395971879,8.6,0.0355213959,0.0998795181,0.875,3.7965072134,56019.0,0.7395971879,0.0949581732,63.133305976,111.71280342,0.8115022961
18027,IN,Daviess County,7723.6405969,76.121857001,0.324,0.5171205177,8.7,0.0235951751,0.1693759644,0.9354779412,14.363516668,76778.0,0.2281537402,0.0845019122,,58.746658035,0.7152489627
18029,IN,Dearborn County,8670.8873395,76.173935687,0.222,0.566427909,9.2,0.0325970651,0.0695320843,0.899235905,10.950760687,82578.0,0.1936304978,0.0694818048,32.283993728,83.332004274,0.8473793925
18031,IN,Decatur County,10090.847237,74.008000106,0.269,0.550695074,8.4,0.0270789059,0.0657140215,0.975,13.24954573,71150.0,0.0421955273,0.077758216,37.821482602,77.634484786,0.7519490397
18033,IN,De Kalb County,8444.6620838,75.847569923,0.259,0.6135906622,8.2,0.0295058336,0.0753057998,0.9153113208,13.948914957,68933.0,0.234508263,0.0804350424,16.063151131,72.665394256,0.8227892756
18035,IN,Delaware County,12614.957794,72.606301168,0.288,0.7617579511,8.0,0.0383537653,0.0866118853,0.9016229221,13.299890209,55704.0,0.3925632021,0.1429725182,63.434472782,122.20469994,0.6648896979
18037,IN,Dubois County,6416.4849647,77.762944579,0.268,0.7529161033,8.4,0.02500682,0.0780898717,0.9084635417,12.376237624,74001.0,0.4096294429,0.0864735985,11.563099836,61.853560533,0.7599499659
18039,IN,Elkhart County,8847.3536559,76.243786114,0.307,0.731911112,8.2,0.0399319537,0.1284610636,0.8869379367,13.195417855,69262.0,0.3847049221,0.114324094,16.61365352,66.868694113,0.712458194
18041,IN,Fayette County,15442.40888,70.154301533,0.338,0.690956492,8.4,0.043817527,0.0746065458,0.91,11.563664397,60483.0,0.4049064023,0.115100087,77.585092168,154.64362851,0.7055596582
18043,IN,Floyd County,9964.088609,74.643260763,0.256,0.7752596789,9.6,0.0279240316,0.0688684386,0.9309006928,10.531010729,79008.0,0.3229337508,0.0832843809,49.14537034,100.65412568,0.7310172264
18045,IN,Fountain County,10687.4986,73.750997149,0.27,0.5169002973,8.8,0.0307597282,0.0781226344,0.9695595855,12.670447689,63747.0,0.2762910371,0.0793749033,26.256261108,92.447298958,0.7474467464
18047,IN,Franklin County,8834.8185413,76.562365047,0.249,0.4295369761,8.8,0.0314877056,0.072819736,0.975,6.079555324,77456.0,0.1574281325,0.0935605627,32.055485131,94.633077766,0.8148067024
18049,IN,Fulton County,11507.630003,73.700709681,0.281,0.3935546875,8.4,0.0349166405,0.0944171283,0.9,18.69434742,60258.0,0.3017578125,0.1098957663,29.638899409,91.272557715,0.7813800934
18051,IN,Gibson County,7823.8764921,76.273659133,0.303,0.6722001757,8.6,0.0241019108,0.0668430269,0.898180593,13.942351408,67497.0,0.2676986459,0.0778246601,,78.512223334,0.7576771055
18053,IN,Grant County,14895.226807,70.79221713,0.318,0.7398986112,8.2,0.0347993579,0.071944507,0.9200239234,16.358183636,53872.0,0.0736568977,0.1169047989,65.313148701,124.23492247,0.7176813544
18055,IN,Greene County,10312.128622,74.070426322,0.304,0.4181735545,7.5,0.0391127542,0.0843304843,0.9186403509,15.480874669,59626.0,0.2123819109,0.0949424716,21.277727539,86.751138213,0.7527580002
18057,IN,Hamilton County,4761.2420166,80.651193306,0.169,0.9303128067,9.4,0.0254276772,0.0455395579,0.9413818503,9.5911169815,121231.0,0.3392984082,0.0825050683,14.261467111,44.696771336,0.7628462653
18059,IN,Hancock County,7433.7478888,77.180291948,0.243,0.6969814629,9.0,0.0280112045,0.0586745831,0.9218127306,8.3062477429,94581.0,0.1636147295,0.0669676686,28.231019754,73.696955113,0.7958816597
18061,IN,Harrison County,12001.180076,73.651380822,0.262,0.4142835527,9.1,0.0284716496,0.0684699915,0.94125,8.02991142,75443.0,0.0842537953,0.052739726,44.890019452,107.37774596,0.843737627
18063,IN,Hendricks County,6172.2460475,78.605697938,0.239,0.7680676019,9.9,0.026561199,0.0586737032,0.9626663911,8.820274579,95323.0,0.2003970524,0.0763831163,25.600777367,66.478692433,0.7784899528
18065,IN,Henry County,10369.205114,73.966123901,0.303,0.7754630576,7.3,0.0341246291,0.0720024379,0.9128406709,13.288357355,62048.0,0.1184936828,0.0785322929,26.733752391,93.339831327,0.7593716143
18067,IN,Howard County,12108.599388,72.955822249,0.284,0.734789261,6.7,0.0500296033,0.0702954665,0.8978833333,15.555076938,61548.0,0.3762580984,0.0971136324,51.60144484,120.26907494,0.7186939566
18069,IN,Huntington County,9432.2347872,74.798499748,0.263,0.8467895914,8.3,0.0297554051,0.0698939446,0.89,18.461204322,67462.0,0.4662593421,0.0749575263,40.929183417,90.30902105,0.7617390162
18071,IN,Jackson County,9171.5451653,75.125168649,0.332,0.7426768329,8.4,0.0284153005,0.0858299809,0.7705178268,12.311015119,69753.0,0.5447143965,0.0632726849,44.659526023,103.14274155,0.7347421809
18073,IN,Jasper County,9160.8979619,75.254760154,0.256,0.594082265,8.9,0.0357542594,0.0788565064,0.9368666667,13.521228328,75027.0,0.138738684,0.063114288,29.054622691,93.556589742,0.831797235
18075,IN,Jay County,12021.170059,73.138955771,0.334,0.4919425725,8.1,0.0306019505,0.0892582333,0.83,14.357857214,61030.0,0.3175114757,0.0910652921,44.362656502,123.45437087,0.7803744189
18077,IN,Jefferson County,10875.402544,73.693623389,0.286,0.6931245663,8.6,0.0310010621,0.0740136942,0.7669400631,11.534025375,62153.0,0.2183304673,0.0908348309,32.587553591,100.79096323,0.694227892
18079,IN,Jennings County,12252.261526,72.726264349,0.302,0.3524064752,8.4,0.0336772292,0.0734483215,0.8,5.0842533411,61695.0,0.156411835,0.0800462918,48.508367693,113.20261817,0.7903345725
18081,IN,Johnson County,8086.4546261,76.213291567,0.278,0.8192501468,9.6,0.0267337668,0.0668003491,0.9227222501,8.5051453113,91676.0,0.3433931938,0.1029139991,37.294650154,74.402636263,0.7394046787
18083,IN,Knox County,10555.747371,73.665229086,0.261,0.6224849788,8.7,0.02982329,0.0784278406,0.9499253731,17.044343234,57242.0,0.3399757455,0.0800437846,12.930994671,95.732740597,0.6588352085
18085,IN,Kosciusko County,9156.2157709,76.052169095,0.264,0.5970837488,8.6,0.0336965344,0.0982789995,0.920650954,16.083933388,72726.0,0.1729561316,0.0920322177,22.924308103,70.726324238,0.7697735219
18087,IN,Lagrange County,6290.4643826,78.604507436,0.315,0.3053701231,8.3,0.0309494334,0.3332274001,0.8932608696,7.0963637253,81738.0,,0.0798531811,12.344764585,51.882486169,0.8183380194
18089,IN,Lake County,10981.169466,74.354373816,0.289,0.9254622017,9.8,0.050045635,0.0771620499,0.8659567275,8.9255516932,69182.0,0.7306256266,0.1344019861,39.44048357,100.01274592,0.7086481905
18091,IN,La Porte County,11091.480099,74.31503196,0.289,0.6125141215,8.1,0.0398087168,0.0793673377,0.8624274194,10.208193418,64204.0,0.3056121405,0.100783636,46.145363889,102.41626522,0.7456331128
18093,IN,Lawrence County,10599.805055,73.815448935,0.301,0.7456177379,8.3,0.0383179895,0.0799517653,0.830952381,14.152403697,64958.0,0.3092133034,0.084544325,33.876336642,91.259379436,0.7998016287
18095,IN,Madison County,11656.090537,73.158893548,0.293,0.6567483036,8.3,0.0357295397,0.0795851143,0.9002992817,12.524289531,62000.0,0.3732680648,0.110003713,47.678904252,116.36171607,0.6997142479
18097,IN,Marion County,12609.648122,73.043484497,0.287,0.9063203858,11.1,0.0329372679,0.0976821778,0.802002453,11.470232066,66653.0,0.4851090306,0.153804965,69.699812609,131.22660719,0.5592595207
18099,IN,Marshall County,9236.6383382,75.868513444,0.279,0.6331272372,8.7,0.033952458,0.1260468227,0.8678855326,14.245014245,70390.0,0.4139060636,0.0859491334,28.146448135,83.092782613,0.7654946193
18101,IN,Martin County,10011.135977,75.797594181,0.302,0.4863432532,8.4,0.0284101599,0.086686898,0.9638429752,18.361726002,60862.0,0.2569302894,0.1010666667,,93.748753341,0.7823319756
18103,IN,Miami County,10509.102116,74.090804582,0.29,0.5979645181,8.2,0.0393270096,0.0873655396,0.9016129032,14.29612603,59297.0,0.070518881,0.0945883083,35.486491787,90.365165071,0.7503391108
18105,IN,Monroe County,8007.8598353,77.50899723,0.236,0.8716414492,7.7,0.0326317276,0.0622431327,0.9154041916,9.6604529679,60553.0,0.5378476646,0.1847042877,35.293650181,68.170473197,0.5483488947
18107,IN,Montgomery County,9100.3011207,75.587429091,0.289,0.633092577,9.0,0.0277865821,0.0833553326,0.9039115646,10.712512737,69928.0,0.1491722902,0.0889566485,34.001447241,92.48373697,0.778085545
18109,IN,Morgan County,8539.0289939,75.322636776,0.282,0.6830732795,9.5,0.0302749378,0.0751153722,0.88956,9.275153663,74193.0,0.234187796,0.0944134697,36.25394494,102.88008006,0.8292858947
18111,IN,Newton County,10914.054965,73.629256314,0.292,0.1906724512,8.8,0.0388278388,0.0958791209,0.865664557,5.0640237286,70836.0,0.0639913232,0.1197735987,38.518946507,120.80594825,0.8023609372
18113,IN,Noble County,8646.9803076,75.811266676,0.272,0.6017236656,8.5,0.0366747074,0.1023870484,0.9093773946,10.555872232,66072.0,0.3630022968,0.0702136189,22.467807844,78.669931258,0.7623393245
18115,IN,Ohio County,6928.0026569,77.971914907,0.25,0.6388888889,8.8,0.0296846011,0.0785273462,,6.5423617926,70757.0,,0.0512925728,,77.4332559,0.7705492793
18117,IN,Orange County,9621.4687214,74.172545551,0.273,0.6987466653,8.5,0.034287094,0.0852015032,0.8898550725,8.6633032666,59750.0,0.4672572608,0.0948990161,23.687060097,97.720864422,0.787590693
18119,IN,Owen County,12176.131582,72.824959682,0.302,0.3877397871,8.5,0.0367285928,0.0893428064,0.825,9.7756261056,62247.0,0.1107358942,0.0830271859,28.230422986,96.76960296,0.8084438241
18121,IN,Parke County,7682.3056704,77.861248042,0.293,0.4699801931,8.5,0.0325728422,0.1193892105,0.9197852761,14.661860835,70989.0,0.0362713543,0.093389297,20.14220396,57.477458059,0.8162071846
18123,IN,Perry County,6978.6225709,77.277001388,0.27,0.9018779343,8.7,0.0296703297,0.0634943283,0.9190677966,9.9046030339,63098.0,0.3626499739,0.0891863239,,67.761978233,0.749322668
18125,IN,Pike County,10057.378719,74.223057941,0.285,0.4555918367,8.6,0.0326551547,0.0780334728,0.925,21.367521368,66716.0,0.0565714286,0.0784192013,,86.194278651,0.8546255507
18127,IN,Porter County,7441.3087096,76.991029908,0.254,0.7942210548,7.5,0.0368756519,0.0691236401,0.9382460137,9.3254229337,79398.0,0.4395808677,0.1050460649,27.499259635,75.116541104,0.7721347852
18129,IN,Posey County,7520.5980771,78.343885285,0.223,0.2600111014,8.7,0.0270622508,0.057783855,0.9532758621,10.373857878,76228.0,0.1491158512,0.0930559743,17.22904021,75.145743191,0.8208373905
18131,IN,Pulaski County,13374.841725,72.182142377,0.291,0.4032283842,8.5,0.0288306747,0.0923756679,0.9314144737,19.223067681,70303.0,0.2626658143,0.0987548304,61.808018919,135.40961408,0.7505108296
18133,IN,Putnam County,8445.9448919,75.830163487,0.259,0.6243260905,8.9,0.0315974254,0.0700965825,0.9360126582,11.527841077,73137.0,0.2409192398,0.0542926506,22.371564846,77.497007012,0.7355507868
18135,IN,Randolph County,11074.616577,73.792788153,0.32,0.4340870133,8.2,0.0324758568,0.0888496311,0.6907786116,11.458034947,58725.0,0.1300302016,0.0743835337,61.631171677,115.88904032,0.7748968768
18137,IN,Ripley County,9689.9272436,74.667495069,0.27,0.3179513709,8.6,0.0348231207,0.0729699761,0.9406652361,15.81462509,66942.0,0.1662355579,0.1035240275,33.481112035,82.948216613,0.7781789362
18139,IN,Rush County,9853.8193008,74.971613076,0.274,0.5039398281,8.4,0.027383592,0.0883365773,0.975,17.393390512,65326.0,0.136938873,0.1203100775,20.002400288,85.297580432,0.7335338346
18141,IN,St. Joseph County,9845.7942349,75.054195941,0.278,0.8504279768,9.6,0.0387452759,0.0804218121,0.8418317723,10.138336872,65977.0,0.5286172832,0.11979062,33.826431189,84.650507498,0.6882762488
18143,IN,Scott County,15830.642695,69.081876653,0.328,0.5872293307,8.6,0.0346646571,0.0860976334,0.7181818182,9.7608589556,62584.0,0.3961614173,0.08964251,71.496335813,146.90991185,0.7208674899
18145,IN,Shelby County,9558.7900158,75.576072348,0.288,0.5086671846,8.9,0.0275401627,0.077374394,0.9240759754,10.0020004,71548.0,0.2769947842,0.1111111111,39.288070511,95.886684238,0.7380545605
18147,IN,Spencer County,9000.9519878,76.326730078,0.255,0.4874305906,8.0,0.0294913672,0.0691668253,0.9553418803,13.522311814,77467.0,0.1243816254,0.0628019324,16.669444907,76.545320794,0.8123825041
18149,IN,Starke County,12709.574714,72.147844638,0.28,0.6722005905,8.5,0.041248837,0.0858383071,0.8855916031,9.8890704274,61259.0,0.1304180395,0.089055794,60.276410396,126.28774576,0.8374058004
18151,IN,Steuben County,8642.3510735,77.353982304,0.213,0.5386670539,8.1,0.0268933391,0.0756451043,0.8891472868,14.974802016,71355.0,0.2501234209,0.0918481088,11.517641187,74.985002999,0.8018162005
18153,IN,Sullivan County,9726.8077206,75.169402098,0.293,0.3276168516,8.5,0.0376695128,0.0724608044,0.9627990431,11.611030479,59148.0,0.1980112408,0.084921067,,82.232864122,0.7561387554
18155,IN,Switzerland County,12879.904127,74.025016623,0.298,0.5116565677,8.7,0.0324633991,0.0934742076,0.875,4.9970017989,60219.0,,0.0688194812,39.318479685,117.33476956,0.7983063895
18157,IN,Tippecanoe County,7580.9641137,77.588312625,0.266,0.8087097519,9.4,0.0293791239,0.0874379509,0.9104590818,9.7500490152,61681.0,0.4399009938,0.1636614639,22.730928751,67.659843779,0.5390311093
18159,IN,Tipton County,8921.8182515,75.870560666,0.248,0.5695683313,8.3,0.0296205902,0.0737643222,0.9667664671,13.670984962,76188.0,,0.0468315048,,81.326407472,0.8181963288
18161,IN,Union County,9986.428377,75.125287797,0.278,0.6208550868,8.5,0.0292494481,0.0815660685,0.875,4.3153049482,64648.0,0.1490052208,0.0731618979,,119.28768213,0.8260869565
18163,IN,Vanderburgh County,10888.475532,74.053918058,0.275,0.8570080384,9.1,0.031646806,0.0790995615,0.7886984754,14.409382233,60923.0,0.5072611804,0.1270600109,38.917108404,104.24462444,0.6447317288
18165,IN,Vermillion County,10157.204535,74.302672846,0.307,0.5558650172,8.7,0.0413059985,0.0735725938,0.8937179487,11.649731409,58743.0,0.195932379,0.0714061519,,72.6348284,0.7419207317
18167,IN,Vigo County,10892.030875,73.705155221,0.289,0.7915650052,8.6,0.0378396144,0.0932586931,0.78,14.527479577,50665.0,0.2236488842,0.1604514826,25.736955758,79.169730898,0.6335015847
18169,IN,Wabash County,10985.444325,73.912068935,0.269,0.6594137397,8.3,0.0307980718,0.0814315574,0.7961580882,17.840923835,60668.0,0.3010395145,0.0748160262,34.621543255,95.020167546,0.804046519
18171,IN,Warren County,7304.7292749,77.565760446,0.264,0.3357819905,8.4,0.0294259527,0.0571856287,0.975,13.000827325,74750.0,0.0017772512,0.0751012777,,64.813481204,0.8103602263
18173,IN,Warrick County,7349.8514475,76.900316241,0.211,0.7830761526,8.7,0.0293426504,0.0517957488,0.92,9.5113906574,87293.0,0.1711634167,0.0798227983,23.319928693,75.659350836,0.8252419322
18175,IN,Washington County,13005.043921,72.493256857,0.289,0.3195301966,8.6,0.0305245056,0.07956942,0.8940359477,8.1490929705,55682.0,,0.0960249268,47.315440211,120.98094194,0.8229943606
18177,IN,Wayne County,12655.95968,72.273738441,0.313,0.7650143495,8.5,0.0344757656,0.0845234681,0.9555970149,13.731082039,52956.0,0.2545940829,0.1219465649,76.067846474,141.07233136,0.6971437094
18179,IN,Wells County,7314.1920013,76.67480608,0.288,0.4798438609,8.2,0.0268996118,0.0654299433,0.9398825065,15.528498324,69833.0,0.2451738822,0.0662661569,17.715001063,74.375247917,0.761971831
18181,IN,White County,9851.284548,75.339092621,0.287,0.4384721322,9.0,0.0268048871,0.0997503641,0.880941358,10.569965038,67077.0,,0.1005621487,28.604898248,105.22075808,0.7933096807
18183,IN,Whitley County,7297.8388349,77.802834984,0.259,0.5385335322,9.8,0.0274431058,0.0663791554,0.9153742204,12.995639241,76326.0,0.2300020473,0.0680655446,21.269396239,62.400494538,0.8020676287
19000,IA,Iowa,7201.0606182,77.761818332,0.249,0.7995673855,7.4,0.0294236711,0.0536751607,0.8966477037,14.210204164,71662.0,0.3844639915,0.1038886807,14.397587065,73.321951363,0.7153278625
19001,IA,Adair County,7150.5854664,77.033706539,0.257,0.3416488794,7.0,0.0237825595,0.0501816923,,13.34400854,67873.0,0.0065368196,0.1047275115,,63.345176127,0.7358895706
19003,IA,Adams County,6725.4717758,77.644704976,0.25,0.5529157667,7.0,0.0223953262,0.051054384,,13.846579895,63399.0,0.0334773218,0.0987482615,,55.288328634,0.7673202614
19005,IA,Allamakee County,6990.3530086,78.388733361,0.266,0.5562904488,7.8,0.0384074282,0.0769375825,0.9261976048,15.042979943,65586.0,0.2385321101,0.101539526,,70.96615349,0.7883466135
19007,IA,Appanoose County,8750.7964931,75.430977699,0.29,0.5004465373,7.4,0.0326808228,0.0561600176,0.9453488372,9.9222755085,54629.0,0.1431355038,0.136,,92.46642009,0.6911705953
19009,IA,Audubon County,5135.9831355,79.186466187,0.27,0.6499823757,7.0,0.0224257738,0.0561151079,,17.863522687,64977.0,0.0354247444,0.0941224825,,90.200606148,0.7643564356
19011,IA,Benton County,6615.0193915,79.215509453,0.261,0.4425415445,8.4,0.0332384396,0.0449421895,0.9037723785,13.612850531,86364.0,0.16285435,0.0667342799,,84.307159083,0.8426466225
19013,IA,Black Hawk County,7992.6564052,76.675217306,0.272,0.8996904166,7.9,0.0321147424,0.0523790214,0.856426983,10.976864148,61558.0,0.3888397487,0.1328535895,12.262791625,70.680116752,0.6531819873
19015,IA,Boone County,6965.7495615,77.07032217,0.238,0.7886580573,7.5,0.0247862106,0.0461545774,0.9668699187,12.777631628,77381.0,0.2432341381,0.0790813964,,72.623289381,0.8105166895
19017,IA,Bremer County,6008.5681412,79.655661601,0.234,0.7383544101,7.8,0.025149528,0.0363415792,0.9582474227,14.64824419,79410.0,0.3602529214,0.0714886459,,53.318478434,0.8080057774
19019,IA,Buchanan County,5283.6398355,78.98810066,0.223,0.6712375395,8.3,0.0292256972,0.0535436835,0.9462389381,7.7242444723,80402.0,0.2010697788,0.0667666917,,73.310990936,0.8109202454
19021,IA,Buena Vista County,6217.9579734,79.380435147,0.284,0.7961869087,7.1,0.02360974,0.097078459,0.6775075988,15.048543689,65671.0,0.2672045334,0.0727616987,,43.721494083,0.7245127933
19023,IA,Butler County,5242.5894429,79.607728894,0.247,0.6086228548,7.5,0.0308445532,0.0475620975,,21.024598781,73033.0,0.2951723176,0.0752094101,,61.18589387,0.8000679463
19025,IA,Calhoun County,7618.8420902,77.742258609,0.245,0.4343709076,7.2,0.0272289157,0.0559258186,,24.678663239,63597.0,0.0437191498,0.0594893393,,84.570957096,0.8090581575
19027,IA,Carroll County,6827.977956,77.857536443,0.247,0.7448458574,7.2,0.0235428137,0.0457805776,0.9244813278,16.531336607,61806.0,0.3651252408,0.0823117338,,59.117960036,0.7500571429
19029,IA,Cass County,7565.4971658,76.192584977,0.29,0.7214900587,7.1,0.0267379679,0.0663863022,0.8999116608,16.025641026,59509.0,0.3367105965,0.1312225154,,92.682700774,0.7227500432
19031,IA,Cedar County,6018.6302428,79.085667713,0.235,0.6497703323,8.9,0.0297539577,0.0454514009,0.9225409836,11.957171585,77777.0,0.1316400973,0.0849877618,,66.992263474,0.8080647301
19033,IA,Cerro Gordo County,9467.7170208,76.498073733,0.259,0.9178936629,7.1,0.0306651635,0.0498608027,0.8466259169,16.977528355,63161.0,0.52410323,0.0867125463,18.865254917,105.50361491,0.7164924566
19035,IA,Cherokee County,7019.8247892,77.914631439,0.27,0.6593755361,7.0,0.0247135843,0.0536802625,0.8979338843,19.145418153,70197.0,0.1420483788,0.0913195157,,95.170955234,0.733175915
19037,IA,Chickasaw County,6658.6396455,77.946526744,0.235,0.6067266067,7.4,0.0248627212,0.0637944401,0.9344036697,18.777739843,73547.0,0.3513986014,0.080615001,,74.156470152,0.8140421264
19039,IA,Clarke County,8721.2449624,75.431808795,0.321,0.6234099302,7.1,0.0285600952,0.0668900632,0.9622767857,7.2224515064,65162.0,0.3361715224,0.0862024994,,111.23237072,0.6945763559
19041,IA,Clay County,7924.2450544,78.391074506,0.253,0.7457275391,6.8,0.0289145389,0.0492552605,0.975,13.353566009,72021.0,0.6025390625,0.083698572,,74.036598759,0.7269968271
19043,IA,Clayton County,6441.8958408,79.055403735,0.257,0.6100451798,8.3,0.0397614314,0.0663685573,,19.968285664,65814.0,0.2021944493,0.1132731063,,84.440897156,0.7658655144
19045,IA,Clinton County,8790.038397,75.910481422,0.266,0.7691347396,8.5,0.0374977136,0.0482432285,0.8518297456,13.162437424,67095.0,0.2288204907,0.1068099226,26.580650723,98.644818347,0.7312956674
19047,IA,Crawford County,6563.4114,78.502382546,0.312,0.6288048411,7.1,0.04798563,0.0977086367,0.9230487805,8.0630155678,64170.0,0.3991527988,0.075459209,,80.598594938,0.7868036603
19049,IA,Dallas County,4244.0870554,81.881987825,0.18,0.6854170429,7.6,0.0220939999,0.0378767841,0.9649293155,8.7024144571,102189.0,0.0983165794,0.0728895779,9.7158124848,40.210557099,0.6948468239
19051,IA,Davis County,8767.8451122,77.331901386,0.27,0.4122941822,7.5,0.0244690674,0.1437374414,0.975,5.4764512596,66410.0,0.0785949506,0.0708918654,,88.230104112,0.8403281792
19053,IA,Decatur County,9257.6759382,76.025880121,0.274,0.6255068672,7.1,0.0244577757,0.0583540263,,7.8094494338,54409.0,0.0308698496,0.1186556927,,79.750971161,0.6798950476
19055,IA,Delaware County,6094.0692393,79.26321595,0.234,0.6398101555,8.6,0.0262323436,0.0527116067,0.9673913043,14.230418944,69339.0,0.3430924062,0.1030311655,,82.467042221,0.8237179487
19057,IA,Des Moines County,9423.8739462,75.926643867,0.269,0.8226419943,8.4,0.0416132091,0.0504024145,0.7931476998,16.452093072,60599.0,0.5019532254,0.142003621,28.573407682,97.108942804,0.7269606702
19059,IA,Dickinson County,4871.6445441,81.188525983,0.242,0.7967576117,6.6,0.0289624145,0.0556243231,0.9447860963,19.414244509,80922.0,0.1437044569,0.1028137243,,62.614556177,0.7665895954
19061,IA,Dubuque County,6844.1982999,78.695630646,0.283,0.826174118,9.0,0.0290512205,0.045964315,0.8644770283,10.336755272,72749.0,0.1904579614,0.1141572017,14.238012102,67.463968108,0.7316742639
19063,IA,Emmet County,7704.5770364,77.033211062,0.256,0.7974009374,6.7,0.0313929314,0.0786928488,0.862347561,18.526591107,61500.0,0.3444823179,0.0843437006,,99.884915206,0.777409485
19065,IA,Fayette County,8297.8769674,77.090281458,0.291,0.6223281562,8.0,0.0322304621,0.0560441094,0.8716304348,15.548875298,62103.0,0.5171459326,0.1193687961,,95.757825371,0.7698403023
19067,IA,Floyd County,8140.495497,76.672934293,0.26,0.7679657004,7.2,0.0336515513,0.0512343591,0.8548013245,15.648431897,67582.0,0.4183144557,0.0781374581,,72.134272796,0.7435045317
19069,IA,Franklin County,9806.4724489,75.904393857,0.29,0.7651462222,7.2,0.0277047168,0.076579535,0.825,23.194836628,71041.0,0.479788402,0.0372997111,,77.948553954,0.7250244858
19071,IA,Fremont County,9006.5925457,76.332585116,0.224,0.2891748675,7.4,0.0230352304,0.0467078189,,6.1881188119,72129.0,0.079333838,0.0674199623,,77.121585145,0.8076086957
19073,IA,Greene County,9201.4467723,76.806504884,0.269,0.6365294721,7.2,0.0224655465,0.0575007546,0.8404639175,21.736643405,63082.0,0.0690913237,0.1028556319,,77.059063506,0.7426171079
19075,IA,Grundy County,5156.2641013,79.269098206,0.222,0.8351853354,7.7,0.0278909433,0.0429820051,0.9582089552,21.851731952,81093.0,0.2340822451,0.0737836751,,58.578495184,0.8397246804
19077,IA,Guthrie County,6483.0087218,78.813516574,0.241,0.471618187,7.1,0.0297443034,0.0596149099,0.8990789474,17.845402461,78027.0,0.015155794,0.0993066428,,74.962518741,0.8345323741
19079,IA,Hamilton County,7953.9741331,77.166763571,0.235,0.7453288118,7.4,0.0272935124,0.0523551193,0.9403465347,14.844804318,71731.0,0.5143294102,0.090696899,,90.359820899,0.7375336394
19081,IA,Hancock County,6875.824986,78.631661642,0.254,0.7085687818,6.9,0.0276742948,0.057224429,0.9646929825,27.140851661,67979.0,0.069754516,0.0925090253,,84.591236348,0.8196792371
19083,IA,Hardin County,7029.0932211,77.328294064,0.266,0.8496859818,7.5,0.0308704453,0.0618590532,0.9127659574,23.540773827,67903.0,0.4787297073,0.0896247911,,90.94825523,0.7330955777
19085,IA,Harrison County,6754.6179795,76.271549949,0.282,0.337127966,7.3,0.0271512114,0.0579635804,,12.962204939,63139.0,0.0230421067,0.08654831,,89.588174361,0.7691538974
19087,IA,Henry County,6887.8890031,77.24280842,0.282,0.7885460404,8.3,0.0330317235,0.0516633239,0.8672916667,10.893246187,65627.0,0.3399082121,0.1011054193,,76.768925534,0.7404489957
19089,IA,Howard County,6254.6852809,77.703569574,0.252,0.7647058824,7.1,0.0318747642,0.0683624801,0.9206,17.832791356,67552.0,0.5447248918,0.0759921193,,79.515172355,0.7660675381
19091,IA,Humboldt County,7220.4561037,78.244031499,0.268,0.6384286756,7.0,0.0267068273,0.0557645794,0.875,14.625992478,72307.0,0.167969157,0.0931506849,,66.968022769,0.75
19093,IA,Ida County,6456.3628451,77.507625391,0.237,0.742041399,7.0,0.020923705,0.0557009346,0.9639312977,20.325203252,71238.0,0.1743040685,0.0616848784,,93.082785502,0.7755511022
19095,IA,Iowa County,6416.5351626,78.094675591,0.239,0.6744088345,8.4,0.0276572121,0.0444427562,0.9545685279,15.781487102,75419.0,0.1942743968,0.0880119136,,77.294923073,0.7608409987
19097,IA,Jackson County,6844.1391763,77.860309824,0.278,0.6186297152,8.9,0.0347464829,0.052250216,0.9083333333,10.349824053,74910.0,0.4752886836,0.0821900566,,82.671957672,0.7856196555
19099,IA,Jasper County,7111.9518475,77.882742906,0.231,0.7646312115,7.7,0.0303972551,0.0477587218,0.9287281796,16.078865517,72394.0,0.3073281676,0.0706029801,12.405848471,71.58808005,0.7482370491
19101,IA,Jefferson County,9327.0359755,77.122142899,0.263,0.6161016408,8.0,0.0268429883,0.0781874319,0.8987096774,12.103452669,58146.0,0.4077762881,0.1471406491,24.148756339,76.417191552,0.6514975284
19103,IA,Johnson County,4820.8871879,81.954359886,0.196,0.896469834,9.5,0.0240360772,0.050163781,0.9339794521,8.5027490091,74665.0,0.5730173891,0.1646466469,10.109527046,49.26313814,0.5883884656
19105,IA,Jones County,5992.8488301,79.759885108,0.235,0.7190739126,8.8,0.0351403679,0.0494701944,0.92875,9.5932463546,74193.0,0.1686525235,0.083779648,,80.042432133,0.8068812431
19107,IA,Keokuk County,8348.8585035,76.680263731,0.266,0.3631017642,8.1,0.0326623623,0.0504377368,,14.135702746,65656.0,0.0967806239,0.1072515213,,91.31694922,0.7886838868
19109,IA,Kossuth County,7363.9810746,78.721155442,0.265,0.6140410035,6.9,0.0248545102,0.0539256776,0.925,21.416234888,66667.0,0.1420285946,0.0874738704,,79.013691165,0.7534604737
19111,IA,Lee County,9251.0469339,74.828576846,0.285,0.7440619878,7.8,0.04101616,0.0477148375,0.8662429379,15.225334957,60053.0,0.5593503204,0.104791501,15.070075853,92.0793796,0.754980776
19113,IA,Linn County,7000.9163789,78.501196543,0.229,0.9217321829,9.6,0.0346781619,0.0430576804,0.8795588822,10.697148446,73079.0,0.5576706803,0.0988833508,18.517816472,78.616283145,0.7331327393
19115,IA,Louisa County,6584.1538631,78.650105851,0.321,0.590015687,8.4,0.0322093608,0.069381956,0.8866554054,13.112297462,76120.0,0.0672695395,0.058186398,,78.695485075,0.8011103065
19117,IA,Lucas County,9104.9824886,75.968859112,0.293,0.6302988186,7.2,0.0243412238,0.0535794017,0.925,17.263206353,59540.0,0.449501969,0.1265963354,,106.57522821,0.8112745098
19119,IA,Lyon County,4025.1251125,82.460042037,0.239,0.5305848835,6.6,0.0198363157,0.0583621919,0.9518092105,25.453649725,74790.0,0.1845986258,0.0831359545,,47.049334588,0.8334833483
19121,IA,Madison County,6015.1233919,78.815141745,0.211,0.4546168721,7.1,0.0346257284,0.0458401654,0.9582397004,12.326837286,84509.0,0.1626782693,0.0808616922,,82.009720564,0.8126792453
19123,IA,Mahaska County,7887.4163047,76.621808286,0.25,0.7061288869,7.8,0.0259814769,0.0511383335,0.9694148936,14.125580971,71332.0,0.1504731861,0.0855915005,18.099547511,64.314506998,0.6783263975
19125,IA,Marion County,6618.1602212,78.180730027,0.212,0.7053929491,7.6,0.0223253416,0.04055349,0.9632241814,16.645859342,79709.0,0.5351349734,0.0896122619,,79.112975727,0.7774628981
19127,IA,Marshall County,9260.6089912,74.905446549,0.273,0.8260067323,7.7,0.0634610971,0.0690550688,0.861420765,12.036410141,64005.0,0.2004737564,0.0884914874,10.9035705,87.119857788,0.7333076032
19129,IA,Mills County,9695.4898686,76.439590943,0.268,0.6302126484,7.5,0.0265066964,0.0416991089,0.9208333333,6.8714354429,82260.0,0.2007042254,0.0817490494,,71.664232787,0.8418395962
19131,IA,Mitchell County,5182.9402404,79.268243427,0.276,0.7285376242,6.9,0.0226182317,0.065776699,0.9660194175,16.141283707,74249.0,0.1039280644,0.0846438483,,56.722569911,0.7996426178
19133,IA,Monona County,8366.8529116,75.047044421,0.27,0.5774197235,7.1,0.0279799818,0.0562716127,,9.4272920104,59814.0,0.0362244315,0.0840042941,,100.11175265,0.7643279363
19135,IA,Monroe County,7726.6870122,75.285552942,0.25,0.6984294576,7.5,0.0275713258,0.0482954545,0.975,11.920529801,65959.0,0.086841758,0.084478022,,65.058422463,0.8381812103
19137,IA,Montgomery County,8116.5324775,75.470032524,0.277,0.790125847,6.7,0.0264211369,0.0559918926,0.9195754717,13.718765311,60487.0,0.4044530494,0.1038555828,,57.560239768,0.7159904535
19139,IA,Muscatine County,7717.2203599,76.729773068,0.254,0.7943101654,8.0,0.0317891064,0.0539333061,0.86343,11.090921962,66309.0,0.3288539378,0.1056111508,8.6302261904,72.752191953,0.7486313337
19141,IA,O'Brien County,8489.4165422,76.429632054,0.287,0.8730785503,6.8,0.0239164744,0.0587316176,0.887345679,26.315789474,69914.0,0.1039345649,0.0858621921,,72.101172365,0.7730961837
19143,IA,Osceola County,8291.7605532,77.838310997,0.272,0.5432816537,6.5,0.0191885965,0.0724197745,,19.880715706,72569.0,,0.0965682362,,106.03048376,0.7797390637
19145,IA,Page County,7340.388713,77.555106657,0.28,0.7305897048,7.4,0.0258751903,0.0577624256,0.9300613497,21.792247243,60695.0,0.3996449938,0.1059602649,22.020126396,104.26427695,0.7000486934
19147,IA,Palo Alto County,7822.4073614,76.669647506,0.242,0.7190973766,7.1,0.0252175854,0.0506405426,,19.397535372,64952.0,0.260337928,0.0612132858,,78.95330476,0.7571543193
19149,IA,Plymouth County,6447.1963025,78.950757135,0.247,0.7587750019,7.1,0.021088802,0.0460340633,0.9318493151,15.965110393,74765.0,0.3422834462,0.0637473935,13.063357283,64.657551529,0.7368165485
19151,IA,Pocahontas County,9324.0238025,76.422607838,0.245,0.7297259113,7.0,0.023023023,0.078387036,0.925,22.685382107,68654.0,0.0203447301,0.078564172,,73.328835831,0.7859922179
19153,IA,Polk County,7653.2735593,77.173642641,0.242,0.9062166811,8.0,0.0287041729,0.054806583,0.8712979744,12.053746939,79509.0,0.5039104307,0.1106910851,26.135661507,76.936190339,0.6707229106
19155,IA,Pottawattamie County,9293.2922517,75.491193852,0.26,0.8291821026,8.3,0.0288826746,0.057004506,0.8997978437,9.6594506992,70768.0,0.6718801712,0.1023372471,18.584371259,74.162351247,0.7034984413
19157,IA,Poweshiek County,6567.7511647,78.242280709,0.265,0.7078555353,7.9,0.0292460163,0.0450910199,0.9358465608,14.620674717,73434.0,0.3992069446,0.1348745046,,65.848419098,0.7068412271
19159,IA,Ringgold County,8711.3246152,74.562904725,0.272,0.5367788977,7.1,0.0221370796,0.0633370536,,14.989293362,61463.0,0.2191722067,0.0586283186,,58.40146838,0.7881219904
19161,IA,Sac County,6910.3464178,77.119165583,0.237,0.6153454249,7.2,0.0239396795,0.0574948665,0.975,21.709914194,72395.0,0.1375585898,0.0788582487,,74.275810844,0.7802869913
19163,IA,Scott County,7235.501087,77.542043907,0.24,0.9049230258,9.2,0.0346342577,0.057776555,0.8419630709,9.946873347,77100.0,0.5032661777,0.1021832447,17.072375362,75.040113609,0.696002752
19165,IA,Shelby County,6814.4918353,78.293254898,0.244,0.5108121914,7.1,0.0243561899,0.0599752447,0.962254902,16.316015457,68695.0,0.0663204495,0.0948658356,,58.745270142,0.7577764399
19167,IA,Sioux County,3914.0960655,82.587299133,0.27,0.7991190901,6.9,0.0188094521,0.0597975752,0.8945333333,26.074895978,85985.0,0.0982381802,0.0848257896,,40.735502122,0.7782283715
19169,IA,Story County,4947.2255238,81.505127479,0.222,0.929305743,7.7,0.0214267751,0.0462730374,0.9607678571,11.337072226,71539.0,0.4372773679,0.1591041611,7.7341601038,51.156710055,0.5597809238
19171,IA,Tama County,7872.019592,76.690206273,0.286,0.6166326233,7.8,0.0392984735,0.0647662486,0.9309294872,13.015441046,66288.0,0.0515319521,0.0861053637,,62.849079202,0.7645223592
19173,IA,Taylor County,8565.1223542,76.009613043,0.283,0.6017639077,7.2,0.0222504768,0.0672992056,,13.656538068,59116.0,0.2157394844,0.0598958333,,109.52538998,0.7774180494
19175,IA,Union County,8895.7164223,75.559316389,0.27,0.8303674411,7.2,0.0302064105,0.0561415074,0.9682098765,11.777572138,59066.0,0.3506343714,0.0935529795,30.503022572,92.314793446,0.7210682493
19177,IA,Van Buren County,7794.7263606,77.536610786,0.284,0.4281549354,6.8,0.0305843801,0.083497935,,6.8908489526,57666.0,0.2168540886,0.0906432749,,67.355186349,0.8305728088
19179,IA,Wapello County,9638.2148779,74.481769933,0.314,0.7507407512,7.8,0.0348211081,0.0669101957,0.8460762332,10.843820449,61642.0,0.5213477439,0.1393789182,11.397743247,79.791175096,0.6744037479
19181,IA,Warren County,6397.6179586,78.366345497,0.258,0.7623990993,7.5,0.0259928041,0.0382352941,0.9583739837,11.04423215,92695.0,0.3207640784,0.0612183505,15.000562521,72.757470021,0.8302092092
19183,IA,Washington County,6075.888203,78.469887997,0.25,0.7418125415,8.5,0.0260301848,0.070015051,0.9067460317,17.278809091,75136.0,0.1367161533,0.0820827649,,74.667146456,0.7217064545
19185,IA,Wayne County,8501.9262752,76.375848167,0.309,0.3580113899,7.2,0.0294995028,0.0593203298,,12.370496366,59904.0,0.3001385255,0.1119281046,,77.562670638,0.8007047768
19187,IA,Webster County,10249.456432,74.452312136,0.24,0.8362117895,7.3,0.0311645121,0.0573803656,0.8030172414,12.832414132,63557.0,0.5846103949,0.1002765341,18.230377278,95.113476425,0.7008503293
19189,IA,Winnebago County,5991.3674354,78.795713554,0.212,0.8530761307,6.7,0.0379926859,0.056384743,0.9014900662,13.186399171,65086.0,0.2551737054,0.0816964286,,78.211437946,0.743628839
19191,IA,Winneshiek County,4479.831296,81.80294389,0.208,0.7431489786,7.6,0.0321551724,0.0415702718,0.9592889908,18.524081306,80932.0,0.4769307424,0.0822609134,,60.151581987,0.7635720386
19193,IA,Woodbury County,9159.067108,75.536037723,0.296,0.9075051208,7.6,0.0287143751,0.0710945888,0.9118263473,12.680867977,65984.0,0.3849312353,0.1162402247,12.72199888,66.722813818,0.6843443696
19195,IA,Worth County,6737.4460027,78.802375049,0.236,0.5869944915,6.7,0.0295505339,0.0540063537,0.9343181818,19.128296215,75449.0,0.2519145506,0.0571155073,,108.40989782,0.8122065728
19197,IA,Wright County,6879.0227029,77.758778805,0.288,0.8651780885,7.2,0.025804493,0.0543850545,0.8893203883,25.234602949,74189.0,0.5420690721,0.0688362919,,69.693033864,0.7419656203
20000,KS,Kansas,8588.5971402,76.398860719,0.226,0.8025640938,7.3,0.0265102757,0.1020266858,0.8890088827,13.210084606,70316.0,0.366282149,0.1088034158,21.899628901,85.425707628,0.668821373
20001,KS,Allen County,10475.43396,74.500410041,0.282,0.7572249721,8.5,0.0281321557,0.111283966,0.9071043165,9.5397090389,54761.0,,0.0683778666,,77.102240784,0.7451136817
20003,KS,Anderson County,8286.5484841,76.630782483,0.262,0.4932363451,8.2,0.0210932184,0.1299315292,0.8790816327,9.0020576132,61742.0,,0.1106570261,,122.32727643,0.8107696988
20005,KS,Atchison County,9704.9284015,75.884813536,0.252,0.8227306092,8.3,0.0336196682,0.0844394964,0.7413793103,11.795381177,65818.0,0.0883900171,0.1011337052,,111.62375353,0.7343430905
20007,KS,Barber County,10121.471855,74.21920948,0.251,0.4709082308,7.4,0.0243470562,0.1214983713,,29.112081514,59514.0,,0.0801152738,,107.03150449,0.8133997785
20009,KS,Barton County,10780.202614,74.728303527,0.247,0.7873533911,6.8,0.0266572858,0.1342790319,0.9275096525,19.537480064,58568.0,0.0688032009,0.0966602765,,103.25083696,0.6622957237
20011,KS,Bourbon County,11704.563188,73.627887615,0.293,0.5309192201,8.1,0.0340103159,0.1012391247,0.9067460317,15.179741944,54428.0,0.2604456825,0.0923022096,23.120852697,88.351417764,0.7287694974
20013,KS,Brown County,11703.002696,72.858805671,0.256,0.6005469079,7.9,0.0281844003,0.1221437474,0.9,21.358393849,58989.0,0.0006310475,0.0934449093,,113.77283358,0.7542350094
20015,KS,Butler County,8909.0132814,75.308579085,0.233,0.634876818,8.5,0.0266465257,0.0831912037,0.9171190674,10.697538101,76742.0,0.2920599584,0.0885598261,22.154282423,83.136132448,0.7820579421
20017,KS,Chase County,7701.2222757,78.028401969,0.253,0.6535769829,8.0,0.0234248788,0.0916713248,,0.0,62302.0,0.1979004666,0.0777576854,,146.05273272,0.7187772926
20019,KS,Chautauqua County,12108.646934,73.983365936,0.274,0.4453980468,8.5,0.0281588448,0.1389870436,,14.641288433,49510.0,,0.0635930048,,108.44026749,0.8326996198
20021,KS,Cherokee County,12089.508546,72.090280699,0.276,0.4799091003,9.3,0.0268677587,0.1112786885,0.9166666667,13.097233864,55853.0,0.1290672451,0.1064695511,24.180037652,94.018578889,0.7242137958
20023,KS,Cheyenne County,9105.1300145,76.39869984,0.267,0.0152905199,5.8,0.0254306809,0.1502372167,,34.843205575,52424.0,0.0152905199,0.0780269058,,106.6016904,0.7959527825
20025,KS,Clark County,13837.682444,73.005024367,0.249,0.4038171773,6.6,0.0199275362,0.0788787484,,41.386445939,64998.0,,0.0692934783,,182.33387358,0.7564575646
20027,KS,Clay County,6000.9103822,78.188161257,0.277,0.5626462979,7.2,0.025467353,0.0938222663,0.925,23.623026234,66389.0,0.2790439818,0.107347876,,104.62335592,0.7318820612
20029,KS,Cloud County,10251.633003,73.426412509,0.266,0.8044729849,6.9,0.0277478448,0.0866129994,0.9179133858,29.0632685,60403.0,0.287976085,0.080449827,,90.845086416,0.746866485
20031,KS,Coffey County,7565.7928613,76.566409325,0.29,0.4885167464,8.5,0.0329520697,0.0897576231,0.9029166667,12.077294686,67933.0,0.0167464115,0.0778531407,,118.96668933,0.7589512264
20033,KS,Comanche County,10220.724012,75.014084573,0.231,0.4452338662,6.9,0.0256709452,0.0903908795,,47.59071981,51956.0,,0.0565789474,,141.35940629,0.7320341048
20035,KS,Cowley County,10886.943742,73.680655718,0.283,0.7186604533,9.0,0.0299382716,0.1020415851,0.8432026144,17.41502917,57549.0,0.1409013285,0.1016615482,14.48197959,90.959856767,0.7047005023
20037,KS,Crawford County,11702.708472,72.487829831,0.236,0.7586215745,8.7,0.0284263428,0.1068215075,0.8992957746,11.259532218,52285.0,0.2852304218,0.12934577,15.395405327,77.019845447,0.6013713279
20039,KS,Decatur County,10238.577656,75.43013865,0.254,0.6403762663,,0.0288624788,0.1098784997,,22.313127557,54613.0,,0.0409401061,,93.431076613,0.7938820102
20041,KS,Dickinson County,11197.276776,74.104892115,0.232,0.5514617976,7.8,0.0284255714,0.0931157433,0.9352099237,21.161150298,63417.0,,0.0701345756,19.94379476,96.385020252,0.7905252576
20043,KS,Doniphan County,6807.2425961,76.853341965,0.257,0.221171771,8.0,0.0250807052,0.0929069144,,12.096774194,63765.0,0.0131824234,0.1216061185,,61.025763485,0.8179775281
20045,KS,Douglas County,6185.1145657,79.227411099,0.211,0.9254872248,8.9,0.0258335837,0.0972039491,0.9067540323,10.336434264,68561.0,0.6324199183,0.1644844517,17.410192424,59.284751764,0.4951040269
20047,KS,Edwards County,25238.396541,63.6320045,0.257,0.5431716546,6.6,0.0234432234,0.1356170812,,0.0,59055.0,0.0,0.0884955752,,93.069873998,0.8205560236
20049,KS,Elk County,10719.694035,74.225379939,0.301,0.2803060814,8.4,0.0248075278,0.1254218223,,16.386726751,48121.0,,0.1146560319,,104.61092782,0.7760223048
20051,KS,Ellis County,6166.053592,79.007007087,0.205,0.8533904749,6.3,0.0192744424,0.1111795233,0.9226523297,10.711447428,59048.0,,0.1293712172,,68.214248425,0.6243229936
20053,KS,Ellsworth County,8283.5842989,76.743876363,0.267,0.6144918444,6.9,0.0235201882,0.0966850829,,20.456333596,65396.0,0.0170953576,0.069870939,,77.361957258,0.815371404
20055,KS,Finney County,9166.9285877,76.241049508,0.324,0.8086301014,6.7,0.0206671854,0.1737886479,0.8909555189,9.0305444887,67640.0,,0.1114276914,20.595662374,85.520048497,0.6401727534
20057,KS,Ford County,8380.6527781,76.13636346,0.337,0.8278064573,6.7,0.0213450788,0.1639506679,0.9184320557,8.2722760577,68766.0,0.0016916032,0.0608298172,,71.764091858,0.6447994562
20059,KS,Franklin County,9277.1869281,75.03159278,0.221,0.5323511309,8.3,0.0251366849,0.0878989995,0.9400159744,10.772545399,67883.0,0.3245499308,0.1047399076,21.88437327,88.470851183,0.734570901
20061,KS,Geary County,12126.581648,72.707705297,0.296,0.7898418574,8.0,0.0383818362,0.0838177682,0.82,7.2847496568,56899.0,0.4583412722,0.1417933131,21.185828607,85.064869399,0.4281569595
20063,KS,Gove County,6854.8776214,77.055094214,0.232,0.5478292862,,0.0229709035,0.1001926782,,33.124769967,65003.0,0.004415011,0.0950226244,,74.956899783,0.7907771136
20065,KS,Graham County,10659.042168,75.940494449,0.233,0.6530020704,,0.0260190807,0.1207289294,,24.885939444,53247.0,,0.0757042254,,139.6418597,0.8069432684
20067,KS,Grant County,7299.7472798,77.841197966,0.282,0.8382752992,6.6,0.0271622588,0.1745849088,0.825,18.06308184,65399.0,,0.0421189752,,52.654916306,0.7480016828
20069,KS,Gray County,7691.8208009,77.477056358,0.261,0.6884839908,6.7,0.0198612863,0.1788971808,,29.673590504,77786.0,,0.04952947,,71.555131525,0.802213667
20071,KS,Greeley County,13082.680659,,0.219,,6.0,0.0183006536,0.1169354839,,24.529844644,70566.0,,0.0408560311,,,0.784351145
20073,KS,Greenwood County,10764.199602,73.529055648,0.263,0.5917553191,8.5,0.0274743462,0.1113142857,,16.83785149,59179.0,0.115525266,0.0920418006,,117.51670416,0.7949308756
20075,KS,Hamilton County,10017.546292,74.439190224,0.266,0.830420969,6.1,0.0179122915,0.1989247312,,20.576131687,72657.0,0.0087370929,0.0186666667,,152.18261914,0.8116883117
20077,KS,Harper County,9227.4684902,74.816472107,0.313,0.703372835,8.1,0.0232391848,0.1184466019,,22.543678377,54423.0,0.0107566089,0.0940715336,,115.10470815,0.735600907
20079,KS,Harvey County,9762.4602335,75.55936327,0.24,0.7359510933,7.8,0.0291273313,0.1101261507,0.8610739857,18.046803349,67078.0,0.2944686104,0.0865507639,15.700281624,81.501981847,0.695281199
20081,KS,Haskell County,5580.5739209,78.906351273,0.287,0.594973545,6.7,0.019858156,0.2120177535,,22.371364653,68202.0,,0.0815850816,,73.175831068,0.7702312139
20083,KS,Hodgeman County,12196.554032,72.113307755,0.233,0.5118978526,6.3,0.0222672065,0.1130690162,,17.094017094,66919.0,0.0081253627,0.0707395498,,135.50135501,0.8108108108
20085,KS,Jackson County,9798.3304059,75.393133565,0.23,0.4844316808,8.3,0.0233663904,0.1035075982,0.9114285714,9.7847358121,73051.0,0.2623941959,0.0909994039,,101.25587511,0.7815686275
20087,KS,Jefferson County,9032.3777279,76.537134382,0.212,0.2660605401,8.7,0.0247752057,0.0903221375,0.9176363636,8.7221979939,81301.0,0.046983885,0.0598184818,17.925323104,98.075795533,0.850067659
20089,KS,Jewell County,6581.3373096,80.082463677,0.251,0.0429740791,,0.0279965004,0.1165394402,,24.154589372,56505.0,0.0231923602,0.0597014925,,97.303308312,0.8067823344
20091,KS,Johnson County,4976.5763182,80.63713016,0.169,0.9811892179,8.2,0.0241380971,0.0594283178,0.9346483417,8.7210006541,103085.0,0.5857020347,0.0998831049,15.437853399,57.968344415,0.6855627775
20093,KS,Kearny County,8023.2000831,76.356459914,0.313,0.6457444138,6.4,0.0199795082,0.1651462724,,15.564202335,71237.0,,0.0151630023,,98.588625986,0.7318681319
20095,KS,Kingman County,27595.416507,61.007574469,0.248,0.5337349398,7.7,0.026937046,0.1030694105,0.9038461538,18.073126651,54731.0,0.022356091,0.0849120433,,119.37480914,0.6952720207
20097,KS,Kiowa County,10168.349293,75.133831918,0.216,0.3666666667,6.7,0.0253164557,0.1178909953,0.775,37.437603993,56222.0,0.0849593496,0.0483516484,,122.51899044,0.746835443
20099,KS,Labette County,10131.977585,74.362903628,0.265,0.5157055093,9.1,0.0294117647,0.1093253716,0.9459737828,12.147593258,49874.0,0.0106024574,0.0841449162,,84.98841527,0.736998883
20101,KS,Lane County,10670.595782,,0.248,0.6893265565,6.1,0.0269886364,0.1259640103,,38.560411311,64875.0,,0.0418535127,,,0.7917241379
20103,KS,Leavenworth County,8273.8983922,76.968824406,0.221,0.7538623124,8.9,0.0270657159,0.0795216277,0.9066137041,6.7557786035,83086.0,0.4481870031,0.0988253935,23.85554055,85.032356152,0.6881427707
20105,KS,Lincoln County,9735.3344988,77.220502009,0.239,0.4535556312,6.6,0.0213284583,0.1038839495,,13.797861331,53667.0,0.0091867982,0.0962521295,,74.460163812,0.7911547912
20107,KS,Linn County,13559.259809,72.456760576,0.253,0.4328015848,7.6,0.0386891215,0.1046222339,0.8995,7.1457737852,62431.0,0.0282556563,0.0986920333,,123.3299075,0.7955338451
20109,KS,Logan County,9317.6178562,74.428669135,0.244,0.7512671977,6.0,0.0177261614,0.1072423398,,18.484288355,60216.0,0.0,0.0793072015,,123.21519171,0.6114701131
20111,KS,Lyon County,7546.7220304,76.919046487,0.274,0.745361882,8.6,0.026128266,0.1345260223,0.9142424242,11.9129726,55659.0,0.1700177134,0.1261092947,13.410218587,78.87882012,0.581669419
20113,KS,McPherson County,6867.94384,77.643835655,0.208,0.6759090759,7.6,0.0196635599,0.0964428968,0.9012942779,22.657603625,78908.0,0.0021506799,0.0877400795,14.671692662,99.529807461,0.7580446054
20115,KS,Marion County,8304.2452064,76.620388999,0.217,0.5501987651,7.9,0.0245584525,0.1109699769,,27.80586451,62268.0,,0.0599779493,,111.73941015,0.808397272
20117,KS,Marshall County,8484.9776173,76.595296012,0.247,0.4564654314,7.7,0.0213207547,0.1030389983,,19.034261671,64514.0,,0.0912027833,,112.14877044,0.825408437
20119,KS,Meade County,10432.031399,74.057932419,0.264,0.6764488286,6.6,0.0210023866,0.1611374408,,30.792917629,71572.0,0.0017262639,0.0774983005,,163.95886123,0.7266042781
20121,KS,Miami County,8637.6671219,77.124281091,0.197,0.7043958937,8.1,0.0257171118,0.0758144476,0.9627171216,12.619382224,85620.0,0.2034745986,0.1188200768,12.524808756,76.290977282,0.7761602128
20123,KS,Mitchell County,5730.6346897,77.635615585,0.251,0.7922705314,6.6,0.0195724179,0.1143574526,,19.170442663,60486.0,0.0498619738,0.101659751,,88.15352275,0.700038956
20125,KS,Montgomery County,12899.137721,72.210440145,0.277,0.7274979356,9.1,0.0297990768,0.1130513945,0.8882625995,20.325203252,53379.0,0.0584704313,0.1228410008,21.355201059,105.96244995,0.7258177298
20127,KS,Morris County,9705.6145114,75.548926228,0.254,0.5347196435,8.1,0.0249146758,0.1054618676,,28.04262479,65283.0,0.010954326,0.0750738085,,91.224229155,0.7915166066
20129,KS,Morton County,11545.995386,74.000788392,0.272,0.8870788597,5.9,0.0262681159,0.1519845111,0.88,26.933435937,58093.0,0.4750092558,0.0264672037,,129.9396163,0.7842105263
20131,KS,Nemaha County,5113.6843687,79.021064345,0.237,0.6456731237,7.9,0.0171302578,0.0807881773,0.9653508772,12.852199703,74744.0,0.012070476,0.0724821974,,76.714268854,0.7879911045
20133,KS,Neosho County,10634.510697,73.881182459,0.272,0.7077464789,8.7,0.0353379802,0.0982630273,0.8938679245,17.301038062,53085.0,0.1247484909,0.1210526316,,78.2067939,0.7657386903
20135,KS,Ness County,13843.733415,72.096895472,0.255,0.1112765166,,0.0240496509,0.1346153846,,30.245746692,64935.0,,0.0587695133,,175.50274223,0.7927773001
20137,KS,Norton County,7015.1866,78.756881524,0.251,0.6244733468,5.9,0.0199846272,0.1046408513,,16.977928693,57738.0,0.0531232827,0.1072400653,,100.88932068,0.8142931664
20139,KS,Osage County,10634.170165,73.666824192,0.251,0.4279462134,8.8,0.0264785944,0.0996233069,0.9297738693,10.221029769,69666.0,0.0361537486,0.0798644724,,88.515717862,0.8014775228
20141,KS,Osborne County,9625.0045207,75.723030602,0.231,0.4168571429,6.2,0.0220463539,0.1030727343,,34.383954155,54638.0,,0.0552306693,,109.68077123,0.7644499689
20143,KS,Ottawa County,10206.911333,75.287191653,0.245,0.0231909329,7.1,0.023,0.0776033606,,12.079378775,66956.0,0.0214472537,0.1161971831,,86.652109112,0.7803954565
20145,KS,Pawnee County,10549.801779,75.575338053,0.252,0.6668798976,6.5,0.0255639098,0.0998270324,,11.328693963,64704.0,0.0031984647,0.0806100218,,151.2001512,0.6414078675
20147,KS,Phillips County,9288.0479834,75.819080382,0.267,0.6627183297,6.1,0.0217138426,0.1234327111,,27.03264712,59453.0,0.0230877334,0.0743243243,,82.820634169,0.7493125573
20149,KS,Pottawatomie County,7313.8061741,78.724446103,0.205,0.4530534953,8.5,0.0231934364,0.0746268657,0.949833887,9.5154721577,84434.0,0.0160564936,0.079780687,,62.178644027,0.8245266402
20151,KS,Pratt County,9403.3733442,75.645015416,0.251,0.8262531397,7.0,0.021123872,0.1106207708,0.8936,15.440608801,61078.0,0.0026209457,0.0822162645,,91.469390422,0.7069014485
20153,KS,Rawlins County,8023.9269852,77.501604393,0.255,0.5790706755,5.8,0.019205298,0.1052631579,,23.734177215,63255.0,,0.1030126336,,126.72263583,0.6861063465
20155,KS,Reno County,9624.1715539,75.253857903,0.243,0.6992148373,7.7,0.0287956305,0.1006028074,0.8763776882,15.443136745,62470.0,0.0962874406,0.1047900505,31.939715141,110.33349188,0.6920770202
20157,KS,Republic County,7564.5180444,76.539156095,0.227,0.5787334189,6.7,0.0207803223,0.0973005043,,32.313657906,54981.0,0.0059905862,0.0680197477,,99.394987035,0.7617853561
20159,KS,Rice County,8471.9873256,75.310997685,0.245,0.702662565,7.0,0.0253115265,0.1065388952,0.9180970149,19.134686935,62922.0,0.0,0.0607344633,,103.7542084,0.7712506768
20161,KS,Riley County,5337.0641135,79.688949485,0.263,0.8859767368,8.3,0.0256475946,0.1024425208,0.8958867925,11.953647972,63076.0,0.5309273336,0.1797731569,7.8515412114,43.901408412,0.4485388952
20163,KS,Rooks County,11137.310727,75.486418798,0.217,0.407399878,6.1,0.0256629598,0.1310541311,,16.621649699,59998.0,0.0054889205,0.0429141717,,118.8329782,0.7432306256
20165,KS,Rush County,17778.385061,69.029691449,0.243,0.450608931,,0.0222222222,0.1152973218,,17.082336864,55709.0,0.298037889,0.0790273556,,100.29419631,0.7959479016
20167,KS,Russell County,10340.094077,74.786972206,0.237,0.680765207,6.5,0.0234113712,0.0906543926,0.925,22.593764121,55415.0,0.1977282917,0.1243150685,,109.11557404,0.764440142
20169,KS,Saline County,9657.5940097,75.518392178,0.24,0.804099221,7.5,0.0243068238,0.0988740657,0.8817908082,14.739905963,63587.0,,0.1145353972,19.205749334,85.544466458,0.6679223284
20171,KS,Scott County,9353.0924757,76.77310383,0.278,0.8427489808,6.3,0.0195177956,0.1761892776,0.875,15.95532509,73436.0,0.0015530965,0.0644997461,,77.063475968,0.5269406393
20173,KS,Sedgwick County,10292.25065,74.839780584,0.238,0.840620132,6.7,0.0294645829,0.1234951207,0.8550700742,9.5523524095,67435.0,0.4696367482,0.1153076626,38.553203421,100.61914442,0.6228197674
20175,KS,Seward County,7827.0272066,77.185411083,0.345,0.9111728283,6.7,0.0250851657,0.1822490306,0.8865268065,11.705215844,66540.0,0.2253232562,0.1167800454,,60.549040065,0.6123751387
20177,KS,Shawnee County,10419.942121,74.952611831,0.231,0.8710126377,9.6,0.027106164,0.1012707681,0.8852504817,15.100292991,63612.0,0.4080007154,0.1148832938,31.782270759,107.99928226,0.6698287892
20179,KS,Sheridan County,13931.704654,72.426374636,0.205,0.5954229669,,0.0208183776,0.0744738262,,28.865979381,65350.0,0.0044953004,0.0559511699,,136.25070129,0.7544031311
20181,KS,Sherman County,9118.0828242,77.249089383,0.276,0.7853888983,6.0,0.0236363636,0.1344158773,,20.583190395,57628.0,0.5076767336,0.1020319931,,81.860972781,0.6649703138
20183,KS,Smith County,6336.5818107,79.008354327,0.235,0.6386554622,6.1,0.0203777336,0.0850806452,,31.135012737,55568.0,,0.062,,95.296821571,0.8301647655
20185,KS,Stafford County,10057.075085,74.161106186,0.264,0.608546169,6.9,0.0232804233,0.1312641448,,20.035061357,54808.0,0.0054027505,0.0490390987,,147.00837948,0.8222778473
20187,KS,Stanton County,7496.3747514,78.866672178,0.312,0.7408829175,6.0,0.0209723546,0.1489096573,,20.376974019,74063.0,,,,,0.8090024331
20189,KS,Stevens County,11314.15056,75.38652999,0.314,0.8386666667,6.4,0.0214936248,0.1896511897,0.925,19.323671498,68600.0,,0.1157830591,,81.784386617,0.7300167691
20191,KS,Sumner County,10708.209996,74.019994825,0.277,0.4137699937,8.9,0.0271614032,0.1015381186,0.9030898876,15.129266231,63049.0,,0.0846082522,19.27753722,92.700497934,0.7439268999
20193,KS,Thomas County,8679.0360171,77.69529325,0.228,0.7802017654,5.9,0.0187381404,0.125633895,0.9003205128,19.00418092,69774.0,,0.0914154653,,94.969199179,0.7652370203
20195,KS,Trego County,3928.963691,80.293363651,0.221,0.728988604,5.5,0.0295719844,0.1083621969,,29.069767442,56168.0,0.0220797721,0.0490566038,,71.947622131,0.779346211
20197,KS,Wabaunsee County,5823.0724032,80.564588909,0.237,0.1430856478,8.5,0.0259671436,0.0774121167,,11.397634991,69893.0,,0.0608243297,,66.24233173,0.7974006116
20199,KS,Wallace County,,,0.231,0.5317460317,5.9,0.0220417633,0.0864628821,,20.161290323,61157.0,0.3525132275,0.0369127517,,,0.7242424242
20201,KS,Washington County,6165.0675848,79.566299153,0.238,0.3273056058,7.1,0.021440536,0.1191215087,,30.903472096,58302.0,0.0063291139,0.060496614,,80.6895287,0.781105019
20203,KS,Wichita County,16153.081792,71.515732696,0.258,0.7444237918,6.2,0.0220588235,0.1583793738,,38.759689922,61825.0,,0.090487239,,143.6231329,0.8132118451
20205,KS,Wilson County,11658.142748,73.378652155,0.263,0.347054731,8.9,0.0309278351,0.1044188862,,18.557179309,54164.0,0.0156539889,0.1194029851,,138.17330211,0.7425320057
20207,KS,Woodson County,11226.274528,73.25422034,0.278,0.632423756,8.5,0.0335120643,0.094972067,,9.6494049534,40327.0,0.1101123596,0.0741989882,,102.91374542,0.8352365416
20209,KS,Wyandotte County,11750.940962,73.704342143,0.353,0.9271588526,11.0,0.0337141336,0.151225284,0.741426025,10.015324653,61088.0,0.7125587167,0.1425390506,32.727177813,105.93501526,0.6135268856
21000,KY,Kentucky,11686.526537,73.305262878,0.251,0.6984029157,8.0,0.0415882385,0.0662333076,0.9066112225,10.187686573,61099.0,0.2947379798,0.1169871478,49.892750957,110.36758141,0.6828014203
21001,KY,Adair County,13988.807907,71.659557623,0.283,0.4254351161,7.8,0.050304878,0.0737123182,0.975,5.2446635548,45974.0,0.0364492409,0.1004221954,38.224971331,108.36606892,0.7622387632
21003,KY,Allen County,12023.225565,73.105881698,0.286,0.3068777929,8.0,0.0399192644,0.0643470246,0.925,3.7602820212,56483.0,0.0275888867,0.0899894903,31.558185404,120.02419385,0.767447784
21005,KY,Anderson County,9892.1302688,74.409024053,0.265,0.294482643,8.3,0.0331781141,0.0592717198,0.92,9.0819022457,78336.0,0.0047375482,0.0794652406,45.012097001,99.56910611,0.7794860994
21007,KY,Ballard County,12005.72314,72.902476301,0.275,0.3339803313,8.5,0.0488580515,0.0647725351,0.875,16.993464052,69716.0,0.1435041408,0.0798786653,,110.3101511,0.7971803909
21009,KY,Barren County,10308.087441,73.683211227,0.276,0.5939080589,8.1,0.043903819,0.0774097711,0.9495777027,6.0195300308,51068.0,0.1347870069,0.1460130567,18.698858622,94.542213098,0.6516247496
21011,KY,Bath County,16750.111254,68.829861137,0.265,0.3683921569,7.8,0.0564427915,0.0627670687,0.925,6.2358718528,54247.0,0.3541960784,0.0904684976,105.01995379,160.39129123,0.7280202404
21013,KY,Bell County,19303.442423,67.291515354,0.315,0.8884093456,7.4,0.0561811357,0.0696347032,0.8853225806,10.60760353,35566.0,0.5856745653,0.1330243337,53.492072201,137.83872073,0.6106445518
21015,KY,Boone County,7097.9996013,77.995222605,0.219,0.9238423747,9.4,0.0355633901,0.0470988781,0.9339909039,5.4639701495,89313.0,0.3785228877,0.0819205594,37.144847912,73.853607379,0.7666315727
21017,KY,Bourbon County,11509.108838,73.786911108,0.284,0.5824116137,8.3,0.0357066724,0.0747564327,0.9469488189,9.9537152242,61530.0,,0.1521966527,61.438320907,113.77813264,0.6482529528
21019,KY,Boyd County,13628.044269,71.627547341,0.285,0.6419054723,7.5,0.0559600705,0.0604542236,0.9163706564,15.589274579,57112.0,0.0901763329,0.1185344828,95.421855815,148.84790873,0.6839503576
21021,KY,Boyle County,10411.34779,74.627199958,0.249,0.8004507742,8.1,0.0452661779,0.0601591655,0.9163716814,11.972560186,62541.0,0.2059841902,0.1335234638,46.729987611,99.883031713,0.6945620871
21023,KY,Bracken County,13860.045796,71.457858014,0.266,0.0,8.1,0.0465489567,0.0618675918,0.8804054054,13.014671084,64458.0,0.0,0.1014634146,59.57818644,146.21635226,0.7762794974
21025,KY,Breathitt County,18853.303253,67.508539243,0.311,0.2180346989,7.3,0.0754358162,0.0665284583,0.8788961039,3.7450378249,40093.0,0.2180346989,0.1017708121,63.364931312,177.44175282,0.7433116414
21027,KY,Breckinridge County,12214.588407,72.354705012,0.343,0.294733751,8.5,0.048799085,0.0816054323,0.8820895522,11.937162775,59267.0,0.039986296,0.076847567,27.361542547,107.77117558,0.8201909245
21029,KY,Bullitt County,10263.280952,75.72756828,0.248,0.7091963949,9.4,0.0407725322,0.0487200542,0.91,5.8447445012,75402.0,0.1026065169,0.0862866945,51.017128901,104.44980458,0.8390453461
21031,KY,Butler County,11443.182472,72.748711358,0.299,0.2014388489,8.3,0.0451202544,0.0929691452,0.925,13.013420089,56395.0,,0.0876446964,29.496943044,108.03425321,0.7314185486
21033,KY,Caldwell County,12822.07905,73.007959041,0.269,0.570005534,8.1,0.0388519426,0.0680167741,0.975,15.910898966,52719.0,0.05644715,0.1009470079,26.39845833,107.35203574,0.7177559283
21035,KY,Calloway County,10108.460998,74.143607941,0.248,0.7036627766,7.8,0.0438699111,0.0714914288,0.9353301887,13.798593605,51424.0,0.0192706789,0.140394948,21.825483434,87.709737857,0.6368818772
21037,KY,Campbell County,8182.5316493,77.131799591,0.205,0.9184107611,7.9,0.0363346614,0.0483437071,0.9699509804,7.5026795284,80573.0,0.6363724268,0.1295025953,47.793986518,88.416761934,0.7103130098
21039,KY,Carlisle County,12948.345647,70.941176537,0.287,0.2030667219,8.3,0.0392514833,0.0834216102,,12.711864407,58639.0,0.0704517199,0.056384743,,113.76084941,0.8139658849
21041,KY,Carroll County,14552.796149,70.717734446,0.296,0.4919518964,8.5,0.0353479853,0.0682548476,0.875,8.2281952825,62710.0,0.3665124884,0.0921319797,70.701792137,133.58318336,0.642035723
21043,KY,Carter County,15654.588305,70.374404247,0.282,0.2778007286,5.6,0.0758412335,0.0754403943,0.98,6.4406137526,50853.0,0.0620798438,0.0989739869,81.916596302,137.4389786,0.7844952271
21045,KY,Casey County,12947.038465,72.127568244,0.335,0.0998682642,7.9,0.0411629686,0.0921621401,0.925,6.9095477387,42914.0,,0.1057741441,22.98754493,105.13273007,0.7857487534
21047,KY,Christian County,13574.234951,71.491378916,0.296,0.5002749216,8.5,0.0507060595,0.0738198313,0.9,12.322521462,54934.0,0.1100786276,0.1563637851,37.349219816,107.24114495,0.5216544633
21049,KY,Clark County,13319.838141,72.753779537,0.255,0.7779400628,8.3,0.0377227091,0.053938442,0.94,8.0947626885,72386.0,0.0064373039,0.0990533681,75.184564518,138.86838667,0.7148118388
21051,KY,Clay County,16673.937012,68.257961774,0.348,0.9884000983,7.3,0.0636955236,0.0834433589,0.875,4.5196605233,36330.0,0.9884000983,0.1257475847,56.90376569,126.30819199,0.775564224
21053,KY,Clinton County,12682.703943,71.714171224,0.297,0.5201556252,7.1,0.0518950437,0.0824842987,0.975,5.4806532939,39877.0,0.0447422458,0.1194915254,49.126254474,122.64420915,0.7246145667
21055,KY,Crittenden County,13654.301897,71.837759764,0.276,0.5863181313,8.4,0.0408602151,0.0766647196,0.875,13.361541031,53894.0,0.0035595106,0.0653536258,,110.12225818,0.7756825218
21057,KY,Cumberland County,10295.65413,73.120098397,0.308,0.0713315217,7.3,0.0338541667,0.0743331876,0.975,0.0,43127.0,0.0669157609,0.1582278481,,98.03611524,0.7226337449
21059,KY,Daviess County,9961.9769439,74.932682497,0.242,0.8711088741,7.9,0.0431299509,0.061606306,0.9148504983,12.400457267,63213.0,0.4198253833,0.1096071647,23.356679199,81.819925697,0.667662852
21061,KY,Edmonson County,8976.1368469,75.263762858,0.298,0.4074715487,8.1,0.0507443909,0.079452339,0.925,0.0,56545.0,0.3671449777,0.0580524345,,81.673990101,0.8286579213
21063,KY,Elliott County,10154.707745,76.331895252,0.301,0.1208865923,7.1,0.0824906865,0.0507712082,,0.0,43501.0,0.1070165896,0.0975268315,,102.506002,0.8331148973
21065,KY,Estill County,16583.462761,69.463871398,0.312,0.6100402457,7.5,0.0498248346,0.0784801136,0.925,11.392765594,45129.0,0.5645696533,0.1201086957,123.09149012,172.92945329,0.723559322
21067,KY,Fayette County,9020.9230393,76.733811579,0.229,0.9740831447,7.9,0.0337734688,0.0758054568,0.88,11.300246295,67320.0,0.8412375608,0.1473621193,49.954751131,94.744910637,0.5361349172
21069,KY,Fleming County,11529.322796,72.560050206,0.312,0.4698978915,7.8,0.0480801903,0.0768608414,0.925,6.5410779696,50804.0,0.1235910357,0.0983421251,35.464922975,90.384200302,0.7560131511
21071,KY,Floyd County,19361.15859,66.955242249,0.304,0.260057871,7.3,0.0598730801,0.0714643752,0.88,5.7178798102,40604.0,0.0447387458,0.1373878966,88.381198563,151.13777878,0.721230982
21073,KY,Franklin County,11856.056233,72.996457275,0.226,0.7269746415,8.3,0.0355175011,0.0644502914,0.9292233857,20.539849245,66920.0,0.2475116897,0.1210654848,57.63987384,115.52887636,0.643693454
21075,KY,Fulton County,17912.769479,68.334841426,0.356,0.4319263239,7.7,0.049904943,0.0684838928,,10.96834848,41088.0,0.005372218,0.1235906331,,129.30337805,0.6407377706
21077,KY,Gallatin County,12176.765607,71.581033442,0.281,0.465132336,8.5,0.0402429765,0.0658883521,0.925,0.0,66789.0,,0.077836824,91.195804993,143.12326775,0.7341538462
21079,KY,Garrard County,11374.148533,73.671747019,0.277,0.3314457618,7.9,0.0392355398,0.0874902985,0.925,5.1168343851,62980.0,0.0033032502,0.1055949567,68.350104424,111.49540366,0.7975849057
21081,KY,Grant County,12411.430161,72.045569167,0.288,0.6264383946,8.0,0.0404949381,0.0656080234,0.9012627986,7.4503960474,68309.0,0.2516338559,0.088871188,70.928506692,134.57565131,0.7377368706
21083,KY,Graves County,10917.038763,73.030009153,0.294,0.3184534367,8.3,0.0419834926,0.0725233645,0.9421153846,10.43611996,53947.0,0.0535894567,0.120059657,12.745231918,100.85236515,0.7638496326
21085,KY,Grayson County,13588.727912,71.040319407,0.292,0.2756245269,8.3,0.0458706661,0.0748221906,0.92,6.0080357478,54543.0,0.2015140045,0.105904302,28.88177309,121.61682391,0.7621776504
21087,KY,Green County,11040.136294,73.816428667,0.338,0.3639146484,8.0,0.0379289585,0.0794642857,0.875,14.078310603,48153.0,,0.096828855,,93.456264266,0.7655894401
21089,KY,Greenup County,12736.904766,72.509889353,0.266,0.7909459986,7.9,0.0653426791,0.061249131,0.9367724289,7.9089342711,59151.0,0.0896223792,0.0948182409,64.201214158,132.74110379,0.8050684932
21091,KY,Hancock County,9527.1460219,74.788280739,0.249,0.2518966465,8.5,0.0455525606,0.0585665529,0.875,12.193770092,70998.0,0.0013194063,0.1057082452,,81.251269551,0.7839977382
21093,KY,Hardin County,10822.215988,73.714392395,0.249,0.6846488772,7.4,0.0411412425,0.0593047693,0.9033727134,8.2244193739,65472.0,0.1866090947,0.0976610684,39.429114219,98.544845098,0.6232034035
21095,KY,Harlan County,20676.676408,65.66415795,0.355,0.597107823,7.0,0.0660451888,0.0660949283,0.858515625,8.1833060556,36916.0,0.1864634192,0.1115848586,59.437667976,136.3520811,0.7082857143
21097,KY,Harrison County,12273.085916,72.350387288,0.274,0.5702439546,8.2,0.0376025524,0.0620249903,0.91,8.8991257918,63689.0,0.2154397603,0.1286855483,66.69826058,125.74363093,0.7038264954
21099,KY,Hart County,10749.573176,73.225580772,0.313,0.3381895479,8.1,0.043986711,0.0789802549,0.975,9.1836734694,51921.0,0.06268146,0.1163093859,29.273500594,87.487241444,0.7370534478
21101,KY,Henderson County,11101.431194,73.323170621,0.255,0.6396981671,8.7,0.0398374789,0.068643193,0.9,13.168051582,58742.0,0.4655861407,0.1350338424,23.28813432,83.96005645,0.6431899447
21103,KY,Henry County,12702.269712,72.690322478,0.284,0.2120806225,8.6,0.0366144201,0.0765751716,0.7910493827,8.8770528185,66530.0,0.0218777905,0.1350175673,61.059058848,129.19086382,0.7580933789
21105,KY,Hickman County,14520.680861,71.454230415,0.267,0.5321831453,7.8,0.0447303922,0.0721138966,,11.307100859,56348.0,0.0829462508,0.031511254,,131.75230567,0.7475609756
21107,KY,Hopkins County,11560.283458,72.278422026,0.294,0.6186073135,8.4,0.0442618461,0.0681120598,0.8860810811,17.182897438,55080.0,0.1084692777,0.0954659509,17.08614388,87.802964799,0.7175408663
21109,KY,Jackson County,13111.550107,71.127002019,0.343,0.6708606716,7.5,0.0563654033,0.0744700984,0.875,0.0,44713.0,0.6708606716,0.1019335855,35.626129221,131.68250893,0.7972083749
21111,KY,Jefferson County,12651.592031,73.299649372,0.242,0.9126491598,9.8,0.0391120399,0.0629692419,0.85,9.8267517801,64977.0,0.4753994092,0.1344232431,70.642271076,131.6649719,0.6181631612
21113,KY,Jessamine County,9935.1268728,75.686154924,0.216,0.90071899,8.4,0.0349795013,0.0751445087,0.94,12.349319866,75155.0,0.4070502538,0.1226297145,61.134885789,109.27059102,0.6926444388
21115,KY,Johnson County,16084.194478,69.363025251,0.335,0.6005291005,7.3,0.0657087262,0.0668438613,0.9412759644,4.9451537493,45126.0,0.0383156966,0.1391019997,35.927068052,110.43671886,0.6640280448
21117,KY,Kenton County,8771.1135387,76.307475632,0.22,0.8609224909,9.6,0.0368060749,0.0539408678,0.9199458158,6.8697046027,79604.0,0.3856054512,0.1004002668,53.175042392,97.644403108,0.7003683813
21119,KY,Knott County,20880.826114,67.113046842,0.336,0.1314995439,7.1,0.0667293233,0.0716198126,0.875,5.7661813464,42345.0,0.1314995439,0.1173447537,117.81615966,214.17418579,0.7081497797
21121,KY,Knox County,15275.421715,69.530801696,0.306,0.3357400722,7.4,0.0584747495,0.0731860407,0.815125,8.7274680273,37640.0,0.071937204,0.150771666,42.988470272,99.888360068,0.655571252
21123,KY,Larue County,12354.828797,72.709290615,0.321,0.5654805946,8.2,0.0441100156,0.0905540639,0.975,12.53050188,66310.0,0.1401089662,0.1399857702,31.37465824,106.37282311,0.7566208515
21125,KY,Laurel County,11683.959262,72.480017385,0.292,0.6969479182,7.7,0.0449793338,0.0717961714,0.8,4.7706130238,52093.0,0.3015028828,0.1066490813,34.818195453,96.376628181,0.714956996
21127,KY,Lawrence County,14424.408913,70.506982658,0.299,0.2769901185,7.3,0.0573829103,0.0765039902,0.875,5.5869389782,46200.0,0.0531516602,0.0845627924,62.715584823,135.91961688,0.762601626
21129,KY,Lee County,16473.256415,68.266899629,0.359,0.798647735,7.4,0.0580046404,0.0673671199,,4.1316623055,37939.0,0.7954022989,0.0877120397,104.64058235,192.22319859,0.7501918649
21131,KY,Leslie County,16776.780672,68.694172702,0.318,1.0,6.9,0.0690894569,0.0535737118,0.925,3.9631427722,39855.0,1.0,0.1100729927,43.321780858,165.90709203,0.8257866462
21133,KY,Letcher County,18645.980475,67.682326583,0.283,0.6699925747,6.8,0.062594395,0.0708675911,0.9292194093,5.2649212655,41737.0,0.3288936328,0.0828474576,58.397386322,144.17990656,0.7260666906
21135,KY,Lewis County,15648.997645,70.033723231,0.341,0.0398318043,7.6,0.08030679,0.0755616065,0.925,2.3158869847,46340.0,0.0264525994,0.0786184958,63.770629799,124.74328744,0.7900101937
21137,KY,Lincoln County,14551.402225,70.466571552,0.273,0.4010298661,8.0,0.0514049227,0.0757283525,0.91,11.083743842,51359.0,0.0809062822,0.1047006217,60.217055112,138.22774043,0.7775712515
21139,KY,Livingston County,13207.483085,71.010656123,0.249,0.4305805581,8.4,0.0503161947,0.0572579485,0.975,15.619770166,57586.0,0.0289153915,0.0743621655,,92.513050948,0.8078241005
21141,KY,Logan County,10817.256264,73.799810133,0.267,0.4298993876,8.2,0.0411512453,0.0661695763,0.8985626911,13.631308964,61186.0,,0.0875676702,20.466146586,86.763151179,0.753982787
21143,KY,Lyon County,8310.0252819,76.02094838,0.249,0.6362903226,8.0,0.0440849984,0.0854847963,0.975,7.6914624767,63989.0,0.065437788,0.1143302181,,125.42597501,0.8156862745
21145,KY,McCracken County,11387.19156,73.794984253,0.268,0.8636022099,8.8,0.0404521517,0.0659398995,0.8982544379,16.002370722,60801.0,0.1887145488,0.1142061281,19.941372365,95.36686062,0.6742038333
21147,KY,McCreary County,14729.70965,69.594078236,0.342,1.0,7.2,0.0592927986,0.0803600389,0.91,4.1913657865,36348.0,1.0,0.1146572104,35.528185694,94.955628759,0.7442359249
21149,KY,McLean County,8599.5552305,74.507585311,0.26,0.0152972028,8.4,0.0461899791,0.0704900082,0.925,19.769357496,58403.0,,0.072791312,,80.893766807,0.8118070953
21151,KY,Madison County,11055.100874,73.828346266,0.246,0.7767769495,8.2,0.0385503034,0.0608216693,0.9206338028,7.7741708427,65438.0,0.0327828179,0.1111489072,78.840481772,115.66160354,0.6240128533
21153,KY,Magoffin County,18906.463502,68.147268595,0.366,0.0582624388,7.2,0.098334401,0.0761348612,0.875,3.5220568812,40162.0,0.0582624388,0.1706138231,91.766797626,168.36717514,0.7754163015
21155,KY,Marion County,12580.975011,73.169031425,0.295,0.4709667535,8.1,0.0344497608,0.0618949472,0.94,5.0568900126,54466.0,0.0121035698,0.1119054166,59.509640562,127.19122791,0.772859025
21157,KY,Marshall County,9526.8186096,74.800307464,0.256,0.5895637891,8.4,0.0396884024,0.0621921182,0.92,18.252194984,61426.0,0.2493129916,0.0928327102,15.841500507,85.361736283,0.8206844106
21159,KY,Martin County,14340.516625,70.597751746,0.368,0.3561619562,7.1,0.0832575068,0.0662816643,0.975,3.60522758,35522.0,,0.1379710145,72.145734383,121.89875233,0.8015247776
21161,KY,Mason County,12340.344996,72.223066492,0.285,0.6521028037,7.9,0.0515081206,0.0731815494,0.95,15.35735381,56706.0,0.0358060748,0.1291829967,47.15498271,96.33911368,0.6858668976
21163,KY,Meade County,9457.390339,75.075555919,0.255,0.501249875,8.9,0.0457884845,0.0626637035,0.96,5.9998000067,69228.0,0.0770589608,0.0919875535,37.183936539,97.236963742,0.7318021856
21165,KY,Menifee County,16657.394026,70.009218172,0.318,0.8445934893,7.4,0.062310688,0.0673469388,0.875,4.8,44734.0,0.8445934893,0.0811861935,58.05974876,156.80863075,0.7264348555
21167,KY,Mercer County,10738.084164,73.411193631,0.245,0.4947219646,8.3,0.0405856918,0.0647606671,0.9707081545,10.916077198,67348.0,0.2590433285,0.0871651786,53.222158159,105.9740633,0.7713691584
21169,KY,Metcalfe County,12509.705016,71.759117594,0.307,0.558137274,7.8,0.0475819033,0.0636221231,0.825,7.7145612343,40690.0,0.0296519541,0.064016004,,102.20527536,0.7526501767
21171,KY,Monroe County,11281.441729,72.249161624,0.297,0.4750396895,7.5,0.0427542754,0.0811759544,0.925,7.0453544694,44605.0,0.0576821309,0.0997596154,,95.404091368,0.6921064108
21173,KY,Montgomery County,13179.622783,71.888312759,0.292,0.3221170947,8.0,0.0478373702,0.0658923005,0.89,7.4029682377,54848.0,0.007007185,0.1005505651,80.215165385,123.99739251,0.6628310502
21175,KY,Morgan County,11957.93984,73.004036632,0.312,0.5037155763,7.3,0.0512585812,0.0858921162,0.975,2.8328611898,44587.0,0.1190441498,0.1068996823,38.946497249,100.38974844,0.7823888772
21177,KY,Muhlenberg County,12122.998172,72.904494169,0.27,0.6136187274,8.3,0.060995347,0.0687842183,0.87,20.029551798,52291.0,0.1198913606,0.0919188386,18.557736393,109.80248624,0.8193851051
21179,KY,Nelson County,10516.376491,74.235038575,0.228,0.6140613633,8.5,0.0358274536,0.0542819903,0.9479667283,9.0732613099,65928.0,0.0930078309,0.0986328666,46.828437633,105.99766548,0.7727151754
21181,KY,Nicholas County,11023.98269,72.679113366,0.289,0.0818628101,7.9,0.0427013931,0.0705809832,0.925,11.531069827,52978.0,0.0818628101,0.1214450423,52.744934289,126.39165277,0.7154826958
21183,KY,Ohio County,11567.074308,72.787288029,0.291,0.3790173313,8.4,0.0556110556,0.0787339372,0.91,11.901219875,55512.0,0.1423944136,0.1031141869,,85.574059315,0.7856908793
21185,KY,Oldham County,5388.8566122,79.714395933,0.184,0.9198603695,9.2,0.0338348154,0.0364521132,0.97,6.0491711195,120818.0,0.2145487893,0.0630854867,16.088535699,59.39997163,0.8805272298
21187,KY,Owen County,12546.413964,72.641591315,0.286,0.2343500621,8.3,0.0373524289,0.0764097431,0.925,10.628875111,64868.0,0.068806526,0.0929896411,50.593732329,146.25690658,0.8784322929
21189,KY,Owsley County,23920.396795,64.495247653,0.318,0.8425080227,7.3,0.0660550459,0.0638573744,,0.0,35000.0,0.5652925204,0.1043745203,81.879963973,232.22748815,0.6826029216
21191,KY,Pendleton County,13014.59782,72.098030657,0.277,0.2919284349,8.1,0.0398133294,0.0679442509,0.975,9.5393840283,71116.0,0.036738596,0.1303915723,56.98785019,123.30794103,0.7399212451
21193,KY,Perry County,21360.107996,65.678984073,0.292,0.3253959892,7.3,0.0560010023,0.0661239711,0.9289768977,4.3858046124,42519.0,0.1214483897,0.0891476568,94.122309464,168.93420616,0.721863101
21195,KY,Pike County,16442.455614,69.327587604,0.327,0.4022226389,6.6,0.0566197481,0.0704611379,0.8787136628,7.6395551292,46402.0,0.0794627486,0.1411209545,68.5276512,146.33534486,0.7514417768
21197,KY,Powell County,16951.625863,68.561898247,0.285,0.8654124457,,0.0439945493,0.0623584906,0.875,5.3504547887,46014.0,0.2830375505,0.1256544503,78.055888016,148.65185419,0.6921581335
21199,KY,Pulaski County,12730.824151,72.132216154,0.295,0.5371497986,7.3,0.0482866044,0.0791320017,0.9275317348,8.0553233528,54487.0,0.1218900883,0.1316535688,47.776851607,110.61743527,0.7186342593
21201,KY,Robertson County,14500.33123,71.746796701,0.315,0.0173278614,7.8,0.0522959184,0.0666666667,,17.945266936,55507.0,0.0173278614,0.1683029453,,119.65025311,0.7534766119
21203,KY,Rockcastle County,16971.463533,69.202219468,0.337,0.5706803018,7.7,0.0465655941,0.0683210547,0.92,6.1568772319,49406.0,0.2173099707,0.1080626157,65.163825931,119.92441128,0.7640012446
21205,KY,Rowan County,13748.940412,71.803158674,0.296,0.9743329819,7.4,0.0520730988,0.0617053924,0.95,4.5104149582,51712.0,0.8353337118,0.1200672646,78.451529129,108.96612292,0.6308186196
21207,KY,Russell County,12997.235266,72.080457835,0.342,0.6253682397,7.7,0.053213327,0.0752975981,0.975,9.3519639124,47397.0,0.037296426,0.1106169297,22.086431569,108.79701585,0.7350901526
21209,KY,Scott County,8790.0696612,75.681537499,0.231,0.6568454203,8.5,0.0334410659,0.0447250879,0.89,6.7683040322,81956.0,0.0170413787,0.0763743181,44.363301312,91.048827097,0.7214611872
21211,KY,Shelby County,8676.2924079,76.216977123,0.242,0.701362738,8.7,0.0348205855,0.0702068166,0.88,9.6142044757,76693.0,0.1194632269,0.0979780474,40.827991671,92.842535787,0.7405042017
21213,KY,Simpson County,11054.795175,73.040605654,0.257,0.5305705828,8.1,0.0375990182,0.0587687147,0.94,9.5242869317,60371.0,,0.1425642428,29.158519433,89.095730742,0.6628950449
21215,KY,Spencer County,8169.9976089,76.223435299,0.25,0.3976911237,8.8,0.0369694642,0.0538929156,0.96,6.4343694318,97726.0,0.0525910723,0.073383809,25.123523993,75.625958099,0.8661852167
21217,KY,Taylor County,13038.254049,71.656637684,0.271,0.6752488184,7.9,0.0380095024,0.0637283805,0.9162365591,15.147498769,52832.0,0.068055182,0.087176781,54.882640493,123.39299899,0.6756595321
21219,KY,Todd County,11429.77289,73.005812123,0.306,0.3371722617,8.1,0.0376098418,0.1264593348,0.975,14.51144792,57288.0,0.0166625827,0.0974639483,40.390984732,126.33215639,0.7410915652
21221,KY,Trigg County,12993.112414,72.459622761,0.263,0.6533674703,7.8,0.0467885293,0.0831591384,0.925,17.443483115,57844.0,0.1093094375,0.1400702988,,108.82442075,0.7421823021
21223,KY,Trimble County,12330.443384,72.184900944,0.263,0.4437101723,8.6,0.0387389794,0.0670176437,0.925,5.8554865909,65885.0,0.0,0.1006503561,,134.00413767,0.819957278
21225,KY,Union County,10035.050989,73.34532542,0.301,0.6900058531,8.5,0.0485503517,0.0687359248,0.925,12.344726487,60771.0,0.0654814164,0.0865306122,29.305460584,110.26147722,0.7174336973
21227,KY,Warren County,9208.1630268,75.346133211,0.237,0.6584196679,8.3,0.0393491615,0.0923537998,0.9621437198,8.7955778981,62108.0,0.1855314595,0.1414178036,23.32559863,73.846609198,0.5670749705
21229,KY,Washington County,10519.175185,74.202198536,0.256,0.1820071506,8.2,0.0332526231,0.0667909289,0.975,14.095016997,59071.0,0.0268562401,0.0916981972,33.076074972,95.932780893,0.7815053763
21231,KY,Wayne County,13029.295951,72.655321067,0.346,0.3416517515,7.1,0.0559225011,0.0785561211,0.94,6.6053554189,42721.0,0.0913321401,0.1460703544,30.287733468,99.76953238,0.7198555057
21233,KY,Webster County,15678.857738,70.092942035,0.3,0.2548974418,8.4,0.0420930682,0.0915871122,0.875,17.28744303,59260.0,0.0044557118,0.0785026738,28.599656804,105.40184453,0.7300813008
21235,KY,Whitley County,16850.03563,68.536368817,0.279,0.7782741338,7.6,0.0478070175,0.0674168763,0.9338500852,7.0512298972,43910.0,0.4596589671,0.125048939,60.763810163,130.76615837,0.6672807664
21237,KY,Wolfe County,22193.406371,65.455137251,0.383,0.3163669613,7.3,0.0630331754,0.0755652519,0.925,0.0,40949.0,0.3163669613,0.122254455,99.935042223,183.42213294,0.6986247544
21239,KY,Woodford County,9362.7605143,76.684202948,0.2,0.8446652525,8.5,0.0311863025,0.0584056451,0.95,10.346611485,78344.0,,0.0813712935,43.262218487,96.147396194,0.7156287815
22000,LA,Louisiana,12185.439518,73.31319635,0.275,0.7557090248,8.3,0.036890959,0.0826555504,0.8387405248,9.3175935643,58273.0,0.2806226259,0.1494293154,48.594454994,113.74123817,0.673187832
22001,LA,Acadia Parish,14439.606763,70.606976923,0.314,0.4582638599,8.3,0.0371332775,0.0835958117,0.88,8.106583956,43133.0,0.0391308879,0.1206380857,43.762432509,109.59908057,0.679502067
22003,LA,Allen Parish,13700.71989,70.659983085,0.303,0.6671208791,7.9,0.0419992632,0.0721925134,0.94,12.992831541,47937.0,0.0577142857,0.110790378,51.102247079,125.74067834,0.7683770727
22005,LA,Ascension Parish,9275.6785968,76.318923382,0.246,0.789083004,8.7,0.0296692462,0.0647766739,0.9,4.9057934354,89558.0,0.0164031621,0.0943196129,51.35589896,96.435638604,0.8285763154
22007,LA,Assumption Parish,12175.033347,73.994663742,0.331,0.3561481059,8.2,0.0433792554,0.0969045251,0.925,6.3094544749,54511.0,0.0009981463,0.099530278,44.505197571,96.16731245,0.8552256532
22009,LA,Avoyelles Parish,14474.526044,71.074164537,0.364,0.3445695715,7.9,0.0421961326,0.0931500274,0.9235181237,9.03202498,44650.0,0.0928879147,0.1493934402,52.563309115,130.94344754,0.6871389271
22011,LA,Beauregard Parish,11152.101882,73.41021837,0.277,0.214205587,8.3,0.0358050993,0.0890604027,0.94,13.398960897,57108.0,,0.0720458891,23.416039987,74.817665581,0.8317142648
22013,LA,Bienville Parish,17835.858784,68.687280103,0.381,0.331099299,8.6,0.0433248383,0.0715020576,0.875,13.448303141,39743.0,0.0295816963,0.1192339374,,98.538853562,0.7061751152
22015,LA,Bossier Parish,8647.0678914,75.944593972,0.282,0.7367452193,9.5,0.0323392953,0.0829689417,0.88,6.5750796745,71061.0,0.1608904354,0.138423013,14.778516704,66.414655605,0.660739816
22017,LA,Caddo Parish,14192.521052,71.430548568,0.304,0.8307658673,9.6,0.0405524044,0.0823371323,0.8,12.531383037,50773.0,0.2148893411,0.1755328056,12.435748632,97.402432693,0.606456167
22019,LA,Calcasieu Parish,11760.695434,73.467422067,0.289,0.7429573079,7.5,0.0344509483,0.0805603147,0.9324565087,10.670987758,63912.0,0.0785524829,0.1320358348,34.532986367,93.753869558,0.7224365219
22021,LA,Caldwell Parish,13531.281149,70.751652556,0.33,0.6517366511,7.9,0.0395663957,0.089280677,0.975,11.513502198,48050.0,0.1140487299,0.161673094,,116.70283772,0.6901790559
22023,LA,Cameron Parish,7693.8058892,78.468735374,0.283,0.7838703934,7.8,0.0277942046,0.0660282258,0.975,12.239902081,66189.0,0.1294285206,0.0589717742,,77.60460454,0.9690265487
22025,LA,Catahoula Parish,13444.669337,70.884137177,0.311,0.1537165956,7.7,0.0428491931,0.0835171762,0.775,19.845902405,40139.0,0.1537165956,0.1086261981,,89.717499289,0.7597529259
22027,LA,Claiborne Parish,11645.350094,73.768926846,0.396,0.6319689485,8.4,0.0396149574,0.0957136445,0.975,6.5483119907,39576.0,0.185109386,0.1065116279,,114.81362811,0.7049212991
22029,LA,Concordia Parish,15586.252804,70.493086401,0.364,0.5181677102,7.7,0.0471356055,0.0925542916,0.8362453532,9.3839699713,43136.0,0.0654465671,0.174034972,,117.78812993,0.7037262357
22031,LA,De Soto Parish,11308.52258,73.788435116,0.302,0.4728479785,8.8,0.0413155002,0.0809403153,0.97,10.427140357,53165.0,0.009212293,0.1034408602,,88.761085966,0.7524531235
22033,LA,East Baton Rouge Parish,12989.898247,73.187707433,0.274,0.9608149201,8.3,0.0339963245,0.0761406308,0.7737971965,11.386235307,60205.0,0.6894616895,0.1704263788,57.160975131,128.47316965,0.5906059017
22035,LA,East Carroll Parish,13141.216934,71.083969434,0.418,0.847030433,8.3,0.0879382056,0.0879067508,0.875,8.5836909871,34604.0,0.0156857488,0.2833684211,,86.462806583,0.5996810207
22037,LA,East Feliciana Parish,14292.444807,71.06038077,0.288,0.4237166692,8.1,0.0351098762,0.0664815672,0.775,5.7486281683,58360.0,0.0104918368,0.057865893,47.075233197,143.01372723,0.8384332925
22039,LA,Evangeline Parish,13358.55969,71.135148229,0.371,0.5573724884,8.0,0.0392622951,0.0817407684,0.87,7.5032826862,46178.0,0.0455641422,0.1566254646,28.724724807,117.45732283,0.6482843137
22041,LA,Franklin Parish,14083.292525,70.945325838,0.351,0.4047233741,8.1,0.0518163125,0.094379085,0.875,12.430080796,42066.0,0.0526954587,0.1529823538,,103.16577324,0.7370425792
22043,LA,Grant Parish,11306.902456,72.880692792,0.332,0.7053994316,8.0,0.0371009491,0.0785504282,0.975,10.909090909,58560.0,0.7053994316,0.0704614937,22.559783426,103.26775083,0.8209867964
22045,LA,Iberia Parish,13642.223654,71.685627385,0.328,0.6867108067,8.3,0.041164075,0.0862727517,0.87,5.7078460931,51770.0,0.0009438144,0.1420989625,33.447572143,112.65933661,0.679854107
22047,LA,Iberville Parish,13473.15316,71.891074879,0.333,0.6076518634,7.5,0.0417596659,0.0785320582,0.88,5.7615400258,54265.0,0.0034721074,0.1065360784,50.328227571,106.61933704,0.757342277
22049,LA,Jackson Parish,11806.535306,73.346100637,0.339,0.1665890493,8.3,0.0327455919,0.073645497,0.925,14.151897028,51215.0,0.0149690639,0.0892605279,24.288458566,87.086501592,0.7038557658
22051,LA,Jefferson Parish,10824.921551,75.182297337,0.291,0.9765393699,8.1,0.0346731554,0.1090153123,0.7057559223,6.9267687915,61168.0,0.6428475819,0.1687920714,66.025862323,118.9736025,0.623128383
22053,LA,Jefferson Davis Parish,13402.696625,71.335254725,0.293,0.4876899225,8.2,0.0376894715,0.0834192735,0.98,8.7428963967,62563.0,0.0862015504,0.1113807983,54.405256385,120.48268771,0.7633287765
22055,LA,Lafayette Parish,9850.2817447,75.759984478,0.264,0.8289245635,8.2,0.0319157177,0.0866728662,0.858457539,7.625087749,64181.0,0.0192593267,0.1346811294,45.76293446,90.800735217,0.6610304256
22057,LA,Lafourche Parish,10655.661585,74.560347861,0.312,0.6946913087,8.5,0.0316852789,0.0820255202,0.91,4.2766245958,60107.0,0.1776499892,0.1183137409,37.460906623,95.74706338,0.7830842046
22059,LA,LaSalle Parish,10507.947811,72.988484753,0.301,0.6225407342,7.7,0.0303030303,0.0894949107,0.975,13.578654355,57556.0,0.0281252113,0.0716948038,,90.062237038,0.8285889822
22061,LA,Lincoln Parish,10121.571138,74.971476925,0.305,0.7559922308,8.5,0.037736738,0.0803731511,0.91852,12.674271229,47851.0,0.0680014877,0.2088849135,9.1015381599,58.284164868,0.535085328
22063,LA,Livingston Parish,11381.527813,73.889545914,0.281,0.6159247129,8.7,0.0297258538,0.0709776313,0.91,6.6026612767,73745.0,0.0651944729,0.0894827065,78.083617966,124.31300707,0.8127214672
22065,LA,Madison Parish,15091.348259,70.279308173,0.39,0.8331835879,8.3,0.0548377835,0.0688805104,0.625,3.165224731,34704.0,0.0334431467,0.1158095238,,98.031677687,0.5639072848
22067,LA,Morehouse Parish,17460.434734,68.173509542,0.383,0.574895626,8.5,0.059369783,0.078731098,0.82,14.726335597,37255.0,0.0421007452,0.1870519713,42.063556677,148.42300557,0.6661212803
22069,LA,Natchitoches Parish,15749.999313,70.401656064,0.336,0.7086498734,8.4,0.040641033,0.0745219749,0.8636381323,12.273954668,47476.0,0.081007597,0.156194995,26.045408823,120.64136564,0.6226963425
22071,LA,Orleans Parish,13811.44426,73.670927903,0.266,0.9594762459,7.9,0.0445859147,0.0797533143,0.7776588046,10.006788389,53729.0,0.7931728633,0.2450945391,90.125295284,160.16931738,0.5054559525
22073,LA,Ouachita Parish,13454.831145,71.951383919,0.293,0.7570712362,7.3,0.0378371414,0.0760751832,0.8685689949,12.491915131,52904.0,0.1121981942,0.1974507816,33.481976247,116.91042318,0.5949937504
22075,LA,Plaquemines Parish,9581.9004032,75.828962944,0.288,0.4511588348,8.3,0.03267773,0.0847881656,0.87,6.6619292947,71460.0,0.0532000851,0.1283924843,53.676086578,90.878404695,0.7386585366
22077,LA,Pointe Coupee Parish,13129.346381,72.280266365,0.33,0.4238847673,7.9,0.0375510204,0.0769681578,0.825,4.4662795891,57045.0,0.0011561807,0.1149271682,43.52311561,121.09057196,0.7745671787
22079,LA,Rapides Parish,15366.004809,70.449233202,0.298,0.7085054183,7.3,0.0349305048,0.0793241667,0.86,12.972819977,52379.0,0.2095167778,0.1376022966,53.848755235,128.44776768,0.652918208
22081,LA,Red River Parish,12457.288004,71.563905276,0.351,0.5242782152,8.5,0.0351108765,0.0769896194,0.775,10.781671159,46817.0,0.0161417323,0.1131578947,,111.97093732,0.7668221186
22083,LA,Richland Parish,13499.055009,71.539745654,0.348,0.5092052088,8.3,0.0457940492,0.0890945142,0.8135321101,11.600928074,45093.0,0.1331138053,0.1244268775,33.531729399,98.040196481,0.670390291
22085,LA,Sabine Parish,13188.543706,71.972077065,0.33,0.3743624464,8.4,0.0377922494,0.0996492063,0.995,11.826245167,53183.0,0.0708192282,0.1124389617,,99.275718886,0.803182086
22087,LA,St. Bernard Parish,13012.842913,73.155863421,0.333,0.652979618,7.9,0.0420324021,0.089668616,0.93,4.4965039682,52139.0,0.3219769674,0.1539026998,87.986860629,136.74901997,0.7013858128
22089,LA,St. Charles Parish,9796.1029537,75.321733304,0.247,0.769339093,8.6,0.0320892495,0.0545139959,0.91,7.0591003569,81482.0,0.0889455556,0.1319200351,45.435056666,88.085232949,0.8268177425
22091,LA,St. Helena Parish,19091.822802,69.983794037,0.35,0.0352564103,7.8,0.0528531338,0.0833636695,0.825,11.088523378,46835.0,,0.0783835096,53.43391482,162.80717884,0.7449402585
22093,LA,St. James Parish,11081.801064,74.524663265,0.294,0.3381041997,8.5,0.0446801309,0.0595982878,0.95,7.7228028626,64089.0,0.3050217908,0.0657459358,38.402457757,107.81671159,0.8546261431
22095,LA,St. John the Baptist Parish,11024.332993,73.628950202,0.32,0.6527061704,8.6,0.0441246495,0.0692631318,0.67,5.5187637969,63183.0,0.2685217883,0.1128391101,31.331844401,97.864557353,0.7968100791
22097,LA,St. Landry Parish,16088.88905,69.647799499,0.346,0.5088684274,8.3,0.0447686117,0.0853583025,0.8186630286,7.4596749538,43051.0,0.2073903562,0.1415154038,39.545995662,120.92488029,0.7003919338
22099,LA,St. Martin Parish,11427.199442,73.313374288,0.306,0.6311549829,8.5,0.035662366,0.0787168532,0.82,4.0986806152,54516.0,0.0517897502,0.1044418406,39.170358955,101.98567634,0.7886590192
22101,LA,St. Mary Parish,13601.367694,71.826945749,0.348,0.8490669149,8.0,0.0419705157,0.09313324,0.93,7.3238611396,51179.0,0.16400842,0.1280213843,48.492909644,107.60946799,0.6984228816
22103,LA,St. Tammany Parish,8688.3345327,76.543544781,0.262,0.8159882073,9.0,0.032631438,0.080252259,0.8,6.9164138577,78484.0,0.2491325547,0.1271857571,50.73831065,115.05125594,0.7882288016
22105,LA,Tangipahoa Parish,13159.996441,72.060958773,0.282,0.5957854262,7.5,0.0428885247,0.0842488197,0.73,8.1723191874,55432.0,0.178278273,0.1393392891,66.49878982,123.53058378,0.7151879819
22107,LA,Tensas Parish,13774.691522,72.250639078,0.419,0.1801302146,8.0,0.0514372163,0.1029033444,,7.8003120125,35670.0,0.0831926694,0.1335689046,,91.07031587,0.6961325967
22109,LA,Terrebonne Parish,11983.559617,73.186461338,0.298,0.8439039971,7.4,0.0337901962,0.0954699531,0.86,4.8670623938,62566.0,0.072376346,0.1175110575,55.048198099,107.18841484,0.7362634736
22111,LA,Union Parish,14498.521572,71.11736144,0.317,0.5176481736,8.5,0.0416666667,0.0741637464,0.9074742268,11.582452584,52753.0,0.0967925333,0.1546171322,25.007033228,91.311566132,0.760761489
22113,LA,Vermilion Parish,10383.585135,74.077740485,0.303,0.4879094824,8.3,0.0363590981,0.0814637149,0.97,5.6187666807,53711.0,0.0532784742,0.0869522354,33.422845091,80.921895006,0.7425390162
22115,LA,Vernon Parish,11102.121827,72.958113719,0.286,0.5600820513,8.1,0.0458338446,0.0756939674,0.98,7.1962240989,55872.0,0.1021538462,0.0978183543,20.954403219,79.763798928,0.5576771432
22117,LA,Washington Parish,17972.497506,68.932705153,0.316,0.4898268922,8.8,0.0427046263,0.0742825639,0.8062817259,7.9955580233,45073.0,0.0140113939,0.1157724387,76.509405507,177.95694928,0.6938417087
22119,LA,Webster Parish,15963.932924,69.532801441,0.351,0.5835204371,8.8,0.0440646847,0.0803629294,0.88,14.027999888,47088.0,0.1288716964,0.1763399467,15.486927211,97.374109187,0.6819998645
22121,LA,West Baton Rouge Parish,11218.285045,74.485588312,0.303,0.8572741645,8.6,0.0328243185,0.0576678507,0.85,4.9939359349,73173.0,0.0787161293,0.1060421736,44.784429543,121.02427865,0.7585576923
22123,LA,West Carroll Parish,12773.807622,71.743159075,0.347,0.3160701467,8.3,0.0621387283,0.090080429,0.975,21.10817942,47030.0,0.0025638396,0.097425395,37.018340905,114.50307606,0.7375483871
22125,LA,West Feliciana Parish,14259.278443,73.719790582,0.265,0.4946440235,,0.0264365706,0.0525700935,0.925,5.8513750731,74368.0,0.0991508818,0.1006655574,71.21277514,135.7150243,0.7877780619
22127,LA,Winn Parish,15957.979451,70.103239306,0.332,0.7239549255,7.9,0.0421074466,0.0802261115,0.925,10.60204468,48430.0,0.368084333,0.0914039465,37.007796309,116.66909727,0.7114478804
23000,ME,Maine,8420.6898052,77.164651824,0.207,0.6650926812,5.25,0.02865939,0.0838650823,,10.596676628,73463.0,0.1998012271,0.1183402974,44.160664971,109.06663933,0.7401801098
23001,ME,Androscoggin County,10327.025011,74.996987652,0.223,0.7764241175,5.1,0.0295966962,0.081118308,,7.3436380206,63456.0,0.1914719405,0.1233204007,54.419068923,112.84089252,0.6735717962
23003,ME,Aroostook County,10576.074499,74.99417416,0.266,0.5617316146,5.7,0.0389587701,0.1041454575,,11.300275072,56361.0,0.0851948439,0.106510317,51.762410536,108.03261272,0.7438350627
23005,ME,Cumberland County,6232.1380827,79.543597172,0.181,0.8521755772,7.6,0.0239970635,0.066900255,,12.912626728,96255.0,0.3302911218,0.126577504,34.475451612,92.906740441,0.7037145297
23007,ME,Franklin County,9716.3201592,76.241970091,0.226,0.3460755024,5.4,0.0353853963,0.0888296895,,10.172606156,56509.0,0.0655893536,0.0796779334,37.716174692,114.48120711,0.7700088304
23009,ME,Hancock County,7939.8037574,78.127151808,0.185,0.7313529687,2.8,0.0323377889,0.1149737909,,11.110915151,72647.0,0.3395399978,0.1144974947,35.718325287,108.71952163,0.7878921255
23011,ME,Kennebec County,9352.6717525,76.132641394,0.224,0.5952103654,6.0,0.0261452586,0.0811641751,,14.497371356,64643.0,0.0299736336,0.1166724397,44.238178352,105.60996232,0.7275660042
23013,ME,Knox County,7638.3532559,78.887239047,0.17,0.5886669786,5.1,0.0287100485,0.1026923077,,15.304635118,70533.0,0.1458369247,0.1403872752,40.916865113,123.92065113,0.7853606986
23015,ME,Lincoln County,7244.9253644,78.853132707,0.204,0.407866731,5.8,0.0278586279,0.1008230453,,9.9406323347,74569.0,0.0194965519,0.1121537087,40.255387669,110.92528755,0.8383433121
23017,ME,Oxford County,9427.7428066,76.083703251,0.266,0.3963168735,5.1,0.0318950059,0.1103090957,,9.5806370283,60220.0,0.0312234972,0.1221011947,39.147603486,118.21181501,0.8081370811
23019,ME,Penobscot County,10048.752098,75.248730081,0.233,0.6705168891,4.6,0.0306417163,0.0880363085,,9.1084161765,65215.0,0.1699814059,0.1105721828,63.301638858,121.62318353,0.7028053544
23021,ME,Piscataquis County,9532.358546,75.439627512,0.235,0.5207738095,4.7,0.041971831,0.0908288534,,10.334730436,51787.0,0.0094642857,0.117413063,54.286711389,130.33829245,0.7692023178
23023,ME,Sagadahoc County,5913.7592907,80.097030753,0.195,0.5547290117,6.3,0.0230453103,0.0779685012,,8.0228919851,83180.0,0.0887490122,0.120611079,25.337532124,70.330443192,0.7776816074
23025,ME,Somerset County,10674.779938,74.388435627,0.259,0.3916635299,5.5,0.0417421224,0.0968986268,,8.4152021606,56422.0,0.0386512669,0.1092391057,49.893320204,134.56931898,0.7726173198
23027,ME,Waldo County,9085.4519766,76.498092407,0.187,0.4507284066,5.1,0.0302523489,0.1043734544,,7.703585895,68345.0,0.1055873962,0.1120607787,42.47310037,112.79043537,0.8091668574
23029,ME,Washington County,13436.696513,72.340642529,0.268,0.351117543,4.3,0.0412686567,0.1162478762,,6.6800267201,48104.0,0.1700916546,0.1241134752,75.507013644,171.44678139,0.7805418543
23031,ME,York County,7330.5357898,78.642641154,0.201,0.7482450512,6.9,0.0259565233,0.0708628521,,6.828710112,85445.0,0.3373370068,0.1186038053,39.038771747,105.8563408,0.7613739612
24000,MD,Maryland,8091.1027277,77.778577324,0.205,0.9205656133,6.3,0.0212253561,0.0682635985,0.8644192706,8.8390925047,98568.0,0.6621600577,0.1437019567,43.952897679,93.404247143,0.6748002787
24001,MD,Allegany County,11358.291688,73.48711096,0.252,0.6626875753,6.3,0.0280203903,0.0611052621,0.91,16.204082239,54759.0,0.183464012,0.1110165228,58.521455429,111.99501218,0.7032366234
24003,MD,Anne Arundel County,7000.582826,78.817704558,0.197,0.9328257355,7.1,0.018370455,0.0518538311,0.89,7.9725461245,116956.0,0.5751868643,0.1086672058,41.723302606,88.066252656,0.7496265686
24005,MD,Baltimore County,8667.4891944,76.889873471,0.216,0.9698935678,7.5,0.0218823044,0.0598936036,0.85,7.9653872017,86807.0,0.6485983605,0.149083826,50.922191367,112.2257346,0.6633146651
24009,MD,Calvert County,6741.5169341,78.668802593,0.181,0.7303385318,6.2,0.0187890175,0.0437114915,0.96,6.8729975786,124486.0,0.2634642122,0.0966043936,33.739030376,79.596482307,0.8715544274
24011,MD,Caroline County,10060.635868,74.462060408,0.314,0.2242513441,6.5,0.021274067,0.0869596936,0.85,8.374958873,63491.0,0.0456852792,0.1479219678,47.851182821,103.57978937,0.7185781135
24013,MD,Carroll County,6289.288408,78.239522776,0.202,0.8738627228,7.9,0.0170637003,0.043188175,0.93,9.5832976812,113885.0,0.4581499326,0.0928077588,35.502730237,88.055139122,0.8385496243
24015,MD,Cecil County,11662.405953,73.702899116,0.239,0.7258038081,5.6,0.0220263513,0.0539573741,0.89,6.7656419737,87592.0,0.4212484936,0.1198296527,90.307622348,141.71334133,0.7530618341
24017,MD,Charles County,8696.4466685,76.714927876,0.236,0.757563754,7.1,0.02171808,0.0491738241,0.93,5.9964021587,105141.0,0.2558562452,0.1294071934,35.768506228,80.797491775,0.8123058523
24019,MD,Dorchester County,12186.56914,74.159078955,0.283,0.6648735053,4.4,0.0227747084,0.0700032185,0.82,9.4725906007,63087.0,0.3239371676,0.1414998037,57.691515226,109.94130252,0.6632392675
24021,MD,Frederick County,5696.5979753,80.01802129,0.195,0.9034399762,7.7,0.0195036629,0.0516291982,0.93,9.2309085652,114089.0,0.5790436373,0.1052804296,24.156476279,66.282185457,0.7703694245
24023,MD,Garrett County,8313.8327851,76.813367064,0.255,0.5786988822,4.6,0.02316058,0.083973732,0.94,12.946569159,65991.0,0.1363257655,0.0744050104,25.541894512,88.004989259,0.8101870275
24025,MD,Harford County,7205.2736273,77.872771708,0.206,0.9252196042,5.8,0.0197777051,0.0463712557,0.89,7.2763930313,104553.0,0.5762482562,0.1085724172,42.621122467,87.699896214,0.7971098324
24027,MD,Howard County,4573.2871421,82.493536741,0.179,0.9810331701,7.0,0.0170542225,0.0429645849,0.95,8.4970379624,140113.0,0.673053139,0.1155234962,15.228324684,47.29737114,0.7171055919
24029,MD,Kent County,8862.8813013,76.754948357,0.21,0.4322325242,4.6,0.0236092816,0.0708850932,0.925,13.97515528,69781.0,0.1558495677,0.1445307683,31.151569693,85.932889519,0.7206330598
24031,MD,Montgomery County,4785.2791443,83.171724821,0.162,0.9985283331,5.9,0.018644006,0.077231982,0.9,9.0544511701,125076.0,0.9426200567,0.1480631111,14.244274751,47.069608102,0.6534168985
24033,MD,Prince George's County,8436.2903437,77.595857156,0.237,0.977270495,5.9,0.0224828738,0.1090987809,0.77,7.7721493055,97171.0,0.8802441271,0.1693037834,24.147468126,67.616537567,0.623382842
24035,MD,Queen Anne's County,6443.6581138,79.611291636,0.233,0.7187713037,6.3,0.0178034191,0.0599701981,0.94,7.9286805515,112527.0,0.201407547,0.1225026288,37.091022671,76.28544914,0.8133625299
24037,MD,St. Mary's County,8104.5214359,76.953682296,0.224,0.7282842754,6.3,0.0197497904,0.0533622872,0.9,6.4416723974,102345.0,0.2745458221,0.1091189276,35.17114687,81.023349456,0.7264691086
24039,MD,Somerset County,10152.218259,73.968631585,0.31,0.0976848091,6.3,0.0315789474,0.0613870362,0.81,12.221950623,51841.0,0.0544679123,0.1769051322,61.676253302,92.95009295,0.6882835101
24041,MD,Talbot County,8048.8948849,78.899352024,0.183,0.7125726163,6.0,0.0219666475,0.0750932481,0.97,12.917853,80371.0,0.133667324,0.1712654615,42.655291922,101.24331071,0.7269138239
24043,MD,Washington County,10710.38039,74.507730598,0.266,0.8060760803,6.6,0.0231367448,0.0763661438,0.91,12.018767273,71685.0,0.1745063185,0.1278907582,65.414265075,137.10505364,0.6588847183
24045,MD,Wicomico County,9976.7592131,74.909138131,0.249,0.7264644553,6.7,0.025409254,0.0803748359,0.85,8.407857525,70975.0,0.0872977565,0.1468583246,37.743815452,85.091964777,0.6068341909
24047,MD,Worcester County,7635.04356,78.527657982,0.222,0.8436332444,6.8,0.0332173981,0.0707009555,0.93,15.408606542,75459.0,0.1838734274,0.1340411701,31.994780459,90.322580645,0.7674486927
24510,MD,Baltimore city,15997.640846,70.612938747,0.272,0.9881169456,6.5,0.0291641601,0.0657210826,0.6917182779,10.667958051,58616.0,0.8520815833,0.2125694309,144.06427483,226.22155371,0.4751524293
25000,MA,Massachusetts,5974.5347199,79.685330667,0.206,0.9468246922,6.75,0.0336829833,0.0287118477,0.8996767742,9.0633393937,99750.0,0.6770720053,0.1641999792,36.092532067,75.080241846,0.6259747219
25001,MA,Barnstable County,7271.5884668,79.492382397,0.177,0.9004567765,5.9,0.0419334701,0.0297910471,0.9212612164,11.313920424,89448.0,0.3270057119,0.1653869932,41.001014701,103.94455083,0.8055272332
25003,MA,Berkshire County,8525.3160627,77.651376502,0.228,0.8710879978,7.8,0.0361783481,0.0280164688,0.9030056864,10.089238927,74535.0,0.427712244,0.1512422304,49.594974376,111.16751189,0.6996478936
25005,MA,Bristol County,7889.6046169,77.363279094,0.238,0.9111584945,6.3,0.0409776802,0.0336052355,0.9129640413,7.2232910624,81047.0,0.409375,0.1629685595,50.897598548,93.829781573,0.6224881784
25007,MA,Dukes County,4473.343756,83.066813322,0.186,0.9389320388,5.5,0.0435586604,0.0412087912,0.8116573034,17.730496454,94059.0,0.5059223301,0.1679952761,33.655302393,74.38104346,0.7464004347
25009,MA,Essex County,5853.428871,79.665190533,0.204,0.9697528738,5.6,0.0347461629,0.034847725,0.894980261,8.5526764299,96303.0,0.7148138681,0.1823971807,37.129402412,77.043265189,0.6396065145
25011,MA,Franklin County,6666.4881196,79.295952345,0.165,0.6855228146,8.4,0.0285405623,0.0256555903,0.7846281541,10.438118882,71256.0,0.2517704036,0.1663516684,44.302842923,87.456377947,0.6873452283
25013,MA,Hampden County,8991.5883688,76.294570856,0.311,0.9565974347,8.6,0.0425680803,0.0327297576,0.864627197,8.2422170696,67155.0,0.6998014276,0.1662197942,51.954789965,101.13902938,0.6222064196
25015,MA,Hampshire County,5587.2528869,80.185190071,0.202,0.9285802302,6.8,0.029490221,0.0251080037,0.9376858108,9.1642679657,80839.0,0.4925327156,0.1408738396,27.390997218,65.738487099,0.6878581836
25017,MA,Middlesex County,4415.9245222,81.54482622,0.156,0.9708260161,6.7,0.0286262274,0.0238718066,0.9249900674,9.3005710823,123288.0,0.8154561085,0.1502462217,24.332679367,58.294626222,0.6163258255
25019,MA,Nantucket County,4854.8684321,82.841520086,0.164,0.9447913013,5.3,0.0579443832,0.0376680865,0.925,15.25553013,108671.0,0.8254647492,0.1465201465,24.821286736,58.717110483,0.7648573693
25021,MA,Norfolk County,4629.1034326,81.187887697,0.183,0.9423772798,5.3,0.0307343574,0.0235085703,0.9147662322,9.744587068,123449.0,0.6966284242,0.155112928,25.191658042,63.136828006,0.6851795258
25023,MA,Plymouth County,6525.1401894,78.783263559,0.198,0.9340528504,7.6,0.0353212544,0.0243209029,0.9127097792,8.4416839096,107828.0,0.4806459452,0.1539729306,37.551657116,79.949976114,0.7762133386
25025,MA,Suffolk County,6117.1976561,80.102604018,0.247,0.9981113774,8.5,0.0323119985,0.0305834492,0.7918952662,9.9819802422,91386.0,0.9840338072,0.2119617317,42.065519612,67.867112094,0.3660579048
25027,MA,Worcester County,6707.3115843,78.754918404,0.225,0.9115102348,8.1,0.0349672565,0.0322700659,0.9128583889,8.3089299558,93561.0,0.5693095205,0.1478484816,39.504057681,80.154112233,0.6566658565
26000,MI,Michigan,8798.0085559,76.236466789,0.228,0.8564868019,6.7,0.0390352307,0.0550163789,0.821028189,9.4856416307,69097.0,0.4672305594,0.1251479749,29.432827582,86.280895861,0.7292164583
26001,MI,Alcona County,11085.092832,75.116171366,0.273,0.7028622012,6.0,0.0728021978,0.0708245243,,13.439569934,53033.0,0.5588669224,0.0998984772,,105.92404283,0.8964034402
26003,MI,Alger County,7606.238848,78.869357945,0.239,0.8024202669,5.3,0.0767148014,0.0600827487,,10.219143863,62543.0,0.6912463244,0.1008028546,,71.352122726,0.8426934097
26005,MI,Allegan County,6999.4565183,77.553383824,0.232,0.583583675,6.0,0.0341156657,0.0572876624,0.8104960742,9.6526689217,78772.0,0.1825778825,0.0713076113,14.677903109,78.290681397,0.8605504179
26007,MI,Alpena County,7630.6509503,77.025876616,0.256,0.6812190819,6.1,0.045441656,0.0618051014,0.74,12.826290429,53480.0,0.3893866538,0.0916409172,,77.762131943,0.7942516099
26009,MI,Antrim County,7258.8386924,78.77828533,0.186,0.7407707738,6.6,0.0535611442,0.0676543781,0.8933794466,10.309703493,72369.0,0.1513806496,0.0894119836,18.179021409,81.218274112,0.8700380642
26011,MI,Arenac County,11697.476357,73.925770789,0.255,0.4748033596,6.1,0.0692346007,0.0644751181,0.8451550388,7.9528133077,56213.0,0.0,0.0910540584,24.435213364,88.069281168,0.856875876
26013,MI,Baraga County,10296.24314,74.900692729,0.246,0.1787202746,4.8,0.0621697233,0.065915805,,6.0408360517,55856.0,0.1787202746,0.090357599,,121.40342358,0.7695534912
26015,MI,Barry County,6873.1547747,77.898107168,0.197,0.5812601125,7.7,0.0354161015,0.054901343,0.8700442478,9.1260974919,75377.0,0.1692645339,0.0975782585,15.906090442,80.304772673,0.8610348642
26017,MI,Bay County,9514.906422,75.148229796,0.201,0.7701240179,4.7,0.0492809435,0.0570078936,0.7912821612,9.6283833069,59523.0,0.3765405947,0.1039914045,34.718504314,85.008597902,0.7636084333
26019,MI,Benzie County,9354.1417802,77.121465185,0.213,0.6228158041,6.6,0.0495060373,0.0678353659,0.7045454545,12.570366727,65594.0,0.0282693378,0.1001388889,25.748547046,102.34617481,0.8782480579
26021,MI,Berrien County,9398.491409,75.975996443,0.249,0.795821561,8.8,0.042089966,0.0694386975,0.6405371094,12.034009156,62758.0,0.2665245341,0.1334831751,25.706604855,80.749522547,0.727576943
26023,MI,Branch County,8391.2320508,76.063902228,0.266,0.605033213,8.0,0.0388627936,0.0823623715,0.8266202783,8.9825065685,57641.0,0.2987160626,0.099969447,12.035504739,82.243194489,0.7749084033
26025,MI,Calhoun County,10979.176653,73.577767444,0.261,0.8145260963,8.0,0.0434156911,0.0615341441,0.787574832,10.278417574,58617.0,0.238098429,0.1189465228,43.175737731,109.8106476,0.7241301866
26027,MI,Cass County,9385.339612,76.09176432,0.233,0.6291457481,8.7,0.0443244135,0.0687924567,0.8240589354,9.5325175573,68720.0,0.0145379829,0.106620003,16.18437237,86.852002637,0.8054435962
26029,MI,Charlevoix County,7719.4893402,78.010469213,0.239,0.78348814,6.5,0.0456899178,0.0619784833,0.8619298246,15.213174609,78405.0,0.3151915253,0.0874718304,26.757046022,87.108679539,0.8271413407
26031,MI,Cheboygan County,10234.47089,75.394751662,0.235,0.6571797177,6.1,0.081987697,0.0753563043,0.8181914894,13.492675405,61488.0,0.114312522,0.1027965284,16.870628236,96.28481518,0.8501440922
26033,MI,Chippewa County,7384.9540265,77.19160878,0.248,0.7703955417,5.8,0.0591075795,0.0748695794,0.8426035503,7.4394511338,59852.0,0.1782791899,0.103375686,11.810987853,77.325301596,0.7372178553
26035,MI,Clare County,10912.275442,73.673931039,0.26,0.5923321234,6.9,0.0631206868,0.0830357527,0.7681666667,10.206685379,47793.0,0.1686868032,0.1130730051,27.900588059,112.33416185,0.8619753086
26037,MI,Clinton County,5259.9455335,79.857388417,0.182,0.7497346072,7.5,0.0333135603,0.0441108403,0.8071415929,7.2729096654,91911.0,0.3893185724,0.083670759,11.300522754,57.056106009,0.8279683209
26039,MI,Crawford County,8505.990638,76.607886726,0.25,0.7466892516,6.7,0.0585648962,0.0608961303,0.875,10.377288563,59220.0,0.293039729,0.1244583117,,104.94708918,0.8151106673
26041,MI,Delta County,8625.0124869,76.485994201,0.207,0.7674985774,6.3,0.0520169851,0.063091716,0.8889941691,14.969652432,58072.0,0.1615857789,0.108727954,10.075197611,77.978099768,0.7862893082
26043,MI,Dickinson County,8875.8372619,76.802442098,0.212,0.6527151501,5.9,0.0379936809,0.0505747126,0.8688906752,18.164953235,61704.0,0.0569622692,0.079056506,24.748283902,103.61474155,0.8178592549
26045,MI,Eaton County,7898.0743163,77.066233764,0.21,0.749512251,7.8,0.0361206306,0.0479038439,0.7836284722,11.652231356,73130.0,0.2947103275,0.099257198,23.469599249,83.367081495,0.7423695002
26047,MI,Emmet County,6729.748135,78.691491944,0.194,0.765625,6.3,0.0573282856,0.0645072634,0.8539405685,14.928431344,77292.0,0.2610518293,0.0993424309,13.761918805,70.642849934,0.7678718159
26049,MI,Genesee County,12111.510458,73.085697666,0.239,0.8550063883,6.1,0.0496566211,0.051969318,0.7751986891,8.980479274,60192.0,0.4230830775,0.1343150962,51.858610965,117.45870168,0.7084297521
26051,MI,Gladwin County,11069.466488,73.981412551,0.24,0.5641298353,6.5,0.0586759313,0.0771880719,0.8887837838,7.3849502488,51395.0,0.1104939731,0.1040081648,35.231024179,112.22463762,0.8710669078
26053,MI,Gogebic County,9301.0236058,76.602151514,0.245,0.7712100139,5.3,0.0474501857,0.0610058526,0.8358928571,12.570710245,48043.0,0.4893602225,0.1109286354,35.275857203,96.378137527,0.808326229
26055,MI,Grand Traverse County,6589.1386424,78.720786589,0.177,0.7774627775,6.9,0.0338639991,0.0573378473,0.8458260447,9.9518991541,82824.0,0.2978222978,0.1077054839,18.536912939,72.946729802,0.7652793211
26057,MI,Gratiot County,8638.4508961,75.506616283,0.212,0.6985464907,6.9,0.0437252827,0.0511327989,0.8755555556,11.678832117,60251.0,0.2170685568,0.0974537201,13.829345872,73.444087017,0.7885052719
26059,MI,Hillsdale County,8806.5909786,75.33581386,0.264,0.6089494163,8.0,0.0424175081,0.0658627882,0.8190528634,10.926095887,58676.0,0.0260350632,0.1027136259,19.712921455,88.034337772,0.8101691119
26061,MI,Houghton County,7051.8549839,77.62116067,0.213,0.7319129574,4.9,0.0462822458,0.062656369,0.8077448747,11.340623734,56074.0,0.1739246808,0.1133134154,,76.084619329,0.7120202091
26063,MI,Huron County,7757.4943558,76.612541577,0.249,0.6577832967,6.3,0.0433639104,0.0703586219,0.8684868421,16.961085509,59319.0,0.051771898,0.0890016664,12.882032785,81.777205409,0.8208297196
26065,MI,Ingham County,9800.7777333,75.426501713,0.202,0.9162653563,7.0,0.0386104426,0.0579094991,0.7746980601,13.797569938,63483.0,0.7156370656,0.153787832,41.572003992,94.743928216,0.5954738088
26067,MI,Ionia County,6909.7889656,77.462451535,0.236,0.6565475121,7.5,0.0361877577,0.0575798831,0.8147209653,8.6814650721,70177.0,0.2412879468,0.0871022524,17.627002553,68.404048054,0.7724623815
26069,MI,Iosco County,12006.43598,73.511624688,0.256,0.8168562032,6.1,0.0596089652,0.0641562854,0.7739516129,14.88969868,52734.0,0.6650156516,0.1071103837,42.088649217,114.86240276,0.828980697
26071,MI,Iron County,10774.286347,74.63431584,0.252,0.8230590663,5.4,0.0560292326,0.0767778477,,10.325245225,49137.0,0.1951680853,0.1148713982,32.048480611,123.88064984,0.8528203213
26073,MI,Isabella County,9503.4766112,74.914330295,0.257,0.7721682144,6.8,0.0451549313,0.0661744915,0.7824678899,8.844476857,53213.0,0.1912911141,0.1751334668,20.124368598,61.32111628,0.6127415604
26075,MI,Jackson County,9855.1066445,75.056371108,0.255,0.7435740743,8.2,0.0402557015,0.0563069348,0.7823803191,9.1212374895,64070.0,0.1858561042,0.1155887395,24.736078619,81.196522019,0.7504916659
26077,MI,Kalamazoo County,7810.5065073,77.111987178,0.229,0.9173424542,7.7,0.0367703001,0.0507181412,0.7580049637,10.337975212,67671.0,0.1774525165,0.1313977186,20.805080499,82.233036591,0.6395045694
26079,MI,Kalkaska County,9138.9976912,74.652373689,0.253,0.4324655778,6.8,0.0555962854,0.0733084033,0.8056291391,7.1499285007,60410.0,,0.1111849097,,95.52795859,0.8745463971
26081,MI,Kent County,6629.5750983,78.461954322,0.225,0.9559815433,7.8,0.0318217003,0.0547347619,0.8516952647,12.03186852,79715.0,0.5668065911,0.1093902147,17.511565984,67.638741573,0.7035745115
26083,MI,Keweenaw County,6844.9942683,79.183741356,0.188,0.7668621701,4.4,0.0594989562,0.0483985765,,0.0,54912.0,0.0635386119,0.1047619048,,131.64080865,0.9174311927
26085,MI,Lake County,10148.555333,75.455152766,0.309,0.8000992063,6.5,0.0701842969,0.0760523973,,9.5283468318,50660.0,0.7771990741,0.1346886912,,106.27169022,0.8118028797
26087,MI,Lapeer County,8509.7512778,75.825929403,0.247,0.7420756271,7.4,0.0410889902,0.0565522565,0.8546925566,9.9121423744,71515.0,0.135535269,0.0951462648,22.647662761,76.039068192,0.8597697149
26089,MI,Leelanau County,5741.4039805,80.922443806,0.165,0.6558898704,6.3,0.0377779846,0.0661833178,0.7905405405,14.429383472,91727.0,0.1775256715,0.1036578747,,77.644658318,0.9056044072
26091,MI,Lenawee County,8420.4051199,76.042132199,0.248,0.7179827605,8.2,0.0418089844,0.0543090124,0.8346005268,11.159921678,65707.0,0.2331754222,0.1190312517,26.41104388,80.479953175,0.7863787461
26093,MI,Livingston County,5583.6767259,79.679314092,0.192,0.871003683,8.6,0.0273142406,0.0380841225,0.9143146979,7.4428658092,103737.0,0.2178308729,0.0797337753,18.508680228,70.650616667,0.8661815589
26095,MI,Luce County,8279.0662434,76.328861841,0.275,0.6733470687,5.1,0.0589539007,0.0637368286,,18.761726079,51664.0,0.2371230568,0.102464332,,112.71646685,0.7866056572
26097,MI,Mackinac County,7364.5049165,77.237785516,0.24,0.7473693927,5.7,0.0893916914,0.1081665765,0.7193430657,17.365871493,51353.0,0.5479970463,0.1314237574,,92.128537736,0.7741809672
26099,MI,Macomb County,8359.8396553,76.277484881,0.262,0.9676413415,6.0,0.035132204,0.0552883296,0.8588639138,5.4106921225,73929.0,0.4921738913,0.1254421559,36.273094061,88.410754903,0.7495553074
26101,MI,Manistee County,10236.690776,75.208217858,0.229,0.7982582295,5.1,0.057349834,0.0704974572,0.6268330733,10.281963064,57434.0,0.5174576542,0.089351529,45.107794362,117.30582271,0.8586788067
26103,MI,Marquette County,7010.8337697,78.006929841,0.214,0.8470242513,5.6,0.0461936663,0.0589333387,0.8689486755,14.851262357,62319.0,0.0131935714,0.1148161631,14.602362562,78.658762616,0.7122673647
26105,MI,Mason County,8894.7796933,76.504377027,0.22,0.8627288999,6.7,0.0491522903,0.055381352,0.8556195965,12.921214594,59543.0,0.5092248382,0.0916466595,27.286370458,103.96716826,0.7805408015
26107,MI,Mecosta County,8229.6730614,76.292141355,0.246,0.5755401118,6.9,0.053314349,0.0679785331,0.7318848758,11.296660118,59260.0,0.1946416881,0.12131815,13.637311685,72.287107382,0.7591343796
26109,MI,Menominee County,7684.0119626,78.388285768,0.248,0.711684112,6.8,0.0397758589,0.0627744156,0.7807258065,8.5962348491,55853.0,0.1234363033,0.0952526799,,103.53588084,0.8040155829
26111,MI,Midland County,6297.9777305,79.029114555,0.213,0.7601144992,6.5,0.0396942076,0.0479331904,0.8682610887,9.3218921051,73722.0,0.2408316765,0.1074311981,13.968041122,55.883742628,0.7824491447
26113,MI,Missaukee County,7753.0294825,76.649235247,0.259,0.1755248472,7.9,0.0479008171,0.0808012794,0.8716666667,11.174653257,66397.0,0.0583311188,0.0883997835,,66.02752027,0.8366956522
26115,MI,Monroe County,8571.189529,76.411640274,0.243,0.8175752056,9.1,0.0419170944,0.0490573004,0.8755518018,7.518845311,73617.0,0.2722063963,0.1032939024,32.289452185,80.667374966,0.8115951303
26117,MI,Montcalm County,8729.9238907,75.970267121,0.256,0.5014261266,7.3,0.0426871216,0.0730319191,0.501232418,9.7874927706,64912.0,0.1873930405,0.099128216,18.169980164,96.323450466,0.8218026746
26119,MI,Montmorency County,11675.556078,73.598671584,0.251,0.1646454714,6.0,0.0749601276,0.0768273717,,10.450412791,47374.0,0.0074292582,0.1409778557,,115.39447816,0.8758649612
26121,MI,Muskegon County,9657.8381901,75.080422899,0.261,0.881546319,7.3,0.0444934476,0.050554403,0.8087103378,9.7414549882,61223.0,0.436521749,0.1172901767,36.245704125,104.21993495,0.7826469186
26123,MI,Newaygo County,8616.2875146,76.582708505,0.262,0.8135179479,7.1,0.0429648241,0.0704711413,0.8438034188,12.380615493,61951.0,0.5574052583,0.0943526905,21.922540357,105.07161778,0.8640621783
26125,MI,Oakland County,6101.1576438,79.092645331,0.189,0.9635521169,7.5,0.0291540019,0.0467945195,0.8665109147,8.0193409488,92230.0,0.6251476191,0.1193694302,18.587326291,61.033090046,0.7226607349
26127,MI,Oceana County,8787.3076027,76.90794955,0.249,0.8515323155,6.8,0.0572995781,0.073548449,0.8229525862,8.8977866756,61907.0,0.4790502269,0.1017444792,16.127631595,89.005901316,0.8512735435
26129,MI,Ogemaw County,11752.29781,73.561395548,0.269,0.4580645161,6.2,0.066224381,0.0736673987,0.6316216216,9.0605627086,51390.0,0.1099181512,0.1200823422,31.939187786,124.32101599,0.8252576189
26131,MI,Ontonagon County,13370.976879,73.071870206,0.257,0.609525447,4.9,0.0699568759,0.0707098178,,8.5280573085,51306.0,0.2950481431,0.0840127614,,117.63891772,0.8727333781
26133,MI,Osceola County,7958.7391485,76.861498378,0.255,0.4743348914,6.8,0.0475262003,0.0666741059,0.8566101695,16.756896107,55388.0,0.0302302215,0.1030067452,22.907867421,90.015945682,0.8370811287
26135,MI,Oscoda County,12362.271427,72.800557461,0.251,0.8773573427,6.1,0.0763278227,0.0974953774,,10.709186102,49622.0,0.5516486191,0.1111111111,,122.59615385,0.8667763158
26137,MI,Otsego County,9433.8336835,75.508251476,0.263,0.8001673907,6.4,0.0478440638,0.0668311845,0.8187640449,9.3589143659,69029.0,0.1227531784,0.1041803664,15.85246638,78.380561621,0.7800109131
26139,MI,Ottawa County,5205.8375237,80.078677619,0.201,0.8219513842,7.4,0.0304135245,0.0463313208,0.9050355215,11.233975797,81772.0,0.3367927076,0.0934346695,11.065594384,57.820335832,0.7849735046
26141,MI,Presque Isle County,7915.7772352,77.586750821,0.254,0.4656447389,5.9,0.0765113974,0.0641287106,,14.968939451,54675.0,0.3584963796,0.080552359,,89.993638381,0.8969284357
26143,MI,Roscommon County,12762.451709,73.241012815,0.244,0.7448740356,6.9,0.0722877894,0.0672835936,0.7140816327,11.810359372,54305.0,0.141438254,0.1077660248,39.255821779,109.0329615,0.8434858388
26145,MI,Saginaw County,10741.795022,74.489371895,0.287,0.6832646063,6.6,0.0518650299,0.0550187,0.7945827124,11.044443264,59188.0,0.3196808399,0.1207586289,33.28701331,97.352517258,0.7352099606
26147,MI,St. Clair County,9609.1068581,75.021444895,0.235,0.7377776946,6.8,0.0379681089,0.0485484111,0.8413134811,8.2422214036,68831.0,0.2432801481,0.110888239,34.202508045,96.119865357,0.8054129515
26149,MI,St. Joseph County,10115.54307,74.905863803,0.296,0.6165837969,8.4,0.0436452997,0.0768026035,0.8157002618,13.141899662,65540.0,0.1308357538,0.0952047296,19.18018413,102.46742882,0.7515036002
26151,MI,Sanilac County,9590.7359607,75.282169753,0.287,0.4051365394,6.9,0.0484628199,0.0665440346,0.8830482897,9.100523895,57382.0,0.0078796385,0.0942706461,18.866376835,77.351636624,0.8165148129
26153,MI,Schoolcraft County,8566.176189,76.417321781,0.268,0.673915745,4.8,0.0726779252,0.0724360091,0.875,4.8851978505,56019.0,0.4353175096,0.0878489327,,74.103349471,0.8537032191
26155,MI,Shiawassee County,8144.6259628,76.034603429,0.226,0.6995183129,7.3,0.0433549312,0.0553612839,0.8752973301,10.143777013,63988.0,0.3068992863,0.1123712104,21.607075335,78.834890911,0.7931421537
26157,MI,Tuscola County,9015.5989273,75.269704214,0.261,0.5471185042,6.4,0.0500020765,0.0586586733,0.842,10.577013882,64273.0,0.1046265214,0.0925270309,17.70459877,88.242453749,0.8520864382
26159,MI,Van Buren County,9266.665256,75.527953659,0.271,0.599375554,8.0,0.0472748749,0.0726793075,0.7469330855,9.3801194314,66174.0,0.0630267109,0.1169900059,28.656579551,94.721774631,0.8045579881
26161,MI,Washtenaw County,5792.1636674,80.475429704,0.173,0.9000343848,8.3,0.0329107122,0.0429063394,0.8625128274,10.071620412,84704.0,0.616892048,0.1612836766,23.134728494,66.49272084,0.6163102321
26163,MI,Wayne County,12684.175978,72.937655588,0.246,0.9598898504,10.7,0.0435139412,0.0572580067,0.808466186,7.0003978275,57418.0,0.7904989013,0.168806638,49.293672316,111.48945306,0.6447798387
26165,MI,Wexford County,10388.520197,74.901826048,0.234,0.8183114068,6.8,0.0476033494,0.0692693809,0.7168330309,9.9426833548,59697.0,0.4384818697,0.093126726,29.457973291,100.03729201,0.8137473935
27000,MN,Minnesota,6461.9015749,79.269990218,0.199,0.8636073218,6.0,0.0281361101,0.0537373919,0.8411312845,12.395962768,85070.0,0.6050469868,0.1131029169,22.187206634,77.426362807,0.7238536518
27001,MN,Aitkin County,8647.781729,77.903080798,0.219,0.4860801427,4.6,0.047777482,0.0684605876,0.8186079545,17.363264294,59844.0,0.249347009,0.1262339216,37.608909133,138.10593981,0.8530641673
27003,MN,Anoka County,6214.0598452,79.860061297,0.19,0.9456809394,6.2,0.0275912825,0.0518680368,0.8580385852,6.5064630867,96661.0,0.8576563604,0.0993917519,20.167858639,63.934477954,0.7996416271
27005,MN,Becker County,7442.3522037,77.87417194,0.203,0.6169172612,4.2,0.0298262697,0.0701017906,0.8232853026,13.28772158,71719.0,0.0380581531,0.1069173364,13.327494621,87.436723424,0.7780477645
27007,MN,Beltrami County,12759.035929,74.051535092,0.203,0.7724971879,5.7,0.0349058852,0.0794732322,0.6479202037,11.752387872,65855.0,0.2549537077,0.111857594,54.045981752,124.0113187,0.6947174447
27009,MN,Benton County,6370.0911814,77.273432109,0.196,0.650716547,6.1,0.0361020754,0.0544926064,0.8728476821,10.853049707,74677.0,0.0691655187,0.1077626135,24.216984178,73.545885814,0.6785497757
27011,MN,Big Stone County,8303.6527119,77.487936509,0.238,0.068524971,5.9,0.0337640684,0.0620689655,,29.160186625,62245.0,0.068524971,0.1051108968,,87.329310892,0.7939421753
27013,MN,Blue Earth County,5842.6072969,79.697399071,0.247,0.8209862253,6.8,0.0231233654,0.051560115,0.865235792,12.78166334,67236.0,0.0133117259,0.1370742391,16.895805978,66.037074265,0.6175550896
27015,MN,Brown County,4833.3440136,80.154644652,0.239,0.8236338376,6.4,0.0291616039,0.0501034126,0.8800699301,18.27158574,71884.0,0.277824946,0.090892054,,62.447137313,0.794354102
27017,MN,Carlton County,7923.2215896,76.279094311,0.186,0.6270058276,1.3,0.0369024639,0.0542026432,0.911799591,10.896807235,75512.0,0.1442538736,0.09320788,28.470143085,95.2412594,0.7935156026
27019,MN,Carver County,3990.2942272,82.334228571,0.167,0.9675090253,7.0,0.0244616594,0.0325693223,0.9490244807,8.9972190414,129437.0,0.8700922168,0.0782549695,11.684218618,45.142498572,0.8171310681
27021,MN,Cass County,12950.915242,74.649470253,0.243,0.5090135036,4.4,0.0439523682,0.0770101925,0.7083571429,18.22600243,61490.0,0.2735980842,0.1114075511,37.020502826,139.60658731,0.8489974937
27023,MN,Chippewa County,8322.2590305,76.598592827,0.212,0.5693760914,5.8,0.0281646549,0.0677303466,0.9101973684,26.864213611,75774.0,0.0032544848,0.1122715405,,99.79541939,0.714395689
27025,MN,Chisago County,5871.863228,79.357373538,0.208,0.7036611858,6.5,0.0331775546,0.0454516438,0.854125387,10.002069394,91338.0,0.0342452447,0.0915917352,12.191511225,62.861718267,0.8563899868
27027,MN,Clay County,7319.054283,78.047761501,0.204,0.8743225451,6.4,0.0207391441,0.0479811463,0.8483774834,10.769160764,72172.0,0.7289108668,0.1368925123,20.897789422,69.056941147,0.6663711014
27029,MN,Clearwater County,9846.9512811,75.949446205,0.219,0.5943219146,5.5,0.06,0.0911799762,,15.03063938,62435.0,0.1109807602,0.090268886,,95.737405972,0.8114021572
27031,MN,Cook County,4570.4718107,82.991213347,0.176,0.8853571429,2.6,0.0361944157,0.0711707065,,19.271198318,62435.0,0.4685714286,0.097211464,,68.845568519,0.7962962963
27033,MN,Cottonwood County,6976.0134922,78.256867436,0.243,0.6756099679,6.2,0.0463314358,0.0710977304,0.93,20.253610426,63898.0,,0.0791061453,,95.338983051,0.7606782571
27035,MN,Crow Wing County,7320.5609207,78.651156201,0.206,0.8055290897,4.2,0.0343200849,0.0614054012,0.8502628205,15.452993466,74540.0,0.0908458479,0.1074085941,15.931335942,94.012805088,0.7737160331
27037,MN,Dakota County,5146.0465018,80.906074817,0.176,0.9687370704,7.6,0.0255124032,0.044482165,0.8590967092,8.3231643363,100012.0,0.9139223701,0.1004567825,14.576529055,63.869075303,0.7535221115
27039,MN,Dodge County,5217.2721613,81.208913202,0.181,0.7142377917,6.8,0.0282964069,0.0432637786,0.9274911032,14.298651161,87661.0,0.0031628888,0.0885291514,,72.616784032,0.8766525318
27041,MN,Douglas County,6113.1556989,79.392590685,0.207,0.7473978362,5.7,0.0264298893,0.0479736983,0.8773922414,19.915296965,76508.0,0.022329898,0.0927442949,15.353907569,78.618385323,0.7643546164
27043,MN,Faribault County,7136.5354805,78.543574547,0.197,0.6250987716,6.7,0.0307128769,0.0685048323,0.8651851852,24.414763751,65264.0,,0.0863260833,,85.69727076,0.7802269044
27045,MN,Fillmore County,6031.7279931,79.571467427,0.22,0.7866026003,7.4,0.0281519862,0.0772941035,,30.820958252,69157.0,0.730167703,0.0893581484,,83.061966114,0.8236726177
27047,MN,Freeborn County,7898.8107272,78.081512369,0.268,0.6110697524,6.7,0.0272595942,0.082790259,0.7954029851,17.904811511,66215.0,0.0226250202,0.0899407336,20.690180876,93.736070689,0.7932479627
27049,MN,Goodhue County,6295.679209,78.683019683,0.186,0.8422722878,7.5,0.0264278047,0.0521861031,0.8927307692,18.3283694,83979.0,0.554348283,0.1068998011,20.379623188,93.600292714,0.7799908308
27051,MN,Grant County,9076.1766492,76.98498513,0.232,0.477609483,5.6,0.0322184719,0.0615879828,,27.705345502,72935.0,,0.1030674847,,98.983766662,0.7897659659
27053,MN,Hennepin County,6600.4713752,79.466692509,0.167,0.9913738281,8.7,0.0258148241,0.0522245246,0.8072841195,10.816421598,93642.0,0.8887141893,0.1338497383,32.297622858,84.224301147,0.6295136492
27055,MN,Houston County,6147.9550177,79.617474664,0.227,0.9663004829,7.9,0.0250978147,0.0419157514,0.7285882353,15.425531915,77043.0,0.5958711458,0.0878266412,,86.734912408,0.8412187268
27057,MN,Hubbard County,6267.6181285,80.074622868,0.208,0.5662481259,5.1,0.0431093339,0.0754799575,0.7203551913,9.1074681239,72166.0,0.0967016492,0.1165934828,,77.575936683,0.8261114237
27059,MN,Isanti County,6605.108428,78.514397628,0.208,0.4009724079,6.4,0.0377212188,0.0579538066,0.7703982301,9.5958059307,85799.0,0.0300717151,0.1070011519,15.865209183,90.502555366,0.8377952756
27061,MN,Itasca County,9837.8453149,76.459930118,0.181,0.6591504865,4.8,0.0460039524,0.0602621145,0.9156513761,11.945581241,65386.0,0.1558181899,0.1299917378,24.346517341,107.62641675,0.8194489465
27063,MN,Jackson County,7472.5827338,79.733076297,0.191,0.6166783462,6.5,0.0288184438,0.0551587302,0.9333333333,23.248761751,72413.0,0.0137150866,0.0665576833,,101.19818653,0.8131644424
27065,MN,Kanabec County,7423.588034,77.359155499,0.235,0.4421781437,5.4,0.0502727564,0.0686856072,0.8325549451,12.755876815,70384.0,0.0331836327,0.0997313103,20.392348791,95.609325587,0.837992278
27067,MN,Kandiyohi County,6131.6333153,79.827172622,0.214,0.5949190524,5.9,0.0291581284,0.0648161604,0.7689041096,19.161021009,69160.0,0.0838516418,0.1069644431,8.4139028271,67.34627981,0.7214899713
27069,MN,Kittson County,8582.1989648,75.805549283,0.208,0.6087473259,6.2,0.0303165403,0.045758183,,39.418576004,72224.0,0.0159258379,0.0556542333,,109.70665395,0.8242320819
27071,MN,Koochiching County,8809.4910282,76.902094638,0.23,0.7710993202,5.0,0.0428373222,0.0609318996,0.8839130435,16.886187099,64009.0,0.1503067485,0.0690514326,,110.72001058,0.8201401051
27073,MN,Lac qui Parle County,6964.388061,79.35052298,0.213,0.3094210448,5.8,0.0275498242,0.0540428185,,20.929884886,67947.0,0.0382497395,0.10761347,,90.41318827,0.8295730649
27075,MN,Lake County,4749.5513006,79.608334659,0.197,0.8032095369,5.3,0.0388532629,0.063449848,0.925,13.712405156,71573.0,0.1960568547,0.107605178,,83.54529083,0.8399602386
27077,MN,Lake of the Woods County,5825.9850954,78.911569663,0.225,0.6659580122,5.1,0.0349179638,0.0521526076,,33.583053475,65778.0,0.0749402073,0.1064615385,,73.894225694,0.8426426426
27079,MN,Le Sueur County,6477.9498754,79.845842433,0.245,0.7326497873,6.8,0.0392926085,0.0484355815,0.9115625,13.720714849,78885.0,0.1034386552,0.0970109657,,70.082433595,0.8095486564
27081,MN,Lincoln County,6358.4153281,79.867626165,0.227,0.2539007092,5.5,0.0301850049,0.0558872701,,28.673835125,65021.0,,0.1081896552,,96.335676312,0.8205338809
27083,MN,Lyon County,6489.9351685,79.084118325,0.214,0.8155051644,5.3,0.0254647492,0.0547648362,0.8682962963,16.625762014,69161.0,0.0053425145,0.1070103093,,68.57575256,0.7054883535
27085,MN,McLeod County,5843.3697591,78.966374323,0.227,0.7433031465,6.2,0.0322880612,0.053390411,0.8828504673,16.887290952,75691.0,,0.0897523136,11.90923332,73.511123394,0.7778371518
27087,MN,Mahnomen County,19800.318222,68.521359257,0.297,0.4799482536,5.3,0.04743255,0.0798507463,0.5567567568,7.5075075075,54177.0,0.0439844761,0.1259754738,111.00832562,183.41220058,0.7247461251
27089,MN,Marshall County,5946.8880929,81.432006109,0.228,0.3360619469,6.3,0.0419812189,0.0658302583,,31.599142309,69843.0,0.014159292,0.0715877437,,54.470977863,0.8524064171
27091,MN,Martin County,6227.0002868,79.179631019,0.218,0.6356054931,6.6,0.0283086357,0.0587393526,0.8474236641,18.829516539,59843.0,0.0242696629,0.0782598416,20.32210537,71.053726768,0.7238687783
27093,MN,Meeker County,5812.2712911,79.785589657,0.205,0.4027350427,5.9,0.0314926661,0.0605633038,0.938562753,14.470548178,75351.0,0.0079059829,0.0875111907,,66.909140818,0.8099770266
27095,MN,Mille Lacs County,11137.356449,73.887673018,0.24,0.6574322537,6.0,0.0505578529,0.0661217407,0.8282879819,17.961876833,70512.0,0.0626251937,0.1124164279,46.081227504,125.83924225,0.777167334
27097,MN,Morrison County,7366.9990491,78.307264942,0.213,0.461952367,5.6,0.0444746993,0.0540006708,0.8543062201,17.812299247,68639.0,0.1253454866,0.0928576726,14.789253143,93.46350756,0.8092352092
27099,MN,Mower County,6954.9272406,78.756271505,0.243,0.7701416473,6.8,0.0260767239,0.0717367686,0.7573069307,12.954658695,66578.0,0.0085937695,0.0974567917,24.076780021,89.766159155,0.7604367373
27101,MN,Murray County,5091.8590238,82.917575534,0.24,0.5665729307,6.0,0.0389471432,0.0705259563,,35.980148883,74801.0,0.0336226923,0.0645912133,,71.027945823,0.8183837823
27103,MN,Nicollet County,5160.1595395,80.862732412,0.217,0.8410344227,6.7,0.0219367119,0.04687141,0.8787958115,10.162306553,74482.0,0.0664073838,0.0993142587,,62.882462198,0.7225046211
27105,MN,Nobles County,6328.8375887,79.778874517,0.28,0.5488111261,6.4,0.0274071403,0.110137389,0.6717391304,15.94750991,63576.0,,0.1019021739,,71.631264292,0.71920926
27107,MN,Norman County,7593.4239243,77.518025847,0.222,0.4044403043,5.9,0.0353899154,0.0685427136,,18.817625843,62716.0,,0.0859375,,103.18626685,0.8157698057
27109,MN,Olmsted County,5664.7069928,80.991035339,0.179,0.8716034069,5.6,0.0213808269,0.0414596273,0.8546217023,10.791366906,89431.0,0.7583928473,0.1004555739,22.804126931,68.386819813,0.7071245254
27111,MN,Otter Tail County,6919.3654652,78.932076123,0.267,0.5085800836,5.8,0.0327972648,0.0658441733,0.8306720827,18.176109982,69107.0,0.0191574707,0.0949265523,8.9232931413,76.465991161,0.7916286089
27113,MN,Pennington County,7573.8313971,78.325672728,0.185,0.6800314465,6.0,0.0326887661,0.0338164251,0.9155120482,13.001083424,73104.0,,0.0936421883,,91.695799186,0.713452188
27115,MN,Pine County,8533.7778781,76.855687285,0.223,0.5540241031,5.4,0.0488970839,0.0684552621,0.8163907285,13.923792705,69619.0,0.1542803712,0.1154986053,31.779540786,106.68007529,0.8266599513
27117,MN,Pipestone County,7687.1059172,77.346612603,0.23,0.5087011885,5.9,0.0281870596,0.0732905691,0.8459134615,21.378941742,69117.0,0.0981536503,0.1056721057,,71.798442191,0.8146562579
27119,MN,Polk County,7265.5000127,76.902639501,0.205,0.7180046166,6.6,0.0292235757,0.0562114245,0.8404228856,20.175067521,68136.0,0.2862913568,0.1112130054,11.906308179,74.059286068,0.7211600257
27121,MN,Pope County,8688.6685204,78.072518972,0.211,0.6496285815,5.7,0.0278847635,0.0444548983,0.925,26.24442306,64480.0,0.0099044924,0.1078167116,,92.105496218,0.8265490275
27123,MN,Ramsey County,7827.019454,77.62159982,0.23,0.9986657059,7.9,0.0268827521,0.0672707229,0.7883840034,11.949747676,77764.0,0.9341452552,0.1425871756,36.803264738,90.392448382,0.6103115371
27125,MN,Red Lake County,7813.0782749,81.147650352,0.219,0.5428208386,5.8,0.0388349515,0.0540540541,,23.231801755,70019.0,0.0063532402,0.0637626263,,75.350379264,0.8375757576
27127,MN,Redwood County,6746.9920521,79.110556104,0.218,0.4584764992,6.1,0.0290674734,0.0685266352,0.8987637363,22.784974937,71012.0,0.19636953,0.109858681,,69.530993768,0.7967836257
27129,MN,Renville County,7903.9634197,77.752725007,0.234,0.5493445629,6.1,0.0370141888,0.0842396149,,28.227194492,70098.0,0.0156218162,0.0957170106,,90.789039287,0.7943000838
27131,MN,Rice County,5293.5376399,79.890968019,0.208,0.8624230592,7.2,0.0258493353,0.0608237259,0.7886122449,10.93170638,81824.0,0.636690165,0.1156706624,9.4041249462,61.692704763,0.7587920326
27133,MN,Rock County,6748.1476746,78.116640745,0.221,0.5758450124,6.3,0.0184439973,0.0468458877,0.8959558824,24.116598511,71923.0,0.0112324815,0.0787073234,,80.428386988,0.7596056623
27135,MN,Roseau County,8530.8010808,77.00654341,0.197,0.5946774509,6.0,0.0281326781,0.0534151329,0.8653761062,16.348417473,74057.0,0.0459852586,0.1039671683,,86.862678003,0.8083525916
27137,MN,St. Louis County,8681.3254601,76.834821821,0.205,0.8137700955,7.3,0.0320061439,0.0579547457,0.8352585752,14.884830503,67311.0,0.4914124187,0.1192514197,32.482101358,100.39394584,0.7197092646
27139,MN,Scott County,4773.5816174,81.083259873,0.199,0.9534082476,5.8,0.0253282308,0.0440251105,0.9041981352,6.6658037794,111370.0,0.7128829641,0.0837478807,13.086806972,55.506172578,0.8430251853
27141,MN,Sherburne County,4934.4988601,79.371317591,0.209,0.8463723079,6.7,0.031734469,0.0466049276,0.8957133717,8.1329842101,101487.0,0.4535361123,0.0922748021,12.051863185,56.302758429,0.8424651655
27143,MN,Sibley County,6589.3495877,80.380435878,0.222,0.6037341602,6.3,0.0334599828,0.0621341361,0.8248611111,15.379471749,76019.0,0.0878269075,0.098441058,,79.215896885,0.8127124405
27145,MN,Stearns County,6211.1001291,80.018256762,0.201,0.7758130544,5.8,0.0278922872,0.0522164195,0.782807377,12.842492441,75116.0,0.3146273975,0.1225916511,16.410810362,67.604565678,0.6781430001
27147,MN,Steele County,6151.2741881,79.968634498,0.19,0.7020798802,6.7,0.0299464117,0.0498365468,0.892352415,15.776244719,78500.0,0.1438539272,0.0949009463,,71.430504072,0.7990133991
27149,MN,Stevens County,3964.7086842,82.867989187,0.221,0.7066487437,5.7,0.0235207644,0.0543522681,0.9555743243,22.828681125,74512.0,,0.0805929919,,49.321824908,0.6670143416
27151,MN,Swift County,7978.3540508,79.007058477,0.218,0.5840618012,5.8,0.0312183256,0.0906022144,0.9069444444,16.401845208,69245.0,0.0028461069,0.1281729078,,82.468122899,0.7431059507
27153,MN,Todd County,7078.0885125,80.883770295,0.236,0.4032934843,5.6,0.0359059916,0.0822392226,0.93225,19.187093743,60951.0,,0.0883015775,,81.761560844,0.8306299134
27155,MN,Traverse County,8353.1795773,76.31754334,0.225,0.5928571429,5.8,0.0300982801,0.0613522538,,21.374045802,67634.0,0.1035714286,0.0835820896,,122.35409274,0.7978723404
27157,MN,Wabasha County,6281.5336038,80.806144805,0.185,0.8986300089,7.3,0.02727937,0.0469831249,0.8648275862,18.930649183,81349.0,0.5916678356,0.1174020711,15.429955716,87.897040183,0.8160806222
27159,MN,Wadena County,6253.6493354,77.143395423,0.238,0.4017063633,5.1,0.0472117125,0.0632620604,0.7919039146,18.172922346,55449.0,0.0395307501,0.0913097127,,86.026438792,0.7250806589
27161,MN,Waseca County,5508.1493392,79.312214235,0.214,0.8263390974,6.7,0.0387126866,0.05570877,0.8016323024,16.408193511,70833.0,,0.1024797918,,66.136155143,0.7928047968
27163,MN,Washington County,4820.1457633,81.281824463,0.146,0.9460025115,7.8,0.0243852206,0.0394706912,0.9063858611,7.2849314274,111118.0,0.7441996053,0.0998777566,13.273618438,58.339605403,0.8115094139
27165,MN,Watonwan County,6011.852373,78.962422046,0.261,0.7138540834,6.3,0.0286442711,0.1035244853,0.80875,19.864559819,64868.0,,0.072065558,,80.176388054,0.7818729717
27167,MN,Wilkin County,9029.7180046,75.619426515,0.226,0.5677835844,5.7,0.0245829675,0.0409252669,,14.173228346,75073.0,0.1862895789,0.0798939796,,117.95836389,0.7967298402
27169,MN,Winona County,5475.3290073,80.206353745,0.213,0.9251676028,7.7,0.0234951184,0.0561782688,0.8503896104,12.935041837,71907.0,0.7407340299,0.1156373852,16.043531449,70.545471937,0.6875
27171,MN,Wright County,5105.847374,80.004268626,0.184,0.8208678548,6.2,0.0293268422,0.0435055215,0.9072690941,9.3241353216,104303.0,0.4214678393,0.0803979564,9.4667014549,53.544459561,0.8425611767
27173,MN,Yellow Medicine County,8670.4409292,78.741476471,0.226,0.4509865659,5.9,0.0300139137,0.0660454919,,26.354627873,69009.0,0.0,0.0692864529,,70.861382631,0.8424743301
28000,MS,Mississippi,13327.665964,71.920237836,0.309,0.5814815153,8.7,0.0317543737,0.1309059119,0.8909592522,12.52356672,54386.0,0.1358159768,0.1312594172,24.060587065,105.82687511,0.6947488867
28001,MS,Adams County,14567.808164,71.041332601,0.333,0.5865326021,7.7,0.0441219441,0.1540562954,0.88,14.784567727,44385.0,0.1674791794,0.1350552802,20.589076351,135.95874355,0.6645640715
28003,MS,Alcorn County,12635.166989,72.148360952,0.319,0.5253310305,7.5,0.0300353357,0.1392395718,0.9216718266,9.3556309204,48556.0,0.0868739206,0.1108074167,18.019385065,112.09011822,0.6540158252
28005,MS,Amite County,15673.520104,72.121349585,0.356,0.2637578616,7.9,0.040247678,0.1543771228,0.875,14.264204771,46108.0,0.1275943396,0.1016442451,,99.864699439,0.8324803821
28007,MS,Attala County,13490.397366,70.969939272,0.348,0.3238302868,8.9,0.0355082113,0.1406386702,0.9111607143,13.136101434,52128.0,0.1374587735,0.1246975319,20.655337527,115.82065617,0.7658883563
28009,MS,Benton County,15037.115136,70.722105941,0.313,0.8272299241,7.8,0.0371621622,0.1802589541,0.775,7.9470198675,47969.0,0.6651844101,0.1187698834,,149.71180478,0.8328377932
28011,MS,Bolivar County,19769.124267,66.985641325,0.321,0.5377763434,8.6,0.0361456563,0.1416500994,0.8033810888,15.321756895,39920.0,0.002226884,0.163442234,15.586729014,115.29769866,0.6095574032
28013,MS,Calhoun County,15132.359214,70.532783892,0.358,0.1544549977,8.4,0.0335791925,0.1710513154,0.875,12.518582271,46966.0,,0.0813823857,24.975024975,123.48010518,0.7305126404
28015,MS,Carroll County,15019.770041,71.954996942,0.359,0.1183236647,8.3,0.0389016018,0.1519615211,0.775,6.1658616792,55290.0,0.0194038808,0.0522553611,,121.95121951,0.7983353151
28017,MS,Chickasaw County,14343.418293,71.011759953,0.37,0.6023617444,8.5,0.0419603344,0.1448963929,,10.111824887,44599.0,0.1768969952,0.1362757732,,105.8225943,0.672354438
28019,MS,Choctaw County,11826.768534,73.796908935,0.31,0.115571186,8.6,0.0273933917,0.1275788084,0.975,11.198208287,50545.0,0.0947125879,0.0793254216,,135.15505971,0.8028985507
28021,MS,Claiborne County,18808.664771,68.6445728,0.363,0.3564313082,8.1,0.0734722713,0.119912177,0.925,5.6785917093,28579.0,0.0025177887,0.0915721232,,109.83099476,0.7517630465
28023,MS,Clarke County,14176.202931,71.554842938,0.317,0.0621837976,8.8,0.036293294,0.1327274286,0.8930327869,17.680571017,47811.0,0.013896894,0.1162387231,26.09206149,130.93756482,0.8405379443
28025,MS,Clay County,12573.694119,72.454017777,0.355,0.6653788367,9.0,0.0332619236,0.124822896,0.88,15.233949946,52673.0,0.0117514488,0.1412050257,,85.290989691,0.7071687371
28027,MS,Coahoma County,22826.092934,65.288146971,0.415,0.7219728845,8.7,0.0492658158,0.1443616748,0.8900862069,10.892706838,35552.0,,0.1501252142,15.981844625,122.0614407,0.5197920359
28029,MS,Copiah County,15985.124009,70.704249619,0.332,0.5655315849,9.0,0.0354563362,0.1286845369,0.825,12.26595476,47870.0,0.010927806,0.1097899767,17.932502062,115.5039036,0.7406622249
28031,MS,Covington County,15926.675721,68.910213085,0.324,0.2220283533,9.5,0.0272234541,0.1289158268,0.825,10.498397613,48382.0,,0.1138041734,23.681573914,139.63456876,0.7598530866
28033,MS,DeSoto County,10785.387715,73.854833863,0.279,0.5658234132,8.2,0.0277218844,0.1064406241,0.93,7.1978844479,81956.0,0.2026506362,0.1184714497,33.237723585,85.188071105,0.7779652949
28035,MS,Forrest County,13611.101885,71.427880047,0.304,0.7550986463,9.7,0.0298159583,0.118810749,0.9468270572,13.570605556,51328.0,0.2655262417,0.1446003006,21.645583868,92.931191541,0.5707556692
28037,MS,Franklin County,13143.924503,71.532619259,0.339,0.7007166124,7.5,0.0432473445,0.1377672209,0.875,23.554043444,48075.0,0.7007166124,0.0908394021,,135.14918391,0.8002712784
28039,MS,George County,13727.691698,70.425706449,0.297,0.3602464066,9.1,0.0390849523,0.1384834123,0.96,9.918273427,63349.0,0.1100205339,0.1197255575,25.540037369,123.43373152,0.8361065797
28041,MS,Greene County,9853.5660636,74.740746982,0.314,0.1420546933,,0.0411904762,0.1170820947,0.875,7.3789846517,54057.0,0.1420546933,0.0900371287,,73.712609279,0.7802514405
28043,MS,Grenada County,16291.288674,69.24281749,0.368,0.6994775533,8.4,0.0354916067,0.1393778635,0.83,12.329286798,49210.0,0.0325951269,0.1247047122,28.542885686,117.28136085,0.6291739895
28045,MS,Hancock County,11582.802199,74.289645736,0.311,0.5403122489,8.4,0.0327179869,0.1245026061,0.8775831486,7.1592832039,61126.0,0.0353505743,0.1107200166,43.525105424,109.73353465,0.7874039476
28047,MS,Harrison County,11924.743409,72.963807822,0.284,0.6878789767,9.6,0.0294479657,0.1409001385,0.8988436929,8.7659445424,56692.0,0.1307203014,0.1484520462,36.869816175,96.745982408,0.6058930726
28049,MS,Hinds County,16086.316076,70.805680637,0.358,0.7700863258,10.2,0.0308530665,0.1294408128,0.8576072412,13.916318376,50965.0,0.2130349255,0.1675276148,24.387507013,127.23116152,0.5788452965
28051,MS,Holmes County,22286.34608,65.748426624,0.417,0.3960588235,8.8,0.057282145,0.1373022481,0.92,9.3046337076,30542.0,0.0419411765,0.234805587,,151.23548675,0.605530568
28053,MS,Humphreys County,21431.256389,66.567704558,0.444,0.0098908157,8.8,0.0663834307,0.1546844788,0.825,12.273285149,31538.0,0.0098908157,0.1797421731,,112.72801804,0.5967365967
28055,MS,Issaquena County,7591.6448248,,0.377,0.0807174888,8.3,0.0750853242,0.2295081967,,0.0,36986.0,0.0508221226,0.0508474576,,,0.6329787234
28057,MS,Itawamba County,10759.072222,72.914273841,0.291,0.3940828898,8.0,0.0294417278,0.133660695,0.88,10.04058068,56977.0,,0.0721894832,,106.01395992,0.7933651344
28059,MS,Jackson County,11606.65437,73.521179921,0.265,0.744764471,8.7,0.0326631442,0.125358287,0.9117515741,8.4152440076,66751.0,0.5382472845,0.122442989,53.14674973,116.58315478,0.7197117155
28061,MS,Jasper County,16604.617627,69.567163771,0.333,0.2963890756,9.1,0.0372968349,0.1181231096,0.8922932331,10.515247108,46577.0,0.0367202297,0.0924680565,,101.71443977,0.8319248826
28063,MS,Jefferson County,16286.700649,71.850839437,0.382,0.6261707989,7.6,0.1187953151,0.1470188386,0.925,0.0,37617.0,0.0327823691,0.0885416667,,124.34647449,0.7883642496
28065,MS,Jefferson Davis County,17891.608026,70.949463437,0.349,0.2407914495,9.2,0.0400311931,0.1374319644,0.875,11.724386724,39794.0,,0.1563565514,30.200531529,180.26462847,0.81724846
28067,MS,Jones County,13749.081389,71.501944714,0.292,0.5371025786,9.8,0.031637469,0.1320073369,0.9092857143,13.369586444,50310.0,0.0574755376,0.1242308189,15.896197828,96.488242345,0.737804878
28069,MS,Kemper County,10438.217551,75.69618892,0.334,0.0123497997,8.8,0.0455849538,0.1301598454,0.975,12.71088514,42461.0,0.0078994215,0.1155184412,,64.139567699,0.7756310377
28071,MS,Lafayette County,8272.6533893,75.972557873,0.26,0.7711465071,8.4,0.0247992864,0.1394694718,0.889134981,13.017443374,72838.0,0.2050060022,0.1604748045,15.393086136,67.694324119,0.6323068612
28073,MS,Lamar County,8656.5683669,77.235803658,0.273,0.6333810844,9.0,0.0245722086,0.1308462238,0.9,10.032987246,63079.0,0.0041885958,0.1033576642,25.601507417,73.499412939,0.6812756955
28075,MS,Lauderdale County,14388.526749,71.261934317,0.323,0.5839225036,9.2,0.0322259373,0.1320236119,0.8981699346,16.924292,51437.0,0.1454976433,0.1672040022,9.2275183051,97.218619004,0.6322628095
28077,MS,Lawrence County,14241.595447,70.329557877,0.356,,8.8,0.037848182,0.1333405196,0.875,14.513788099,49431.0,,0.1102209274,27.773920289,119.58195459,0.8165625723
28079,MS,Leake County,14204.013689,71.229801559,0.342,0.3439717979,9.2,0.0315101832,0.1574692228,0.875,15.613910575,47849.0,0.0114688602,0.1026130358,,114.80641108,0.758531961
28081,MS,Lee County,12356.529547,72.140175758,0.325,0.5427210444,8.6,0.0278361614,0.1300339711,0.8822170213,13.259561952,64744.0,0.0193777522,0.1161763262,21.487576997,98.353817787,0.7022279483
28083,MS,Leflore County,21369.192034,65.624398869,0.425,0.5810014468,8.8,0.0487889674,0.1238608712,0.88,12.420022582,33945.0,0.0075514309,0.1787953426,14.637537966,159.61691939,0.5405595107
28085,MS,Lincoln County,13025.410656,71.683951349,0.326,0.4772395222,8.6,0.0314150681,0.1392323637,0.865518018,16.70651266,52040.0,0.0295069757,0.1318000509,18.340476466,108.75001454,0.7380623369
28087,MS,Lowndes County,13169.542947,72.512669311,0.32,0.4715773026,9.1,0.0327072005,0.1125415374,0.9034856397,13.888165547,53883.0,0.0207204606,0.1513544232,18.958761821,102.54229441,0.6230671514
28089,MS,Madison County,8220.1039148,75.520940351,0.246,0.8370424664,10.2,0.0254900851,0.0969949971,0.9042918455,12.329790394,82057.0,0.2184983279,0.1183252283,14.033075348,67.445001751,0.7140636239
28091,MS,Marion County,17139.609196,68.885761315,0.331,0.4048934168,9.1,0.03152927,0.1427658895,0.9151993355,18.295218295,47020.0,0.0191890676,0.1263639564,34.308142008,130.1603674,0.7818241113
28093,MS,Marshall County,16966.838749,69.721871507,0.346,0.3566010903,8.0,0.0359125983,0.1393070207,0.8994186047,7.9155672823,52334.0,0.1301552501,0.1576118416,19.391870928,129.39884174,0.7670729802
28095,MS,Monroe County,13062.187556,71.824100167,0.314,0.4008191925,8.7,0.0382183118,0.1365920512,0.8972222222,12.806385323,50639.0,0.0,0.1013807308,16.571946619,110.15057757,0.7666203467
28097,MS,Montgomery County,17471.680892,68.828597919,0.38,0.5336998575,8.4,0.0353130016,0.1585552921,0.825,13.641133263,46424.0,,0.2183056872,,114.94724742,0.7214153684
28099,MS,Neshoba County,20814.861866,66.472421932,0.368,0.4355210231,9.5,0.0352626709,0.1524344069,0.9147619048,10.811564887,49446.0,,0.1256489035,16.154716023,115.24792105,0.7530384054
28101,MS,Newton County,15916.665419,69.893520838,0.349,0.6291860411,9.3,0.0359289261,0.1323556711,0.8973938224,15.217081174,49338.0,0.0105678456,0.0718697361,,125.22293477,0.7890087047
28103,MS,Noxubee County,13965.087672,71.334247297,0.368,0.4896451142,8.8,0.046927036,0.1581928176,0.825,11.011011011,37567.0,0.00758386,0.2111892209,,107.21038576,0.7577918648
28105,MS,Oktibbeha County,9966.7238945,75.203746899,0.32,0.7990461111,8.8,0.0331374092,0.1311500734,0.86,10.111420071,47584.0,0.1483548312,0.2030587126,,60.259114191,0.4753521127
28107,MS,Panola County,14531.493546,70.477884651,0.365,0.3387737894,8.3,0.0389156827,0.1429395256,0.8786438356,11.022320198,46097.0,0.0047880029,0.1348523805,16.103059581,122.81643117,0.6884994347
28109,MS,Pearl River County,14930.085052,70.672186783,0.294,0.6411434678,9.0,0.0303286306,0.1516124034,0.854198036,8.3826688322,54266.0,0.1431293971,0.1114241306,73.095967932,139.71956288,0.8285169156
28111,MS,Perry County,15413.491956,70.399636423,0.354,0.3652158805,9.2,0.0378751787,0.1320175439,0.8021551724,9.6762843068,46201.0,0.3652158805,0.0791726106,,100.50251256,0.8005272408
28113,MS,Pike County,15463.391189,69.692084478,0.363,0.5737030057,8.4,0.0395824271,0.1453821501,0.8599036403,14.882453839,41815.0,0.0227407995,0.1430872876,35.408973646,117.4891753,0.6690529358
28115,MS,Pontotoc County,11380.927114,72.742862109,0.289,0.5538417137,8.6,0.0270022561,0.1501386304,0.8544736842,9.238905349,51490.0,0.0574332991,0.0694913707,22.036832992,102.32137701,0.705529875
28117,MS,Prentiss County,13054.734361,71.97873419,0.317,0.5613803583,7.8,0.0277291571,0.1300957664,0.8576839827,10.083898032,50292.0,0.0063179782,0.0741989882,24.063849414,102.20213666,0.7890633344
28119,MS,Quitman County,18894.222344,66.910049982,0.395,0.360265544,8.6,0.0476190476,0.1519563239,,14.032625855,35150.0,0.0014572539,0.1875781576,,117.86966097,0.6185450433
28121,MS,Rankin County,8368.567462,76.909514273,0.267,0.7430825761,10.1,0.0232329069,0.109265261,0.927646356,10.693236214,70794.0,0.0950958728,0.1031755583,24.944509037,74.147653546,0.7761639608
28123,MS,Scott County,14974.331505,70.733749673,0.37,0.7056091461,9.4,0.0257323191,0.153174218,0.8286783042,12.632186812,48112.0,0.6744551626,0.1208995016,,114.46804553,0.7191766653
28125,MS,Sharkey County,21606.121457,66.693106644,0.431,0.0123684211,8.5,0.0618120237,0.1363290175,0.875,22.935779817,37098.0,0.0123684211,0.1771944217,,144.93477935,0.6292857143
28127,MS,Simpson County,15238.392078,70.599599756,0.318,0.3336930132,9.2,0.0300371889,0.1419627329,0.9,13.287997811,53352.0,0.0008092797,0.082954923,20.521765898,107.32063753,0.8047633971
28129,MS,Smith County,13495.048403,72.779416847,0.347,0.4471813639,9.1,0.0282975104,0.1384559293,0.925,12.063582174,53814.0,0.2675768879,0.0923199363,27.234351595,126.34903922,0.8634426533
28131,MS,Stone County,13552.60953,71.513551651,0.322,0.7787050674,8.9,0.0341207349,0.1524163569,0.875,5.356473298,56686.0,0.365679376,0.1079380445,30.535448063,100.29549425,0.8003325272
28133,MS,Sunflower County,18895.396704,67.22351604,0.389,0.386893073,9.0,0.0460597826,0.1332644628,0.87,10.479222925,43980.0,,0.138628649,,131.95758279,0.5629188384
28135,MS,Tallahatchie County,13696.484607,71.044355819,0.375,0.3355878883,8.6,0.0330613099,0.1405458812,0.8046052632,17.449106772,42319.0,0.069524184,0.0911202891,,113.80189366,0.6691346599
28137,MS,Tate County,14232.921568,70.84163155,0.305,0.4220353478,8.6,0.0327229569,0.1342139669,0.8685643564,13.429459994,62784.0,0.0,0.1049450005,32.914457676,125.92420629,0.7293843284
28139,MS,Tippah County,13003.999402,71.544018583,0.337,0.4497822599,7.7,0.0276322548,0.1687940782,0.9549242424,17.731323783,53452.0,0.1383910154,0.1110804471,,85.459089907,0.7615248227
28141,MS,Tishomingo County,14574.178606,69.670383015,0.302,0.5105570292,6.9,0.0321260233,0.1659813596,0.93,6.9821150438,47264.0,0.1829708223,0.1489045674,24.71576866,139.29472879,0.7763234102
28143,MS,Tunica County,21013.314691,66.559630656,0.418,0.7056839092,8.5,0.0346878097,0.1209374595,0.875,3.1719179531,39659.0,0.1277857289,0.268914956,,132.9953036,0.4077777778
28145,MS,Union County,11353.010786,73.378213153,0.283,0.3750225006,8.3,0.0225886918,0.1337201805,0.92325,14.577777778,55304.0,0.1113511178,0.0971986418,14.126954229,99.74361676,0.7477
28147,MS,Walthall County,16709.860149,70.219382112,0.325,,8.4,0.0408968237,0.1649600752,0.875,13.807136109,48909.0,,0.1532356532,28.645771168,121.74060757,0.7922222222
28149,MS,Warren County,14893.007008,70.926672633,0.305,0.460757569,8.7,0.0343072273,0.1173880708,0.89,14.068325166,55783.0,0.2115513617,0.1220668997,13.733224485,100.61717859,0.7120599429
28151,MS,Washington County,20281.670131,66.902160964,0.34,0.7341614354,8.9,0.0494435836,0.1411950545,0.8190044248,15.759514513,39081.0,0.0205244646,0.2115754828,9.2995861684,143.11270125,0.5675393278
28153,MS,Wayne County,15308.043194,70.943167211,0.337,0.4142272107,8.7,0.0363926345,0.163405774,0.9,12.194502312,45573.0,0.0803377319,0.1044734259,20.098145946,108.79546453,0.8831587429
28155,MS,Webster County,16006.222518,68.974638982,0.3,0.0803949224,8.4,0.0305665349,0.1428571429,0.925,13.009106374,54929.0,,0.0690643732,,113.98562967,0.7800536455
28157,MS,Wilkinson County,18458.770524,68.633709178,0.38,0.1046931408,7.3,0.0551149881,0.1284353243,0.875,11.052437677,36240.0,0.1046931408,0.112164297,,156.283299,0.789580908
28159,MS,Winston County,13716.921017,72.317363859,0.338,0.5666139776,8.9,0.0340232492,0.1392123812,0.88,17.670865872,48990.0,0.1656317037,0.1400430902,,102.1278506,0.6971711457
28161,MS,Yalobusha County,16349.1361,69.676318296,0.344,0.4027722138,8.3,0.035003144,0.1182841823,0.901146789,12.940795859,50790.0,0.0124188767,0.1082884822,,145.28003134,0.7029978162
28163,MS,Yazoo County,14590.131725,70.331517718,0.382,0.6544516322,9.0,0.0342017675,0.1306228374,0.8131944444,6.9369508247,42434.0,0.0152937217,0.1894039735,25.21972687,118.76917248,0.5533063428
29000,MO,Missouri,9969.5700451,75.219418849,0.242,0.7658243098,7.5,0.0305012608,0.1020294701,0.9053878068,11.447149924,68484.0,0.4251798523,0.1151991729,33.636628829,104.27620539,0.6793500089
29001,MO,Adair County,8934.0192169,75.863343056,0.278,0.7674804456,7.4,0.0363193669,0.1080089343,0.872826087,12.716073912,56954.0,0.0603223513,0.1155654541,,56.948058625,0.6058803726
29003,MO,Andrew County,6537.7406419,78.483972949,0.251,0.4290046871,7.8,0.0259561394,0.0936935686,0.9647368421,7.7764816975,75926.0,0.005789909,0.0881663738,20.525834562,60.735575301,0.7696057348
29005,MO,Atchison County,11027.48901,73.874383158,0.27,0.3847313855,7.5,0.0268484097,0.1274050962,,28.94635276,56797.0,0.0435438266,0.0795507721,,69.697204368,0.7363834423
29007,MO,Audrain County,10222.632502,73.874298639,0.325,0.7372406057,7.8,0.033467617,0.1376853356,0.8920522388,9.0038470983,55957.0,0.2353176829,0.0906938196,17.508181708,75.132681118,0.7273940607
29009,MO,Barry County,10327.962347,74.536059091,0.299,0.5228470493,8.3,0.0349112851,0.141640239,0.9069570136,13.743343068,53303.0,0.1874384664,0.0953424658,15.172204521,98.232381684,0.7490269461
29011,MO,Barton County,9571.6499509,75.355600525,0.313,0.4761536478,8.1,0.0302566067,0.144993498,0.9174825175,10.261672653,50185.0,0.1353441609,0.122351821,,82.056892779,0.6962711864
29013,MO,Bates County,9360.0111913,74.728057653,0.271,0.4243236504,7.4,0.031950965,0.1338127247,0.8933673469,13.599554924,56178.0,0.0988654781,0.1158611063,28.85170225,98.745926731,0.7233472803
29015,MO,Benton County,12298.319571,73.744727041,0.283,0.3242239868,7.1,0.0430122494,0.1488917674,0.9263071895,13.844936709,50946.0,0.0509951531,0.1384654472,,142.16084484,0.8372520206
29017,MO,Bollinger County,11736.778668,73.296317336,0.301,0.2700861172,8.2,0.029746116,0.1447304517,0.9393442623,8.5567598403,53134.0,0.2623261096,0.0823727861,,86.97618592,0.8008747106
29019,MO,Boone County,7519.3434406,78.245289885,0.209,0.8626872175,7.9,0.0247571232,0.0839042328,0.909863124,10.549310033,70153.0,0.4736996896,0.151233049,24.976595672,70.229850085,0.5811624314
29021,MO,Buchanan County,11767.076465,73.435249798,0.262,0.7588480181,8.2,0.0287254833,0.1208231304,0.7883427283,13.267238364,60575.0,0.0577877891,0.1425648022,35.137034434,92.724396534,0.6489610156
29023,MO,Butler County,15691.173201,70.149713513,0.306,0.6336814621,8.1,0.0437064932,0.1377653064,0.9179513185,8.2979681832,48059.0,0.3804177546,0.1099011771,45.865030287,115.79818031,0.6499090358
29025,MO,Caldwell County,9711.7539129,74.832765467,0.273,0.3636982416,7.0,0.030809031,0.1308371298,,15.672226576,62916.0,0.089960295,0.0814622913,,126.6413384,0.8095238095
29027,MO,Callaway County,8701.7909488,75.950228022,0.275,0.6929069846,7.7,0.0283554741,0.0982460299,0.8936827957,9.1595549797,64214.0,0.34932141,0.0920953101,26.808253964,83.958931578,0.7634388693
29029,MO,Camden County,9230.6554336,76.804762824,0.247,0.5934963154,7.3,0.0376596832,0.1392632819,0.9112009238,12.337781027,63903.0,0.2153936133,0.1175868505,19.458456196,100.11606376,0.8311589983
29031,MO,Cape Girardeau County,8898.1319487,75.811117752,0.27,0.7405703096,9.0,0.0274292743,0.0983140051,0.9168015666,12.907272705,67445.0,0.4899277934,0.1215708558,15.540396853,76.837383252,0.6595071288
29033,MO,Carroll County,10115.646184,74.854556652,0.271,0.4761624485,7.1,0.0280210158,0.1172392544,0.91575,16.621156358,56690.0,0.0018834609,0.0746031746,,123.90414962,0.7258205054
29035,MO,Carter County,13799.840863,71.525488408,0.298,0.7843137255,7.1,0.0443247722,0.1321342926,,9.4912680334,43801.0,0.6676278354,0.1040176114,,111.82946007,0.6407124682
29037,MO,Cass County,7908.4086557,77.048154193,0.234,0.7104818964,6.2,0.0296588068,0.0891608585,0.9068092354,8.6961247894,85283.0,0.3159593411,0.085056312,18.663680478,87.988213672,0.7589279384
29039,MO,Cedar County,11057.878455,74.74320542,0.312,0.591767691,6.5,0.0349490692,0.1473154061,0.875,11.643038148,48789.0,0.0211446293,0.1013090495,,104.26368982,0.7393541519
29041,MO,Chariton County,8992.4157767,75.639224136,0.233,0.3860691145,7.3,0.0265899123,0.1085598824,,13.53912808,56070.0,0.0140388769,0.0717741935,,78.422888667,0.809039548
29043,MO,Christian County,7781.1220499,77.169452327,0.25,0.5978703766,8.3,0.025172908,0.1092247111,0.9130473637,8.6990141117,79714.0,0.0722068391,0.0989688278,20.707092724,73.639335826,0.7598668846
29045,MO,Clark County,6740.7973319,77.187715933,0.311,0.4333735303,7.9,0.0381756757,0.1287091287,0.975,11.89944965,56191.0,0.0209526681,0.0795402299,,56.000943174,0.7849889625
29047,MO,Clay County,7072.7972543,78.025096999,0.216,0.8855547003,6.2,0.0270945276,0.0773763795,0.9671064095,8.9093618329,84816.0,0.6330945191,0.1018230816,21.017892623,77.000650386,0.6887573262
29049,MO,Clinton County,8619.8517553,75.541830367,0.256,0.4266427492,7.7,0.0303001964,0.0985405654,0.9308673469,6.5641410353,76875.0,0.0742541541,0.0927926783,22.163120567,70.175438596,0.7614712309
29051,MO,Cole County,8215.5644652,77.132339268,0.231,0.6281137178,7.7,0.0249646964,0.0904899427,0.8262649494,21.43720199,74002.0,0.3097866173,0.076540656,17.797842554,73.45548129,0.6735835556
29053,MO,Cooper County,7518.7715868,77.260157338,0.279,0.5300239724,7.3,0.0301961338,0.1046395322,0.9013095238,11.924636299,70769.0,0.163012337,0.0981812058,,61.412961611,0.7819743881
29055,MO,Crawford County,15077.181065,70.772039713,0.312,0.7286606523,7.2,0.0341735108,0.1518603738,0.9310267857,11.474469306,55253.0,0.1889312977,0.0860203057,50.574380464,128.96944022,0.7241233629
29057,MO,Dade County,11985.824175,73.062744186,0.311,0.1792839213,7.7,0.029717682,0.1384401598,,14.360313316,53959.0,0.0023781213,0.094744369,,100.11328609,0.7639894668
29059,MO,Dallas County,11842.650144,72.288991859,0.292,0.1179778572,7.2,0.0310056249,0.148445336,0.975,5.1060932713,63112.0,0.0314568567,0.1033748362,,101.36788386,0.7613653527
29061,MO,Daviess County,9094.6542945,75.86127131,0.301,0.1087781732,7.3,0.0278269669,0.1578866297,,7.1132187315,59385.0,0.1005931198,0.0936657682,,91.109619258,0.7766199935
29063,MO,DeKalb County,9695.511368,75.731561928,0.259,0.4946051319,7.4,0.0285147533,0.1034292035,,9.7035991531,63946.0,0.0118777768,0.0458515284,,88.805396636,0.7197350993
29065,MO,Dent County,14445.940543,71.142777893,0.286,0.6686776229,6.9,0.0351412067,0.1394101877,0.975,11.750881316,49324.0,0.2341723875,0.0793185565,58.584948175,126.00472186,0.7682819383
29067,MO,Douglas County,12385.318484,73.003632049,0.288,0.5097598894,7.4,0.0331588133,0.1223737148,0.925,10.855949896,43336.0,0.1400069097,0.1068754255,,124.19626154,0.7930887372
29069,MO,Dunklin County,16343.065601,68.885887343,0.32,0.6896722413,8.4,0.0503819571,0.1329105261,0.9416403785,13.500693279,45570.0,0.2316585935,0.1001331305,17.856930275,109.43144751,0.6179131214
29071,MO,Franklin County,10165.065735,74.888642033,0.245,0.7241168491,8.4,0.0280807438,0.1022961092,0.9080026572,14.733799904,70389.0,0.3026881412,0.0909222633,48.482313462,137.80159628,0.7639529657
29073,MO,Gasconade County,13353.217991,72.277327595,0.249,0.5586048398,7.5,0.026962412,0.1296394486,0.925,16.928494041,62203.0,0.2689603893,0.0815428861,47.592067989,129.18842472,0.8105019049
29075,MO,Gentry County,9052.8004872,74.535297857,0.285,0.3383641675,7.4,0.0263575738,0.150484477,,17.591556053,54610.0,0.0110353781,0.0761290323,,80.974181694,0.7481265612
29077,MO,Greene County,10396.93712,75.043830683,0.234,0.8143987421,7.5,0.02553178,0.1110249018,0.9478898243,11.836738731,59740.0,0.359644046,0.1352820836,39.926375319,106.05296989,0.5685911258
29079,MO,Grundy County,11089.486164,74.09554324,0.278,0.4879690049,7.2,0.0313368714,0.1487898426,0.9516233766,18.296401708,48491.0,0.0206973899,0.0923034785,,112.43534967,0.6927899687
29081,MO,Harrison County,7830.5654633,77.134524499,0.295,0.4363123697,7.2,0.0304443225,0.1058804882,0.8430555556,10.976948408,50489.0,0.0201054309,0.1096311475,,74.788902292,0.7313968668
29083,MO,Henry County,9883.5530075,74.297179608,0.265,0.4760320787,7.1,0.0309756338,0.1159503562,0.9205958549,13.370175595,55216.0,0.0184088217,0.0856538204,28.477218225,128.69779582,0.7385380623
29085,MO,Hickory County,13208.187864,73.097054206,0.327,0.2740669163,7.0,0.0358000961,0.1314837153,,11.587485516,48213.0,0.0972339655,0.1974714028,,141.68628477,0.8481342204
29087,MO,Holt County,5111.9599267,78.227585662,0.287,0.6469334596,7.7,0.0243499794,0.1058934762,,23.463162834,61260.0,0.0831162681,0.0521472393,,55.743949459,0.7839721254
29089,MO,Howard County,9546.6430139,76.143923294,0.261,0.1337799232,7.3,0.0305686191,0.1057679319,,9.8347757671,57674.0,0.1137818934,0.1015274034,,106.98365527,0.8028250216
29091,MO,Howell County,11728.441534,72.595044839,0.313,0.6246792453,7.5,0.0367838946,0.1303393707,0.9399609375,12.059757328,48727.0,0.0949685535,0.1287344193,10.755534964,98.477576457,0.6865037194
29093,MO,Iron County,16912.562708,69.434014099,0.272,0.7899758834,7.2,0.0494905386,0.1303254645,0.9581395349,16.995963459,48241.0,0.5011009751,0.1145890038,,121.89671285,0.7633447278
29095,MO,Jackson County,11090.272764,74.755235642,0.217,0.9211842098,10.1,0.0337644033,0.1107952869,0.8836091549,10.732264201,66102.0,0.7325224065,0.1415683057,34.450231335,118.01946347,0.5884892609
29097,MO,Jasper County,10590.304797,73.82333577,0.271,0.7080180188,9.1,0.0300046882,0.1403315241,0.8881572405,11.847672779,55152.0,0.0244784581,0.1228328073,21.687387158,77.597807616,0.6321872351
29099,MO,Jefferson County,9680.3857792,74.981077165,0.255,0.7315944765,7.6,0.0281747994,0.0947573364,0.8923060594,6.8458506296,81517.0,0.3181675848,0.0853035369,49.733050538,128.85255914,0.8143866705
29101,MO,Johnson County,8477.9404668,75.531424261,0.236,0.612722863,7.2,0.0326053923,0.1049555501,0.9232216015,9.5644496763,68326.0,0.2833206821,0.0957072833,11.675279746,66.555494341,0.6386363636
29103,MO,Knox County,10172.706387,75.705534126,0.333,0.1049679487,7.4,0.03188929,0.1670096022,,13.241525424,50083.0,,0.1132238548,,97.786927432,0.8591433278
29105,MO,Laclede County,12371.240121,72.262874964,0.301,0.6126141125,7.2,0.0324253442,0.1170432603,0.9462158809,11.566105802,52211.0,0.2669885402,0.0947307803,22.152278454,120.14885108,0.7010309278
29107,MO,Lafayette County,9689.911424,74.914139206,0.279,0.3237024012,7.4,0.0290525317,0.1185947132,0.9151162791,13.0457207,67178.0,0.2372968712,0.07116413,19.23388403,102.99226034,0.7645923782
29109,MO,Lawrence County,10632.409825,73.599512688,0.276,0.5135654325,8.3,0.0309079202,0.1511863334,0.9088043478,11.891528578,58128.0,0.3516749559,0.099616041,19.100704121,93.802275226,0.7279842112
29111,MO,Lewis County,9060.6176264,75.385979039,0.297,0.2976475279,7.9,0.0292125318,0.1324929972,0.9667525773,12.132241432,57912.0,0.091407496,0.0955576862,,83.110354334,0.7699004975
29113,MO,Lincoln County,9036.202407,75.723256585,0.259,0.4069560547,7.8,0.0312806466,0.0975618842,0.9493481481,6.1752830338,79954.0,0.188672911,0.0910087719,36.243643839,106.77844137,0.7833630687
29115,MO,Linn County,8940.3305176,74.984775034,0.299,0.6622873505,7.3,0.0382040173,0.1128893663,0.89375,16.074450085,53836.0,0.2716860367,0.0965591398,,90.832632464,0.7866361366
29117,MO,Livingston County,8155.2957272,76.112213816,0.263,0.6545991619,7.2,0.0238265088,0.1250957121,0.9590322581,17.358700181,59389.0,0.40015113,0.0808099573,27.541886619,114.95341006,0.6849538294
29119,MO,McDonald County,12425.098821,72.2061914,0.327,0.3827833326,9.0,0.0325511644,0.1795901764,0.9,6.783110056,54452.0,0.0520104708,0.0889055848,,95.866512359,0.6783364662
29121,MO,Macon County,7967.7133566,75.94410823,0.268,0.5714379644,7.4,0.033338144,0.1144769587,0.89375,9.967439697,58887.0,0.2146097705,0.0790114863,,79.368228898,0.7605515386
29123,MO,Madison County,11890.974327,72.259660241,0.286,0.3141929352,7.5,0.0369944412,0.1081351189,0.8322033898,8.6254214695,52339.0,0.3141929352,0.0769919427,39.980809212,89.005405056,0.7536924414
29125,MO,Maries County,9587.351693,74.310979112,0.299,0.075426945,7.2,0.0323834197,0.1304612574,,11.860989206,58983.0,0.0208728653,0.1033773862,,83.530558263,0.7785633484
29127,MO,Marion County,11134.631311,73.866151018,0.271,0.8298334794,7.9,0.0311724339,0.1045486915,0.9306960227,17.230466278,60780.0,0.3334268186,0.1008520096,25.767460383,99.64842352,0.6981249445
29129,MO,Mercer County,8538.120387,75.755212657,0.275,0.063312606,7.1,0.0279295689,0.1484018265,,14.547570556,55282.0,0.063312606,0.0647540984,,84.549912632,0.7911490683
29131,MO,Miller County,9750.2296056,74.87630802,0.28,0.5850254834,7.3,0.031451425,0.1254809115,0.9635964912,7.4794315632,55031.0,0.0904457568,0.0831059811,,84.213508791,0.7606139127
29133,MO,Mississippi County,14665.246377,70.020886523,0.376,0.813548541,8.5,0.0377172196,0.1496575342,0.875,9.4113620808,48342.0,0.1834300708,0.1360252651,,127.69378715,0.6086861154
29135,MO,Moniteau County,9507.6322637,74.770572585,0.281,0.5812059717,7.5,0.025893611,0.1773342131,0.9292899408,15.111695138,63971.0,0.2318231759,0.0694345025,,76.392248733,0.7777970211
29137,MO,Monroe County,9786.9325072,76.072496959,0.299,0.478882991,7.6,0.0321715818,0.1341595662,0.94375,9.2464170134,54624.0,0.0183475652,0.1194892064,,64.599483204,0.7500722335
29139,MO,Montgomery County,10164.740183,73.748339371,0.296,0.3301536831,7.7,0.0302207131,0.1197089947,0.9186320755,6.9747166521,57686.0,0.044603427,0.1039545347,29.257731356,115.25565801,0.7328393986
29141,MO,Morgan County,11279.45835,73.827893881,0.29,0.4657716843,7.3,0.0373409442,0.214398446,0.9649635036,12.393848979,52072.0,0.0774540607,0.1175644626,15.65435191,97.267915892,0.7972676263
29143,MO,New Madrid County,15902.093401,68.988004657,0.321,0.4549714008,8.3,0.0367844093,0.1252631579,0.9157142857,12.105766168,53843.0,0.0420469758,0.10768,28.911880718,121.98804276,0.6362566215
29145,MO,Newton County,10427.642642,74.313504961,0.251,0.5093268313,9.2,0.03024401,0.1335507593,0.9255093379,11.497892053,63292.0,0.1369867685,0.0735034803,19.679726508,83.234244946,0.768474914
29147,MO,Nodaway County,5075.5220885,80.220392625,0.274,0.6438020809,7.5,0.0282900627,0.102771069,0.8850490196,13.546202225,55749.0,0.0913798785,0.1133982497,,49.088164195,0.6227202289
29149,MO,Oregon County,13165.097201,71.109838405,0.318,0.6594093804,7.4,0.0352605652,0.144695496,,6.8712780577,41462.0,0.1596988998,0.1015700096,,106.46138727,0.7672619048
29151,MO,Osage County,6221.8844865,77.912516649,0.241,0.3139219527,7.4,0.0242526791,0.0900684298,0.9507267442,8.9558922308,73660.0,0.0167244237,0.0751295337,,91.659028414,0.812487918
29153,MO,Ozark County,10704.841133,74.116682048,0.359,0.2941657898,7.2,0.0471035693,0.1558605458,,10.067114094,45234.0,0.1929147667,0.1229307174,,115.56582807,0.8035166062
29155,MO,Pemiscot County,22325.965717,65.585463034,0.344,0.4510567652,7.7,0.048629074,0.1189349112,0.8335978836,13.47618085,42080.0,0.2687567844,0.1660741493,,133.75517658,0.57695394
29157,MO,Perry County,8591.9172895,76.401799178,0.271,0.4867060561,8.6,0.0251702084,0.1093916756,0.925,12.726694241,64302.0,0.1997256805,0.0733096085,,76.632374554,0.7761846238
29159,MO,Pettis County,10078.528399,74.6678121,0.27,0.6143787808,7.2,0.0311768514,0.1399580523,0.911938326,10.841233594,55021.0,0.3962540717,0.0946942229,11.625113345,87.419125622,0.7011867509
29161,MO,Phelps County,12368.584927,73.145698863,0.278,0.8605448273,7.2,0.030963132,0.1171977055,0.9333988212,12.35848432,53151.0,0.1954836686,0.1250957065,54.208994238,108.05066773,0.6190773067
29163,MO,Pike County,8950.9021762,75.534704769,0.291,0.30818218,7.9,0.031730636,0.1307910253,0.9183510638,13.020833333,59147.0,0.1739921533,0.0841091493,30.201785681,83.534744885,0.7329096264
29165,MO,Platte County,6419.6345926,79.128702295,0.219,0.8240034483,9.0,0.0257424437,0.0739583221,0.9148179059,8.6851104637,96353.0,0.3913210517,0.1127956763,19.039722389,70.351457119,0.6702142395
29167,MO,Polk County,10394.662758,74.586415715,0.307,0.4249183032,,0.0308467742,0.1313204941,0.8803418803,8.564524516,56628.0,0.074240934,0.1138353765,15.427971942,90.978858246,0.7128042151
29169,MO,Pulaski County,10132.79367,73.729049851,0.242,0.6317857474,7.3,0.0362541898,0.1001035465,0.8822844037,8.5278359689,71856.0,0.2207024372,0.105469491,55.463462665,96.949303436,0.5940732627
29171,MO,Putnam County,11661.297628,73.361692666,0.247,0.5896176031,7.2,0.0307328605,0.1056518035,,6.4294899271,51967.0,0.0,0.0805108273,,85.037629151,0.8116328709
29173,MO,Ralls County,10268.573055,75.466318389,0.264,0.2132303235,7.8,0.0277726002,0.1007221116,0.975,8.6372360845,68550.0,,0.1152542373,,108.52502858,0.8608234403
29175,MO,Randolph County,10097.153257,73.668217979,0.302,0.6016345687,7.4,0.0350527783,0.1139247283,0.8843065693,13.808788888,59692.0,0.1525732319,0.0776989581,17.617324606,75.424567323,0.7036316472
29177,MO,Ray County,11052.231471,73.096775953,0.258,0.616029018,7.3,0.0329499817,0.1201758148,0.88828125,9.9536936859,70993.0,0.0148976596,0.0892877558,18.832391714,106.15064691,0.7745965067
29179,MO,Reynolds County,11359.452683,73.974767782,0.308,0.4963910761,6.9,0.0338110989,0.1527126591,,16.65001665,43674.0,0.4854002625,0.0612800726,,116.826221,0.8066608997
29181,MO,Ripley County,17869.49005,68.438241897,0.334,0.237475419,7.7,0.0413030832,0.1383677298,0.8551094891,9.3431748108,43485.0,0.237475419,0.1005291005,,117.43789656,0.7888337469
29183,MO,St. Charles County,6249.5154175,79.082650235,0.215,0.87418016,9.4,0.0254817729,0.0622302789,0.9384353956,6.6940065683,98765.0,0.3883882525,0.0769260275,26.992133257,83.153143573,0.8069283221
29185,MO,St. Clair County,10752.864699,74.979749728,0.294,0.3448944421,7.0,0.0376077305,0.1231520023,,12.531328321,50578.0,0.0218655752,0.076585869,,103.30360719,0.7569682152
29186,MO,Ste. Genevieve County,8845.2198483,76.508425652,0.265,0.345040316,8.3,0.0280085197,0.1039802747,0.925,12.336408496,71557.0,0.1072027707,0.063184007,41.699905722,109.96503112,0.8155489948
29187,MO,St. Francois County,12666.979517,71.863535252,0.273,0.6756671946,7.7,0.0387478452,0.13617708,0.8829095675,12.095148502,55578.0,0.2805803772,0.107269239,56.220303988,116.451977,0.6913283291
29189,MO,St. Louis County,9306.5780209,76.345893331,0.233,0.9570302502,7.7,0.0295369903,0.0725092734,0.8977857553,10.419885018,81631.0,0.6679825719,0.1242112525,40.682568308,108.3299432,0.6904390472
29195,MO,Saline County,9576.1465697,74.802150952,0.257,0.6540522007,7.2,0.0295528689,0.1113669914,0.8782608696,9.1276568001,53943.0,0.0717867398,0.0908274535,15.90652746,70.551345702,0.708041958
29197,MO,Schuyler County,11698.505618,73.74249574,0.251,0.2673611111,7.4,0.038569033,0.135067377,,17.491254373,52078.0,,0.0478547855,,73.327222731,0.7897681855
29199,MO,Scotland County,7754.2707831,76.515869935,0.295,0.0038167939,7.5,0.0239651416,0.2299838796,,21.537798837,57063.0,0.0038167939,0.0586253369,,74.76635514,0.8302009073
29201,MO,Scott County,12349.744633,72.596518143,0.303,0.6252397593,8.9,0.0298228793,0.126390626,0.9429324895,15.591966173,60088.0,0.1477705668,0.1137158133,16.671346343,85.99624553,0.6875948031
29203,MO,Shannon County,13466.15328,71.664564604,0.316,0.6676148485,6.9,0.0456621005,0.1261065944,0.9575,11.121924093,44439.0,0.6475608022,0.0708631738,,131.25048254,0.8319057816
29205,MO,Shelby County,8507.0126633,75.696470374,0.29,0.3567098148,7.5,0.0270176654,0.1278409091,,28.418589101,56121.0,0.0154022612,0.0791429821,,90.431054694,0.749789385
29207,MO,Stoddard County,10921.502066,73.49425074,0.321,0.5558733259,8.5,0.038961039,0.1390292999,0.9386792453,14.800718892,51741.0,0.0872628348,0.0742910274,18.635638329,85.364499473,0.7072763978
29209,MO,Stone County,11533.156926,76.042086481,0.254,0.7344574591,,0.0464960571,0.1357231377,0.9591065292,10.268857356,62394.0,0.4573625949,0.1094507591,20.801048373,110.10322177,0.8366385533
29211,MO,Sullivan County,11132.462962,74.712013182,0.315,0.4709118186,7.3,0.0329847144,0.1196056955,,13.698630137,51492.0,0.0213368895,0.1096103896,,129.49496962,0.737745098
29213,MO,Taney County,11525.103749,74.928963239,0.298,0.6583134163,8.1,0.0490532567,0.1399370319,0.9372457627,12.319388958,54514.0,0.3744693754,0.1208263384,34.846909847,84.669787827,0.6690449311
29215,MO,Texas County,13044.016445,72.59187488,0.28,0.6747662025,,0.0376712329,0.1395804958,0.9227564103,11.840858857,47273.0,0.1729897497,0.1039263531,50.374494598,143.98278535,0.7652119178
29217,MO,Vernon County,12579.673008,72.565124174,0.299,0.6458618765,7.7,0.0345866339,0.121973745,0.8949339207,11.70423897,53602.0,0.0293804232,0.0939465409,,82.402581286,0.7260396673
29219,MO,Warren County,9824.9191183,75.591441749,0.25,0.8060621412,8.0,0.0293030623,0.107880542,0.8805362319,7.7831454643,77075.0,0.2067995047,0.0823378194,41.67723698,113.98092203,0.8236171164
29221,MO,Washington County,15931.117734,69.667841217,0.296,0.6023220209,7.3,0.0380277473,0.136821366,0.9387061404,7.6788532912,49510.0,0.227013694,0.0896232167,60.100353614,136.11615245,0.7633122744
29223,MO,Wayne County,13952.949435,71.24133879,0.295,0.684527064,7.5,0.04489455,0.1422531709,0.8766055046,13.899184581,41315.0,0.4008565701,0.1284942448,,120.72101869,0.7599378192
29225,MO,Webster County,9242.6037444,74.744101648,0.265,0.5330177818,7.6,0.0273603947,0.1264820963,0.9151987448,8.4294037436,69841.0,0.2388640143,0.0761190638,14.175053573,94.144892514,0.765835212
29227,MO,Worth County,10673.299463,75.128585202,0.278,0.5489102889,7.1,0.024822695,0.1263232181,,20.460358056,50765.0,0.0141915864,0.0465444288,,110.61946903,0.7781954887
29229,MO,Wright County,12150.226352,72.889319341,0.292,0.333626567,7.3,0.0349686848,0.1495499047,0.9548283262,11.484652328,47612.0,0.1326698922,0.0994788473,19.610989285,101.33896807,0.775560023
29510,MO,St. Louis city,15768.408217,71.5212902,0.254,0.9816962776,10.3,0.0368469963,0.0956793201,0.7606941489,14.062489095,55231.0,0.8997904356,0.176380191,101.7625548,198.589146,0.4535202492
30000,MT,Montana,8781.6681075,76.856170738,0.185,0.7413608799,5.6,0.0288938706,0.1049008593,0.8518064067,14.115652165,70939.0,0.2768927114,0.1243818664,17.202207566,102.63297148,0.6942297369
30001,MT,Beaverhead County,5100.725877,79.089602063,0.228,0.7024863942,5.3,0.0244230769,0.1190509421,0.925,13.375861714,63084.0,0.1546259737,0.1408632722,,69.352499842,0.673137588
30003,MT,Big Horn County,25708.731437,64.603903774,0.29,0.439119171,6.6,0.0435729847,0.1240794466,0.677293578,6.2251964828,51259.0,0.2783450168,0.0624066886,,221.27945306,0.6824708751
30005,MT,Blaine County,18542.194859,69.954691693,0.261,0.3784781374,6.0,0.0357798165,0.1274844409,,7.2087658593,56865.0,0.0207268597,0.1125730994,,150.12363123,0.6316935133
30007,MT,Broadwater County,6144.7499365,80.245307281,0.221,0.5093002657,5.2,0.0354759396,0.1164083558,,6.4160143719,72933.0,0.0380868025,0.1370150297,,94.543090968,0.8216759003
30009,MT,Carbon County,7237.8511831,80.383221857,0.205,0.4980425857,5.7,0.0275229358,0.104197349,,14.312550318,72463.0,0.0614914542,0.1305598584,,113.99992645,0.7406700594
30011,MT,Carter County,8629.0826799,,0.229,0.1985865724,5.5,0.0203488372,0.1192842942,,0.0,55704.0,0.1985865724,0.0958333333,,153.02218822,0.6160267112
30013,MT,Cascade County,9758.4173968,75.503762317,0.232,0.7873101618,5.9,0.0287168579,0.10950709,0.8331780167,12.372737557,65018.0,0.7240031274,0.1056649375,15.555138979,105.38273753,0.7015382853
30015,MT,Chouteau County,10966.862266,75.934678312,0.24,0.4480067854,5.6,0.0315117671,0.1404285049,,8.477449983,61903.0,0.3170483461,0.0652849741,,128.05869934,0.6591320072
30017,MT,Custer County,9362.5312218,76.188765618,0.239,0.7545293672,5.8,0.027940943,0.116828479,0.875,7.4800531915,58850.0,0.3700176961,0.1257189811,,99.608435804,0.6849722443
30019,MT,Daniels County,6489.2685443,,0.218,0.6694762191,5.3,0.0194508009,0.1223140496,,0.0,56695.0,,0.1216617211,,,0.8044692737
30021,MT,Dawson County,9908.9068821,75.257529084,0.224,0.8394854586,4.8,0.025868096,0.0836977831,0.825,14.722536806,60663.0,0.1662192394,0.0984383714,,91.781010509,0.7242587601
30023,MT,Deer Lodge County,11358.157042,75.159020212,0.23,0.9007536355,5.5,0.0275950292,0.1137653031,0.825,8.4121976866,56648.0,0.2345823161,0.1511181387,,109.73405629,0.6947368421
30025,MT,Fallon County,7848.9540425,76.781433028,0.204,0.7021974418,4.9,0.0171044594,0.0930327869,,19.926934573,66776.0,0.0009839292,0.0716448032,,,0.6978165939
30027,MT,Fergus County,8197.541178,76.671658108,0.224,0.7003319937,4.7,0.03054221,0.1127689105,0.8641975309,17.148246592,63717.0,0.0389655775,0.1344289928,,134.40147134,0.6601923077
30029,MT,Flathead County,7948.4241606,77.399583009,0.214,0.8118094618,6.9,0.0347499675,0.1150222322,0.8458986784,13.057398895,74150.0,0.2881646655,0.1432311321,15.63846326,98.678460466,0.740428755
30031,MT,Gallatin County,4276.0431884,81.959516956,0.157,0.8684683927,2.3,0.0209886426,0.0803502667,0.8788590604,11.773468848,90942.0,0.0745796907,0.1463145189,7.1354864206,57.052308672,0.6152185645
30033,MT,Garfield County,,,0.23,0.0912190963,5.2,0.0336473755,0.1168687982,,0.0,53069.0,0.0912190963,0.0956521739,,,0.7027027027
30035,MT,Glacier County,21840.168068,66.896537593,0.325,0.3252286253,6.4,0.0542757417,0.1265146847,0.7523913043,6.5784664864,51416.0,0.0518943243,0.1144291092,29.225523624,141.48191365,0.6487781505
30037,MT,Golden Valley County,11220.096534,,0.253,0.0279465371,5.0,0.0288713911,0.118491921,,0.0,47927.0,0.0279465371,0.0677419355,,,0.8066298343
30039,MT,Granite County,10207.537772,79.946527913,0.229,0.3705046842,,0.0406599882,0.1411423841,,11.422044546,65695.0,0.3705046842,0.1066768995,,135.93380615,0.7643636364
30041,MT,Hill County,12044.234102,72.943315083,0.251,0.7180084616,5.8,0.0248138958,0.1258101102,0.7305687204,11.202389843,51435.0,0.0,0.1126056217,20.574015019,94.552777641,0.6681657565
30043,MT,Jefferson County,7802.4193387,76.303142965,0.187,0.5122052131,5.9,0.0290612245,0.0967050903,0.9197674419,7.7966630282,85163.0,0.231940422,0.0800692491,,101.65553297,0.8312883436
30045,MT,Judith Basin County,8360.3871579,82.002774002,0.22,0.1186356896,4.6,0.0277777778,0.1112574062,,0.0,57166.0,0.1186356896,0.1430363864,,118.78835874,0.7530319735
30047,MT,Lake County,11702.548985,75.757086733,0.24,0.6277381641,8.5,0.035921448,0.1554205174,0.8320652174,10.349130977,60882.0,0.1177169654,0.1311887627,30.248664887,123.25967557,0.7379876797
30049,MT,Lewis and Clark County,6948.0591572,78.319761072,0.15,0.7314049005,7.6,0.0258317834,0.0953263013,0.8577518248,19.774623469,76816.0,0.2591689798,0.1036790411,13.870651551,82.671211232,0.6968846844
30051,MT,Liberty County,,84.678907638,0.303,0.4476773864,5.4,0.0247524752,0.1672196417,,25.354969574,60846.0,,0.1118644068,,,0.6423357664
30053,MT,Lincoln County,9743.0205773,76.285370108,0.253,0.5923667226,13.8,0.0524379025,0.1524678612,0.9009615385,13.93728223,51941.0,0.033846623,0.1275656325,,109.62443842,0.7901332129
30055,MT,McCone County,,83.474112161,0.196,0.0850202429,4.9,0.0203045685,0.1092715232,,17.554125219,56696.0,0.0526315789,0.0322580645,,142.61944378,0.8606356968
30057,MT,Madison County,5981.7694433,80.287657954,0.194,0.2994317523,5.2,0.0303764033,0.1306601616,,12.951969779,73316.0,0.1046039661,0.1092267893,,89.869464603,0.8063732109
30059,MT,Meagher County,8512.5596425,80.761717897,0.197,0.7768552154,4.5,0.0256916996,0.1475770925,,0.0,55193.0,0.1453035807,0.2069392813,,,0.8238573021
30061,MT,Mineral County,9859.9450227,77.369157078,0.217,0.9422271224,8.4,0.0494680851,0.1166390271,,0.0,58832.0,0.8848952591,0.1396810053,,103.55987055,0.8030018762
30063,MT,Missoula County,6796.2140165,78.569755887,0.175,0.9091687726,8.7,0.0285032883,0.0902161905,0.8719002822,12.062028569,72882.0,0.4414613049,0.1452653239,16.841338031,83.417277866,0.5965686844
30065,MT,Musselshell County,9830.6057557,76.145663336,0.237,0.5190274841,5.7,0.0305439331,0.1168831169,,7.6967481239,55991.0,0.0069767442,0.0949525237,,158.03044165,0.8254340685
30067,MT,Park County,8307.4900798,78.087854423,0.207,0.7537083358,5.1,0.0285352552,0.1024444444,0.853219697,8.993816751,63958.0,0.272293642,0.1466155811,26.911173904,135.88707316,0.6961366114
30069,MT,Petroleum County,,,0.214,0.1008064516,5.3,0.0326086957,0.0628415301,,0.0,50164.0,0.1008064516,0.0419161677,,,0.77
30071,MT,Phillips County,10668.29163,74.991894091,0.22,0.6082523121,6.3,0.0420215786,0.1056962025,,9.4339622642,53212.0,0.0331989566,0.0713407134,,127.58231513,0.7484454494
30073,MT,Pondera County,9386.0804846,76.637745018,0.234,0.4662597491,5.8,0.0286036884,0.1351708931,,21.388614676,47659.0,0.0,0.1021532298,,117.6984901,0.6665178571
30075,MT,Powder River County,,77.454000414,0.25,0.5472255018,7.6,0.0245579568,0.1352697095,,0.0,56746.0,0.1576151122,0.0590163934,,117.56407242,0.7755960729
30077,MT,Powell County,9728.1277258,75.827236007,0.247,0.8328534408,5.8,0.0300100033,0.1292431481,,11.345908382,61354.0,0.4530665131,0.089937667,,138.22894168,0.6946337308
30079,MT,Prairie County,4336.5808887,,0.278,,5.0,0.0252225519,0.1458046768,,27.100271003,52555.0,,0.2603036876,,,0.7634615385
30081,MT,Ravalli County,6194.5137493,78.877957035,0.176,0.6239416852,5.8,0.0305237132,0.118665626,0.9142857143,10.571271513,70624.0,0.0623670032,0.1107089982,13.019043968,114.98998832,0.7858245913
30083,MT,Richland County,8320.5857445,76.192745982,0.219,0.5491254025,4.3,0.0263157895,0.0984889079,0.9049319728,20.468096467,74540.0,0.0024366896,0.1153399861,,95.877277085,0.698
30085,MT,Roosevelt County,32695.459261,60.434540366,0.303,0.3762275338,5.3,0.0384074941,0.1344361297,0.6812865497,4.7294740825,51596.0,0.0019455253,0.1114730366,33.995735081,194.78133039,0.6857429719
30087,MT,Rosebud County,24379.889312,65.900872768,0.29,0.5093048385,5.9,0.0341736695,0.1110741603,,14.836795252,60218.0,0.2258374355,0.1217881028,,204.42296971,0.6634082763
30089,MT,Sanders County,12206.816696,75.010324454,0.223,0.7813709677,8.9,0.0482146094,0.1651765758,,8.1833060556,54599.0,0.4699193548,0.1389722431,,147.16468048,0.7997432606
30091,MT,Sheridan County,8225.8973446,76.569456695,0.188,0.6320994631,5.3,0.0226218097,0.1239138648,,22.446689113,58094.0,0.1124611472,0.1176056338,,163.8864501,0.7659863946
30093,MT,Silver Bow County,10493.081452,74.112969697,0.219,0.8386701961,6.5,0.0336573174,0.0974089636,0.85,10.535654874,58406.0,0.2037685367,0.1501788663,45.003234607,124.5985943,0.7048934645
30095,MT,Stillwater County,8534.0706985,77.481282524,0.183,0.3716389602,5.6,0.024123214,0.0903458213,,13.076168683,81392.0,0.0228718063,0.0764451648,,95.167600719,0.8077022486
30097,MT,Sweet Grass County,7050.7037664,80.308983759,0.187,0.7281131049,4.7,0.0230487166,0.1003745318,,8.0753701211,70052.0,0.0636215334,0.1103151862,,102.32107276,0.7615230461
30099,MT,Teton County,7921.8312575,77.732034315,0.221,0.5142948924,5.7,0.0294012191,0.1151960784,,20.414572864,71393.0,0.0086733055,0.089254766,,128.22567719,0.7491843393
30101,MT,Toole County,10312.547187,74.315788534,0.255,0.6602293301,5.8,0.0215414074,0.1244560487,,9.8386462023,52399.0,0.1575135788,0.1041544763,,86.178594879,0.6456390565
30103,MT,Treasure County,,,0.198,,6.0,0.0265486726,0.1247637051,,0.0,61560.0,,0.1147540984,,,0.664921466
30105,MT,Valley County,10374.871593,76.436047673,0.227,0.5934283452,5.6,0.0247349823,0.1340599455,,11.979235991,63507.0,0.0663763526,0.0669992872,,150.36786424,0.7765382015
30107,MT,Wheatland County,12189.30176,75.267773945,0.251,0.6060898985,4.7,0.0397350993,0.1724137931,,0.0,47545.0,0.0618656356,0.1335227273,,141.37606032,0.761849711
30109,MT,Wibaux County,,,0.244,,4.4,0.0274599542,0.1237410072,,0.0,56108.0,,0.090487239,,,0.75
30111,MT,Yellowstone County,9697.5921536,75.909624386,0.215,0.8105578185,7.1,0.0260401315,0.0921227621,0.86281372,13.011327509,70221.0,0.4239699874,0.1136932375,24.200580814,107.25264023,0.6931227624
31000,NE,Nebraska,7072.1110941,78.092409559,0.241,0.8475511648,6.0,0.022569665,0.0766871816,0.8592569527,13.684478509,74727.0,0.5277404481,0.1121969972,11.125940018,64.95532703,0.6654123538
31001,NE,Adams County,7989.2806737,76.780800319,0.246,0.8492228809,6.2,0.0208418234,0.0799073538,0.9090909091,13.56151114,66695.0,0.5799711585,0.1279519785,12.859255449,77.468756402,0.686744186
31003,NE,Antelope County,5812.3709432,79.778051085,0.247,0.3383637808,6.0,0.0190611664,0.0837929571,,28.603209916,65907.0,0.0012708499,0.0758785942,,79.44073721,0.7562337179
31005,NE,Arthur County,,,0.238,,5.3,0.0275229358,0.0652818991,,0.0,54974.0,,0.0705128205,,,0.7445652174
31007,NE,Banner County,,,0.221,0.0504451039,5.5,0.0287206266,0.0639175258,,0.0,67307.0,0.0504451039,0.0495049505,,,0.7558139535
31009,NE,Blaine County,,,0.263,0.0765661253,5.2,0.036437247,0.0734463277,,0.0,52512.0,0.0765661253,0.2064516129,,,0.7135416667
31011,NE,Boone County,6358.8015338,79.371433691,0.249,0.4335378323,6.0,0.0165652468,0.0613735996,,11.142061281,66345.0,,0.0883874001,,53.235987528,0.7924613987
31013,NE,Box Butte County,9209.6017345,75.997974929,0.249,0.7663715182,5.4,0.0216195714,0.1089512839,0.8338888889,18.740629685,66613.0,,0.12329716,,91.542585985,0.7546837117
31015,NE,Boyd County,9953.1584612,75.392911813,0.254,0.0193370166,5.4,0.0237859267,0.0883602379,,0.0,49077.0,0.0193370166,0.1346666667,,,0.8303571429
31017,NE,Brown County,10800.939672,75.607265041,0.253,0.8070961075,5.1,0.0253439537,0.1,,17.409470752,58896.0,0.1277988288,0.1700440529,,68.07815372,0.738410596
31019,NE,Buffalo County,5530.0582423,79.862093143,0.267,0.8423847935,6.2,0.0184375328,0.0793658621,0.9062438221,13.244771281,76686.0,0.613449405,0.1242258652,9.2691291653,46.341979841,0.651612247
31021,NE,Burt County,12043.81761,75.382478186,0.247,0.5554894377,7.1,0.0248236953,0.0811982657,,16.284233901,67113.0,0.0242487355,0.0840525328,,94.259304306,0.7718869899
31023,NE,Butler County,5601.9873704,79.075115754,0.238,0.4575218067,6.8,0.0167922497,0.0710522354,,14.23994304,74710.0,,0.0838252656,,75.785356313,0.802996043
31025,NE,Cass County,7015.1580778,78.061705089,0.222,0.5896307993,7.8,0.0232302506,0.0587434792,0.9285576923,8.4802005752,83291.0,0.3050981277,0.0911642311,,72.301134224,0.8383675788
31027,NE,Cedar County,5345.2794472,80.202845909,0.244,0.538902148,6.3,0.0179265659,0.0732725305,,14.335204874,69895.0,0.1871121718,0.0639006663,,78.64070729,0.7873647265
31029,NE,Chase County,7214.304391,77.443693938,0.268,0.6503981505,5.7,0.0166142793,0.112185019,,18.557794274,67334.0,0.0621628564,0.122324159,,62.05077822,0.7752261656
31031,NE,Cherry County,9393.2397228,77.154646732,0.289,0.6654445463,4.9,0.0187198068,0.0779036827,,12.811127379,55132.0,0.0986251146,0.0645333333,,92.352502398,0.6200089726
31033,NE,Cheyenne County,10904.804311,75.171011475,0.267,0.6511406844,5.7,0.0241286863,0.0762631077,0.93,10.51414152,60177.0,0.534643008,0.1105815062,,101.35645123,0.6692714319
31035,NE,Clay County,5142.0859481,78.111944024,0.275,0.3989187418,6.3,0.0241751062,0.0865102639,,16.531658125,67568.0,,0.0648854962,,61.768530559,0.8064646465
31037,NE,Colfax County,4195.2048224,82.026627673,0.315,0.7697977698,6.8,0.0180072029,0.1466182478,0.8373820755,14.36231329,70792.0,0.2886032886,0.0483734088,,50.829270129,0.7606485298
31039,NE,Cuming County,6610.6719971,79.122013428,0.264,0.7176300899,7.0,0.01875,0.1124800696,0.8538,11.199462426,65814.0,0.3068900477,0.0567039106,,69.667618042,0.7125859334
31041,NE,Custer County,8242.9773033,77.925425227,0.261,0.5366524419,5.9,0.0171755725,0.0725195579,0.8776041667,11.454753723,65151.0,0.3247984827,0.1008958039,,90.261193328,0.7089317774
31043,NE,Dakota County,7311.9518666,76.52932838,0.336,0.8672041516,7.0,0.026630187,0.1051258789,0.8723659306,7.6038399392,70126.0,0.6232045223,0.1186416993,,44.894692667,0.645567886
31045,NE,Dawes County,9705.7193729,75.912921873,0.243,0.8979143798,4.8,0.0200924252,0.0787295151,0.8194954128,15.774784614,54925.0,0.7591169655,0.1416282642,,92.735703246,0.6572020112
31047,NE,Dawson County,7719.6606447,77.384415026,0.32,0.8591928995,6.1,0.0238306035,0.1259289843,0.9594117647,18.841065148,67619.0,0.3616606528,0.1276595745,,76.731087052,0.6466265865
31049,NE,Deuel County,7402.3927166,79.940169898,0.239,0.6006528836,5.7,0.0262605042,0.0714801444,,31.545741325,58676.0,,0.0675496689,,163.41649417,0.8266666667
31051,NE,Dixon County,5812.1838149,78.908422104,0.264,0.4803781663,6.6,0.02002002,0.1021915198,,16.471449488,67521.0,0.1667855869,0.0567970205,,75.134168157,0.7729101475
31053,NE,Dodge County,8617.1535313,76.180903678,0.269,0.8812118277,7.4,0.0219055414,0.0857230538,0.8617142857,12.433440549,66833.0,0.5533672344,0.0949828179,,75.13148009,0.6676983112
31055,NE,Douglas County,7599.3089494,77.726567974,0.243,0.9743296278,7.3,0.0256337421,0.0794665005,0.8049538091,10.676636075,77747.0,0.7704995158,0.1312784344,17.070838826,61.237072077,0.6174578867
31057,NE,Dundy County,7919.1984317,,0.258,0.3561064087,5.8,0.0170648464,0.0984455959,,0.0,55818.0,0.0096735187,0.0616438356,,,0.7686567164
31059,NE,Fillmore County,5978.3160682,79.123837491,0.243,0.6591605116,6.5,0.0190504989,0.0669856459,,16.207455429,69021.0,0.0724193839,0.0629645824,,94.179012569,0.801427372
31061,NE,Franklin County,13659.270563,73.111766384,0.279,0.3942540672,6.0,0.0211640212,0.0712554532,,17.403411069,58346.0,,0.1068447412,,95.121619785,0.7945736434
31063,NE,Frontier County,8825.121654,79.595790149,0.26,0.6077808654,5.8,0.0204350692,0.0782183596,,18.989745537,62676.0,0.0468439857,0.1034115139,,,0.7188983856
31065,NE,Furnas County,8966.3017563,76.989038765,0.259,0.6486194996,5.9,0.0185933711,0.0846358006,,17.486338798,59530.0,,0.1084832905,,77.509365715,0.7691924227
31067,NE,Gage County,7953.9101733,76.346156395,0.288,0.6520917803,7.3,0.0258723874,0.0742689709,0.8829207921,14.363156188,66947.0,0.0878179137,0.094964515,,73.395518228,0.7227679546
31069,NE,Garden County,8538.5868568,76.6305116,0.299,0.6184631804,5.4,0.0203703704,0.0837173579,,32.66194883,44135.0,0.0827107791,0.0805369128,,215.86616298,0.7835550181
31071,NE,Garfield County,8125.137437,77.070854017,0.212,0.7175951462,5.5,0.0197663971,0.0641330166,,38.867295947,51135.0,0.6745725317,0.0974212034,,115.15912898,0.744
31073,NE,Gosper County,9781.9575367,75.772533442,0.241,0.2688853671,5.9,0.0215703192,0.0874277457,,16.592920354,73056.0,0.1827786582,0.090296496,,,0.8211068211
31075,NE,Grant County,,,0.211,0.0720130933,5.1,0.0149625935,0.0818181818,,0.0,63607.0,,0.106557377,,,0.6847457627
31077,NE,Greeley County,6009.0209984,81.22338743,0.252,,5.8,0.0199501247,0.0912912913,,22.451728783,60686.0,,0.1160714286,,113.76564278,0.8225292242
31079,NE,Hall County,7360.4509082,77.248436615,0.312,0.8884490023,5.6,0.0231806897,0.1040055946,0.8735888889,13.366185162,69725.0,0.7057794737,0.1050095117,8.1035525975,67.518437727,0.6324264525
31081,NE,Hamilton County,6028.349879,78.930915213,0.222,0.6291229187,6.2,0.0193353474,0.061486939,0.9386363636,18.029483508,84805.0,0.2622759572,0.0678613396,,62.157064472,0.8296656187
31083,NE,Harlan County,8061.6214345,76.842055716,0.229,0.4718516108,5.9,0.0188571429,0.0895316804,,16.371971185,63159.0,0.2772534982,0.1010452962,,92.381597586,0.8483333333
31085,NE,Hayes County,,,0.277,,5.7,0.0155172414,0.0826580227,,0.0,59966.0,,0.0900321543,,,0.7114845938
31087,NE,Hitchcock County,7454.5640212,75.568706175,0.281,0.248088685,5.8,0.026645768,0.0727929788,,15.396458814,55551.0,,0.0872938894,,81.330868762,0.7911111111
31089,NE,Holt County,6597.796302,78.920812042,0.256,0.6312827096,5.7,0.0178126113,0.0886224423,,14.935776163,65815.0,0.0305124914,0.0860634425,,77.545582884,0.7283464567
31091,NE,Hooker County,,,0.248,1.0,5.1,0.0252808989,0.0905349794,,0.0,53010.0,,,,,0.5987261146
31093,NE,Howard County,5022.4306562,79.659756575,0.229,0.536988417,5.9,0.0190124858,0.0569444444,,9.2095165004,68795.0,0.0328957529,0.0859671302,,86.294572688,0.7405773857
31095,NE,Jefferson County,7589.9039139,76.597714069,0.27,0.5649171271,6.9,0.0196407186,0.0730076166,,18.171652223,63707.0,0.0070441989,0.0868090878,,78.713594962,0.7215799615
31097,NE,Johnson County,7994.9471497,77.862027866,0.242,0.570510397,7.3,0.03125,0.0676343422,,13.240022697,64134.0,,0.0785002929,,96.655712353,0.6845714286
31099,NE,Kearney County,6257.9862902,79.603063969,0.249,0.6118421053,6.0,0.0172367358,0.0647780925,0.9020618557,17.937219731,77458.0,0.023923445,0.0740884407,,69.581001361,0.7838827839
31101,NE,Keith County,9725.7252652,77.129451535,0.26,0.7131373725,5.7,0.0184742447,0.0829686974,0.8803763441,18.140041117,57160.0,0.4808638272,0.0890874628,,76.381018085,0.7078053725
31103,NE,Keya Paha County,,,0.241,,5.0,0.0218181818,0.0938086304,,0.0,52077.0,,0.1202749141,,,0.8012232416
31105,NE,Kimball County,9793.186705,76.038440182,0.301,0.7585905649,5.5,0.0201863354,0.1211871393,,15.082956259,59686.0,0.5305765871,0.1277777778,,103.02197802,0.7191378184
31107,NE,Knox County,8014.0824063,77.495560549,0.273,0.4824216422,6.1,0.0215621562,0.0897965934,,20.393474088,60057.0,0.2338219521,0.058411215,,71.784073507,0.7857805255
31109,NE,Lancaster County,6251.6754329,79.089157566,0.211,0.9542137827,6.5,0.0211593358,0.0726426472,0.8247681505,12.778824718,71171.0,0.7564598522,0.125562271,13.918673705,53.788811678,0.5884217854
31111,NE,Lincoln County,9593.8950394,75.169047724,0.271,0.8293632484,5.9,0.021607794,0.0725720384,0.9075454545,16.030874276,63632.0,0.5393932403,0.1090650551,,77.787581851,0.6415495372
31113,NE,Logan County,,,0.217,,5.3,0.0243902439,0.0711538462,,0.0,66333.0,,0.1638225256,,,0.7845659164
31115,NE,Loup County,,,0.235,0.3690280066,5.4,0.0287206266,0.0479616307,,0.0,61608.0,0.3690280066,0.1474654378,,,0.6626506024
31117,NE,McPherson County,,,0.276,,5.3,0.0211267606,0.0555555556,,0.0,55174.0,,0.0388888889,,,0.7295918367
31119,NE,Madison County,6585.9848525,78.286550154,0.266,0.901756358,6.5,0.0201858699,0.0919649123,0.8815268817,14.702555983,68218.0,0.1233946888,0.1011335198,,61.928651376,0.6754522329
31121,NE,Merrick County,8240.4414106,77.408322824,0.237,0.5116066771,6.2,0.0195800896,0.073,,20.722704313,72297.0,0.0378195097,0.1129800063,,82.723677067,0.8059190031
31123,NE,Morrill County,11072.389351,73.988890678,0.258,0.7352360044,5.6,0.0215256798,0.0898876404,,15.462778882,62245.0,0.2272228321,0.1073825503,,134.46690379,0.7798941799
31125,NE,Nance County,11246.756691,72.734214542,0.266,0.649704142,6.1,0.0214504597,0.0662047729,,12.026458208,61228.0,0.2295857988,0.0708237105,,,0.7867756315
31127,NE,Nemaha County,9243.9057497,75.21880818,0.274,0.5821317501,7.4,0.0224719101,0.0972592311,0.918902439,12.793176972,65868.0,0.0308170766,0.0905716407,,88.387078379,0.7059032717
31129,NE,Nuckolls County,8330.5587856,77.204014864,0.249,0.6334554335,6.3,0.0203169443,0.0901893287,,17.322444939,58951.0,0.2356532357,0.0536836094,,82.612498785,0.81473337
31131,NE,Otoe County,7090.840824,78.416400198,0.244,0.7127953746,7.6,0.0215399262,0.072954014,0.866954023,19.138165206,76448.0,0.2168803419,0.0815942256,,82.407291797,0.8016503192
31133,NE,Pawnee County,10502.232074,76.048711458,0.28,0.4547955975,7.3,0.0202839757,0.093385214,,0.0,55574.0,0.0,0.0952858576,,147.03606253,0.808727948
31135,NE,Perkins County,7523.6342263,78.708919516,0.262,0.5388383485,5.7,0.0165929204,0.1082594494,,28.278543655,71521.0,,0.0682624113,,118.48341232,0.7771084337
31137,NE,Phelps County,6340.2115921,78.585894987,0.237,0.75,6.1,0.0179239708,0.0736827275,0.9164285714,22.251891411,70550.0,0.0020071365,0.1197846568,,95.638442205,0.6986122021
31139,NE,Pierce County,7469.1984744,79.355257861,0.246,0.700697007,6.2,0.0183028286,0.0596557014,,15.002727769,78454.0,0.053437201,0.0702087287,,71.984274205,0.7852395943
31141,NE,Platte County,5668.4750386,80.078300143,0.277,0.8267728015,6.7,0.0196398455,0.0903732099,0.8597072072,10.205271752,76785.0,0.4314497317,0.0941807044,,74.08109806,0.7250335871
31143,NE,Polk County,7161.6436441,76.686387057,0.264,0.2930571538,6.4,0.0194107452,0.0820914372,,23.228803717,79938.0,0.0701956272,0.0394211577,,119.08420406,0.8163265306
31145,NE,Red Willow County,9044.4848571,75.860581266,0.222,0.7915342927,5.9,0.0192176871,0.0808494784,0.8644366197,14.187080299,60614.0,0.4274901887,0.1134669152,,90.101927806,0.7316524088
31147,NE,Richardson County,6372.0749666,77.488266402,0.297,0.3793672977,7.7,0.0210970464,0.0803741556,,20.765736535,60839.0,0.0210900775,0.0849673203,,69.129733466,0.7451585742
31149,NE,Rock County,,,0.257,0.6537242472,5.2,0.0150462963,0.074829932,,0.0,56969.0,0.0356576862,0.0546558704,,,0.7577319588
31151,NE,Saline County,5921.9057932,79.162937688,0.291,0.7664427652,7.0,0.0244686801,0.1154013015,0.8768099548,8.5009917824,76586.0,0.0845927792,0.0620676023,,69.141655731,0.7363530778
31153,NE,Sarpy County,5139.5474966,79.854859618,0.239,0.9387998153,7.8,0.0219981576,0.0461079658,0.9314579606,6.7157458802,101902.0,0.4862909488,0.0935312003,7.9471068212,48.606917332,0.7061697472
31155,NE,Saunders County,6666.6973234,77.97740045,0.214,0.6145973606,7.6,0.0191437522,0.0531886602,0.9202884615,16.43740808,85732.0,0.0220396804,0.0930903218,,69.549194765,0.8166666667
31157,NE,Scotts Bluff County,10216.526949,75.246492383,0.244,0.8084469571,6.1,0.0262923847,0.0951536429,0.8816557734,14.324635564,57571.0,0.0729686288,0.1333560709,10.314401718,99.296509475,0.6833631485
31159,NE,Seward County,5490.0484532,79.128000524,0.22,0.6257595548,6.9,0.0202269918,0.067364486,0.9717479675,14.695907755,81819.0,0.014424442,0.0707734638,,74.641434034,0.7208427389
31161,NE,Sheridan County,8483.1994788,77.247149335,0.262,0.5437877901,5.1,0.0202131569,0.1094666294,,26.020816653,59842.0,0.0009752292,0.114820435,,105.15247108,0.698397738
31163,NE,Sherman County,5617.7670222,79.446175984,0.294,0.5065900642,5.7,0.0218049667,0.0770301624,,20.134228188,57592.0,0.0787428185,0.0987654321,,,0.7635239567
31165,NE,Sioux County,,,0.305,0.2026431718,4.8,0.0210526316,0.0617760618,,0.0,61344.0,0.1885462555,0.084375,,,0.5645514223
31167,NE,Stanton County,6163.0856379,80.16888169,0.247,0.4082505991,6.6,0.019050327,0.0574839708,,10.495014868,78112.0,,0.0878070974,,44.364058288,0.7728265618
31169,NE,Thayer County,6892.5241418,77.095476813,0.26,0.3392928089,6.6,0.0182156134,0.0729566648,,32.75332651,63574.0,,0.0658227848,,93.015731791,0.7564841499
31171,NE,Thomas County,,,0.221,0.7399103139,5.2,0.0336538462,0.0854700855,,59.612518629,56844.0,0.2286995516,0.061302682,,,0.6981132075
31173,NE,Thurston County,27025.927723,63.243891529,0.316,0.4033663074,6.9,0.0271921784,0.073358271,,7.6840325803,57810.0,,0.093966898,,114.69862935,0.6106908724
31175,NE,Valley County,7970.4279237,78.082945623,0.234,0.6932742055,5.7,0.0217601547,0.0934919062,,19.641541861,56604.0,0.0825326435,0.0712643678,,77.707625061,0.7288693743
31177,NE,Washington County,4802.1478331,79.874265572,0.195,0.4543973161,6.2,0.0214248389,0.0547929269,0.9700168919,7.5589360797,88234.0,0.05214474,0.0753474762,,51.707793514,0.8219520915
31179,NE,Wayne County,4888.7427639,82.498982286,0.237,0.4550892028,6.5,0.0201048951,0.0669444045,0.8980620155,11.143754432,68309.0,0.3362895741,0.1018492962,,35.46469177,0.6799574694
31181,NE,Webster County,7189.4639462,75.317013661,0.276,0.6300441826,6.2,0.0252859723,0.0704554301,,11.990407674,57002.0,,0.052957359,,145.46724078,0.8130405855
31183,NE,Wheeler County,,,0.256,0.0826873385,5.7,0.0168855535,0.054446461,,0.0,56377.0,0.0826873385,0.0483383686,,,0.8077994429
31185,NE,York County,7471.7972176,77.915941653,0.207,0.6979823009,6.5,0.0223585549,0.0634980274,0.9172360248,18.113417863,73671.0,0.2243539823,0.0922591424,,69.005175388,0.746466273
32000,NV,Nevada,8741.0749555,76.424167834,0.257,0.9139828655,8.15,0.0514104122,0.1322911472,0.8181477219,4.377280686,76332.0,0.5934335154,0.1713549241,29.429107036,87.065004042,0.5931368531
32001,NV,Churchill County,10825.65764,73.439452332,0.242,0.6799263207,9.6,0.0426108152,0.1030443831,0.8,8.899895523,72065.0,0.452931494,0.1169286321,24.698098246,140.16693327,0.6805098684
32003,NV,Clark County,8617.8590865,76.641728428,0.27,0.9569076669,12.1,0.0543172189,0.135609136,0.81,3.590208288,75103.0,0.5935864709,0.1845754765,28.031757976,79.721527595,0.5704833026
32005,NV,Douglas County,7663.7947982,79.137342485,0.188,0.8078119948,9.5,0.0454164276,0.1004496858,0.83,8.865962763,82025.0,0.6346184934,0.1473735409,18.844305655,93.105326926,0.7836556693
32007,NV,Elko County,10188.402637,75.351829103,0.245,0.7801944062,6.2,0.037808642,0.1024933138,0.7882978723,5.180771935,85829.0,0.264180105,0.1065334113,27.956040679,105.93339719,0.7044919677
32009,NV,Esmeralda County,,,0.273,0.0960219479,7.8,0.0396659708,0.1882352941,,0.0,59057.0,0.0672153635,0.3683035714,,,0.476673428
32011,NV,Eureka County,17331.87735,69.672985061,0.25,0.2598382749,4.9,0.0371859296,0.0694904037,,0.0,81661.0,0.0010781671,0.1044247788,,131.80573862,0.853968254
32013,NV,Humboldt County,11481.244972,74.101860212,0.29,0.511426092,6.6,0.0389394133,0.1227266417,0.94,7.5266327003,81500.0,0.1179635522,0.0862251856,19.274507536,121.63884958,0.7356009718
32015,NV,Lander County,9879.354919,75.189082515,0.252,0.8315312173,,0.0358616312,0.1128729397,0.875,6.9372181755,87398.0,0.0601674224,0.1007895959,,113.53556856,0.6694250871
32017,NV,Lincoln County,8004.7093771,76.973512376,0.249,0.3202933985,5.4,0.0468441815,0.1175558313,0.525,0.0,67577.0,0.3198488553,0.073015873,,114.05295316,0.7373923739
32019,NV,Lyon County,10098.404368,74.239895884,0.245,0.652941673,10.4,0.0578998603,0.1234771836,0.85,4.708938865,75195.0,0.2272811682,0.1345111689,25.441492863,119.67700807,0.7658284592
32021,NV,Mineral County,19160.87803,68.373360657,0.28,0.9187527448,9.6,0.0683477107,0.108056872,,0.0,58039.0,0.0357927097,0.1445929526,,132.46202755,0.7396073903
32023,NV,Nye County,11604.828948,73.321667668,0.277,0.2980752457,7.4,0.0641102784,0.1025349674,0.81,4.201834192,63071.0,0.0455118141,0.1314949755,44.802293877,143.08112095,0.7523128105
32027,NV,Pershing County,8967.0431203,76.902614249,0.248,0.2282706767,6.7,0.0466975179,0.1030848329,,0.0,66928.0,0.2282706767,0.0737379467,,117.58675792,0.7428262047
32029,NV,Storey County,6547.6803165,83.797243243,0.215,0.001705653,9.6,0.0429705745,0.1385061639,,0.0,88684.0,,0.1403415155,,111.26160991,0.9738527215
32031,NV,Washoe County,8308.4677435,76.81153373,0.21,0.8876178848,11.2,0.0407151722,0.1285842702,0.8402942431,6.1802333189,84282.0,0.7509702112,0.1460677083,37.826663913,101.43594875,0.5947426236
32033,NV,White Pine County,9770.6389568,76.58991813,0.273,0.5935022026,4.9,0.0336590662,0.0880690738,0.925,0.0,70635.0,0.3662995595,0.0744029394,,96.792927663,0.7751687702
32510,NV,Carson City,10863.645071,73.358342719,0.244,0.9879090708,8.5,0.0448919978,0.1422419717,0.8546236188,7.7412695682,72823.0,0.8603830215,0.1417255037,23.677933898,104.39844351,0.6320818535
33000,NH,New Hampshire,6622.4079385,78.936114195,0.19,0.8485759646,5.45,0.0220074907,0.0623083847,0.8795300558,10.148857071,97031.0,0.312361482,0.1241075652,31.803412506,88.893199568,0.7250964284
33001,NH,Belknap County,7596.4107774,77.394070926,0.209,0.765952437,4.1,0.0214022855,0.0686254534,0.8877145086,11.577468702,91333.0,0.1056118044,0.1270091396,31.447859449,106.35002252,0.786928555
33003,NH,Carroll County,7555.2072209,79.324403525,0.189,0.7170854372,5.3,0.0226719944,0.083160543,0.9277922078,11.494473074,77303.0,0.2100504919,0.137170197,29.437546609,102.57228952,0.8119116582
33005,NH,Cheshire County,7141.8924437,78.640097686,0.197,0.6822961626,6.4,0.0232372414,0.0593154043,0.8503355705,9.3083387201,84008.0,0.1608072406,0.1198667026,26.417562049,87.356741463,0.7029063862
33007,NH,Coos County,11270.039765,73.937778253,0.22,0.7316105923,4.9,0.0264509321,0.0767418078,0.8535714286,13.014220416,59592.0,0.1915056927,0.110696981,57.46698309,157.84214513,0.7399768418
33009,NH,Grafton County,6277.4606076,80.100992365,0.17,0.8428301763,4.4,0.0194190837,0.0704249015,0.8911245865,13.827008757,81537.0,0.4224741544,0.1406165495,20.436613653,84.859705967,0.7096407899
33011,NH,Hillsborough County,6908.9390369,78.599450373,0.176,0.891563046,3.4,0.0230469093,0.065767232,0.8604893908,8.8608841193,103181.0,0.5022733882,0.122599767,37.182686733,88.215142172,0.6753332697
33013,NH,Merrimack County,6692.2765995,78.964509444,0.19,0.85383075,5.7,0.0190337284,0.068564047,0.8924755455,13.523907191,91357.0,0.3460418184,0.1084952394,29.31792705,93.814872854,0.7349822152
33015,NH,Rockingham County,5001.273863,80.501326258,0.177,0.8705725453,6.9,0.0230404421,0.049282951,0.9001578369,9.3919054298,109660.0,0.2267264209,0.1183398631,23.003594048,72.831817227,0.7861645654
33017,NH,Strafford County,7468.2505908,77.573299199,0.211,0.9026885376,6.3,0.0205331462,0.0561036765,0.8638967343,7.2576072576,84762.0,0.0494159173,0.140201242,42.40025844,94.680392787,0.6698204473
33019,NH,Sullivan County,8142.5478504,78.023523018,0.214,0.7502031907,5.6,0.0188082264,0.0703731455,0.8753012048,6.5972064243,74730.0,0.2996075517,0.1527697911,38.238578137,96.752792009,0.7482430499
34000,NJ,New Jersey,6562.2619806,79.040609766,0.228,0.9591967655,8.1,0.0442988583,0.0798591881,0.85323474,8.1119025786,99716.0,0.6788955833,0.1724470724,32.399165305,66.141010413,0.636933838
34001,NJ,Atlantic County,10072.402861,75.650724835,0.254,0.9056510305,6.9,0.0586710669,0.0870715702,0.8381832658,7.5824088116,75904.0,0.4560710149,0.1838712124,63.057050036,113.73047887,0.6783611745
34003,NJ,Bergen County,4471.8548755,81.874845161,0.209,0.9969321944,9.5,0.0386219366,0.0680169874,0.8834645705,9.3914251566,116157.0,0.7861283289,0.1766191656,19.279503456,48.065236127,0.6536043724
34005,NJ,Burlington County,6658.1617424,78.905082247,0.19,0.9105399905,8.3,0.0394878199,0.0495238863,0.861430673,8.2599768721,102384.0,0.5392738059,0.1339370747,32.607874693,73.422377994,0.7573304704
34007,NJ,Camden County,8984.3630619,76.162455316,0.247,0.9268766058,8.7,0.0482825042,0.0845234848,0.802671835,8.0776213691,82678.0,0.5299464168,0.168383286,57.988269912,100.54355019,0.6502998968
34009,NJ,Cape May County,9175.8413774,76.63584611,0.215,0.9199584309,7.3,0.0762336458,0.0773511989,0.8104684096,12.966099923,81007.0,0.3408458688,0.1563514893,59.04377371,114.45319185,0.7928959409
34011,NJ,Cumberland County,10759.537744,73.739829941,0.28,0.8886099434,8.3,0.0648066093,0.1031082818,0.7402959184,9.4479240995,64240.0,0.4547589392,0.1990900503,51.770942342,111.76228256,0.6555182692
34013,NJ,Essex County,8340.7020858,77.661793635,0.257,0.9953978567,8.8,0.0554048614,0.1063545064,0.8467834106,7.6399949616,80005.0,0.8902281737,0.231801239,42.317143034,75.518375529,0.4453197595
34015,NJ,Gloucester County,7587.1112225,77.106128992,0.207,0.8536557127,8.6,0.0430237797,0.0503905904,0.8939458155,7.044986807,96965.0,0.3631828617,0.1356344588,43.789663649,87.402772819,0.7942502415
34017,NJ,Hudson County,6243.8034721,79.914650496,0.254,1.0,8.3,0.0437516198,0.1039219299,0.8238560369,5.3172885809,88469.0,0.975331584,0.2088724584,25.944707448,48.745646094,0.3118233001
34019,NJ,Hunterdon County,4362.6272271,82.764995968,0.186,0.9060001396,7.4,0.0349095525,0.0440463375,0.9113388325,9.3236860152,136407.0,0.3445601681,0.1200170583,14.044286316,49.559410527,0.8479392711
34021,NJ,Mercer County,7664.2336304,78.385186486,0.224,0.994351216,7.2,0.0389032738,0.0872367841,0.8110980789,11.006388434,95502.0,0.7643930397,0.1640187897,35.3670099,74.663320268,0.6189136459
34023,NJ,Middlesex County,5499.129029,80.181999008,0.214,0.9697438024,7.6,0.0409554355,0.0732736589,0.8775232765,6.117819688,104637.0,0.6169351756,0.1547690241,26.87663976,53.598964499,0.6346749125
34025,NJ,Monmouth County,5709.6038596,79.64859143,0.183,0.9546188327,7.9,0.0384298305,0.060902989,0.8525003203,8.5856500098,117752.0,0.4252511206,0.1574656873,27.675378296,60.260827413,0.7537240952
34027,NJ,Morris County,4240.0883399,81.70932589,0.167,0.9850221389,8.0,0.036520228,0.0533538132,0.9171583443,10.212246479,134308.0,0.7358905132,0.1386053656,18.503600602,46.33312154,0.7390064637
34029,NJ,Ocean County,7126.7750427,78.080170306,0.235,0.9326521549,6.5,0.0423420804,0.0575064017,0.8386859032,7.2742800064,85239.0,0.6264780793,0.1604317367,35.070897409,72.351011427,0.8017108243
34031,NJ,Passaic County,7211.4526711,78.440264534,0.309,0.9879645423,8.3,0.0551144343,0.1229347045,0.8385411837,7.0242209147,81823.0,0.8806108548,0.225371089,29.169263297,59.978617347,0.5282585242
34033,NJ,Salem County,11685.238187,73.747656463,0.217,0.667211623,8.3,0.0549667399,0.0644438057,0.8367061021,11.210590168,84008.0,0.1769668553,0.1628509187,48.802267748,121.84908346,0.7129134681
34035,NJ,Somerset County,4544.7991684,81.802720801,0.179,0.9209667565,8.1,0.0378411198,0.0525556993,0.8882820281,9.1387387387,140242.0,0.5713818294,0.1394308019,17.712919569,43.877615935,0.7447454406
34037,NJ,Sussex County,6516.349931,78.385062199,0.19,0.9342952829,7.5,0.0425986842,0.0535301832,0.8859150327,8.2829057255,109884.0,0.5782653012,0.1259426714,29.655097317,67.609648262,0.8491138711
34039,NJ,Union County,6476.666923,79.261718711,0.242,0.9960597555,9.5,0.0472691988,0.1259643184,0.8326001928,8.1956424454,100031.0,0.8552624947,0.1769165071,29.575985243,57.651318707,0.5761493184
34041,NJ,Warren County,7006.0662433,78.315011557,0.205,0.9044074723,7.2,0.0404316259,0.0595318937,0.8245136187,8.3839676902,98857.0,0.4419786194,0.1355489426,31.165878863,71.51786925,0.7428520571
35000,NM,New Mexico,12363.330976,74.413201597,0.239,0.75702779,5.4,0.0375666671,0.1058269849,,8.0251960873,62286.0,0.4919481356,0.1387943967,45.142166256,128.78287832,0.6933932591
35001,NM,Bernalillo County,11523.92004,75.08976794,0.198,0.9549644908,9.7,0.0345509593,0.098697339,,8.0742533918,68286.0,0.8756364163,0.1620129788,62.063515772,139.61774622,0.6426876439
35003,NM,Catron County,11456.623927,77.179588906,0.257,0.633137748,,0.0487156776,0.0754451734,,7.8390384113,45802.0,0.633137748,0.0498721228,,213.27791753,0.8772036474
35005,NM,Chaves County,13483.896778,72.181719039,0.29,0.7810979634,6.3,0.0381193013,0.109593559,,9.0775346668,51179.0,0.0757708305,0.1478175489,40.365567136,125.5665999,0.6868883711
35006,NM,Cibola County,16697.435087,70.736407038,0.27,0.5327911085,5.1,0.0518954729,0.0918687589,,4.0816326531,47530.0,0.3504342706,0.0973578029,33.545373223,141.14062535,0.7046570095
35007,NM,Colfax County,13075.238738,75.196095062,0.249,0.7978525874,4.9,0.0344891872,0.1017302737,,13.882083946,54255.0,0.4408654234,0.1077407918,54.731541788,143.58094169,0.7201182339
35009,NM,Curry County,12340.458899,72.61696154,0.252,0.716126368,5.8,0.0290245765,0.1111691672,,10.308844568,53858.0,0.3865166219,0.1642150008,37.415814418,105.47349772,0.6125818851
35011,NM,DeBaca County,13649.895031,71.611292905,0.249,0.8121319199,5.1,0.0331491713,0.1291390728,,35.440047253,48234.0,0.1478209658,0.0505902192,,116.6180758,0.6905089409
35013,NM,Dona Ana County,9397.0822165,76.021343595,0.243,0.7301524406,9.1,0.0429747536,0.1212504367,,5.5521476513,56233.0,0.4295662709,0.1513620193,24.170290959,83.316391729,0.6529630073
35015,NM,Eddy County,12798.052199,72.704219805,0.288,0.7357255191,7.0,0.0263852243,0.1073919107,,8.940397351,66485.0,0.547902558,0.0866213984,30.601628007,131.71715261,0.7465691547
35017,NM,Grant County,12951.220634,74.313341528,0.271,0.6887351428,5.5,0.0350922131,0.0867512071,,8.3074478076,48454.0,0.1302465851,0.1043165468,36.327529001,142.41269007,0.7324058181
35019,NM,Guadalupe County,12650.537078,73.928390154,0.301,0.5738993711,4.9,0.0404777704,0.0857860732,,9.2807424594,43463.0,0.277178796,0.0918674699,,129.1810842,0.783597519
35021,NM,Harding County,,,0.259,0.0121765601,4.9,0.037037037,0.1061007958,,0.0,47606.0,0.0121765601,0.0583657588,,,0.7836879433
35023,NM,Hidalgo County,10843.651822,75.032655601,0.292,0.6625179512,5.2,0.0328984685,0.1075843635,,0.0,45343.0,0.2113451412,0.0928270042,,130.93448426,0.7534976682
35025,NM,Lea County,12672.944115,72.630318535,0.301,0.8748774428,5.6,0.0349407167,0.1333279339,,8.8334345498,60820.0,0.4263649184,0.1158719791,29.914490579,110.90407775,0.6948876587
35027,NM,Lincoln County,12621.00382,75.772201404,0.224,0.8589471607,5.1,0.0321834013,0.1180201196,,19.107344079,59386.0,0.8000394691,0.1144873108,42.773006942,136.11706067,0.7951151877
35028,NM,Los Alamos County,3583.3243466,82.979136944,0.119,0.992687574,4.9,0.0185326225,0.0214924997,,16.156772815,146208.0,0.8771306452,0.0490978274,,71.540399589,0.7454634028
35029,NM,Luna County,13151.906753,72.136624014,0.345,0.4930585598,5.6,0.1003072653,0.1229115729,,6.6021981436,38641.0,0.0263106147,0.1178513545,23.940627244,135.92928421,0.6916978639
35031,NM,McKinley County,27592.800589,63.94369904,0.316,0.412430386,5.3,0.0518198643,0.1379526637,,5.4417871975,41427.0,0.2867548215,0.0943090281,30.597738592,201.35302493,0.6880216237
35033,NM,Mora County,14981.906708,76.056326943,0.281,0.1694915254,,0.0495824635,0.0637997885,,0.0,45685.0,0.1694915254,0.0386398764,,141.74668496,0.8915118031
35035,NM,Otero County,11127.673711,74.863465511,0.264,0.4883621516,5.8,0.0401633764,0.093002759,,8.5727155166,51298.0,0.1271687377,0.1032529397,26.786540494,107.7744863,0.6503603047
35037,NM,Quay County,16626.927498,70.314923049,0.289,0.7491424651,5.2,0.0415540541,0.1018609207,,12.871518839,43312.0,0.5260690601,0.1686906019,47.245954565,131.24925427,0.7274500244
35039,NM,Rio Arriba County,21299.484786,69.270406337,0.277,0.4966181899,5.4,0.0344440506,0.0908111021,,7.2413104275,51703.0,0.1676535441,0.0929459381,111.1597669,212.53336723,0.7808411215
35041,NM,Roosevelt County,10940.860306,74.372114601,0.266,0.6754207702,5.7,0.03640993,0.1108521971,,11.091158762,51111.0,0.0214683966,0.1228976099,21.313251514,98.347337139,0.6197476078
35043,NM,Sandoval County,9510.9134248,76.809110331,0.227,0.6938065227,7.6,0.0364420795,0.0791670504,,3.583038547,81557.0,0.3189795342,0.0908083755,27.326378329,101.91752458,0.8361170413
35045,NM,San Juan County,18277.303577,69.849902159,0.273,0.5093333114,6.4,0.0417772535,0.1276171822,,6.9757013071,57296.0,0.0474679643,0.1402107541,34.272584948,153.65213027,0.7018001121
35047,NM,San Miguel County,14085.431994,74.066021932,0.261,0.5639866181,4.9,0.0463922426,0.0862393968,,5.5652432011,46318.0,0.2371971619,0.1488801054,72.618065898,159.42401646,0.7325561892
35049,NM,Santa Fe County,8950.4019466,79.33546092,0.178,0.8341460894,4.5,0.0335635776,0.1204801838,,8.6725254394,78366.0,0.4640589576,0.1580251363,46.455248471,111.10747158,0.7061919594
35051,NM,Sierra County,17437.97555,69.586651442,0.254,0.7362646856,5.3,0.0598400825,0.0913177859,,8.7443161945,40498.0,0.5811161023,0.1281999597,68.037272593,194.37045569,0.7023436058
35053,NM,Socorro County,17605.398632,70.968960003,0.305,0.5284724315,5.3,0.0421393841,0.1043812184,,4.9643189575,46070.0,0.3869840313,0.0980749747,87.814242245,171.24327475,0.7351589429
35055,NM,Taos County,12929.772206,76.504822905,0.233,0.7914987387,5.9,0.044165316,0.113342838,,10.41064199,53935.0,0.4306590507,0.1732944181,52.064914142,145.20119029,0.788367107
35057,NM,Torrance County,14503.049926,72.84412419,0.289,0.0842140246,5.5,0.0507364975,0.0903871248,,5.1766532936,44780.0,0.0586905949,0.0771769019,32.434536294,148.77294661,0.8165916176
35059,NM,Union County,12002.139619,73.784455654,0.291,0.6987006619,4.9,0.0313520575,0.1213850837,,15.075376884,45458.0,0.3449374847,0.1157407407,,93.64218827,0.6815159574
35061,NM,Valencia County,11779.073828,74.531131777,0.251,0.4764647989,6.8,0.040507611,0.1084845034,,6.1475409836,56785.0,0.0584738534,0.1277667946,44.235625569,113.99318114,0.8205137779
36000,NY,New York,6637.2325352,79.350500568,0.251,0.9308554139,6.9,0.0422750136,0.057399004,0.8680066993,7.878173014,82052.0,0.6300847042,0.1939907904,29.167453981,60.03539658,0.5430717036
36001,NY,Albany County,7275.973279,78.49584042,0.216,0.9386084714,8.7,0.0328715953,0.0453645756,0.888796748,14.565673773,81193.0,0.6155065301,0.1468500273,30.111186359,60.808717124,0.5672126454
36003,NY,Allegany County,8270.8479351,76.779175014,0.243,0.4575081798,6.5,0.0426826125,0.0505969827,0.9095334686,15.419539984,57488.0,0.1332443603,0.1077677544,18.787891926,72.756249242,0.8030720525
36005,NY,Bronx County,9450.884202,76.681897585,0.36,0.9988272873,8.3,0.0682682169,0.0731253534,0.7781149966,2.905910811,46894.0,0.9425927611,0.3119479055,53.423223196,73.621370746,0.2026894713
36007,NY,Broome County,9128.1860818,76.509171381,0.238,0.8566510471,7.2,0.0393748266,0.0523904545,0.8429479769,10.907227687,63590.0,0.5331960963,0.1448835238,45.907940875,78.991721916,0.6457490126
36009,NY,Cattaraugus County,10681.179147,74.466671641,0.264,0.5917551465,6.8,0.042663766,0.0658355056,0.8925173439,14.390559793,55944.0,0.3011733859,0.1148468492,31.041236753,75.192894664,0.7457733643
36011,NY,Cayuga County,7891.5452779,77.601584497,0.262,0.789305949,7.0,0.0360567487,0.0604174747,0.841281337,9.6002560068,66431.0,0.5297188123,0.124228699,33.053189192,66.994545856,0.7191229974
36013,NY,Chautauqua County,9667.0887184,75.711401705,0.275,0.7936501719,5.3,0.0427299034,0.0579980702,0.8570206897,16.583747927,56040.0,0.0967827851,0.1349480302,45.134691421,86.317357521,0.6906458714
36015,NY,Chemung County,9852.2832397,75.02900282,0.267,0.8173693968,6.8,0.0399780467,0.0478727622,0.8305910736,11.175791516,60456.0,0.4807719732,0.1507978411,39.661180203,94.984848229,0.6983617826
36017,NY,Chenango County,10172.151197,74.865954505,0.266,0.5464421855,6.7,0.0347715274,0.0477388339,0.8654478976,10.331912695,57407.0,0.2195256247,0.1087931574,42.22580068,83.593496767,0.7632323232
36019,NY,Clinton County,7270.3238762,77.81640984,0.28,0.722530466,6.2,0.035189633,0.05107173,0.8732314149,6.0950059045,64282.0,0.4804553937,0.1230816928,23.93680683,63.860638556,0.6885142445
36021,NY,Columbia County,7809.6266285,79.204849312,0.232,0.6150073088,7.8,0.0298337137,0.0551440883,0.8930984556,9.4638253435,73112.0,0.1171674517,0.1513375593,23.548998346,67.886414438,0.7536209671
36023,NY,Cortland County,8256.0620002,76.195305154,0.255,0.8101006217,6.7,0.0424953179,0.0467831225,0.8874472574,10.83987339,63890.0,0.6664530325,0.1372948563,29.367523816,60.847438876,0.6638959932
36025,NY,Delaware County,8915.1616061,76.66331899,0.243,0.5847025368,6.5,0.0403342439,0.0573104693,0.9002705628,12.069736254,56163.0,0.1891757696,0.1449338726,30.062530063,84.792393942,0.7668760226
36027,NY,Dutchess County,6545.6152313,79.291172188,0.199,0.7643108908,8.3,0.0326450665,0.0466559301,0.875534295,6.9233225226,96374.0,0.3388721609,0.1568453069,39.867109635,77.648273647,0.6883247673
36029,NY,Erie County,8237.5087917,77.04116306,0.255,0.9718287719,6.8,0.0380027388,0.0434197435,0.8937965791,9.6599853522,70443.0,0.7446208276,0.1425088809,34.17031079,74.688773513,0.6545431858
36031,NY,Essex County,7205.7136132,78.409503545,0.233,1.0,3.2,0.0381316099,0.0543807806,,14.90111081,70902.0,1.0,0.1199513538,25.209554421,70.713722781,0.7805972941
36033,NY,Franklin County,7951.2864488,77.270243397,0.273,0.57281043,6.5,0.0381555532,0.060624671,0.8750461255,10.135207987,63624.0,0.4052360425,0.1102626591,19.472300652,61.038306658,0.7118644068
36035,NY,Fulton County,9921.8618329,74.99475116,0.285,0.8956942465,7.0,0.0436727643,0.05763422,0.8121118531,9.1135202871,63409.0,0.5143462606,0.1317190842,30.265389635,70.790861954,0.6920422878
36037,NY,Genesee County,7591.1721338,77.374536156,0.249,0.6555456601,7.2,0.0329316191,0.0439244206,0.9454429302,11.471278352,71749.0,0.3510652874,0.0977179879,25.524706756,80.787539219,0.7420969761
36039,NY,Greene County,8286.1253305,77.599059563,0.23,0.8133149736,7.4,0.0382947625,0.0503242993,0.8425773196,8.9469632342,70789.0,0.2539275208,0.1415625352,36.87289981,83.048117576,0.7756212888
36041,NY,Hamilton County,6514.1472132,78.388963604,0.258,1.0,5.7,0.049955397,0.085884101,,13.677217663,68529.0,1.0,0.0901803607,,81.085694776,0.8247276172
36043,NY,Herkimer County,7794.8227736,77.550738865,0.231,0.7909177073,6.8,0.0407353477,0.0474602136,0.8664251208,11.868543345,63771.0,0.2692096643,0.1013185569,21.582256065,63.187825812,0.7589082042
36045,NY,Jefferson County,7377.959493,77.320601254,0.289,0.6284301882,6.5,0.0435273146,0.0481926403,0.8768716338,9.7739139381,61664.0,0.2969731239,0.1296847771,24.924712706,65.586474611,0.5412732061
36047,NY,Kings County,6345.3862704,80.089940544,0.255,1.0,8.4,0.0552572743,0.06479602,0.812978889,5.496974348,76353.0,0.7097202049,0.2552715757,23.679293822,44.295639319,0.2971743153
36049,NY,Lewis County,7010.5355467,78.922248431,0.25,0.4418403431,6.0,0.0438048616,0.0536249109,0.8787096774,16.480017978,64941.0,0.2287638251,0.1006960999,12.585106785,77.154657267,0.8041613433
36051,NY,Livingston County,5954.4119221,79.356431345,0.23,0.792525148,6.8,0.035151117,0.0425522523,0.9153812825,12.029390728,70185.0,0.5047870104,0.1018214015,21.564272314,66.745177821,0.7710551194
36053,NY,Madison County,6939.9617177,78.403259836,0.224,0.7180516349,6.8,0.037233881,0.0408009758,0.8906725888,9.389391478,73680.0,0.3745442249,0.1242451083,23.875302705,67.729393692,0.7842193796
36055,NY,Monroe County,7509.6387556,78.236670025,0.193,0.9331207214,6.6,0.0366607448,0.0415950568,0.8821944912,8.9224570665,73263.0,0.4460887782,0.1405590777,35.541202663,88.657541558,0.6351601549
36057,NY,Montgomery County,9218.5921438,75.200585673,0.294,0.542639102,7.3,0.0459703099,0.0498575858,0.8664285714,6.2471031578,61463.0,0.4178712751,0.1403565466,20.896387621,66.79431803,0.6933555163
36059,NY,Nassau County,4799.8188766,81.322902724,0.196,0.9861775617,8.2,0.0312076904,0.0440136146,0.9404803957,8.0868611271,140466.0,0.6750161559,0.1745479709,19.219736852,46.263583441,0.8193042388
36061,NY,New York County,4960.2431971,83.016916755,0.202,1.0,8.7,0.0459428598,0.047343077,0.8239296161,12.065605319,100869.0,0.9910520932,0.2164455559,29.257254441,52.110370536,0.2471613772
36063,NY,Niagara County,9535.2236515,75.418682898,0.233,0.8782833175,7.9,0.0406692303,0.0444720874,0.8446254281,9.721168437,65932.0,0.6002040759,0.1198509882,39.782606284,84.138951099,0.7090159903
36065,NY,Oneida County,8898.4210057,76.278820394,0.263,0.8517910609,7.0,0.0371239854,0.0452620252,0.8645970912,10.618494533,61566.0,0.4071556274,0.1181254082,34.52465235,82.02922302,0.677885991
36067,NY,Onondaga County,7762.1618317,77.742598281,0.23,0.9732202067,6.4,0.0349531726,0.044200215,0.8757377828,10.29366854,74388.0,0.6302789413,0.139882786,37.695464907,81.057719295,0.656601509
36069,NY,Ontario County,6295.8627218,79.758892306,0.211,0.800120934,6.9,0.0328318836,0.0428203628,0.9346034215,8.961289006,79364.0,0.4343132547,0.1070113072,15.50822234,63.429480653,0.7280848922
36071,NY,Orange County,6631.0613457,78.790827102,0.23,0.785430216,8.1,0.0343784208,0.0546726435,0.8893909805,7.1192611734,93492.0,0.3336398296,0.1972211444,33.871372418,66.340872856,0.6842787541
36073,NY,Orleans County,7355.4793229,76.931193356,0.235,0.4909897628,7.1,0.03969129,0.0566112041,0.9311111111,11.445139631,65156.0,0.1323897578,0.145,13.390578055,60.862754489,0.773630306
36075,NY,Oswego County,9165.3279168,76.210599947,0.257,0.656166773,6.9,0.0431010038,0.0504900473,0.8555526142,8.8767151082,68613.0,0.2634928739,0.1284303204,33.236747912,74.270665472,0.7391368921
36077,NY,Otsego County,8049.1397125,77.679478008,0.238,0.4929259791,6.5,0.0383616532,0.0503367337,0.8558270677,11.709215647,63863.0,0.2614653817,0.1092839395,26.484841654,70.104010084,0.7434094126
36079,NY,Putnam County,4623.5417127,81.563958486,0.205,0.9484580415,8.2,0.0312577857,0.0442849886,0.9403473945,7.0375847825,120930.0,0.1749907851,0.1658175217,22.749420229,51.451522701,0.8302904091
36081,NY,Queens County,5787.7122272,81.207949414,0.27,0.9903814815,7.4,0.0460298526,0.0871408739,0.8560239072,4.7102122054,81399.0,0.5998061081,0.2391387433,20.08780404,42.6997164,0.4488825568
36083,NY,Rensselaer County,7121.6650436,77.745827557,0.215,0.7837894867,8.1,0.0330344103,0.0438469592,0.8905478589,8.3201441324,82846.0,0.3747160678,0.1160378381,27.394796662,62.284249745,0.6409493757
36085,NY,Richmond County,6375.6080083,79.04440445,0.254,0.9905012032,7.7,0.0488112972,0.0497154002,0.8534418556,4.0722166908,93337.0,0.6070132547,0.2126812521,32.672262277,54.512833523,0.679423924
36087,NY,Rockland County,5422.6001626,81.013304227,0.25,0.9540122189,8.4,0.0311896491,0.0521966505,0.9042635177,10.943242621,105923.0,0.4614532009,0.2242336375,17.621162917,48.068851988,0.6825452151
36089,NY,St. Lawrence County,8243.2759042,76.773624978,0.28,0.5664255103,6.9,0.043721297,0.0602078082,0.842166065,9.4678510763,57832.0,0.0967328695,0.1362712033,21.673906784,60.695379727,0.7150388191
36091,NY,Saratoga County,5526.2496088,80.245541928,0.169,0.8571434637,8.2,0.0288238749,0.037467748,0.9244552816,7.2865237,94394.0,0.4603136186,0.104711561,17.127796007,47.321857211,0.7216707567
36093,NY,Schenectady County,8451.919603,77.075693617,0.213,0.8858225622,8.0,0.0350904017,0.0454541881,0.86265945,7.7454979293,74791.0,0.5911135574,0.1545311439,28.508679309,60.444612204,0.6381852723
36095,NY,Schoharie County,7415.0876014,78.92809918,0.253,0.3501043279,6.6,0.0415579201,0.0502873563,0.9063455657,7.3179656056,63768.0,0.0078077674,0.1070153591,24.160425223,67.252569309,0.7767505426
36097,NY,Schuyler County,7968.6394513,76.546827065,0.262,0.4926248743,6.6,0.0391795628,0.0552133581,0.9081081081,6.2322946176,65210.0,0.3607665661,0.1100633357,24.488104432,65.310902417,0.7805536799
36099,NY,Seneca County,7640.3585259,77.559545914,0.25,0.6279943219,6.9,0.0348741794,0.0603958376,0.8711956522,10.340003649,58581.0,0.4236115219,0.1194344164,18.894004634,74.610515345,0.7199356678
36101,NY,Steuben County,8363.0029182,76.303825723,0.241,0.5198217644,5.7,0.0397000655,0.0471079718,0.9087568058,11.123230272,64261.0,0.2994528979,0.1076744125,24.26803329,71.704509535,0.735275979
36103,NY,Suffolk County,6452.6881782,79.39597492,0.223,0.9553921569,6.4,0.0339044405,0.0567241181,0.9088073807,6.5357120616,123219.0,0.5060992713,0.1758511249,33.494753299,71.661685224,0.8191438276
36105,NY,Sullivan County,9701.3104606,76.114977732,0.262,0.5479878917,6.9,0.0331780538,0.0605475462,0.8167418033,10.796153556,68063.0,0.1388507326,0.1516438356,62.907517448,109.52987602,0.6928346848
36107,NY,Tioga County,6675.6575119,78.584203937,0.223,0.6398720462,7.1,0.0338416265,0.0417062125,0.9187389771,11.722347819,67616.0,0.1198225157,0.0962440131,15.314362087,66.966421123,0.7821806669
36109,NY,Tompkins County,5563.1840382,80.928822582,0.207,0.8913750709,6.8,0.0312702659,0.0469285348,0.8683926585,9.8304017103,68222.0,0.589058067,0.189234854,25.080627787,58.918154156,0.5382837597
36111,NY,Ulster County,7045.1076739,78.797974881,0.217,0.8097123469,8.0,0.0344671918,0.0698218659,0.8658190578,9.1049204965,84593.0,0.3399706353,0.1799020864,42.726700136,83.85622994,0.699856371
36113,NY,Warren County,7391.2897469,78.115875234,0.253,0.9922874485,7.3,0.0368369196,0.0493782079,0.8503732394,12.042866507,73115.0,0.8254711958,0.1225733942,20.515661143,55.386748024,0.7146899238
36115,NY,Washington County,8493.2920187,76.567769539,0.239,0.7065022348,7.6,0.0339858422,0.053798786,0.8553571429,8.7112309134,71396.0,0.3451110894,0.109586728,29.05653964,70.865211743,0.765564443
36117,NY,Wayne County,8850.1273632,77.249592324,0.232,0.6369970312,7.1,0.0336153723,0.0541532813,0.8733633776,9.6570644719,73028.0,0.2450291949,0.1130301234,25.424946663,80.643553279,0.7987808069
36119,NY,Westchester County,4880.7026119,82.0021868,0.196,0.9965075658,8.8,0.0337050157,0.0530833465,0.9123273952,8.1782907776,114020.0,0.8245868166,0.1918873943,19.091954163,44.894484667,0.6219858692
36121,NY,Wyoming County,6544.6363948,78.147555658,0.251,0.6308751326,6.8,0.0392395525,0.0458775679,0.9290895062,15.126304644,70775.0,0.3274037157,0.071900032,20.063199077,67.145706182,0.7697226834
36123,NY,Yates County,6771.8373784,78.110285341,0.268,0.4445386292,6.4,0.0315726598,0.0966916875,0.801035503,11.860455605,66155.0,0.2302010172,0.1214602525,,79.289308888,0.7722924684
37000,NC,North Carolina,9440.5587824,75.93399587,0.227,0.779705477,6.7,0.0345535479,0.1124456366,0.8635783377,11.253416566,70838.0,0.4078088677,0.1266876072,35.90786814,93.149697183,0.6636547499
37001,NC,Alamance County,9570.5766712,75.398043748,0.258,0.8055654406,7.4,0.0339492509,0.1258019706,0.8664973262,9.8098699767,66395.0,0.3199019922,0.1107812406,31.826617789,98.306630392,0.6560833419
37003,NC,Alexander County,10846.763323,74.110219268,0.227,0.472560641,7.7,0.0321989674,0.1192650654,0.84,15.063540754,62976.0,0.0180002195,0.072135785,23.508775102,91.670396394,0.8166966535
37005,NC,Alleghany County,8598.0525654,77.26032233,0.272,0.6488795004,6.4,0.0447726207,0.1730253924,0.875,12.516763523,46571.0,0.1646767083,0.1089023336,,120.23113089,0.770647653
37007,NC,Anson County,15560.325955,70.38965243,0.29,0.3600544094,7.5,0.0403390821,0.1246721679,0.89,13.061886317,50503.0,0.0848787123,0.1729801325,30.720168522,130.86113424,0.6561222035
37009,NC,Ashe County,9771.2456655,75.700201121,0.241,0.5641344019,5.9,0.0300312012,0.1360390444,0.825,9.59055699,54589.0,0.2595477292,0.0941494149,17.28672503,98.300800449,0.7838153179
37011,NC,Avery County,9110.6063518,75.88210899,0.226,1.0,5.7,0.0302641703,0.1569879307,0.875,18.780945877,55922.0,1.0,0.0785189914,,87.43243857,0.799664583
37013,NC,Beaufort County,12292.83971,73.732709978,0.261,0.8558631192,5.9,0.0404624277,0.1220778423,0.8130638298,12.197325623,55960.0,0.5893353041,0.1141409133,42.70577927,112.22953986,0.7009893734
37015,NC,Bertie County,14627.582675,71.951656695,0.299,0.4958179993,6.1,0.0437686514,0.1169470293,0.925,24.361948956,44371.0,0.2491914799,0.1705366754,39.283910433,103.90462649,0.7448747153
37017,NC,Bladen County,16587.919219,70.337360105,0.282,0.46669594,6.2,0.0422379935,0.1397153946,0.8905246914,16.640630306,49661.0,0.121394312,0.1925734024,67.477852028,153.36451323,0.6984959175
37019,NC,Brunswick County,10047.602349,77.058210536,0.198,0.7681227276,6.2,0.0420598681,0.102509465,0.85,7.513197094,76797.0,0.0320206594,0.1250858997,37.193212015,102.49599797,0.8383977901
37021,NC,Buncombe County,8557.0057768,77.403702065,0.184,0.7627369624,5.1,0.0270656555,0.1310977056,0.9033047493,12.281195516,71218.0,0.1905571308,0.1248550133,46.500123671,110.31730146,0.6443723703
37023,NC,Burke County,11521.193535,74.169901722,0.244,0.5947470595,7.5,0.0328021574,0.1347497526,0.88,14.337570123,55616.0,0.2515473336,0.1032146419,51.14512429,108.77910009,0.7477211273
37025,NC,Cabarrus County,7537.1455383,77.189573148,0.214,0.61908115,8.5,0.0324456636,0.087938851,0.88647557,9.0331938065,85540.0,0.1366981984,0.1136986127,31.079624837,79.186705949,0.7213263656
37027,NC,Caldwell County,12862.81242,72.358851842,0.245,0.7983806973,7.4,0.0338371741,0.130885963,0.86,12.672066789,56239.0,0.1037668006,0.0744565564,45.668675814,107.05639122,0.7401269609
37029,NC,Camden County,9189.3889958,75.929649942,0.219,0.6204732014,6.0,0.0325288562,0.0940657923,0.925,9.0187590188,84656.0,0.6204732014,0.0992944865,,88.099258498,0.837639311
37031,NC,Carteret County,10599.324168,75.610298921,0.2,0.8494371066,5.7,0.0324248264,0.1225866805,0.86,12.972038051,76397.0,0.6352421476,0.1203330647,47.715672429,111.69604821,0.7350471184
37033,NC,Caswell County,10423.128188,74.412573947,0.258,0.4435256861,7.3,0.0355216285,0.124786433,0.825,12.381710445,57865.0,0.1757565095,0.1034441233,29.511147836,121.16066612,0.7606315547
37035,NC,Catawba County,11083.710082,73.919751616,0.233,0.6149243509,7.9,0.0329104036,0.1195256312,0.8596107056,14.315253698,65898.0,0.1251914576,0.0843275747,38.517627479,92.323580463,0.7271974356
37037,NC,Chatham County,7551.9065025,79.932654518,0.205,0.7274693583,7.5,0.0295716574,0.1145377427,0.8644516129,9.1405389162,95716.0,0.1352821656,0.1060552804,30.406722027,91.83700244,0.8041422503
37039,NC,Cherokee County,12641.295517,74.248946833,0.244,0.9832487662,6.1,0.0386579139,0.1345510805,0.91,10.165356465,53926.0,0.9811635504,0.0855310621,49.001732154,129.19093315,0.8361447631
37041,NC,Chowan County,10587.934218,74.440706024,0.26,0.5636854392,5.7,0.0360040568,0.1145667727,0.925,13.629842181,60808.0,0.4575430406,0.1408202781,33.753646599,102.2332935,0.6967774253
37043,NC,Clay County,10395.654813,76.828852682,0.237,0.9979258725,,0.037098692,0.1326596709,0.775,13.776476666,53229.0,0.7125078907,0.1579278523,31.950737772,110.91939857,0.7982543146
37045,NC,Cleveland County,12476.455436,72.02350536,0.272,0.6425406204,8.1,0.0346627436,0.1096124188,0.8610928962,17.979537101,61411.0,0.192214552,0.114427157,27.327503466,102.69218974,0.7065398463
37047,NC,Columbus County,16521.376216,69.739990661,0.289,0.3827509235,6.5,0.0399462606,0.1373130232,0.8398943662,11.025358324,50837.0,0.0653260376,0.1417358923,54.93404683,141.40973471,0.7225776252
37049,NC,Craven County,12560.091878,73.583646672,0.245,0.8781771247,5.7,0.0346624907,0.1097625947,0.83,12.391696572,61761.0,0.7630063542,0.1221539304,66.384614622,124.45060571,0.6994598765
37051,NC,Cumberland County,12884.378328,72.851337042,0.245,0.8713462871,6.8,0.0471444465,0.106154194,0.8297358283,9.1476363161,61511.0,0.6052615855,0.170222627,54.929201811,114.29184985,0.5365522409
37053,NC,Currituck County,6917.8533778,77.144755739,0.197,0.8665836299,6.0,0.0305759022,0.0983365001,0.9,9.350314364,86047.0,0.5868327402,0.1138152538,34.551939367,74.020269102,0.8750978516
37055,NC,Dare County,8306.9062774,78.170651817,0.176,0.6615197074,5.9,0.0395457912,0.11023403,0.93,14.226999684,79646.0,0.5039143979,0.1371989074,46.766494013,110.25535354,0.7778317054
37057,NC,Davidson County,12216.701491,73.31963788,0.231,0.6415734328,8.3,0.0336850899,0.1231065682,0.8446075814,10.197814423,63551.0,0.2029953235,0.1030363365,58.931773788,117.63594274,0.7352872489
37059,NC,Davie County,9312.3777364,76.350943987,0.23,0.6671193107,8.3,0.0314022478,0.1024070022,0.87,10.886822409,76153.0,0.1211837423,0.0953379378,40.486139226,105.77953512,0.8338766076
37061,NC,Duplin County,11990.440269,73.751902533,0.284,0.2722364775,5.9,0.0331478724,0.1566475041,0.85,12.247397428,52947.0,0.02732218,0.1074492572,31.989967946,102.95878728,0.7003881369
37063,NC,Durham County,7259.3175634,79.186138445,0.191,0.9066227877,7.3,0.0305756282,0.1058720394,0.8029174015,10.43044367,81413.0,0.4818753021,0.1336057867,31.943633178,79.109102226,0.5502158814
37065,NC,Edgecombe County,16248.145498,70.482550684,0.286,0.6731697342,6.7,0.0573181682,0.1110046799,0.785,10.765822654,49972.0,0.2176278119,0.1568808837,46.78314993,142.25034467,0.5938667895
37067,NC,Forsyth County,9571.269441,75.848426857,0.22,0.8083954102,8.1,0.0353355578,0.1149086566,0.8468173213,10.715469592,65556.0,0.4828693902,0.1290456815,39.70572876,98.650097895,0.6268596341
37069,NC,Franklin County,9622.1075892,76.316228023,0.237,0.6391874353,7.3,0.034866065,0.1273934347,0.81,7.647003582,70898.0,0.1511090371,0.1127391436,32.095221938,102.99820457,0.781211282
37071,NC,Gaston County,11888.859086,72.983767606,0.229,0.744361529,8.4,0.0339184588,0.1121335776,0.8621359223,12.808744103,67076.0,0.3565321155,0.1427023888,39.32687428,92.623971259,0.658218384
37073,NC,Gates County,11365.864398,74.570263049,0.247,0.2694216454,6.1,0.0334422449,0.0917789248,0.875,9.6311278051,64047.0,0.2694216454,0.1235142119,31.043367585,108.40500108,0.8229438256
37075,NC,Graham County,11940.546655,74.515406192,0.237,1.0,5.9,0.043537415,0.1645826293,0.925,13.784461153,51841.0,1.0,0.0667514304,40.82132506,96.567041669,0.8082729469
37077,NC,Granville County,9719.9300348,75.579486222,0.239,0.476521511,7.3,0.0304780027,0.1199711424,0.8479202899,10.984928033,72896.0,0.0535316107,0.1296810966,32.542372881,92.151390633,0.7660533911
37079,NC,Greene County,9574.0307253,74.865428194,0.295,0.7517480808,6.4,0.0289059262,0.1789457922,0.89,8.9060412647,52145.0,0.6820693365,0.1351476015,22.743518097,89.736291093,0.6531986532
37081,NC,Guilford County,9266.7333887,76.246124474,0.238,0.8951947075,6.4,0.0391404333,0.1009688412,0.9174469413,11.041913492,65890.0,0.6116637939,0.1365342988,38.243570415,97.597074829,0.5995959353
37083,NC,Halifax County,15814.706228,70.414980128,0.298,0.518674674,6.7,0.0517795995,0.1224448609,0.830391924,10.449757566,48520.0,0.0311587347,0.1604050792,36.40134891,130.79700873,0.6347624451
37085,NC,Harnett County,10063.549892,74.550370405,0.252,0.695585769,7.5,0.0390525313,0.1185178839,0.86,7.6351273482,70074.0,0.4310313848,0.125887283,41.276562682,102.48575609,0.6949361623
37087,NC,Haywood County,10919.559839,74.560685099,0.207,0.7243956256,5.8,0.0301173403,0.1215693022,0.89,15.333258797,64553.0,0.2812253378,0.112990769,40.413278953,127.10304311,0.7501494098
37089,NC,Henderson County,8874.5781303,77.360173363,0.207,0.7201606453,6.3,0.0290719344,0.1361021696,0.91,11.261070564,63765.0,0.1840713444,0.1168358904,31.693927217,110.80002383,0.7421414831
37091,NC,Hertford County,13850.63179,72.217726441,0.306,0.5507609503,6.2,0.0467023173,0.1185690715,0.775,15.808383234,48964.0,0.0475593912,0.1530702307,22.984630943,99.469790492,0.6638251891
37093,NC,Hoke County,12067.008587,72.722518981,0.266,0.6087707845,7.3,0.0443848965,0.1116932241,0.85,4.6479632625,60257.0,0.0783572059,0.1420028209,36.256152792,98.63270866,0.7168363268
37095,NC,Hyde County,8577.9190885,77.854281082,0.305,0.5449989104,5.5,0.0580608794,0.1887937188,,10.926573427,49781.0,0.5118762258,0.2211081794,,112.06109405,0.7153664303
37097,NC,Iredell County,8077.4468302,76.553302242,0.222,0.6680004071,8.6,0.0324595292,0.0988284179,0.8976596639,10.873060843,84335.0,0.0428939489,0.0956953225,21.267879401,74.849337599,0.7147457146
37099,NC,Jackson County,10730.462681,76.326940899,0.222,0.9849219421,6.3,0.0359460809,0.1569409085,0.8925496689,15.132115004,55462.0,0.8848268343,0.1337040762,51.381156153,104.74908459,0.6259634442
37101,NC,Johnston County,8163.1657272,76.453118623,0.241,0.968249853,6.6,0.0317958429,0.1268320293,0.9201104691,7.9223777356,79666.0,0.9634350159,0.1057481023,27.895526089,85.999438296,0.7710011787
37103,NC,Jones County,12786.449306,72.367148714,0.277,0.6458787614,5.7,0.0315789474,0.1360395751,0.875,9.7476443193,53001.0,0.5437200174,0.1093238822,,102.57725349,0.7563218391
37105,NC,Lee County,12121.693985,73.748946311,0.267,0.6430433752,7.3,0.0398381575,0.1377060891,0.88,15.272771703,62680.0,0.0654183456,0.1264580012,53.134132429,112.6276182,0.6595157954
37107,NC,Lenoir County,14784.922929,70.906473993,0.285,0.7807590436,6.2,0.0343412527,0.1288809363,0.84,13.727966614,51601.0,0.4890787707,0.1511316397,35.138950315,124.91696271,0.5925861317
37109,NC,Lincoln County,8826.2761746,76.165690489,0.231,0.6758322774,8.4,0.030020507,0.1031833882,0.9017466411,11.493635534,79109.0,0.0204930308,0.1048159456,32.119677179,80.999584792,0.7846753174
37111,NC,McDowell County,10421.91577,74.290031176,0.28,0.6155951366,6.2,0.0322055632,0.135774978,0.8,13.406922441,53697.0,0.2747319305,0.0678593812,39.18611185,103.74588879,0.7404174573
37113,NC,Macon County,10667.061914,75.355203202,0.228,1.0,6.2,0.0316555488,0.162314062,0.89,14.974385919,58765.0,1.0,0.1134333486,41.210144863,133.50404342,0.7634604754
37115,NC,Madison County,11508.655702,74.713652253,0.231,0.8844429765,5.8,0.0316653636,0.107722177,0.96,8.7284086733,59505.0,0.3661586373,0.1053711063,38.455622212,114.25622881,0.7793784974
37117,NC,Martin County,14542.764691,71.137415952,0.284,0.6917071399,6.1,0.0436039787,0.1264338188,0.8130630631,18.1327878,49033.0,0.2255004312,0.1161290323,39.731051345,113.0699858,0.6848627283
37119,NC,Mecklenburg County,6928.6760736,78.815017433,0.189,0.8873787296,8.4,0.0335769384,0.1131563274,0.8076283639,9.088591504,84796.0,0.3676222476,0.1427653787,23.376228025,63.722243152,0.5550347535
37121,NC,Mitchell County,10459.259312,74.059983163,0.226,1.0,5.2,0.0362049459,0.1135144798,0.875,17.225387571,56746.0,1.0,0.0845442536,35.604610797,125.49731649,0.775698019
37123,NC,Montgomery County,14448.352327,72.271910146,0.255,0.8914605258,7.6,0.0362454359,0.1619288815,0.95,10.040936124,55005.0,0.658925867,0.0915719494,54.47865197,125.2118104,0.7313151365
37125,NC,Moore County,9155.665447,76.952004172,0.18,0.797757879,7.5,0.0344130495,0.1019142391,0.9162746943,12.034378524,78955.0,0.1833104375,0.1071092563,33.050319914,99.372466785,0.7633250806
37127,NC,Nash County,11978.98828,73.536759314,0.272,0.785395388,6.9,0.0455118297,0.1401029833,0.8362283737,12.945118959,65457.0,0.4857533958,0.1121609514,36.036162114,103.34543951,0.6370432547
37129,NC,New Hanover County,8454.0152961,77.610564982,0.182,0.9536202603,4.1,0.03142696,0.1089382,0.89,9.9182278298,79106.0,0.138682865,0.1651523088,40.824949468,95.34832121,0.6070075018
37131,NC,Northampton County,14714.148572,71.999271572,0.273,0.2243145784,6.3,0.0459548707,0.101521511,0.8030172414,14.899576852,44182.0,0.0076126152,0.1469604016,26.417088082,119.36411481,0.7321311044
37133,NC,Onslow County,10504.842311,74.122873459,0.23,0.5643819412,5.7,0.0401247879,0.0946086087,0.88,6.2229254503,66982.0,0.1661778508,0.1381105912,35.795212512,85.881649165,0.609630978
37135,NC,Orange County,5802.0210001,81.579122641,0.163,0.8338220261,7.4,0.0289120356,0.0812421339,0.9376291226,9.8353901261,86736.0,0.4233402378,0.156428246,19.6236715,57.608881459,0.6424295026
37137,NC,Pamlico County,13807.723587,73.754228736,0.241,0.7619745846,5.6,0.0326164875,0.1247595846,0.844375,10.499959616,61996.0,0.2192082111,0.1187873788,90.811965812,155.9615507,0.8332058148
37139,NC,Pasquotank County,11395.204483,73.795125955,0.239,0.5568181818,6.0,0.0405460831,0.098906432,0.6727906977,12.45786311,59463.0,0.4137990534,0.1322726668,43.396025579,99.209301864,0.6507730285
37141,NC,Pender County,9267.4772165,75.668466856,0.233,0.6151852898,5.7,0.0319527379,0.1167275217,0.94,8.2145519266,72161.0,0.291480491,0.120083344,34.674961055,97.034024714,0.8181931103
37143,NC,Perquimans County,13273.443934,73.677203797,0.219,0.861822376,5.8,0.0400158479,0.1145689012,0.925,9.8410295231,61157.0,0.6579008074,0.1269025875,57.489939261,116.60587215,0.7272401434
37145,NC,Person County,10159.373872,74.848671178,0.273,0.4474767885,7.2,0.0348825065,0.1091720119,0.8335411765,14.979942111,64466.0,0.0654781697,0.1356703409,27.862679208,109.40309469,0.7588674357
37147,NC,Pitt County,10748.322995,74.940596903,0.237,0.9013703941,5.7,0.0393285479,0.1046088646,0.82,10.314505999,60268.0,0.5866614193,0.1570264305,39.157452685,88.60991509,0.5092910468
37149,NC,Polk County,10656.535167,76.525709274,0.187,0.6095302152,7.1,0.0328440173,0.1234632293,0.875,19.513659562,59012.0,0.0771419702,0.1058619837,31.31592827,127.44223436,0.7664718689
37151,NC,Randolph County,12479.039103,72.923887334,0.276,0.5632547461,8.1,0.0360633173,0.1341389984,0.8849078195,10.47636655,59336.0,0.1160566272,0.1068644298,65.860128691,132.95701379,0.7267333684
37153,NC,Richmond County,17666.001239,68.747566383,0.278,0.3329064406,7.5,0.0456570156,0.124679941,0.81,15.896021319,50242.0,0.1796907745,0.1814795452,77.021427361,127.98906855,0.6469192908
37155,NC,Robeson County,18937.527286,67.946062542,0.331,0.4025744443,7.2,0.0496889258,0.1519726466,0.85,12.257528094,42180.0,0.128464773,0.136128632,88.707677897,178.91232816,0.6562090586
37157,NC,Rockingham County,13516.305317,71.943529126,0.257,0.7084614034,7.6,0.039703869,0.1250664354,0.8594848824,15.007014148,58508.0,0.1426407307,0.1104896239,65.571859472,140.06768842,0.7235122251
37159,NC,Rowan County,12311.857797,72.664422403,0.249,0.6648578723,7.6,0.0338293033,0.1144731523,0.84,14.100036754,65139.0,0.149773617,0.129241696,59.506234527,127.82599082,0.712440705
37161,NC,Rutherford County,13777.651332,71.868472251,0.259,0.3380609521,7.6,0.0461216792,0.1227666868,0.8857713126,19.087788433,50714.0,0.0327571225,0.1112751946,52.383979657,123.15419995,0.7408702847
37163,NC,Sampson County,12311.650074,72.732589349,0.309,0.5996341216,6.6,0.0354921724,0.1663100231,0.7874468085,14.039242219,53637.0,0.4054136459,0.1178348715,28.651400613,107.24155918,0.7278739271
37165,NC,Scotland County,16834.590939,69.485470842,0.303,0.6415696143,7.2,0.0630678781,0.1107835598,0.9,12.294362157,45604.0,0.1341078013,0.169980644,53.384582533,132.63137166,0.5888817065
37167,NC,Stanly County,10232.764578,74.088331901,0.238,0.6795405094,8.1,0.0302284272,0.1256615067,0.9120503597,16.834754415,65784.0,0.199203251,0.0994068494,38.78061179,108.01462157,0.7364953348
37169,NC,Stokes County,12066.980046,73.662957863,0.243,0.6572551662,7.5,0.0310461296,0.1041305604,0.88,8.8544548976,61374.0,0.2510332435,0.0914624379,62.00589056,131.99193039,0.7838856199
37171,NC,Surry County,10741.719631,73.671789697,0.257,0.475665298,7.6,0.0316978638,0.1337224918,0.8951915709,13.724913519,58211.0,0.0737958772,0.1015277234,38.275189275,124.31244046,0.7332970101
37173,NC,Swain County,19176.993616,67.330724396,0.27,0.9701777998,6.1,0.0293580559,0.1941841368,0.875,9.3076537553,54357.0,0.8998370759,0.1343959428,63.856960409,152.54668211,0.7325681001
37175,NC,Transylvania County,7664.9214692,79.089114976,0.188,0.8447826351,5.8,0.0322753808,0.1361332368,0.89,17.08889222,62002.0,0.6590977991,0.1219547046,17.818606585,102.58345223,0.7512679918
37177,NC,Tyrrell County,9472.8436931,76.044515321,0.257,0.9177195686,5.3,0.0505660377,0.1569358178,,17.830609212,46072.0,0.9177195686,0.1098010317,,124.05609493,0.786115007
37179,NC,Union County,6695.6725976,78.458357437,0.194,0.7072192121,8.1,0.029963956,0.1045255693,0.9164865233,7.8291243426,98776.0,0.0479797874,0.0933170537,19.53125,56.222058997,0.8184626236
37181,NC,Vance County,16711.242726,70.064258836,0.285,0.6617736859,7.0,0.0538443171,0.1305319214,0.8118968872,14.238929233,45408.0,0.0247075955,0.1547807713,44.946954844,132.47279495,0.5735961694
37183,NC,Wake County,5322.47904,80.990179739,0.158,0.9855269566,9.0,0.0300086003,0.085461229,0.8897214307,9.8636535007,103084.0,0.9402555316,0.1197754381,19.464953828,54.507925551,0.6442679676
37185,NC,Warren County,14444.994832,72.997202267,0.306,0.2907949791,6.7,0.0537019384,0.1503442689,0.6776397516,14.962860044,47866.0,,0.1345865686,35.089566118,124.30724608,0.6974779319
37187,NC,Washington County,16100.039388,71.173433446,0.3,0.9209306553,5.6,0.0479055774,0.122210554,0.825,20.317694865,47239.0,0.9198400436,0.1617951669,,104.15931078,0.6870860927
37189,NC,Watauga County,6649.3422664,79.380888249,0.206,0.8660096883,6.0,0.0299976643,0.1206635714,0.89,13.795857612,62045.0,0.8328033132,0.2341680412,21.717622644,64.774763752,0.6117902487
37191,NC,Wayne County,11853.559434,73.237730456,0.255,0.8623916545,6.8,0.0374334667,0.1363429882,0.78,14.06817523,56313.0,0.7561470345,0.1240434598,26.809052523,97.937521817,0.6152107149
37193,NC,Wilkes County,12046.845182,73.660016419,0.253,0.6651912262,7.1,0.0372536361,0.1346288691,0.88,14.593214155,50848.0,0.0276190332,0.0868353934,32.559747136,115.86383919,0.7392400371
37195,NC,Wilson County,12402.956136,72.643295825,0.3,0.9251497766,6.8,0.0494372754,0.1290794911,0.7980549199,10.580122118,52620.0,0.7606620634,0.1468246324,38.10768142,99.986817658,0.5909007912
37197,NC,Yadkin County,12329.716173,73.586193213,0.256,0.516015478,7.9,0.0314629714,0.1342103469,0.87,13.079571844,61626.0,0.0452249154,0.0756801547,43.640897756,120.53976212,0.7708319345
37199,NC,Yancey County,8896.6118694,75.98610259,0.222,1.0,5.5,0.0311790706,0.1276564668,0.875,10.100473127,54913.0,1.0,0.1196592398,26.945946431,110.2150831,0.7723497802
38000,ND,North Dakota,8019.8649576,77.832293855,0.236,0.7557226727,5.5,0.0187627931,0.0719531395,0.8382561342,15.617360551,77346.0,0.089768372,0.0995708019,16.641388426,78.403668001,0.6340704875
38001,ND,Adams County,11263.121682,77.091019586,0.274,0.1095454545,4.6,0.0178571429,0.079035499,,14.184397163,58192.0,,0.1076604555,,154.82695811,0.7379784102
38003,ND,Barnes County,7642.3031756,77.183263056,0.218,0.6488528517,6.0,0.0211538462,0.0623485911,0.9208333333,15.802193716,70559.0,0.1131484382,0.1046536564,,102.03503203,0.7341302556
38005,ND,Benson County,35011.336672,60.126910529,0.321,0.4736753856,5.7,0.0268980477,0.066509434,,0.0,60632.0,0.2162977867,0.1091854419,,205.3835382,0.7419354839
38007,ND,Billings County,,,0.231,0.291005291,3.6,0.0172043011,0.0768245839,,0.0,82565.0,0.2560846561,0.0855457227,,,0.811827957
38009,ND,Bottineau County,5598.2868946,80.295562705,0.271,0.6303495846,5.7,0.023611573,0.0793754066,,23.525721455,74272.0,0.0575325286,0.0715909091,,81.9000819,0.7936920223
38011,ND,Bowman County,5433.4349196,79.005016906,0.261,0.7196792516,4.7,0.0128865979,0.0947368421,,17.277125086,68434.0,,0.0758965805,,,0.8302344382
38013,ND,Burke County,5188.8438246,81.369397146,0.228,0.1267605634,4.9,0.015917603,0.0745192308,,18.561484919,79188.0,0.0345297592,0.0470324748,,,0.7808807734
38015,ND,Burleigh County,6798.0101021,79.423717305,0.2,0.8341831035,6.9,0.0174999519,0.0588679729,0.8592150866,15.612409347,86521.0,0.0109285177,0.0954156171,15.623673261,61.814375551,0.7156661133
38017,ND,Cass County,6729.9533316,79.07901168,0.217,0.8903292237,6.4,0.0168554974,0.0719538896,0.8440564471,10.325111293,75477.0,0.0577862078,0.1065674571,15.447443182,61.728461677,0.5199711025
38019,ND,Cavalier County,5632.3241652,80.613535286,0.224,0.6714362851,6.1,0.0223189984,0.0594781274,,16.680567139,80749.0,,0.0587044534,,91.58002478,0.8278102664
38021,ND,Dickey County,6934.2789064,76.864243837,0.26,0.4528905781,5.9,0.0168290523,0.0870140175,,24.375380865,72643.0,0.0072014403,0.0852116548,,61.728395062,0.7808499744
38023,ND,Divide County,5323.5241035,81.752376984,0.243,0.5343963554,5.1,0.0116429495,0.073800738,,18.289894833,75310.0,,0.0691609977,,,0.7764705882
38025,ND,Dunn County,10631.336494,77.231629067,0.239,0.3543345543,3.6,0.0113815997,0.1012383901,,17.434620174,87618.0,0.0307692308,0.0831556503,,70.518546378,0.7184401851
38027,ND,Eddy County,9683.5903703,74.401971524,0.263,0.6395398381,5.6,0.0263157895,0.0783645656,,12.964563526,66603.0,,0.0675300648,,113.73578303,0.7197898424
38029,ND,Emmons County,10037.149338,76.9821746,0.234,0.3913965465,5.4,0.0414402174,0.0819956616,,9.2307692308,65012.0,0.003635262,0.073943662,,110.81014528,0.8139841689
38031,ND,Foster County,9030.1960786,77.180725803,0.231,0.6944362673,5.6,0.0184331797,0.079029734,,20.7223209,71345.0,0.0002943774,0.0731197772,,85.716035021,0.7742574257
38033,ND,Golden Valley County,6249.073648,85.260018134,0.246,,4.1,0.0162037037,0.0721311475,,17.201834862,59464.0,,0.0418760469,,,0.7511312217
38035,ND,Grand Forks County,6700.5819654,78.634441618,0.253,0.8924832582,6.7,0.0171750698,0.0643961369,0.8411811024,9.942966042,72369.0,0.1668033347,0.1324122994,14.445547277,68.20359619,0.5205991303
38037,ND,Grant County,8581.2513194,76.591523167,0.291,0.273359409,4.8,0.0161681487,0.0597790773,,13.374944271,51827.0,0.2438070404,0.1072492552,,122.49540642,0.8395522388
38039,ND,Griggs County,4660.9402981,81.643903091,0.233,0.4566348656,5.7,0.0194741967,0.0622972096,,53.285968028,71071.0,0.0034692108,0.0895522388,,89.261804874,0.7938689218
38041,ND,Hettinger County,6977.265077,77.937689574,0.255,0.3105664926,4.6,0.0162962963,0.0785310734,,12.46882793,64506.0,,0.0780075188,,89.525514772,0.7967479675
38043,ND,Kidder County,8403.5629737,79.392753786,0.272,0.1746031746,5.5,0.031507877,0.0752994866,,16.715419975,60473.0,0.0584795322,0.0800395257,,98.765432099,0.7599645704
38045,ND,LaMoure County,5759.7127971,82.471950738,0.221,0.2951380406,5.8,0.0180608365,0.0987196765,,21.96193265,69797.0,0.0952846323,0.0749542962,,93.573011574,0.8492990654
38047,ND,Logan County,6386.2464449,80.494941128,0.275,0.4669509595,5.5,0.0233372229,0.0619469027,,0.0,61043.0,0.0053304904,0.1020710059,,,0.8266494179
38049,ND,McHenry County,8291.8810294,76.143958887,0.238,0.2765201123,5.4,0.0280433397,0.0548825711,,15.417228753,68973.0,0.0142188962,0.0793726236,,111.93760381,0.8030905077
38051,ND,McIntosh County,10581.775223,76.00561035,0.261,0.6936758893,5.4,0.018639329,0.082136703,,24.242424242,60218.0,0.0003952569,0.0763016158,,119.90407674,0.792611251
38053,ND,McKenzie County,13744.20467,74.308715868,0.278,0.4042437432,3.5,0.012649189,0.0842550423,0.8677304965,10.78515962,99157.0,0.0219668118,0.0817057875,39.563406177,122.86212914,0.5510998308
38055,ND,McLean County,10091.688143,76.839315589,0.225,0.3871661038,5.5,0.0241952451,0.0728977193,,17.304560261,78277.0,0.2398935626,0.0625451046,,85.368646803,0.8343111946
38057,ND,Mercer County,7937.7834187,79.264338484,0.232,0.7786826347,5.4,0.0256760448,0.0664068589,,24.000960038,85274.0,0.0736526946,0.0820832154,,104.15657398,0.8052309405
38059,ND,Morton County,7420.5589229,77.279984167,0.23,0.7661530143,5.8,0.0232395189,0.0666860275,0.8207120743,13.349154554,80159.0,0.0297978433,0.0964721744,14.166599207,75.643434212,0.7506098012
38061,ND,Mountrail County,18735.527951,68.660315102,0.262,0.7469670711,5.0,0.0122801698,0.1184403792,0.785326087,13.993541442,73541.0,0.0553573249,0.0672340426,40.860800872,165.56621651,0.6001562907
38063,ND,Nelson County,6162.5852568,78.356469999,0.248,0.5877280265,5.8,0.0248618785,0.0684039088,,26.711185309,69274.0,0.3124378109,0.0594639866,,,0.7691119691
38065,ND,Oliver County,9686.3639951,92.203267472,0.243,0.4549813532,4.8,0.0305775764,0.0560407569,,16.163793103,81382.0,0.0452850293,0.0947521866,,,0.9339752407
38067,ND,Pembina County,9577.4912696,77.658523347,0.256,0.4890414962,6.6,0.0281037678,0.0787637089,,28.094041106,75603.0,0.1187901812,0.0860099929,,114.92220651,0.7451841838
38069,ND,Pierce County,7690.5669619,77.415686702,0.236,0.6789473684,5.6,0.0252643948,0.0520471895,,12.683916794,61222.0,,0.1310734463,,95.578248403,0.7891304348
38071,ND,Ramsey County,10641.438449,75.052875351,0.229,0.7997414907,5.9,0.0205128205,0.0761574074,0.875,10.421189752,70084.0,0.0012063766,0.0877948718,,93.953892997,0.5866923819
38073,ND,Ransom County,7446.9789341,78.092619184,0.236,0.6354550237,6.0,0.0152671756,0.0730541648,,28.368794326,78270.0,0.0101700859,0.0785553047,,107.63463608,0.7566160521
38075,ND,Renville County,8408.6193851,75.813461453,0.245,0.3724802805,5.3,0.0170454545,0.0736721873,,13.513513514,74336.0,0.0455740578,0.0636363636,,87.183958152,0.8145336226
38077,ND,Richland County,7004.0888795,81.151294462,0.239,0.6188517152,6.1,0.0168671989,0.0723095526,0.8147142857,21.712907117,76371.0,0.2494403775,0.1055758684,,70.981006462,0.6908633944
38079,ND,Rolette County,22508.327677,65.218181406,0.338,0.6612784114,5.9,0.0551330798,0.1043509443,0.7997933884,5.8660856449,56952.0,0.0919832609,0.0969643383,39.322602632,141.09241553,0.6519262073
38081,ND,Sargent County,8706.8364625,77.552632995,0.259,0.653806318,5.9,0.0151380232,0.0509641873,,26.350461133,79053.0,0.0359917141,0.0599022005,,88.06008806,0.7393310265
38083,ND,Sheridan County,15039.408942,,0.255,0.376284585,5.3,0.0261538462,0.0913404508,,46.332046332,62251.0,0.376284585,0.0408805031,,,0.825443787
38085,ND,Sioux County,35129.338445,59.604269705,0.43,0.1921498204,5.2,0.0237510238,0.0701754386,,0.0,46931.0,0.1921498204,0.1342975207,86.043710205,207.81791192,0.4601686973
38087,ND,Slope County,,,0.239,0.0113314448,4.3,0.0235988201,0.0615711253,,0.0,56665.0,0.0113314448,0.0566666667,,,0.8735294118
38089,ND,Stark County,7622.4765164,78.439813658,0.256,0.7222552458,4.5,0.0153532317,0.0750485228,0.8688115942,11.88915648,82174.0,,0.1110763454,20.41733023,68.560601339,0.6494665961
38091,ND,Steele County,6083.9548318,80.856062582,0.236,0.3770856507,5.9,0.020063358,0.0570776256,,16.77852349,87300.0,0.2586206897,0.0801282051,,,0.7783857729
38093,ND,Stutsman County,7082.6937415,78.238245615,0.261,0.7714537119,5.8,0.0182122282,0.0669038694,0.9089285714,13.96193047,69088.0,0.3814199046,0.1427462289,15.732917984,96.024034531,0.6363636364
38095,ND,Towner County,6909.495576,78.604314285,0.285,0.5726179463,5.8,0.0200174064,0.0950134771,,19.379844961,76241.0,0.0064754857,0.0988636364,,102.87103713,0.7724425887
38097,ND,Traill County,6991.7863808,78.280078244,0.224,0.5694635488,6.2,0.0168711656,0.0644001308,,25.131942699,82020.0,,0.0817472699,,70.012252144,0.7457780458
38099,ND,Walsh County,6772.2877051,78.638435695,0.304,0.678500426,6.5,0.0292363916,0.1080074488,0.8849514563,17.244682889,80235.0,0.1954937044,0.0706547339,,49.380840234,0.7779775281
38101,ND,Ward County,7781.3726026,77.50853639,0.268,0.794605186,4.6,0.0208960785,0.0646396436,0.7818289474,12.196892696,71754.0,0.1310945523,0.0975229956,22.28606588,77.532534407,0.6192294097
38103,ND,Wells County,4966.3262594,80.026371169,0.235,0.5921647413,5.5,0.0276473657,0.0659066619,,30.534351145,74681.0,,0.0771495878,,98.267390742,0.7350663717
38105,ND,Williams County,8179.7798964,77.910933792,0.281,0.8167277167,5.2,0.0164573029,0.0992239796,0.7990958904,12.333044688,92537.0,0.1962148962,0.0712361971,17.347106936,87.657784011,0.5723804547
39000,OH,Ohio,9740.0447737,75.201079194,0.24,0.8419729465,7.85,0.0353493489,0.0709651648,0.8682022779,10.763812155,67873.0,0.4727902526,0.1181168383,44.692922015,100.73909232,0.6699493599
39001,OH,Adams County,14357.584154,70.569754408,0.303,0.4071405175,7.9,0.0504905049,0.0888058694,0.8562849162,7.658643326,55693.0,0.1382610911,0.1105144453,60.611203375,126.88975093,0.7099706745
39003,OH,Allen County,10482.367572,74.333975508,0.306,0.8631097979,5.4,0.0372099966,0.0681612546,0.8551309846,15.823567225,65665.0,0.2791812614,0.1028344757,38.062113432,95.139266231,0.6831508991
39005,OH,Ashland County,9329.3679527,75.306787263,0.29,0.5692222625,7.6,0.0343541116,0.0771859099,0.9244589878,19.355704184,66149.0,0.306232959,0.0996972855,29.773405381,74.314944471,0.7887576256
39007,OH,Ashtabula County,10961.448497,73.726477315,0.274,0.6959640888,7.5,0.0396919846,0.0935798911,0.8519622093,12.47242666,58152.0,0.1494967922,0.115438439,41.256394741,105.02514426,0.7389306707
39009,OH,Athens County,9987.6662595,74.749555446,0.236,0.7202511573,6.1,0.0443486295,0.0840722568,0.8870705244,9.1558012174,53616.0,0.242283481,0.175226307,40.747174505,85.311070607,0.6192676701
39011,OH,Auglaize County,7619.4812522,76.602302993,0.23,0.7733402266,7.7,0.0263264644,0.0538951362,0.944628483,14.799338383,73542.0,0.4447244841,0.0744692316,13.065348518,61.074296882,0.758799008
39013,OH,Belmont County,10341.444404,74.096145263,0.312,0.5711385476,7.7,0.0435849329,0.0725467023,0.9319423929,13.585919492,56716.0,0.0744695249,0.0830096504,39.028840793,90.717026169,0.7396219282
39015,OH,Brown County,12369.401532,72.562779256,0.302,0.398525506,8.6,0.0407810434,0.0753186888,0.9216814947,5.9523809524,68289.0,0.0709771957,0.0948614177,58.123527792,118.92189724,0.7614464859
39017,OH,Butler County,9596.0887815,75.400389676,0.249,0.8689865943,10.4,0.0320545926,0.0655181701,0.8891196121,8.1097780753,80066.0,0.4842823364,0.1110433451,52.477793562,95.086884021,0.6986683376
39019,OH,Carroll County,9631.3876706,75.000577384,0.294,0.3607649414,8.2,0.0390848427,0.0861575758,0.9655720339,14.254098053,67044.0,0.0144455672,0.0809720312,14.95383005,85.66618495,0.7796270478
39021,OH,Champaign County,8612.1424876,75.706404226,0.252,0.5166606396,8.0,0.0318160825,0.0655927091,0.9132716049,11.883541295,70230.0,0.1081262592,0.0757983083,30.936339887,85.563922951,0.7665678185
39023,OH,Clark County,12878.019711,72.269612408,0.29,0.849604047,7.8,0.0360622548,0.0777148013,0.7341819911,10.38336881,58684.0,0.3000933817,0.1073350221,53.705294055,132.4463934,0.6915860822
39025,OH,Clermont County,8757.4446782,76.250580235,0.256,0.8345549638,9.6,0.0318878251,0.0624698547,0.933993461,7.02070634,82143.0,0.2881433934,0.0968639597,39.019200632,84.728647131,0.7338084284
39027,OH,Clinton County,12167.593728,73.042844738,0.293,0.4867675758,8.7,0.0396759795,0.0592940045,0.9288506711,9.0553808026,67813.0,0.160597839,0.1116370062,52.427138193,113.37976505,0.7053344623
39029,OH,Columbiana County,10610.713369,74.031334007,0.285,0.7682990273,8.5,0.0419028565,0.0913225755,0.8972172752,14.625264896,55744.0,0.2786595601,0.1021758977,43.573128584,103.45092584,0.7312386707
39031,OH,Coshocton County,10619.13352,74.283807346,0.274,0.4409756364,7.8,0.0446144961,0.0987654321,0.9189189189,12.031390993,57694.0,0.0234895663,0.1143867091,32.835330816,98.43219389,0.7251682369
39033,OH,Crawford County,11000.914537,73.414962334,0.293,0.7523140988,7.4,0.0426406804,0.0751612804,0.9367296223,17.099369009,58982.0,0.4246757882,0.0864338214,28.88920988,94.385961533,0.7099337748
39035,OH,Cuyahoga County,10171.183438,75.358781872,0.227,0.9793527443,10.8,0.0384656669,0.0701575487,0.7851807681,8.8832004764,61912.0,0.6588273244,0.1498832149,45.538873528,111.00990918,0.5905303939
39037,OH,Darke County,9154.3731661,75.545858478,0.267,0.5739480735,8.5,0.0312524264,0.0741094849,0.9319444444,15.525238215,67609.0,0.2719492685,0.084048693,33.045855985,111.38503001,0.7199981249
39039,OH,Defiance County,8496.0762946,76.238955786,0.254,0.6634801233,7.8,0.0346554373,0.0652547413,0.9328093306,15.974022573,72241.0,0.3926500549,0.0756587703,28.919717113,87.202735855,0.7859001041
39041,OH,Delaware County,4328.683057,81.115354523,0.177,0.9494638621,8.2,0.0279964629,0.0404226691,0.9594808044,8.5728426486,128300.0,0.4900524929,0.0826723497,15.894881848,51.647460946,0.7818780685
39043,OH,Erie County,10180.926225,75.132700616,0.242,0.883962339,7.7,0.0439802089,0.0637452301,0.7908523726,11.811921988,62547.0,0.2386078125,0.1186107892,38.552574953,92.484803187,0.7109769006
39045,OH,Fairfield County,8090.1722883,76.39750898,0.278,0.8422172023,8.3,0.0313014012,0.061004633,0.9431971399,9.3309924002,84701.0,0.4173646025,0.0946913643,38.662644649,88.579182387,0.7422431184
39047,OH,Fayette County,11760.287939,72.726754622,0.302,0.6453663086,8.2,0.0359508042,0.0851691834,0.933915493,10.055827178,63348.0,0.3898310939,0.1216854341,46.337055743,101.03473505,0.6304254405
39049,OH,Franklin County,9721.5193915,75.497261734,0.233,0.9483663404,8.2,0.0314215016,0.0821170001,0.8333188159,9.381004978,71730.0,0.7275327899,0.1416042021,61.166503438,108.29557444,0.5296721066
39051,OH,Fulton County,8021.1227594,76.369070226,0.291,0.5084868775,8.0,0.035328574,0.0623964987,0.9243620415,13.753527305,70724.0,0.2542083207,0.0775396199,27.66579717,84.39538765,0.8134589183
39053,OH,Gallia County,13985.456926,71.74284347,0.309,0.5012320329,7.9,0.0430504305,0.0832749562,0.825,13.416815742,53956.0,0.2712867899,0.0940003726,78.384150498,148.06801663,0.7635559487
39055,OH,Geauga County,5580.7294806,79.998901626,0.207,0.8099101649,8.4,0.0314492486,0.0918493778,0.9531213873,9.9508741057,99863.0,0.2835623762,0.0805707697,13.014192505,64.620697692,0.8699244106
39057,OH,Greene County,7701.3323728,77.345391051,0.22,0.8664551159,9.3,0.0322435804,0.0528384741,0.8926690489,9.7948425702,84015.0,0.4960289582,0.0920350494,28.797412178,82.116593714,0.6757609888
39059,OH,Guernsey County,12333.853382,72.483864623,0.303,0.5528383371,7.7,0.0434368878,0.0828572372,0.9214769648,16.536301118,54757.0,0.100395442,0.1081465211,43.416345386,102.04028778,0.7163784083
39061,OH,Hamilton County,9669.3403813,75.507612956,0.265,0.9796385674,10.8,0.0323463925,0.0618352079,0.8383656103,10.593464293,68810.0,0.7031044774,0.1479366826,45.481035866,99.675433393,0.5899324495
39063,OH,Hancock County,8446.5310881,76.114897793,0.232,0.7722904431,7.2,0.028774822,0.0645419523,0.9317950052,12.957347618,72065.0,0.2915910304,0.0941358522,33.789191016,78.590260649,0.6919159972
39065,OH,Hardin County,12365.872717,71.843075315,0.316,0.5621579359,7.0,0.0375800602,0.0854722362,0.9223905724,12.822198843,59713.0,0.1478368517,0.0927955444,44.321449419,101.06146726,0.7329006917
39067,OH,Harrison County,11997.734174,72.558344878,0.28,0.2984878823,7.7,0.041133042,0.0875202593,0.925,17.387675616,57050.0,0.0702893047,0.1302366345,22.795140076,94.488614122,0.7667623712
39069,OH,Henry County,8404.7896652,75.98318893,0.279,0.3700383197,7.6,0.0418507324,0.0600382061,0.9438244048,16.719976737,81899.0,0.254970718,0.0704877827,18.302950436,90.410596416,0.8154284696
39071,OH,Highland County,11713.870721,73.071549723,0.317,0.4109472032,8.3,0.0455535182,0.086241947,0.9219171484,12.444977069,61760.0,0.1913105709,0.088754847,42.291751571,97.56413339,0.7324848341
39073,OH,Hocking County,12742.730666,72.59190579,0.31,0.7767201426,7.6,0.0369233131,0.0845956758,0.91,8.9740828487,58018.0,0.4624955437,0.0745196624,48.780487805,123.66825635,0.7879809771
39075,OH,Holmes County,6123.9395328,78.235331473,0.327,0.388395179,8.1,0.0283170407,0.3482054966,0.907780083,11.489074116,74490.0,,0.0815036863,,39.906220382,0.7950622843
39077,OH,Huron County,10506.474798,74.153975913,0.234,0.6137795612,7.5,0.0448072497,0.0796983587,0.9404978962,11.852004535,64331.0,0.2142405874,0.0951500748,46.40131986,111.89905744,0.7358313418
39079,OH,Jackson County,13453.22169,71.16895984,0.302,0.4614583652,7.8,0.0456788159,0.0846320995,0.8853092784,12.275210213,54431.0,0.117324595,0.126559273,58.407623732,129.32069685,0.7337436869
39081,OH,Jefferson County,13983.790799,71.766214098,0.261,0.6414964214,8.2,0.0509842005,0.0646635368,0.8894295302,17.099331572,56276.0,0.2790540851,0.1122548068,55.653464428,115.94648624,0.7179931434
39083,OH,Knox County,7935.8860905,76.343986136,0.262,0.6833596403,7.7,0.0326413286,0.0867569476,0.928852459,12.345092826,66844.0,0.252244065,0.0876242898,23.341803579,71.63003089,0.7505013868
39085,OH,Lake County,7978.6611212,77.022719372,0.247,0.877667098,6.2,0.0335499639,0.0624955,0.9121050505,8.4540333503,73559.0,0.5657622645,0.1009774635,38.215605234,102.1577909,0.7506554092
39087,OH,Lawrence County,15073.575338,69.970146734,0.335,0.718801511,8.3,0.0409898801,0.0697029092,0.9608251058,8.4726316347,56879.0,0.2081215659,0.1330056246,81.99135049,145.97392297,0.7250788854
39089,OH,Licking County,8468.7594263,75.909212344,0.247,0.7618852895,8.3,0.0309679091,0.0604001408,0.9042969495,9.9802050077,76496.0,0.3212375153,0.1034652212,34.63861001,85.827196017,0.7372520313
39091,OH,Logan County,8349.4446951,75.725083314,0.286,0.6259588299,7.5,0.0303096667,0.0636689002,0.9577628866,13.466550825,68964.0,0.3879523294,0.0940672589,20.378308746,95.433632038,0.7768176705
39093,OH,Lorain County,9275.3112299,76.02106054,0.281,0.9504575606,6.8,0.03802225,0.0733559295,0.9130654851,9.4856261146,75496.0,0.529942741,0.1239396949,45.549158665,101.70603884,0.7370486906
39095,OH,Lucas County,11817.183281,73.412406389,0.272,0.9359463364,9.4,0.0418518825,0.0692057082,0.7260171514,9.6333468497,60525.0,0.6501754085,0.1341659608,57.1594109,120.84719062,0.616576812
39097,OH,Madison County,7955.6258684,76.170092562,0.269,0.6593419131,8.2,0.0295340705,0.0712727049,0.8719196429,9.4166283877,81836.0,0.4046869295,0.0762083027,30.946899649,76.704763366,0.7594557646
39099,OH,Mahoning County,12041.164495,73.365699103,0.279,0.8923906672,7.9,0.0424673953,0.0637689331,0.909583506,13.340069847,52914.0,0.1863053006,0.121460238,65.441071347,123.50479153,0.7028414299
39101,OH,Marion County,11206.264349,73.690475249,0.279,0.8085956027,7.5,0.0343128173,0.0680215157,0.6284300595,12.530552891,56991.0,0.3097048608,0.1106878307,58.022212752,118.7319672,0.678111238
39103,OH,Medina County,5776.5831571,79.03434785,0.223,0.9270948649,6.5,0.0312300635,0.0603449444,0.9538502061,8.4463141375,90211.0,0.4275880967,0.0877183091,18.994878688,68.622518777,0.8002206897
39105,OH,Meigs County,14803.943579,70.790531949,0.311,0.4463755065,7.8,0.0538434702,0.0877913365,0.875,15.476353043,50127.0,0.1465105808,0.1050462153,89.960417416,153.49262259,0.7542535211
39107,OH,Mercer County,7560.5561002,77.363813786,0.252,0.7212189616,8.0,0.0225045529,0.0661373327,0.945619469,12.279210352,79974.0,0.2650724229,0.0668050576,11.117199101,63.923253646,0.7964737683
39109,OH,Miami County,8584.1964885,75.95899155,0.212,0.8540460036,8.8,0.032215341,0.0586508945,0.9375705329,11.428882419,75735.0,0.472548587,0.0946136364,25.991737685,75.522549404,0.7340334814
39111,OH,Monroe County,11678.428549,73.57988727,0.294,0.7732536421,7.3,0.0551484767,0.0783519415,0.875,19.646365422,54285.0,0.565707882,0.102980512,,107.99934905,0.8237749546
39113,OH,Montgomery County,12140.954737,73.271891642,0.294,0.9309131245,10.3,0.0379770443,0.0753790552,0.8439759926,10.24551782,62650.0,0.787714332,0.1254531752,57.826498025,136.37932587,0.6232527623
39115,OH,Morgan County,11251.126519,73.340519016,0.264,0.1344008115,7.5,0.0445285215,0.0885533184,0.875,10.242903131,52585.0,0.0842631503,0.1031004856,28.808066259,115.87321774,0.7717024676
39117,OH,Morrow County,9093.0344682,76.505004358,0.3,0.3097281831,7.5,0.0349924057,0.0764100944,0.9248062016,8.2062310761,70109.0,0.0557939914,0.0872333896,37.771125863,95.269959907,0.817681612
39119,OH,Muskingum County,10314.415915,74.421121738,0.273,0.6727809281,7.8,0.0378391473,0.0679526334,0.9398698885,12.309407407,58806.0,0.0517301238,0.1168539998,42.546443311,103.4949262,0.6873521596
39121,OH,Noble County,8739.5763989,80.650890358,0.305,0.5675522494,7.4,0.0490837696,0.0865441612,,12.556679456,61751.0,0.0749557209,0.0623869801,27.988338192,75.363208798,0.8190538478
39123,OH,Ottawa County,8724.3619866,76.630507227,0.234,0.6845704093,8.2,0.0478114478,0.0663332184,0.9728995902,13.757566662,76582.0,0.3282132593,0.0742714593,32.409523414,88.776912051,0.8359405229
39125,OH,Paulding County,7074.4524664,76.911454953,0.293,0.4426778688,7.7,0.0306343241,0.0798425827,0.923582996,13.328357413,67692.0,0.03259598,0.0706713781,,103.51304051,0.8016704229
39127,OH,Perry County,11570.848626,73.352447426,0.304,0.7882117036,7.5,0.0402463299,0.076580772,0.9169512195,9.8647125141,62677.0,0.2413861274,0.0992401923,53.19397135,117.66542867,0.7652258596
39129,OH,Pickaway County,9732.2137428,74.394477753,0.258,0.7556842447,8.2,0.0330134499,0.0670169144,0.9199416342,6.9973176949,76471.0,0.2728779105,0.1063228197,47.187299875,99.131916743,0.7210442742
39131,OH,Pike County,16409.043177,69.6740641,0.314,0.446987596,7.8,0.0464597824,0.0719126677,0.934085213,7.4060359193,54256.0,0.0438570585,0.1434756938,74.582156525,148.22565176,0.6579142012
39133,OH,Portage County,8136.3465409,76.418111514,0.232,0.8409862106,8.8,0.0345268542,0.0625535427,0.932440688,9.0265541439,73911.0,0.3372869937,0.1226810673,25.888105854,73.759116762,0.701425031
39135,OH,Preble County,9639.79051,74.520566602,0.264,0.3513256421,7.7,0.0308075451,0.0604738926,0.9319767442,7.8825500049,76621.0,0.1422473719,0.0739784946,41.701076869,97.46397751,0.7937522399
39137,OH,Putnam County,6060.3984083,78.169577687,0.217,0.5444254158,7.1,0.0263074317,0.057569986,0.9461979167,13.106541621,79412.0,0.0011900961,0.0642123288,,54.134524293,0.8578152281
39139,OH,Richland County,11193.483719,74.028227489,0.26,0.7858743677,7.5,0.0414813936,0.07235269,0.8286042065,13.485584788,57261.0,0.2513606967,0.1048309278,57.888289064,107.55176336,0.6846688504
39141,OH,Ross County,12209.15473,72.209906359,0.29,0.7216349085,8.1,0.0337997969,0.0675807362,0.8689168766,9.6598177688,61651.0,0.337566316,0.1210812708,76.549363466,140.54245738,0.7060722417
39143,OH,Sandusky County,9229.4125163,75.237550896,0.285,0.811056778,7.8,0.0353435904,0.0611614895,0.9263913824,11.761296811,64744.0,0.1964140179,0.1037791681,33.004614956,85.650912814,0.7429658106
39145,OH,Scioto County,16719.955812,69.198036147,0.306,0.8028456383,6.6,0.0480327204,0.0744265322,0.9207964602,9.8346122947,52447.0,0.3603529348,0.1159334346,125.97379563,180.46792176,0.6901560918
39147,OH,Seneca County,9987.3360131,74.792338971,0.285,0.7496776771,7.4,0.0358641019,0.0631855144,0.9231092437,13.362132084,62966.0,0.4219978572,0.0802061373,40.127435006,85.497760686,0.7341961175
39149,OH,Shelby County,9915.7841349,74.873569548,0.252,0.6651876425,8.0,0.031429537,0.0694860184,0.8864935065,11.747183822,67351.0,0.4807173958,0.072026251,27.086154808,88.307725475,0.737464069
39151,OH,Stark County,9698.2795133,75.076656663,0.227,0.7386655569,9.1,0.036785509,0.0645563837,0.890483614,11.91444143,63673.0,0.1004767202,0.1005929649,37.625541651,95.294824754,0.6857034358
39153,OH,Summit County,9664.1975616,75.299746472,0.235,0.9518196689,9.4,0.0369101212,0.0658491769,0.8810637149,11.103190628,69786.0,0.6543406337,0.124055805,42.793855795,95.907264168,0.6728931648
39155,OH,Trumbull County,11710.468173,73.522405671,0.303,0.7452630745,6.3,0.0437351108,0.0860785427,0.8980641273,11.812024342,51668.0,0.2504047491,0.1108622351,63.295578662,113.52459716,0.7150055146
39157,OH,Tuscarawas County,9806.9198423,74.619162768,0.3,0.7089735479,8.3,0.0357628592,0.0862928178,0.8438264151,15.445359322,62098.0,0.1594844687,0.1068679451,30.773352449,87.102716041,0.6867836441
39159,OH,Union County,5567.3158356,78.528411561,0.201,0.7969387105,7.9,0.0278608273,0.0424023207,0.9625367047,10.463690992,104592.0,0.5107670744,0.06633535,16.676220751,56.36302974,0.7936582252
39161,OH,Van Wert County,9042.7347938,75.532985287,0.247,0.6476443953,7.7,0.0282902829,0.0598365313,0.9348853868,16.337029441,60555.0,0.3181016902,0.0786339755,26.850338548,74.534510885,0.8061110634
39163,OH,Vinton County,19459.735519,67.55282905,0.325,0.3096875,7.5,0.0476102941,0.0887901235,0.925,2.3875845603,52999.0,0.3096875,0.096605197,115.08382811,175.31067223,0.7516277288
39165,OH,Warren County,6327.3656744,78.1756062,0.208,0.8709483075,10.0,0.0301025178,0.044257421,0.9317325368,7.4866481436,107973.0,0.4507813499,0.0816349523,24.498362012,63.419773986,0.7959640262
39167,OH,Washington County,10492.126657,74.699307491,0.277,0.7881581369,7.9,0.042428077,0.0753100741,0.9122121212,12.223901122,59646.0,0.3843837312,0.0917980941,34.836157684,92.268874857,0.7481416
39169,OH,Wayne County,8917.9640166,75.829394447,0.24,0.6521977176,8.4,0.0281527824,0.1260959286,0.9204292929,13.641160271,69834.0,0.258216846,0.0891022363,30.662276516,93.517497933,0.7605901521
39171,OH,Williams County,8265.2451194,76.280999097,0.264,0.5668697105,7.9,0.0314856608,0.0676792181,0.9357954545,15.824511623,61183.0,0.3862595008,0.096852459,21.831479174,101.40163224,0.756130702
39173,OH,Wood County,6562.5096039,77.437385204,0.235,0.6853411772,8.3,0.0322060502,0.0547252892,0.9521887417,11.398869232,73906.0,0.1422932672,0.1150789888,19.737990824,60.606983508,0.645560972
39175,OH,Wyandot County,8015.8677366,76.109630966,0.256,0.3542465753,7.2,0.026062998,0.0594163835,0.9697959184,20.401539389,69913.0,0.2442465753,0.0685305148,23.081894562,103.96253669,0.737533098
40000,OK,Oklahoma,10910.650504,73.728535165,0.286,0.7064712341,8.9,0.0322389553,0.1430218502,,11.199562167,62120.0,0.3260818119,0.1193974353,24.342587465,102.30161281,0.6580374389
40001,OK,Adair County,16045.507693,69.27488179,0.371,0.1576301616,8.6,0.0376221869,0.1622049321,,8.173273396,44808.0,0.1324442165,0.1058637084,27.894002789,121.64872031,0.6799018192
40003,OK,Alfalfa County,7651.1372627,77.738036284,0.268,0.3163712932,8.3,0.0265647744,0.1496677261,,23.061912365,57517.0,0.0307071416,0.0692788189,,105.18565268,0.7873015873
40005,OK,Atoka County,12957.708759,72.893052318,0.336,0.2859365057,9.0,0.0375911009,0.1787517673,,11.218622914,49815.0,0.0217775578,0.0898703582,,97.012583103,0.7577563181
40007,OK,Beaver County,10015.498301,76.483784236,0.299,0.2901564666,6.6,0.0211242392,0.199950446,,21.929824561,67112.0,0.0150524856,0.0927318296,,120.00154841,0.7970501475
40009,OK,Beckham County,11752.685572,72.146861165,0.325,0.7962516734,7.2,0.0296275657,0.1550245098,,14.539506565,51960.0,,0.129785501,21.366543046,121.91656507,0.6636962891
40011,OK,Blaine County,15376.642596,70.317286912,0.335,0.4982255295,8.4,0.0227117874,0.1541347741,,20.216434772,58573.0,0.0087006297,0.100805153,,198.53525104,0.7138225759
40013,OK,Bryan County,12725.212382,72.181887806,0.3,0.3734560531,9.0,0.0294503154,0.1742598876,,9.754680171,50105.0,0.0413311047,0.1041018551,18.019891188,105.23150932,0.6356257541
40015,OK,Caddo County,16064.779051,69.047472389,0.358,0.3886806458,8.5,0.0335731415,0.164780724,,14.886632567,50742.0,0.2747448506,0.0841331911,34.461538462,147.49368655,0.7034475187
40017,OK,Canadian County,7144.7382178,77.700321827,0.248,0.7321459797,9.9,0.027366899,0.1026100183,,6.2075448273,86539.0,0.4195200933,0.0951432838,15.286792624,72.860120155,0.7475636921
40019,OK,Carter County,12498.794138,71.686320559,0.323,0.4742620253,9.5,0.0367778974,0.1600811298,,10.719439291,56270.0,0.1109930629,0.1042831581,24.801245574,115.55570282,0.6766029544
40021,OK,Cherokee County,12007.671514,73.003161962,0.326,0.6000892136,8.6,0.0352196469,0.1713700753,,6.2372655828,50434.0,0.0229831344,0.1228808673,24.18062234,97.903137858,0.658044884
40023,OK,Choctaw County,17858.275127,68.31194774,0.347,0.281329203,8.7,0.0391102065,0.1540061494,,12.536564981,44307.0,0.0138693326,0.1251181251,30.015469511,141.77368515,0.6573916012
40025,OK,Cimarron County,8801.6202777,76.597397029,0.28,0.0021777003,5.5,0.0198019802,0.147995283,,26.642984014,56166.0,0.0021777003,0.048092869,,,0.7720797721
40027,OK,Cleveland County,7689.912648,77.568711434,0.264,0.8135878834,9.9,0.0278574276,0.1163257398,,7.6438563756,74889.0,0.5001015132,0.1211623736,15.493355951,70.279109449,0.6408194773
40029,OK,Coal County,15140.187049,70.011656614,0.367,0.4597417395,8.9,0.0404672507,0.1922983773,,13.175230567,46921.0,,0.0904338735,,158.14056122,0.7082125604
40031,OK,Comanche County,11410.386647,73.236289101,0.313,0.6907822497,7.4,0.0391634201,0.1269372391,,8.2895827577,56973.0,0.005250774,0.1320702145,26.487679133,92.6933595,0.5497115256
40033,OK,Cotton County,12787.713486,71.131750187,0.335,0.0027139497,8.0,0.0305676856,0.1382319173,,12.780719372,52735.0,,0.0803757829,,149.59928762,0.79570941
40035,OK,Craig County,11484.23637,72.453201369,0.358,0.4210675551,9.1,0.0341463415,0.1540302508,,12.745167457,49914.0,0.2656837031,0.1087967644,23.567119155,129.79683973,0.7320884146
40037,OK,Creek County,12168.775888,72.799239429,0.28,0.6086350587,9.5,0.034203146,0.1302334261,,11.141831387,58195.0,0.0944337598,0.0918648027,27.750412787,105.47143505,0.7447358965
40039,OK,Custer County,10913.984281,72.845845114,0.293,0.5841195244,7.8,0.0275169958,0.1526861866,,16.854335509,55458.0,0.3040718269,0.1112719552,15.348831718,88.274857079,0.6415059347
40041,OK,Delaware County,13171.192388,72.537741669,0.329,0.4901849147,9.1,0.0332907787,0.1753453413,,8.4514524425,48763.0,0.0455231824,0.1093632959,19.116042342,113.11414116,0.7590076787
40043,OK,Dewey County,9824.4582164,73.04390352,0.317,0.3155664585,7.3,0.0204841713,0.1506734007,,27.266530334,55952.0,,0.0571625344,,149.45768212,0.7467084639
40045,OK,Ellis County,14086.640693,72.850575058,0.304,0.3667644705,6.9,0.0234962406,0.1504329004,,41.017227235,57212.0,,0.0786598689,,131.16474292,0.8230822391
40047,OK,Garfield County,11680.927329,72.749841663,0.311,0.6883652102,9.3,0.0321507346,0.156769643,,12.919896641,61132.0,0.0524615727,0.1035132294,17.865360149,98.798763548,0.6457549143
40049,OK,Garvin County,14331.853936,70.489099672,0.334,0.3985032741,9.5,0.0307762627,0.1630975143,,14.778516704,57170.0,0.1533364515,0.097653773,25.24997475,138.79611074,0.6813
40051,OK,Grady County,10560.30881,74.085104679,0.29,0.5927913131,9.4,0.029232005,0.1345952319,,11.295845247,70838.0,0.0044712109,0.0798546262,21.419391689,109.49806231,0.7528237585
40053,OK,Grant County,10865.568035,73.539205186,0.357,,8.8,0.0203588682,0.1385861102,,16.973811833,57737.0,,0.0771954674,,126.84393498,0.7511254019
40055,OK,Greer County,9764.3309766,73.145268076,0.334,0.5720269532,6.9,0.0384815393,0.1243728545,,19.83053903,43089.0,0.0100163905,0.1011176158,,120.26458208,0.7778325123
40057,OK,Harmon County,17824.66279,68.789209763,0.337,0.7958199357,6.5,0.0257441673,0.1762252346,,20.593080725,45931.0,,0.0860702152,,196.5408805,0.72
40059,OK,Harper County,4840.3703668,78.225780097,0.305,0.8025672372,6.9,0.0233793836,0.1838529177,,28.763183126,62950.0,,0.0638841567,,68.945705257,0.803187251
40061,OK,Haskell County,14129.863661,70.814923641,0.346,0.0147046103,8.7,0.0478640125,0.1643987167,,10.30839275,49471.0,0.0147046103,0.0791746641,,98.055237784,0.7718914186
40063,OK,Hughes County,16288.748343,69.420192089,0.364,0.306650707,9.2,0.0398421349,0.1487050044,,13.425822332,50872.0,,0.0772058824,27.542691171,165.28428898,0.7282038471
40065,OK,Jackson County,11788.081544,72.960192178,0.324,0.5347992738,7.2,0.0294486216,0.1413070163,,10.995276104,58371.0,,0.0751720487,19.011923192,111.27626567,0.6128042544
40067,OK,Jefferson County,12512.66993,71.554204992,0.348,0.3616263819,8.7,0.0357002746,0.1499882822,,9.2781592132,43298.0,,0.0792682927,,134.94342756,0.7236111111
40069,OK,Johnston County,13634.047459,71.314073747,0.351,0.4067367601,9.1,0.0382968601,0.1386623165,,13.453776667,49984.0,0.1264602804,0.080420574,,169.88705311,0.7021711367
40071,OK,Kay County,13037.531492,71.781464787,0.301,0.6638672769,9.3,0.0358954982,0.140982936,,14.885041678,55440.0,0.2675286041,0.0911588412,17.601053002,123.18372693,0.6773151472
40073,OK,Kingfisher County,7637.8386482,76.658245027,0.31,0.5889752371,9.1,0.0225021533,0.1773593861,,17.655136337,72345.0,0.1221022129,0.1005660377,,73.185763443,0.7198084767
40075,OK,Kiowa County,14449.245612,70.092516924,0.355,0.6731695851,7.5,0.036,0.1386783874,,19.173157579,44393.0,0.0440709837,0.1044823232,,102.48526774,0.7130044843
40077,OK,Latimer County,13194.031831,73.22722772,0.365,0.456480305,8.3,0.0474619289,0.1445378151,,12.46105919,41241.0,0.0748623465,0.1044340723,,111.12682602,0.704569055
40079,OK,Le Flore County,13655.246812,70.972786006,0.375,0.3203058447,9.0,0.0402318783,0.1908273193,,7.3609094813,50469.0,0.1271582622,0.1040276454,21.721717645,99.534292801,0.7199549042
40081,OK,Lincoln County,10342.850514,74.189147557,0.32,0.5279454839,9.3,0.03220289,0.1550280848,,9.36000936,56344.0,0.0483591368,0.08919495,26.19782267,115.70123627,0.8025747764
40083,OK,Logan County,7691.4550791,77.878545411,0.275,0.5841590152,9.3,0.0306280587,0.1294587358,,7.8947875147,77836.0,0.122510342,0.0775718698,13.193047264,84.650684293,0.8582915146
40085,OK,Love County,11673.478155,72.532181566,0.315,0.2715355805,8.9,0.0272668603,0.1633074308,,10.765316109,58771.0,0.0361718904,0.0816956766,,123.40600576,0.7294929652
40087,OK,McClain County,8739.4770882,75.576500876,0.303,0.5492535164,9.5,0.0287109732,0.1371605003,,8.8288526906,80952.0,0.1487686621,0.0903172273,16.900975647,93.054612613,0.7848985959
40089,OK,McCurtain County,17783.483393,68.183917381,0.379,0.5643538651,9.0,0.0415502369,0.1639529716,,12.608709709,48589.0,0.108132667,0.0853542104,19.030099274,135.52166473,0.7183297948
40091,OK,McIntosh County,14639.609217,70.746929534,0.342,0.3128134734,8.9,0.0544752264,0.1746684632,,6.6834610046,46509.0,0.0467768333,0.108975265,34.287085769,141.18802562,0.7721186663
40093,OK,Major County,10913.00316,74.11007751,0.289,0.3840914932,8.4,0.0263361735,0.1665537106,,22.660623834,64527.0,,0.0660471291,,155.17332071,0.7978756639
40095,OK,Marshall County,11481.64656,73.288878654,0.351,0.61526907,8.8,0.0323990743,0.1860294118,,13.852159678,54966.0,0.1013584117,0.1062740077,26.75447623,122.68150182,0.7957195058
40097,OK,Mayes County,12605.745489,72.22920638,0.338,0.4131024945,9.2,0.0324353239,0.1390977444,,15.660915911,59498.0,0.0908159607,0.1009841974,30.025020851,107.86365638,0.7426475404
40099,OK,Murray County,12185.211266,71.991271761,0.314,0.5878883774,9.1,0.0338810774,0.163792282,,8.7770626097,63623.0,0.4155638665,0.0873436506,,129.73721007,0.7167269803
40101,OK,Muskogee County,14215.106075,70.12731051,0.328,0.5513800329,9.2,0.039171151,0.1518705405,,10.248063417,52188.0,0.1102217399,0.1163158535,30.982959372,118.58447584,0.6638880273
40103,OK,Noble County,10225.422893,74.184391244,0.277,0.465671915,9.2,0.026249791,0.123096744,,13.766519824,60758.0,0.3541742951,0.0602139836,,126.44051877,0.7989531287
40105,OK,Nowata County,13632.53431,71.959480539,0.31,0.4810085837,8.9,0.0302713987,0.1391780091,,11.599704735,54831.0,,0.0851884832,,89.510944747,0.73243607
40107,OK,Okfuskee County,16293.844812,68.774364104,0.373,0.3438549956,9.1,0.0413719185,0.1507177033,,10.777797737,44661.0,,0.1075508498,,147.79933662,0.7108495394
40109,OK,Oklahoma County,10806.903662,73.815286926,0.272,0.9380064097,9.9,0.0315603831,0.1488416662,,10.628502079,65979.0,0.60827184,0.1477831724,27.232945628,109.30641364,0.5861121256
40111,OK,Okmulgee County,15057.854181,69.872476674,0.329,0.5884868959,9.2,0.0420018422,0.1499251419,,11.354420114,53938.0,0.0808587152,0.1152257192,36.585257034,127.60302223,0.6995132962
40113,OK,Osage County,10239.534865,75.834962682,0.308,0.4075254267,9.7,0.0367438178,0.1354900986,,7.1991099282,61279.0,0.1612684971,0.0946004587,25.315906346,103.34582095,0.7825934169
40115,OK,Ottawa County,15079.546954,69.770271246,0.341,0.35047053,9.6,0.0304034301,0.1608151136,,12.52554552,48937.0,0.0260194816,0.1099051441,22.936531341,118.9400685,0.6726499362
40117,OK,Pawnee County,13688.334495,71.403396736,0.291,0.3353050858,9.0,0.0351699883,0.1419370421,,8.8849400267,52744.0,,0.077994933,39.683368491,138.88027776,0.7815728091
40119,OK,Payne County,9054.4808808,75.893926387,0.264,0.7553217549,9.3,0.030031651,0.1439281543,,11.836606517,56811.0,0.3930259903,0.2257910028,14.19659444,66.77031499,0.5091370088
40121,OK,Pittsburg County,13462.350729,71.27626139,0.332,0.4883604048,8.5,0.0451697595,0.1554855675,,10.318024442,51514.0,0.0186873187,0.1094859757,26.732862326,120.39037609,0.7143747521
40123,OK,Pontotoc County,13576.744836,71.656766336,0.314,0.594115329,9.3,0.0309123649,0.1621239984,,16.255473113,61269.0,0.0686720084,0.0874506271,20.052135552,118.18105756,0.6644183251
40125,OK,Pottawatomie County,12618.252007,71.676464441,0.332,0.5480994838,9.5,0.0361608058,0.141259758,,10.607482355,57089.0,0.2821652359,0.1091870143,26.873149624,122.25173441,0.6989202814
40127,OK,Pushmataha County,17665.896986,68.56176914,0.364,0.3148353681,8.2,0.0392115303,0.1614727318,,10.214504597,45012.0,0.0067517573,0.1201290643,30.718191313,149.55589195,0.7579981718
40129,OK,Roger Mills County,12123.172746,74.705359124,0.297,,6.8,0.0237324703,0.1311539976,,18.072289157,57132.0,,0.0759493671,,159.86297459,0.8116654954
40131,OK,Rogers County,8218.9925247,75.906657711,0.268,0.5824548509,9.7,0.0294847007,0.1257186757,,8.8024606419,73688.0,0.0897102058,0.0797088943,17.666253299,75.877826132,0.7778399866
40133,OK,Seminole County,16302.198355,69.030871586,0.355,0.5393530311,9.3,0.0475212973,0.1790038902,,10.277932423,49000.0,0.2039820003,0.1052371542,32.318803923,153.33077782,0.6960119526
40135,OK,Sequoyah County,14516.56273,70.318897677,0.363,0.4014663578,7.1,0.0368746033,0.1653960254,,5.5461718809,48050.0,0.1437590693,0.1044525343,36.450092368,104.19687311,0.7099578504
40137,OK,Stephens County,10562.009875,73.853045788,0.321,0.6900905527,9.0,0.0354354354,0.1442455095,,15.099519561,56649.0,0.3306105302,0.1055217738,19.239797136,115.09288319,0.7449500813
40139,OK,Texas County,8312.6498788,75.781286834,0.353,0.6808829031,6.5,0.0208147004,0.1879454867,,13.661868748,67901.0,0.0041152263,0.1446216385,,74.659855592,0.6941775837
40141,OK,Tillman County,12604.847402,71.826618298,0.342,0.528989667,7.6,0.046769852,0.1751135332,,14.332807797,46314.0,,0.1427429028,,117.05685619,0.7487758945
40143,OK,Tulsa County,10466.25268,74.441923024,0.282,0.9283482673,8.9,0.0319578933,0.1419103886,,11.618671367,65619.0,0.5475384705,0.129680309,32.224244884,96.501605186,0.5973522511
40145,OK,Wagoner County,8869.0869533,76.427911056,0.28,0.3362887591,9.7,0.0321966925,0.1210977366,,4.6165920318,80246.0,0.0338597943,0.0857171636,25.234702447,80.960343889,0.809815148
40147,OK,Washington County,9627.6511427,74.917538705,0.326,0.7374702126,8.0,0.0339383018,0.1251758423,,12.771871831,66236.0,0.1841769135,0.1016949153,24.6467302,86.389455899,0.7182462614
40149,OK,Washita County,13688.643597,71.493518055,0.326,0.3290919077,7.7,0.0313369182,0.1464206985,,14.908684309,54874.0,0.0034785793,0.0840293597,,139.39838591,0.7495732748
40151,OK,Woods County,8720.6965405,75.970935014,0.278,0.5384972171,7.8,0.019379845,0.1259271203,,20.96191918,56740.0,0.2367810761,0.1285003111,,119.41121088,0.6439220183
40153,OK,Woodward County,9577.7075224,74.818938896,0.325,0.5531021006,7.3,0.0300851676,0.1674008811,,15.507753877,59312.0,0.0824621397,0.0813464236,,95.579450418,0.7188270084
41000,OR,Oregon,7218.6992776,78.030797907,0.185,0.8802918681,12.05,0.0372198131,0.0738661808,0.8207352239,9.8770393504,80061.0,0.702135533,0.1566785123,26.218201592,88.317468251,0.6337423335
41001,OR,Baker County,10080.271996,75.241094199,0.209,0.7462802976,9.8,0.0434843993,0.0725306054,0.8133210332,14.169323415,59123.0,0.1148908087,0.1389464339,19.972438036,128.95534009,0.7277984304
41003,OR,Benton County,4157.992949,82.362090477,0.163,0.9243780467,11.4,0.030073969,0.0570784779,0.8390122616,10.95974598,74800.0,0.7797844175,0.2028449579,11.851397419,57.198542496,0.5603092514
41005,OR,Clackamas County,5881.7133733,79.869299345,0.159,0.921238915,30.4,0.0336154615,0.0561671305,0.8827015075,8.4598170505,100376.0,0.675506228,0.1484532732,17.675233368,69.566971772,0.71340362
41007,OR,Clatsop County,9301.7339537,76.740414628,0.165,0.8880746007,7.4,0.0367093756,0.0870460984,0.8446753247,11.752008634,65160.0,0.5340864823,0.1620537505,27.435285004,106.41636752,0.6167449572
41009,OR,Columbia County,7768.6994277,77.559440696,0.202,0.5863963947,10.1,0.0437777867,0.0687634258,0.8122482639,6.9045308651,81463.0,0.2008024492,0.107405591,27.5796362,84.383715078,0.7571221632
41011,OR,Coos County,10128.89857,74.847922707,0.193,0.7773722066,9.9,0.0452312193,0.0744557267,0.6654495614,12.155716264,61386.0,0.5245421922,0.1403805186,20.030816641,120.83714491,0.7070767498
41013,OR,Crook County,7740.0854418,78.024624718,0.207,0.6473441669,16.2,0.0553914989,0.0615588116,0.92,9.4786729858,73421.0,0.4080766432,0.1159688413,15.540216786,126.70332297,0.7562693717
41015,OR,Curry County,11472.788932,73.909430791,0.224,0.915550627,9.5,0.0464008859,0.0812512426,0.7984104046,7.6277650648,55238.0,0.5849611874,0.1429618097,55.251749639,141.84519102,0.7484929078
41017,OR,Deschutes County,5427.1875547,80.858425207,0.138,0.9382153107,15.8,0.0367850796,0.070831317,0.8558153114,10.505981631,95414.0,0.731207094,0.1517930992,12.069435134,96.329602805,0.7074293544
41019,OR,Douglas County,10749.967522,74.491354044,0.224,0.4960836683,19.3,0.0469741493,0.0693029637,0.7531938326,9.617353981,60296.0,0.3202938822,0.1328373594,29.495976332,120.12885571,0.7176125287
41021,OR,Gilliam County,11862.558122,76.423143248,0.193,0.3969924812,14.0,0.0415335463,0.0763195435,,14.866204163,74010.0,0.365914787,0.1178707224,,183.59853121,0.7560414269
41023,OR,Grant County,6070.8153575,79.684265003,0.207,0.6055578598,8.2,0.0502512563,0.0819738989,0.7680555556,9.697977279,61024.0,0.4407576386,0.1362507759,,127.61825496,0.8063842482
41025,OR,Harney County,9730.1206212,76.106247297,0.228,0.7372915277,11.9,0.0419426049,0.0779791323,,9.3147039255,56649.0,0.0553702468,0.1177876408,,153.28761597,0.6717605858
41027,OR,Hood River County,5186.721524,80.830812965,0.189,0.9260541352,15.5,0.0295528283,0.1152520028,0.9,12.059214904,79092.0,0.610710264,0.1322206439,,60.916282415,0.680855781
41029,OR,Jackson County,8096.0831131,77.266326825,0.211,0.8589933664,15.6,0.043395761,0.0770012166,0.8455845324,8.9783616971,71030.0,0.5426209022,0.1482894089,29.825155645,96.05228711,0.6497866099
41031,OR,Jefferson County,12476.174875,73.60134633,0.212,0.6157456534,18.4,0.0458876142,0.0806888335,0.9024705882,6.711409396,68419.0,0.1161945964,0.1328671329,15.945996226,128.11835235,0.7142857143
41033,OR,Josephine County,10791.176856,74.581699341,0.206,0.7042229538,14.5,0.0506268891,0.0776363893,0.7770251716,7.8650404651,61575.0,0.1004767851,0.171908709,37.103082206,133.48245708,0.7168923382
41035,OR,Klamath County,11781.707489,73.282167722,0.233,0.7464307839,19.7,0.0518830128,0.0892840518,0.7771962617,10.112231527,54630.0,0.084465446,0.1607703127,27.257729001,121.73701327,0.6873092926
41037,OR,Lake County,8123.9336878,75.72731356,0.228,0.6428921569,7.8,0.0499306519,0.1003298039,,15.503875969,56518.0,0.124877451,0.1471806308,,138.75811487,0.6154295733
41039,OR,Lane County,8116.0953567,77.0847984,0.189,0.9025931467,15.0,0.0395078538,0.0792296604,0.7800055866,9.0753832192,70065.0,0.8587490959,0.1784229963,36.829750777,110.56399153,0.5938410999
41041,OR,Lincoln County,10323.103825,76.056929224,0.2,0.9431689652,8.9,0.0424428201,0.0875683899,0.86,8.462401354,61603.0,0.7788074214,0.1549795362,26.271197573,132.74617659,0.7136536861
41043,OR,Linn County,8439.5034903,75.906461792,0.21,0.797449654,21.0,0.0406970022,0.0793089311,0.7460471976,10.807330589,70242.0,0.5407433326,0.1470308163,20.952575634,101.47368161,0.6704594926
41045,OR,Malheur County,8886.2895494,75.088412406,0.273,0.4702100029,10.6,0.0365929617,0.0997520096,0.898938992,8.7832115186,53762.0,0.30765576,0.1543645362,17.978954048,87.904472862,0.6340272936
41047,OR,Marion County,7452.441166,77.518244488,0.242,0.893073543,24.9,0.0372725615,0.1025296142,0.7920551102,9.8355076247,73210.0,0.7020814061,0.1625213363,23.009972906,82.407211322,0.6224314864
41049,OR,Morrow County,8668.7408697,76.457992921,0.265,0.5527654686,12.0,0.0341039515,0.1067538126,0.9668032787,4.8780487805,80508.0,0.4558509765,0.0854865974,,72.539559364,0.7091624248
41051,OR,Multnomah County,7476.4502816,77.769938655,0.18,0.990910295,10.7,0.0356278856,0.0710669762,0.7942083213,11.57111899,83290.0,0.9643622736,0.17673809,42.997443765,92.402952141,0.541040093
41053,OR,Polk County,6465.4401574,78.956982086,0.218,0.8679102856,12.1,0.0375210793,0.0728008514,0.8027007299,7.8112794876,79970.0,0.5768073839,0.1684543972,15.383345465,83.36359546,0.6459139191
41055,OR,Sherman County,7701.7847275,80.183203858,0.218,0.0540106952,15.1,0.038262668,0.0706932052,,15.345268542,73123.0,0.0540106952,0.1230982019,,120.20544203,0.6709183673
41057,OR,Tillamook County,10981.886554,75.170050205,0.186,0.6336619204,7.9,0.0376458984,0.0815771933,0.8300551471,9.7918328861,68717.0,0.3607520993,0.1370855148,27.789860326,107.62371236,0.7316577812
41059,OR,Umatilla County,8639.1134594,75.922644236,0.245,0.6153980643,14.7,0.0407740331,0.0879553607,0.8306129032,8.9758773297,62890.0,0.1237090228,0.1106530463,24.794604022,85.150513064,0.6714194509
41061,OR,Union County,9096.9070924,76.472179382,0.209,0.8458925027,9.8,0.039293708,0.0733533672,0.7115036232,15.662604577,63524.0,0.4113605131,0.111732373,32.936407398,86.965727941,0.6458179808
41063,OR,Wallowa County,8462.4679498,77.730032058,0.175,0.584765255,8.8,0.0443514644,0.0804150454,,11.750881316,61173.0,0.1886077662,0.0835753469,,139.06309647,0.7640047676
41065,OR,Wasco County,9591.2865846,75.208407502,0.214,0.6878890139,16.8,0.0401548505,0.1034482759,0.7222463768,10.91826362,65701.0,0.3615673041,0.1270612038,35.136152591,103.85544526,0.6621842282
41067,OR,Washington County,4799.6444926,81.143107601,0.166,0.9647884978,11.1,0.0321996855,0.060468595,0.8766518847,7.6144330996,103486.0,0.9032100098,0.1400968081,13.355492737,51.068850398,0.6086992073
41069,OR,Wheeler County,4379.780331,,0.22,0.1261199173,11.6,0.0275689223,0.0916201117,0.4852393617,0.0,46315.0,0.1075120606,0.1010452962,,,0.6923076923
41071,OR,Yamhill County,6772.6582134,78.066618794,0.202,0.7885297339,12.7,0.0345067533,0.0842109029,0.8584926185,9.3323231017,86887.0,0.6309296151,0.1491385689,22.213378007,75.989677295,0.6994283654
42000,PA,Pennsylvania,8274.3101109,76.941265569,0.208,0.8629376976,7.8,0.0341644637,0.0648815754,0.8723064273,11.79000198,73826.0,0.3822745276,0.1279082789,40.770346213,96.675856858,0.6932930227
42001,PA,Adams County,6266.4937745,78.834616419,0.233,0.7322632207,7.8,0.025976857,0.0704264587,0.9242517921,12.35534345,77041.0,0.1878827562,0.0999822951,19.175700552,78.848541398,0.7905768231
42003,PA,Allegheny County,8412.2481199,76.924253666,0.21,0.9332628593,11.3,0.0330460475,0.0470357858,0.9043261419,11.343982135,76488.0,0.6125487575,0.1189640671,52.43434099,108.38295573,0.6492872003
42005,PA,Armstrong County,9779.2649475,75.271340231,0.259,0.7226120382,7.8,0.0392869783,0.0559814075,0.8875649913,19.151466477,61521.0,0.2225052625,0.0776091784,45.875815713,119.44444444,0.7863748349
42007,PA,Beaver County,9405.7342995,75.61570245,0.216,0.8636209613,9.3,0.0407218767,0.0490537281,0.7868858404,13.822075484,66846.0,0.289902803,0.0929316007,41.828660109,97.869338362,0.7452865578
42009,PA,Bedford County,9315.6152713,76.216264699,0.252,0.5798389978,7.6,0.03509342,0.0736576156,0.944667319,18.347462989,58319.0,0.2617020829,0.0976657825,36.441105567,111.40894622,0.7810049082
42011,PA,Berks County,7367.6111397,77.814755259,0.239,0.8621193007,8.7,0.0347890383,0.0749144334,0.8757667042,10.779441932,75655.0,0.2226191503,0.1247120472,31.308361597,84.160963261,0.7104594282
42013,PA,Blair County,10058.745052,74.731859602,0.252,0.7544902379,7.7,0.0332757277,0.0632142934,0.878590325,17.846519929,54909.0,0.2002735666,0.0993011006,41.50563762,95.703693472,0.7244797025
42015,PA,Bradford County,7655.360421,77.151757359,0.223,0.6190738239,6.6,0.0327467376,0.0758593784,0.8923134328,14.198376374,61270.0,0.0981706605,0.0937034357,17.224231716,91.985322198,0.7226691714
42017,PA,Bucks County,6420.8457211,79.089937505,0.216,0.9185693648,8.9,0.0300702271,0.0525657096,0.9272518076,7.8598070859,107006.0,0.4265008399,0.1234729512,32.618794157,80.047764142,0.7801464829
42019,PA,Butler County,7052.8577319,77.771240988,0.182,0.8462399942,9.0,0.031112597,0.0426694977,0.9397124525,11.657374557,80978.0,0.2561737793,0.097364969,36.851567397,82.388083421,0.7637485202
42021,PA,Cambria County,10678.829064,74.604616643,0.264,0.8506653081,8.5,0.0413662239,0.0510270248,0.9113424556,19.55249884,55592.0,0.1828473388,0.096812586,65.004588559,134.36216948,0.758098111
42023,PA,Cameron County,11438.698617,74.597533113,0.281,0.3127336706,6.6,0.0504201681,0.0715883669,,24.898143957,51035.0,0.2988783814,0.1135209968,,121.91817936,0.6886496187
42025,PA,Carbon County,10783.614409,74.451454503,0.241,0.6486586665,8.0,0.0387102678,0.0684426473,0.8782232704,13.90161931,64894.0,0.3072479884,0.1149604503,60.014465025,149.05894941,0.7723766286
42027,PA,Centre County,4449.9525158,81.291223942,0.232,0.7683155046,7.3,0.0270439386,0.062248996,0.9288436633,12.813634212,69999.0,0.5949662393,0.1711283244,9.4251101691,46.970116042,0.6175643155
42029,PA,Chester County,4897.6725021,80.951138236,0.177,0.9094183712,8.5,0.0257151567,0.0574807656,0.8897813316,9.4902559987,120925.0,0.4223830633,0.1144060784,22.777615376,62.935763389,0.7494577703
42031,PA,Clarion County,9304.1179162,74.874097215,0.244,0.4628769367,7.7,0.0415235717,0.0811239765,0.9093533487,16.333743908,56911.0,0.2074595204,0.1083726743,18.615866037,98.408622069,0.7143906021
42033,PA,Clearfield County,8757.7138718,75.909673776,0.257,0.6173257864,7.8,0.0392423727,0.0642176303,0.8989638554,17.58574656,60213.0,0.1312157096,0.1003215434,30.431364593,100.9510653,0.7832902241
42035,PA,Clinton County,8571.7030555,76.576466394,0.255,0.5810680908,7.7,0.0403365218,0.0850451076,0.9141860465,12.390920355,55946.0,0.2723364486,0.1170636259,22.937196192,79.719304134,0.716411063
42037,PA,Columbia County,8535.3342344,76.494325052,0.246,0.7397994654,8.2,0.0361176436,0.0602661636,0.89036,15.248128639,63605.0,0.1023684089,0.1201680333,32.367447596,93.521196087,0.7042591018
42039,PA,Crawford County,9369.3127565,75.519499333,0.252,0.7498153399,7.5,0.0367355568,0.100164605,0.9196018277,14.878432321,60545.0,0.3600991208,0.0977238146,34.839298729,101.57125486,0.7367027606
42041,PA,Cumberland County,5768.74374,79.337086628,0.208,0.8731370607,8.9,0.0267835581,0.0529633439,0.9217432763,13.143246494,82507.0,0.3946251768,0.1013897082,18.670104337,59.126353947,0.7137098691
42043,PA,Dauphin County,8616.5627912,76.795034381,0.253,0.887036009,9.4,0.0320820868,0.0689635837,0.7790565022,17.486149584,73929.0,0.353221532,0.1203474585,34.459637835,90.968989777,0.6332339704
42045,PA,Delaware County,7707.7078541,77.581734243,0.197,0.9743182567,10.3,0.0318029754,0.0539418538,0.8756725756,7.8062248123,84180.0,0.4800183763,0.1550640192,34.386612767,82.56997375,0.6964275824
42047,PA,Elk County,9195.9378643,76.639146446,0.235,0.7556953856,7.1,0.0332782141,0.0604906754,0.8931632653,17.062046789,66378.0,0.4321071313,0.0619863277,36.316814685,123.88536298,0.7885913508
42049,PA,Erie County,9059.0885695,75.969648176,0.263,0.8509576338,6.5,0.0384439034,0.0614481751,0.8763955604,13.037517418,60721.0,0.0816720566,0.1307507637,33.659327857,89.092481708,0.6833505894
42051,PA,Fayette County,12647.53151,72.553899632,0.256,0.6550417689,7.5,0.045451228,0.0646632821,0.8498462852,13.677388573,54030.0,0.2298686376,0.1127450032,65.911788494,133.32771296,0.7246461191
42053,PA,Forest County,15981.526779,70.927982277,0.29,0.8826903772,6.8,0.0524781341,0.0772099963,,7.5460307878,48084.0,0.8674888857,0.0650054171,,79.660872287,0.7690329218
42055,PA,Franklin County,7611.2174512,77.179295627,0.247,0.7336338917,8.0,0.028896491,0.08513532,0.8753073421,14.467629476,75532.0,0.043538209,0.0940456136,18.55691213,67.292504077,0.7321507901
42057,PA,Fulton County,9130.9302448,75.721122073,0.235,0.4820005496,7.3,0.030871753,0.060935412,,16.514140233,62044.0,0.2414811761,0.084322836,41.325160135,90.89657072,0.7763157895
42059,PA,Greene County,9516.3048806,74.328558136,0.245,0.6939422596,6.5,0.0369256368,0.064053957,0.9227653631,13.270634394,60627.0,0.3359014296,0.0819285977,41.64576491,113.2337773,0.7806880929
42061,PA,Huntingdon County,8075.3624609,76.977274279,0.251,0.6165517554,8.0,0.0432251417,0.0584870536,0.8655054645,16.866523417,61812.0,0.2218543046,0.0790462615,25.045537341,88.709967938,0.7856964709
42063,PA,Indiana County,10212.409441,75.208508045,0.23,0.6573529058,8.3,0.0405283944,0.0788677757,0.915414966,14.46532541,57110.0,0.1413761622,0.1120739831,49.297214106,112.65759506,0.7111579078
42065,PA,Jefferson County,8531.1278553,75.889233857,0.26,0.6560730019,7.7,0.0383090469,0.0852541371,0.9226309227,19.409051468,49430.0,0.0984896161,0.0990047748,28.240825548,98.586770114,0.7416378316
42067,PA,Juniata County,9055.3424105,75.90686125,0.259,0.5421753371,8.5,0.0341826238,0.1162587413,0.93,22.708770727,59755.0,0.0792037092,0.070833822,16.840923444,79.521545369,0.7315188172
42069,PA,Lackawanna County,9255.7331239,75.755682253,0.235,0.9172147701,6.9,0.0374515508,0.0582533046,0.8990666667,10.249750713,57570.0,0.1616148516,0.1364634332,44.512679866,100.68499737,0.6536831849
42071,PA,Lancaster County,6922.3196457,78.805698989,0.215,0.8120108358,9.9,0.0270959723,0.1213811179,0.8777011494,13.689549053,80210.0,0.0326013049,0.1239247429,25.415445951,72.87615715,0.6994480754
42073,PA,Lawrence County,11918.89938,73.677921374,0.24,0.8788892762,8.6,0.0421326796,0.0681683646,0.9400848356,15.557048404,61686.0,0.1797141861,0.0964679402,73.601666216,130.64091308,0.7543119011
42075,PA,Lebanon County,7405.3557827,77.424086134,0.232,0.8271498077,9.4,0.0283224691,0.0969772741,0.8586957972,14.165584573,78284.0,0.1840538333,0.1046992894,26.330076637,77.638661526,0.7125308885
42077,PA,Lehigh County,7047.939955,78.016409886,0.254,0.8825545912,7.8,0.0364603171,0.0726869501,0.8869252014,10.124442956,76270.0,0.1876403324,0.1458867248,35.00620848,92.093011253,0.6520896511
42079,PA,Luzerne County,10191.88258,74.769768233,0.262,0.8888523744,8.1,0.0434199592,0.0671330441,0.8472758991,9.9886937791,60165.0,0.1703716899,0.1394540364,56.426422833,114.99145822,0.6775484509
42081,PA,Lycoming County,8831.8428689,76.089206071,0.223,0.5468525589,7.3,0.0353969541,0.0681958289,0.8734296808,15.207242891,62063.0,0.051774267,0.1162635604,27.653728252,88.025529167,0.6919763641
42083,PA,Mc Kean County,9781.6038038,74.665195651,0.23,0.8198703997,6.8,0.0435823755,0.0605761373,0.8540973872,19.063863944,59522.0,0.536505738,0.0743230267,27.467954054,85.75691632,0.7870278943
42085,PA,Mercer County,10602.619097,74.635678899,0.224,0.8665003796,7.4,0.0377591365,0.0703278791,0.9210664336,16.114264787,61530.0,0.0766547374,0.0956009621,50.040123636,111.52809924,0.7252346985
42087,PA,Mifflin County,9939.6018699,75.326203809,0.276,0.7015798713,8.1,0.0346188172,0.1139180172,0.84,16.091154214,58758.0,0.0792536246,0.0877652169,31.117028975,96.726061384,0.7145713977
42089,PA,Monroe County,8567.0108404,76.844765879,0.239,0.7853166753,7.9,0.0447670755,0.0683202555,0.9118981259,7.3565473271,73408.0,0.211059426,0.1473988439,44.411547002,93.808741226,0.7952841716
42091,PA,Montgomery County,5469.525169,80.01904733,0.18,0.9654744073,7.3,0.0276775482,0.0434922765,0.8973287744,10.882600907,106780.0,0.5485930234,0.1236985493,24.461438067,68.410526688,0.7173491967
42093,PA,Montour County,7811.1984173,77.535164828,0.239,0.60399206,8.4,0.026857082,0.0443686007,0.925,17.688353325,73087.0,0.0399757389,0.1151333696,29.509406123,122.39497188,0.6706984003
42095,PA,Northampton County,6471.3897691,78.920858659,0.224,0.9004476739,8.3,0.0345807104,0.0576711524,0.8809841009,9.7009349315,84051.0,0.179449818,0.116695217,34.006861071,80.225406262,0.7112085995
42097,PA,Northumberland County,9225.4720639,75.630595581,0.255,0.6997392168,8.7,0.0395568879,0.0666676476,0.8481460023,16.087337601,58834.0,0.1310026515,0.1040963591,41.964683406,112.6585432,0.7484899284
42099,PA,Perry County,8791.5522219,76.457561207,0.233,0.5429300641,8.9,0.028614819,0.0982654208,0.9208955224,15.830333521,71392.0,0.2172898216,0.0795063954,33.98114408,91.451654148,0.8070974111
42101,PA,Philadelphia County,11853.827078,73.942569718,0.27,1.0,8.2,0.0423137608,0.0772927229,0.7449847149,7.7460124625,60196.0,0.9103870378,0.2044880833,75.413024492,138.64037379,0.5232060512
42103,PA,Pike County,7178.4192475,79.349816395,0.219,0.6097548475,7.2,0.0462409926,0.0681226908,0.9072195122,7.1006308002,71698.0,0.3112155121,0.1573048019,36.243784757,101.6217866,0.861551918
42105,PA,Potter County,8388.4258699,76.397625686,0.247,0.2797023664,6.4,0.0475981895,0.0701578552,,17.879161529,57850.0,0.2009636497,0.0924097501,,99.902534113,0.802279118
42107,PA,Schuylkill County,10000.97053,74.539095473,0.257,0.7590266272,8.6,0.0401760063,0.0716654931,0.8759196697,12.718023256,63479.0,0.1793161784,0.0921043087,45.425063864,114.70746781,0.76256852
42109,PA,Snyder County,6208.7641429,79.689681893,0.235,0.6228105496,8.6,0.0339384771,0.1002942787,0.8476495726,15.383839403,68089.0,0.0890376485,0.0782608696,9.1980934861,67.829747334,0.7427314592
42111,PA,Somerset County,9156.6992006,75.724015678,0.256,0.6215516195,7.7,0.0395796202,0.0763430726,0.9353134111,21.042497593,59562.0,0.1364378313,0.0922459418,35.575339904,97.640269247,0.8026899659
42113,PA,Sullivan County,9177.1374409,76.166781952,0.279,0.3839041096,,0.0390413606,0.0807035696,,15.37147737,59604.0,0.3383561644,0.0854063018,,104.12118362,0.8324132492
42115,PA,Susquehanna County,8503.796752,76.608476655,0.2,0.5488369673,6.1,0.0322911578,0.0893366682,0.8829009434,9.7179177391,70021.0,0.1416193995,0.1141808475,26.616524569,97.77795791,0.7833621076
42117,PA,Tioga County,9304.7274275,76.287727797,0.256,0.5425508588,6.1,0.0384615385,0.0762204203,0.8705026455,14.839682771,62918.0,0.1461810208,0.0995908089,29.407920533,79.501398636,0.7666326101
42119,PA,Union County,4897.1512933,80.293131864,0.241,0.779152316,8.5,0.028562808,0.0887460736,0.9189093484,15.67471458,82708.0,0.4946697594,0.0968975469,11.573538262,62.467512334,0.7144954898
42121,PA,Venango County,10820.423323,74.500279657,0.253,0.6769334443,7.5,0.0423192269,0.0650572611,0.93652019,21.294975591,57256.0,0.1483727752,0.0895266127,34.656731737,106.35891371,0.7564426952
42123,PA,Warren County,9023.4396477,75.508945638,0.253,0.7753388447,6.9,0.0370540324,0.05855408,0.8811363636,16.398645789,57469.0,0.5922460932,0.0749296135,15.672207082,85.76949706,0.7795464323
42125,PA,Washington County,9242.5186857,75.943653762,0.23,0.8103119671,8.2,0.0343868037,0.0555071254,0.9456539889,12.643607136,76957.0,0.2149998328,0.0958918614,48.671041209,110.869112,0.7643757486
42127,PA,Wayne County,8326.1025948,76.526869967,0.247,0.6036555566,7.1,0.0388243515,0.0736827354,0.8706456456,10.943270865,68429.0,0.1229596325,0.1333367352,35.768402843,109.59267406,0.8185487841
42129,PA,Westmoreland County,8506.5333485,76.60674812,0.208,0.8925684382,7.1,0.0348337777,0.0474192338,0.9117721172,13.918200746,70985.0,0.3116648762,0.0898484798,41.817105287,107.72324887,0.7825306863
42131,PA,Wyoming County,9242.9854381,75.36470504,0.242,0.6253020829,6.6,0.0367175404,0.0517056754,0.9068897638,9.610209887,66855.0,0.0210978557,0.1039436891,30.53240888,110.23443694,0.7679948586
42133,PA,York County,7601.8961553,77.502162712,0.225,0.7727073557,9.2,0.0297921046,0.0572985326,0.8875420629,11.668813902,81213.0,0.0714116704,0.1072060912,36.272024125,102.53434018,0.7583223737
44000,RI,Rhode Island,6529.3919785,78.864904485,0.234,0.960852176,6.0,0.0300410562,0.051946644,0.8339560148,9.8104292269,83518.0,0.5674611962,0.1511576156,39.304241008,86.889315877,0.6325079766
44001,RI,Bristol County,4740.6290371,80.650718029,0.179,0.9525722048,6.5,0.0252525253,0.0355254417,0.9262906725,8.7370929309,99802.0,0.4316145926,0.128445165,22.069445188,74.597820446,0.7326467559
44003,RI,Kent County,6716.0693407,78.168516735,0.206,0.9081314605,4.6,0.026973398,0.0395371122,0.863618137,9.3417019413,89914.0,0.2720074195,0.1334618232,41.252496862,95.233645867,0.7214852288
44005,RI,Newport County,4879.9513554,82.08313906,0.182,0.9251077146,6.0,0.0262537718,0.0378410283,0.890982659,11.245132042,99912.0,0.4147215768,0.157418406,29.811472249,71.839598275,0.6744321008
44007,RI,Providence County,7035.8660625,78.175582148,0.254,0.981858247,8.4,0.0328915509,0.0607055569,0.8046295284,9.4326992125,75307.0,0.711159138,0.1607749925,44.107341183,87.695622439,0.5662228806
44009,RI,Washington County,5474.2943308,80.299335934,0.153,0.949945702,4.0,0.0248155411,0.0366565664,0.9024168694,10.74196271,101749.0,0.3777524473,0.1327934742,25.344740191,86.462914928,0.7683100215
45000,SC,South Carolina,10824.239765,74.651958476,0.25,0.694467341,7.8,0.0296249673,0.1097991705,0.837489191,11.215995657,67988.0,0.2044834104,0.1281356829,39.231733553,106.97332456,0.7142895783
45001,SC,Abbeville County,12940.608788,72.885333031,0.256,0.4637579749,8.3,0.0366962886,0.1156614406,0.85,11.496140581,51580.0,0.1713521301,0.0766334441,36.956432472,109.72184693,0.7695050336
45003,SC,Aiken County,12448.581563,73.543142124,0.28,0.6336962703,9.8,0.0298714785,0.1065518543,0.9,10.221073787,67769.0,0.209498365,0.1103696563,49.631050112,117.1200358,0.7667405183
45005,SC,Allendale County,16835.759297,69.493709755,0.341,0.5514367459,,0.0529487731,0.1363923385,,5.2777411268,35477.0,0.1245179749,0.1409058231,,132.98193863,0.6465380967
45007,SC,Anderson County,11472.167556,73.227205953,0.246,0.623533512,8.8,0.0276460038,0.1154502787,0.8869058099,12.596561711,64813.0,0.1035843666,0.1061556447,35.27467536,105.18790251,0.7543648185
45009,SC,Bamberg County,15721.876461,70.599622961,0.316,0.3255953722,8.0,0.053217012,0.1393168118,0.7965725806,20.142547258,41555.0,0.1247088874,0.1540669856,,100.95985017,0.7421602787
45011,SC,Barnwell County,17191.10889,69.574615302,0.327,0.5970178251,8.6,0.0433420366,0.1266057391,0.7829545455,17.145096502,46482.0,0.0932051095,0.1699042044,59.871518957,128.15941875,0.7102504009
45013,SC,Beaufort County,7369.344919,80.553023831,0.19,0.8496448746,8.7,0.0278522229,0.1101792419,0.86,9.624639076,82199.0,0.1358508313,0.128650986,22.61145133,77.647800359,0.7573038556
45015,SC,Berkeley County,9014.7316436,76.681691325,0.228,0.6883725382,8.0,0.0268793896,0.096691424,0.84,5.8747455297,82414.0,0.2226693523,0.1211502526,33.574578054,89.475258463,0.741034666
45017,SC,Calhoun County,14694.97339,72.538220389,0.283,0.2085841773,7.8,0.0325757576,0.1069074233,0.875,15.515903801,58916.0,0.0461789079,0.1182645206,27.97333209,130.60816162,0.8371979099
45019,SC,Charleston County,8317.4061474,77.8945433,0.175,0.8790916996,7.1,0.024340036,0.0967336758,0.85,11.138168141,88111.0,0.2836919911,0.1629802712,37.59145922,100.35814557,0.6349039026
45021,SC,Cherokee County,14798.164785,70.637748503,0.281,0.5809022342,8.1,0.0419143749,0.114937418,0.83,16.571336933,57768.0,0.2341504198,0.1064538243,24.190360436,109.91062716,0.7329399927
45023,SC,Chester County,17890.32013,68.564153038,0.281,0.2854090543,7.5,0.0393740902,0.1098438183,0.81,15.032413642,51383.0,0.0289837121,0.1085705149,37.355248412,140.48872671,0.7788952499
45025,SC,Chesterfield County,14470.278274,70.935042736,0.275,0.5529544982,7.1,0.0320785597,0.1242403978,0.86,11.903944326,50962.0,0.1740808356,0.1143674942,30.930090452,114.30561571,0.7236062367
45027,SC,Clarendon County,15443.452088,71.196317529,0.306,0.4481119959,7.5,0.0397427441,0.1282242294,0.875,12.616051499,47675.0,0.1455818135,0.1096943389,27.267388204,106.88157644,0.7296008034
45029,SC,Colleton County,17986.455823,68.643774009,0.309,0.4842762408,8.1,0.0310547593,0.1349934907,0.73,9.326666494,48504.0,0.0354885504,0.1101734963,32.302561506,159.57530849,0.7306487976
45031,SC,Darlington County,15869.313812,69.889684611,0.277,0.4577060647,7.4,0.0327368248,0.1119437064,0.9372869318,15.545370044,46249.0,0.0329385581,0.1320547945,30.26160637,116.27835438,0.7063093244
45033,SC,Dillon County,19641.47227,67.190699761,0.386,0.4790046656,7.0,0.0437816286,0.131824417,0.7934178744,11.176004038,45269.0,0.1498303407,0.1340328862,68.451828476,148.02743261,0.6030981392
45035,SC,Dorchester County,8693.3282073,76.443565613,0.23,0.6500557138,8.1,0.0255300322,0.1039078936,0.9296120021,5.5979245544,78329.0,0.1155998514,0.1289211363,30.290975107,86.727832183,0.754259172
45037,SC,Edgefield County,11214.050883,74.552053995,0.292,0.4189499942,6.7,0.0308077404,0.1254641494,0.875,9.2826377543,62851.0,0.3056865573,0.0885154062,37.404151861,95.898659649,0.7983803113
45039,SC,Fairfield County,18564.288145,68.796028196,0.342,0.2456559099,7.2,0.0398815191,0.098282889,0.825,16.132974823,48123.0,0.0611991598,0.105997552,37.972280235,138.02302854,0.7600592728
45041,SC,Florence County,14826.579901,70.797414211,0.293,0.536382142,6.7,0.0297079482,0.1054056058,0.8779161162,12.141514471,56144.0,0.3188189028,0.1364286006,42.111617695,113.92985239,0.6453866951
45043,SC,Georgetown County,13427.806439,73.473100932,0.235,0.6974007949,6.9,0.0325172583,0.1183726614,0.87,15.759710763,69379.0,0.1894675415,0.1002099044,57.292860268,127.79048671,0.83100816
45045,SC,Greenville County,9141.6446121,76.057191002,0.201,0.8462230798,8.1,0.026473737,0.1041843737,0.851397188,11.990145086,76281.0,0.3543995251,0.1168689183,45.221679149,108.52084728,0.6875944275
45047,SC,Greenwood County,13119.147122,72.874593819,0.276,0.7656558665,8.3,0.0352314352,0.1155625797,0.8386934673,13.570675791,56726.0,0.1242664129,0.1314938813,50.099722304,119.8972472,0.6615052215
45049,SC,Hampton County,16171.51445,70.334427519,0.344,0.4075750229,8.4,0.0279832347,0.1342380768,0.825,9.9376138685,44774.0,0.1798933247,0.126920713,29.440989217,130.22094512,0.736204955
45051,SC,Horry County,11747.017574,74.58429366,0.236,0.7859521578,7.0,0.0341667509,0.1468572805,0.83,7.8308331223,68684.0,0.2358266696,0.1365053852,56.277145645,114.38143809,0.7584440808
45053,SC,Jasper County,12831.829255,74.06850805,0.276,0.5541662325,8.7,0.0263961606,0.15877474,0.875,7.8029901058,61816.0,0.04595186,0.1307093426,51.090462049,130.06961012,0.7599033816
45055,SC,Kershaw County,12077.29598,73.182869011,0.276,0.3699371588,7.5,0.029668585,0.101335052,0.83,10.479550117,69277.0,0.054676391,0.1219364964,46.187541283,117.54263919,0.8165165978
45057,SC,Lancaster County,11214.386636,75.316871063,0.242,0.7273162806,7.3,0.0328040443,0.0955908025,0.79,10.327318626,74417.0,0.0043846859,0.1093133283,54.276923479,117.7811474,0.8327211509
45059,SC,Laurens County,13903.664161,71.529973597,0.259,0.5228682687,8.3,0.0315555125,0.1272747867,0.8032901135,12.359302582,56237.0,0.1066198789,0.1164283984,48.6125774,130.71586157,0.7065535735
45061,SC,Lee County,17807.772983,68.753542545,0.354,0.2713084508,7.4,0.0390684848,0.1145477432,0.925,11.143440847,46256.0,0.1650232896,0.111528608,28.493507551,134.77088949,0.7345090562
45063,SC,Lexington County,8865.3864156,76.101700985,0.235,0.6893068155,7.8,0.0245331075,0.1036716719,0.7323062069,11.122156714,76559.0,0.1307557034,0.0989998116,35.098142769,99.623202024,0.7685219681
45065,SC,McCormick County,14226.367829,73.268906659,0.261,0.9329204283,8.5,0.0331986143,0.0968303054,,13.314215485,58475.0,0.5765273987,0.1050473994,,112.90693541,0.8388117848
45067,SC,Marion County,18732.168126,68.205715863,0.348,0.4091080424,7.0,0.0444514254,0.1242427067,0.8,10.193321617,40171.0,0.0142891409,0.1191769375,32.039545954,114.69735995,0.6217339667
45069,SC,Marlboro County,17178.059449,69.109828814,0.373,0.389920126,7.4,0.0718762502,0.1169662921,0.7,6.14462921,42308.0,0.0163497956,0.15512729,26.922386605,112.62814324,0.6299722479
45071,SC,Newberry County,12999.515428,72.498705755,0.277,0.6452716138,7.9,0.0288461538,0.120646983,0.82,12.027087092,57325.0,0.3568758451,0.1199421965,33.133370536,109.57588913,0.7340341656
45073,SC,Oconee County,10455.882264,75.031404572,0.231,0.5089495846,8.2,0.0276588001,0.1330321871,0.82,14.467448241,67161.0,0.1242382994,0.10816661,30.49315366,117.53809291,0.7541675334
45075,SC,Orangeburg County,16384.898539,70.086755258,0.316,0.4937131187,8.1,0.0441722568,0.1105257894,0.8,13.960093388,50959.0,0.0822103226,0.1751879443,39.777405638,141.81122617,0.6590632603
45077,SC,Pickens County,10324.094521,74.557907206,0.278,0.7257769931,8.2,0.0291293,0.1156609266,0.85,11.463937301,58480.0,0.1214194393,0.1408130409,45.723111,115.41530144,0.7051980391
45079,SC,Richland County,9520.7967869,75.500651227,0.231,0.738078131,6.9,0.0298357655,0.0960735626,0.8043802938,11.433559632,61508.0,0.2718270227,0.1804467526,27.483787743,83.809618626,0.6037094393
45081,SC,Saluda County,10984.491474,73.925604745,0.287,0.243611494,8.2,0.028363047,0.1405082212,0.825,12.672932728,60220.0,0.1194465062,0.1103400416,18.94135069,85.779737817,0.7808711869
45083,SC,Spartanburg County,11012.872303,73.814436391,0.276,0.7243968695,8.0,0.0289510074,0.122720671,0.8625207526,11.479595525,64649.0,0.2063189602,0.1148809954,42.960611172,109.28542319,0.7293205605
45085,SC,Sumter County,13356.190509,72.116003086,0.291,0.7863787942,7.7,0.0384111424,0.1062217333,0.78,10.09498904,55481.0,0.2531831445,0.1240641434,31.732935614,111.28712646,0.6675165732
45087,SC,Union County,16927.043083,69.033480132,0.326,0.6296065189,7.8,0.0406809254,0.1130934971,0.79,17.568779904,40008.0,0.3379826751,0.0947494916,54.483091668,128.4275012,0.6927074459
45089,SC,Williamsburg County,15827.736149,70.400417976,0.341,0.2398633404,7.2,0.0476693897,0.1097711518,0.74,9.6480138399,43711.0,0.0850899246,0.1680709534,45.370544557,142.06328754,0.7462993421
45091,SC,York County,8297.0111383,76.308886162,0.236,0.7324258215,6.7,0.028136912,0.0887180823,0.9015138653,10.705255431,82495.0,0.2206813428,0.1058653123,37.61692211,107.07440901,0.7343379053
46000,SD,South Dakota,8929.4506358,76.845203548,0.223,0.7307681463,5.4,0.0198338744,0.100175082,0.8159183269,15.552458497,72794.0,0.3380412263,0.0963897066,10.489573994,88.245616668,0.6863857962
46003,SD,Aurora County,8790.3490039,75.893290342,0.225,0.0334910812,5.4,0.0159893404,0.1103804603,,10.889292196,66789.0,,0.0728407908,,72.542618789,0.763915547
46005,SD,Beadle County,7497.4298238,78.362862855,0.288,0.7995717792,5.7,0.018394287,0.1292286007,0.7065217391,16.515276631,59721.0,0.2800668442,0.1127819549,,79.494626163,0.7023380094
46007,SD,Bennett County,21695.417397,67.877772724,0.271,0.5175983437,4.7,0.0307835821,0.1423935091,,8.9928057554,48547.0,0.0295770482,0.1480582524,,129.60999175,0.5771484375
46009,SD,Bon Homme County,7594.8384483,76.591235284,0.234,0.6851349422,5.9,0.0191437522,0.0908880666,,22.656471255,67069.0,0.0098529202,0.0751215201,,129.29176842,0.7840065952
46011,SD,Brookings County,6178.4002075,79.88285338,0.21,0.8519272727,4.4,0.0198312018,0.0766458866,0.8275139665,12.399954909,75209.0,0.0024145455,0.0942436209,,45.445507996,0.5886582654
46013,SD,Brown County,6876.1939152,78.498272866,0.228,0.8421451137,5.6,0.0199711141,0.0990328564,0.8439805825,14.484356895,67491.0,0.0122973291,0.1034976351,,64.778251091,0.6571131753
46015,SD,Brule County,8506.2333758,79.093256695,0.254,0.5370688012,5.2,0.0171690195,0.1344436399,,13.155421913,69383.0,0.0020964361,0.0699223085,,98.697946324,0.7251552795
46017,SD,Buffalo County,46417.851928,53.98081304,0.378,,5.1,0.0442225392,0.1284132841,,0.0,32803.0,,0.1682464455,,266.99527624,0.5262096774
46019,SD,Butte County,5771.7158297,78.554490105,0.244,0.803280289,5.2,0.0191215449,0.1428904973,0.8518595041,11.137924633,62368.0,0.3170946012,0.1341404358,,85.846734963,0.804964539
46021,SD,Campbell County,10991.002953,,0.225,0.3623819898,5.2,0.0245795602,0.1003271538,,44.47739066,64367.0,,0.0665634675,,,0.78125
46023,SD,Charles Mix County,16778.873171,71.414528185,0.256,0.3741598208,5.8,0.0219724067,0.1553680535,,15.19591881,59721.0,0.0616664889,0.1249115357,,125.35661796,0.7388556221
46025,SD,Clark County,4614.1210553,81.041621104,0.23,0.3664321084,5.8,0.0203888099,0.0940778342,,15.337423313,65768.0,,0.1270226537,,63.011972275,0.8229954614
46027,SD,Clay County,7573.4519246,77.210497763,0.24,0.8556825015,6.3,0.0206962719,0.1009972801,0.875,14.397905759,63752.0,0.715641077,0.1873925501,,56.328740022,0.5175328178
46029,SD,Codington County,6602.3970518,78.784992577,0.249,0.8428949691,6.7,0.0180648354,0.1043970396,0.8944285714,15.319800843,66288.0,0.1976345984,0.1131259358,15.234255982,85.598268227,0.6740554971
46031,SD,Corson County,37698.489088,58.713836503,0.338,0.0271655561,5.2,0.0303265941,0.1029876977,,13.068478829,42911.0,,0.0915564598,,230.23023023,0.6052158273
46033,SD,Custer County,5543.4342375,81.450139568,0.208,0.7755470065,3.3,0.0251646284,0.1300867245,0.775,11.103708639,76579.0,0.7755470065,0.1218286863,,112.79043537,0.8556905529
46035,SD,Davison County,7038.5709428,78.465806918,0.252,0.8161956304,5.7,0.0172118591,0.1101722041,0.8743181818,14.519601462,67847.0,0.6952295049,0.0831433713,,88.684645463,0.63036493
46037,SD,Day County,6775.6907501,78.322992857,0.247,0.4565975408,5.9,0.0270778488,0.125351034,,14.601204599,60503.0,0.0796476418,0.073774179,,103.06622005,0.7580025608
46039,SD,Deuel County,7408.115889,79.198250445,0.23,0.5101280559,5.6,0.0275743214,0.0959310959,,18.382352941,67290.0,0.0142025611,0.0471976401,,73.875704128,0.8061111111
46041,SD,Dewey County,41916.305537,56.655044028,0.31,0.5447604505,4.9,0.0566202091,0.1761348898,,15.564202335,48477.0,0.0082076732,0.0731391586,,200.20735762,0.6145151695
46043,SD,Douglas County,3317.8496407,80.889463451,0.231,0.1171075838,5.5,0.0194369973,0.1280693308,,25.216138329,68324.0,,0.0785984848,,104.46409917,0.7770814682
46045,SD,Edmunds County,6205.6388534,79.099668028,0.218,0.4036628199,5.6,0.02039801,0.0950545922,,14.760147601,74870.0,0.0040140492,0.107641196,,76.456496254,0.809314034
46047,SD,Fall River County,12518.752937,72.854261646,0.251,0.8641904489,4.3,0.0256410256,0.1278648975,0.685,14.925373134,58834.0,0.5734977771,0.156952034,,141.0031366,0.7525413883
46049,SD,Faulk County,5578.5738465,77.169871202,0.249,0.4475294118,5.2,0.0181983621,0.1066838046,,14.111006585,66810.0,,0.087431694,,89.301661011,0.8193779904
46051,SD,Grant County,5749.136859,78.537931579,0.219,0.5799364743,5.9,0.0244504262,0.1040812689,0.925,25.458930725,73409.0,0.0001323452,0.0890034364,,74.624803073,0.8159919706
46053,SD,Gregory County,13035.215475,73.721178236,0.259,0.5603405108,5.3,0.0188590288,0.1513682023,,17.667844523,54134.0,0.0025037556,0.1005154639,,87.569934323,0.7834862385
46055,SD,Haakon County,5004.1921261,80.074522076,0.239,0.5849358974,4.7,0.0175763182,0.1036539896,,16.429353779,62682.0,,0.0644122383,,149.90898383,0.8204747774
46057,SD,Hamlin County,6695.3027526,77.33879833,0.216,0.2235561324,5.9,0.0176295091,0.117941122,,7.8715365239,87571.0,,0.0577193806,,57.848052449,0.8152223751
46059,SD,Hand County,6478.7124507,78.463819701,0.205,0.5503974563,5.2,0.0159253158,0.1026191498,,15.923566879,69681.0,0.0022257552,0.0728070175,,69.554220677,0.6416605972
46061,SD,Hanson County,4906.3335386,78.066368859,0.207,0.2895117018,5.7,0.0223214286,0.0880935994,,8.6680150246,72307.0,,0.0779569892,,80.999768572,0.8862433862
46063,SD,Harding County,,,0.182,0.3546910755,4.9,0.0192572215,0.1129343629,,0.0,59255.0,0.0022883295,0.0492170022,,,0.7707910751
46065,SD,Hughes County,10072.169431,75.650976051,0.195,0.798649029,4.0,0.0155642023,0.075960613,0.9,27.130906624,75885.0,0.1103292992,0.0653862449,,81.913126579,0.7517769273
46067,SD,Hutchinson County,6739.7026574,78.652006899,0.224,0.4427090346,5.9,0.0206690237,0.0910369069,,24.429967427,68648.0,0.2112562273,0.055360897,,76.227812262,0.7826086957
46069,SD,Hyde County,,,0.219,0.559429477,4.9,0.0183206107,0.0872560276,,25.337837838,66253.0,0.559429477,0.0747474747,,,0.8224299065
46071,SD,Jackson County,24380.060002,64.139162608,0.315,0.2302209551,4.2,0.0324881141,0.1617987946,,0.0,47946.0,0.0121168924,0.1563421829,,165.91155638,0.6081081081
46073,SD,Jerauld County,,82.972124069,0.238,0.6831028262,5.3,0.016722408,0.0879310345,,18.181818182,57613.0,,0.0653008963,,,0.8488512696
46075,SD,Jones County,,,0.193,0.6521264995,4.6,0.0248565966,0.0897832817,,0.0,60640.0,,0.0881458967,,,0.7352112676
46077,SD,Kingsbury County,4944.6573687,79.427066556,0.225,0.2517833044,5.7,0.0188679245,0.0997284621,,18.889308651,67518.0,,0.0877645844,,86.850104615,0.8138847858
46079,SD,Lake County,6000.0318115,79.796184673,0.201,0.7119088525,5.6,0.0189995547,0.095109742,0.7164948454,10.936930368,70136.0,0.0166380324,0.1218005296,,46.538685282,0.7143782383
46081,SD,Lawrence County,6602.7123684,79.424930888,0.214,0.9219574666,5.3,0.0186241495,0.1116983791,0.7475274725,18.005438377,69088.0,0.6113784539,0.1194807489,,76.990509586,0.6387571961
46083,SD,Lincoln County,4503.1062697,83.761857394,0.171,0.9228065868,6.5,0.0160615256,0.0656513382,0.895360134,11.551410822,102130.0,0.1847884471,0.0762542059,7.4303037508,44.746761298,0.7198348658
46085,SD,Lyman County,20853.542079,68.325825483,0.293,0.254168908,4.9,0.0280701754,0.1415896488,,8.1256771398,55274.0,,0.0976491863,,121.98355874,0.7223628692
46087,SD,McCook County,6584.2810145,76.662481768,0.219,0.3081661387,5.8,0.0170239596,0.1101839966,,13.845621322,85702.0,,0.0700696056,,92.444444444,0.8178539225
46089,SD,McPherson County,4352.5853915,81.713549342,0.224,0.5748652012,5.4,0.0243161094,0.0802171291,,25.052192067,55704.0,0.0091248445,0.0946601942,,,0.8102678571
46091,SD,Marshall County,5653.573337,79.328234101,0.214,0.366233163,5.7,0.0253623188,0.1047246464,,22.862368541,69480.0,0.0157919183,0.0306188925,,50.82807404,0.8013365735
46093,SD,Meade County,7283.0260039,78.510215157,0.208,0.578286212,5.9,0.0205240473,0.0856956928,0.9124309392,6.5150824158,74577.0,0.3336459869,0.0608395324,13.413966174,80.77489133,0.7271417676
46095,SD,Mellette County,32895.472314,61.645833853,0.308,,4.6,0.0317040951,0.1438848921,,0.0,48596.0,,0.1057884232,,200.1601281,0.599025974
46097,SD,Miner County,6717.1378668,77.875099331,0.249,0.5226283725,5.5,0.0171875,0.106103822,,0.0,69943.0,,0.0789779326,,,0.8231441048
46099,SD,Minnehaha County,7471.5078929,77.034075025,0.208,0.8995608831,6.3,0.0182569958,0.0922923132,0.870847528,13.28620245,73277.0,0.6904783636,0.0932862017,15.325287557,79.588370973,0.6350947885
46101,SD,Moody County,9921.101535,75.833045643,0.227,0.6242108586,5.6,0.0201622818,0.1177904143,,14.175460702,72783.0,,0.0872756933,,89.661142716,0.7092651757
46102,SD,Oglala Lakota County,40417.283428,56.934652013,0.352,0.0192363956,,0.0584469802,0.1369936034,0.225,0.0,42791.0,0.0192363956,0.1656565657,26.71523983,275.62050502,0.5349688759
46103,SD,Pennington County,10606.090922,76.116758321,0.215,0.7914156489,6.8,0.0190537892,0.1075462042,0.7332397004,12.580704345,74641.0,0.4631850726,0.1154010191,12.566008071,103.04792874,0.6907960961
46105,SD,Perkins County,6533.9459345,78.721689007,0.185,0.5054673721,4.8,0.0202797203,0.116838488,,24.964336662,56922.0,0.0342151675,0.0726643599,,,0.7894736842
46107,SD,Potter County,4643.2980376,80.732263049,0.21,0.591828479,4.9,0.0236071766,0.083143508,,16.406890894,70243.0,0.1112459547,0.0813953488,,104.93179433,0.7884427032
46109,SD,Roberts County,15877.906181,72.163238077,0.282,0.0883268482,6.0,0.0305971724,0.148199446,0.7337837838,14.759421431,65069.0,0.0214980545,0.0604142693,,126.21849392,0.694284933
46111,SD,Sanborn County,7199.8970473,77.354962293,0.215,0.0042918455,5.5,0.018018018,0.1082666667,,12.422360248,67523.0,,0.0940766551,,117.76581427,0.7761033369
46115,SD,Spink County,8812.6440381,77.201654594,0.228,0.4159723314,5.7,0.0219123506,0.1099576271,,14.434643144,69262.0,0.0018864958,0.0803886926,,91.499968448,0.7509172442
46117,SD,Stanley County,10948.556154,78.578406664,0.213,0.4865771812,4.6,0.0179028133,0.1025641026,,0.0,82778.0,0.2244966443,0.1009538951,,72.027239392,0.7932389937
46119,SD,Sully County,8861.2137641,,0.228,0.0096818811,4.7,0.0157004831,0.0651162791,,20.394289599,74496.0,,0.0742115028,,,0.7612179487
46121,SD,Todd County,34849.512925,58.745424951,0.372,0.3241764138,4.9,0.0336189848,0.1314532975,0.525,3.2537960954,50268.0,,0.1049495875,,267.86257838,0.4490703314
46123,SD,Tripp County,13289.576266,74.522957196,0.285,0.6984352774,4.9,0.0162284972,0.1616513305,,12.578616352,58195.0,,0.0980207352,,138.53445133,0.7081677704
46125,SD,Turner County,6882.5721153,77.961003545,0.215,0.3616972213,6.1,0.0186027284,0.0968813168,,23.712737127,75454.0,,0.0905818836,,93.589143659,0.789533239
46127,SD,Union County,4782.8899681,80.778764856,0.202,0.7029326037,6.1,0.0213156085,0.0741436624,0.9302325581,9.377014593,97016.0,0.2694069359,0.0922789897,,53.870075173,0.7126614262
46129,SD,Walworth County,9035.1681939,76.906697809,0.239,0.6895578551,5.2,0.0318072289,0.122875817,,17.094017094,57426.0,0.0030103481,0.0638390905,,93.037103197,0.7424874791
46135,SD,Yankton County,6346.2922975,79.176074873,0.213,0.8216645217,6.1,0.0175409148,0.1006632623,0.9443089431,14.974543276,73061.0,0.5773058773,0.0651036215,,74.720882749,0.722630719
46137,SD,Ziebach County,25117.899183,65.832714072,0.347,0.5259013676,4.8,0.0436590437,0.1186252772,0.5301886792,0.0,42254.0,,0.1390625,,123.75280377,0.5386740331
47000,TN,Tennessee,11635.779147,73.514063452,0.265,0.6787946183,7.0,0.0330428757,0.1107915145,0.9039522149,11.013511051,67651.0,0.2623976246,0.1234650178,51.029505449,115.48544262,0.670265532
47001,TN,Anderson County,12679.04963,72.601132472,0.251,0.6550575055,7.7,0.0323496346,0.1077367464,0.9501470588,15.206619949,61009.0,0.2882278957,0.1153069861,96.561801689,146.31993745,0.710499236
47003,TN,Bedford County,11720.447227,72.80204165,0.298,0.4426816888,7.1,0.0330465031,0.1291262136,0.9,7.5072184793,69272.0,0.0817723988,0.1342647535,35.889538526,104.76232049,0.701788635
47005,TN,Benton County,14780.679031,70.544268943,0.304,0.5673852748,6.8,0.0412675018,0.1312786339,0.975,10.623672041,52795.0,0.0501765003,0.0943985021,39.579210499,155.57132012,0.7465357968
47007,TN,Bledsoe County,9901.5577358,76.296763717,0.322,0.2886072554,7.0,0.0534197586,0.1610963929,0.925,4.7303689688,50731.0,0.2186012204,0.1009029345,24.306706441,114.55364041,0.791354946
47009,TN,Blount County,10637.426375,74.794861658,0.243,0.577831165,6.6,0.0300847458,0.1125633916,0.9389832445,10.0030009,77206.0,0.2568894145,0.0877040508,56.510329506,115.40433631,0.7695274477
47011,TN,Bradley County,10765.474019,73.745858752,0.246,0.7844779967,7.9,0.0351435792,0.1122951554,0.9498994975,14.01243943,61440.0,0.2331246548,0.1258382643,39.411973358,91.428823212,0.6752726145
47013,TN,Campbell County,18368.955146,68.555815731,0.307,0.4509064983,7.4,0.0414624454,0.1214802896,0.87,9.5998383185,50443.0,0.1603687105,0.1074630635,74.790544458,142.62387614,0.6734095398
47015,TN,Cannon County,15228.053213,71.276668789,0.294,,6.9,0.0293528064,0.126855153,0.925,6.7622396538,60098.0,,0.106111736,63.365619625,150.01090988,0.7718958846
47017,TN,Carroll County,14102.22106,70.626868294,0.323,0.2521097046,7.0,0.0409689758,0.0951085704,0.8985294118,13.704406494,51159.0,0.0056962025,0.1078954763,16.534977383,101.81124338,0.7480902469
47019,TN,Carter County,12615.571125,72.711614758,0.303,0.7934026546,6.2,0.0367079146,0.1341873311,0.8650078247,13.29551498,48885.0,0.7677975726,0.0975257912,44.388679111,129.21364269,0.7406978667
47021,TN,Cheatham County,12436.708221,72.253616469,0.252,0.5219614336,7.8,0.0257550007,0.1188743328,0.9,7.6500119531,82030.0,0.136492014,0.08325786,92.403619008,154.21288188,0.819461906
47023,TN,Chester County,11995.612735,72.816933933,0.317,0.3661841878,6.7,0.0313199105,0.1139741579,0.975,11.357828383,65714.0,0.0534571247,0.0809007506,,81.498656994,0.7663034897
47025,TN,Claiborne County,14193.455855,71.050323106,0.302,0.3032175514,7.5,0.0393657736,0.1154706241,0.92,6.4752859918,53195.0,0.0532721655,0.108541351,48.593376826,109.0777631,0.7160374554
47027,TN,Clay County,13082.822801,71.886187282,0.329,0.114628677,7.2,0.0438750439,0.1260638298,0.975,0.0,46575.0,0.0626566416,0.1028667791,,149.46507237,0.7756950953
47029,TN,Cocke County,18377.169568,68.032550012,0.339,0.680907803,6.8,0.0452975828,0.1279885017,0.92,9.2193389192,47491.0,0.2546737409,0.1116087048,64.827158014,136.2382791,0.7116312901
47031,TN,Coffee County,12880.198544,71.754545636,0.304,0.6904247785,7.0,0.0337848418,0.1114063778,0.9087974684,11.217519421,65038.0,0.0752647308,0.1107847251,37.983582022,111.56847255,0.7024655611
47033,TN,Crockett County,12898.813889,71.683926391,0.311,0.1804327511,7.1,0.032618278,0.1319519196,0.96,21.601382488,56083.0,,0.1087497607,,92.061468735,0.6887513651
47035,TN,Cumberland County,12952.819279,73.424892111,0.291,0.5999345817,7.0,0.0417403013,0.1290337678,0.92,9.2881206511,60632.0,0.0547387358,0.0844554644,54.911076044,135.81614783,0.8023827741
47037,TN,Davidson County,10529.111309,75.084283803,0.271,0.912604556,9.7,0.0265224248,0.1271998996,0.7889613563,13.401229129,80216.0,0.4685256271,0.1587042868,71.548180127,128.31362346,0.5341759436
47039,TN,Decatur County,14620.047865,70.714771133,0.332,0.4487975514,6.5,0.0451938518,0.1158710265,0.975,7.7827741266,52000.0,0.0164407521,0.1327880683,37.620094918,115.66681053,0.749718405
47041,TN,DeKalb County,13348.204276,71.672752148,0.333,0.5489043825,6.9,0.0413909433,0.1374217181,0.925,6.6657144217,57936.0,0.1618027888,0.1334805545,67.396257903,135.02224467,0.6886403767
47043,TN,Dickson County,11706.31984,73.097891592,0.272,0.5247721624,7.2,0.0273489815,0.1138421453,0.94,6.2767884364,74028.0,0.075283071,0.0759968802,64.075827092,126.82215209,0.8028162336
47045,TN,Dyer County,14991.721777,69.934742733,0.32,0.6276731611,6.2,0.0353293413,0.1061007958,0.9718585132,13.457841252,57548.0,0.1696421293,0.1202397743,20.05140451,100.9788433,0.6238242408
47047,TN,Fayette County,11140.380459,75.204135394,0.245,0.361109788,8.4,0.0363005051,0.0985813023,0.875,10.314004126,76680.0,0.0147177899,0.1129486939,32.010743118,95.364339459,0.8074716079
47049,TN,Fentress County,15613.703144,70.057984243,0.324,0.6831088755,6.7,0.0381818182,0.1277683135,0.975,6.7246016967,47860.0,0.1056303748,0.0811772758,49.149537468,142.99587019,0.8056060213
47051,TN,Franklin County,10892.957868,73.77983791,0.294,0.3827558797,7.1,0.0345286885,0.102582017,0.93,10.240771927,64243.0,0.0521578529,0.0922351189,24.683358788,96.378777955,0.7638182137
47053,TN,Gibson County,13993.395186,70.322111207,0.308,0.6107398521,7.2,0.0348472261,0.1182858251,0.955820643,17.703641049,57630.0,0.0253822205,0.0972509137,27.900117579,105.34145508,0.6678276445
47055,TN,Giles County,13405.029906,71.578770066,0.307,0.360442892,6.9,0.0329081286,0.1095226046,0.86,9.4913922891,60422.0,,0.0883363472,30.8962108,127.01129064,0.7398804441
47057,TN,Grainger County,14202.560277,71.337687188,0.329,0.0899392188,7.7,0.0366813119,0.1160553853,0.92,7.0025126663,57132.0,0.0070132189,0.1191802183,64.24132393,133.81892098,0.786640184
47059,TN,Greene County,12931.957087,71.985636846,0.322,0.5673822557,6.9,0.0415081166,0.1198630774,0.9571479885,9.8032350676,54188.0,0.0702759722,0.0885752432,44.896666777,134.38054856,0.7590858933
47061,TN,Grundy County,16197.621005,69.66893117,0.297,0.3774114864,6.8,0.0446728602,0.1365862674,0.925,7.9808459697,41370.0,0.1862665385,0.086865734,61.139642944,150.74708482,0.8321582452
47063,TN,Hamblen County,13647.361458,71.057029024,0.298,0.6359788524,7.5,0.0355973231,0.1325276295,0.93,11.969064572,55904.0,0.2594458829,0.1009866275,48.781489735,103.93247165,0.6833605094
47065,TN,Hamilton County,10011.174842,75.599814628,0.258,0.8448090834,8.5,0.032031772,0.1079101546,0.89,14.038571375,73319.0,0.3481692048,0.1197973537,44.196260082,94.340184318,0.6434811917
47067,TN,Hancock County,15407.933025,70.800162348,0.372,0.0172620835,7.0,0.0440722785,0.1051912568,0.875,0.0,39077.0,0.0156109276,0.1231254933,,108.12759056,0.7266498377
47069,TN,Hardeman County,15497.467343,70.329628856,0.335,0.1626737884,7.4,0.0442829567,0.1047204673,0.86,13.31818716,47551.0,0.053962768,0.1433607521,25.068939584,117.40347927,0.7115703393
47071,TN,Hardin County,15010.495671,70.808493215,0.281,0.4418769334,6.8,0.0395981087,0.1271053662,0.89,11.818148244,49126.0,0.0564645373,0.1103698617,50.28157683,145.06031455,0.7800240007
47073,TN,Hawkins County,13677.297057,71.51577277,0.277,0.4632675729,7.2,0.0387510215,0.1118598083,0.96,8.0974449977,54454.0,0.0125879304,0.0838765556,41.834683277,106.85931708,0.7947163274
47075,TN,Haywood County,16656.467413,70.521516627,0.363,0.4948499776,7.4,0.0435424354,0.1188632434,0.975,19.943019943,42579.0,0.1571316614,0.1491606002,,94.377625597,0.5734021769
47077,TN,Henderson County,12841.518652,71.739415389,0.334,0.3577688384,6.7,0.0369864184,0.1155289492,0.94,7.8771169752,55656.0,0.1006752388,0.1059760956,25.012506253,99.341061449,0.7150439239
47079,TN,Henry County,12807.614879,72.175154476,0.298,0.601664648,7.3,0.0378604446,0.115893904,0.98,12.971370333,52064.0,0.0119568931,0.0867616456,32.066532884,124.55306518,0.7559257857
47081,TN,Hickman County,15711.085555,69.899153986,0.298,0.3065195587,6.6,0.0278500126,0.1324762437,0.95,4.3213514044,59650.0,,0.073391383,87.985397051,174.06440383,0.7766884532
47083,TN,Houston County,14335.571778,70.882724521,0.301,0.4524930581,6.9,0.0455822666,0.1298380879,0.875,10.950237255,56951.0,,0.1054216867,72.498791687,135.61949046,0.8115987461
47085,TN,Humphreys County,13926.075928,71.489357921,0.302,0.6681937862,6.8,0.0325670498,0.1250504779,0.97,12.561499006,63017.0,0.1023696682,0.0892011608,43.93132655,137.27055068,0.7950174825
47087,TN,Jackson County,13794.721778,71.935685608,0.318,0.0313333907,7.0,0.0406843313,0.1383987649,0.925,3.3363916924,48285.0,0.0313333907,0.1086459286,50.557537286,136.94692884,0.8334398296
47089,TN,Jefferson County,12482.347404,72.929258321,0.264,0.4187773165,7.8,0.0354967949,0.1196618105,0.94,9.519276535,62730.0,,0.0871323352,48.90908874,103.92337914,0.7403400309
47091,TN,Johnson County,13388.423626,72.254187894,0.3,1.0,5.9,0.0318011758,0.1332085605,0.95,13.822846401,51597.0,1.0,0.0787507472,60.992514555,149.43515741,0.7859732292
47093,TN,Knox County,11096.345689,74.159737863,0.223,0.7834482672,8.7,0.0281154625,0.0976039525,0.8994967569,11.322875849,70457.0,0.3465992722,0.1200002091,86.144173085,140.31570825,0.6494845361
47095,TN,Lake County,13424.765203,70.31466043,0.359,0.219557459,7.4,0.0428837787,0.1381983427,,12.294452128,40778.0,0.219557459,0.1527183873,,105.56348074,0.4525222552
47097,TN,Lauderdale County,14551.253743,70.721764006,0.352,0.4856222408,7.6,0.0506586698,0.1158665582,0.93,7.6634533941,51486.0,0.1939704888,0.1260631481,22.560781399,97.784086429,0.6250271326
47099,TN,Lawrence County,12411.27926,71.758644105,0.289,0.5331868928,5.3,0.0347736093,0.1309370299,0.97,10.5691952,55845.0,0.0539187935,0.0967224681,36.383887136,108.73912047,0.7613745211
47101,TN,Lewis County,13691.280006,71.475292343,0.328,0.468605945,6.1,0.0334599385,0.143928924,0.975,8.4896195107,55231.0,0.0692258782,0.1109090909,65.484453991,127.93654347,0.8047739181
47103,TN,Lincoln County,13044.700871,72.181876128,0.272,0.2812933549,7.2,0.0315258512,0.1108934443,0.9638046647,7.2214198422,60974.0,,0.0868335147,23.590024251,97.443540066,0.7703063952
47105,TN,Loudon County,10983.378321,75.395124588,0.27,0.4915278942,6.4,0.0326170844,0.1119836284,0.92,12.547051443,81605.0,0.1350253252,0.0949395037,48.297512678,118.45303229,0.8094547316
47107,TN,McMinn County,14154.279348,71.296444071,0.272,0.502740446,6.9,0.0419342652,0.1214675491,0.97,13.889142711,55852.0,0.0528943614,0.0826771654,55.833016333,129.96871124,0.7473336128
47109,TN,McNairy County,14361.145982,70.292261906,0.316,0.4501662414,7.2,0.0471404642,0.1302683872,0.97,10.774203479,54516.0,0.0193303951,0.0652407567,36.10853193,135.58534129,0.7871711197
47111,TN,Macon County,12855.61986,71.458146888,0.315,0.5291085025,7.5,0.0308522296,0.1425473004,0.92,3.8125738686,57496.0,0.0841132614,0.1275510204,46.902481923,128.16226457,0.7184782609
47113,TN,Madison County,12326.863149,73.168479849,0.28,0.8553980349,6.3,0.0334380841,0.1081354551,0.9,16.020958235,60663.0,0.1588193032,0.1687243879,33.403063635,93.908356014,0.6249051449
47115,TN,Marion County,13069.364641,72.00238859,0.294,0.7100599924,7.6,0.0391630478,0.1186321789,0.9368831169,6.8742696089,57109.0,0.2252314735,0.0954953305,41.429311238,126.05885979,0.7979009454
47117,TN,Marshall County,10468.507995,73.624428691,0.315,0.484993298,6.9,0.0317581301,0.106901399,0.97,6.1318914098,73770.0,0.0163179672,0.0923220392,42.501747294,100.61171925,0.7744196563
47119,TN,Maury County,9706.3641318,75.062447873,0.261,0.6605462792,5.7,0.0275185006,0.0991938113,0.86,10.077755896,74164.0,0.1901083447,0.1111943466,39.03887568,93.196830115,0.7127968977
47121,TN,Meigs County,17656.793193,69.11828022,0.26,0.0420912369,7.5,0.0495468278,0.1076670529,0.975,8.2881253767,56161.0,,0.1010845099,61.771291792,141.55172143,0.7694639136
47123,TN,Monroe County,15493.989624,70.824940316,0.311,0.5815135135,7.0,0.0360203341,0.1183142053,0.92,10.054461667,58980.0,0.1819243243,0.1038140251,54.372771246,139.86192899,0.7222423897
47125,TN,Montgomery County,10082.008824,73.991253589,0.273,0.7148394367,6.8,0.0372499888,0.0940518605,0.92,6.4200407311,74701.0,0.1088158714,0.1175360792,42.518513269,100.24764372,0.6294161597
47127,TN,Moore County,7298.3016371,77.725968495,0.273,0.153691379,6.9,0.025047645,0.0979127135,0.925,5.9329575794,66435.0,0.0544807305,0.0943767204,,100.8464994,0.8229719484
47129,TN,Morgan County,13305.17029,71.85612976,0.316,0.1052531495,7.0,0.0404929577,0.1249511401,0.97,8.9521296645,55668.0,0.0861896839,0.0804144775,46.941745294,133.78114154,0.8430717863
47131,TN,Obion County,12716.050607,71.888558596,0.303,0.401045896,7.6,0.0381608484,0.1295218821,0.8980851064,15.463578338,54428.0,0.0240036379,0.07311402,14.287127298,90.532423163,0.6713007351
47133,TN,Overton County,12599.447344,71.817990448,0.316,0.3368575363,6.9,0.035216144,0.1242512502,0.95,7.3771914598,52236.0,0.0601483719,0.1213464303,29.218834461,107.3094592,0.775133452
47135,TN,Perry County,11957.792746,73.157800028,0.307,0.2396605307,6.2,0.051590106,0.1441254809,0.975,4.6056419113,50014.0,0.0573750896,0.0854361932,39.59455179,142.52584791,0.7503289474
47137,TN,Pickett County,9468.7195842,75.396793542,0.33,0.0723855229,,0.0408259033,0.1680350301,,5.8742901899,46177.0,0.0009998,0.1021365294,,126.09843559,0.8233618234
47139,TN,Polk County,14383.665966,70.673573548,0.289,0.6562357501,7.0,0.0390713477,0.1288793103,0.925,14.555225886,57045.0,0.5875512996,0.0942203492,22.868468194,110.20370284,0.8414053751
47141,TN,Putnam County,10995.781918,73.417866287,0.275,0.5400105192,6.1,0.0346856964,0.1116255066,0.91,10.924716564,57896.0,0.1055551381,0.1458215962,35.991967247,101.34122259,0.6067701243
47143,TN,Rhea County,13334.415825,71.421641401,0.319,0.4577426225,7.3,0.0451110945,0.1320804065,0.88,11.265935369,57682.0,,0.1031771502,45.85829786,109.29618064,0.7295174809
47145,TN,Roane County,13431.317513,72.575151348,0.27,0.6972885926,6.8,0.0363856125,0.0885289444,0.92,11.07439817,65970.0,0.0220957232,0.0936741331,87.775834024,162.56119241,0.7760770221
47147,TN,Robertson County,11571.56121,72.654471702,0.272,0.6067057676,8.1,0.0272153168,0.1163072564,0.87,9.6727176361,81529.0,0.0372100051,0.1054078146,50.035385385,116.54436364,0.7721491623
47149,TN,Rutherford County,8619.6585231,75.965586146,0.278,0.6000099565,8.1,0.0261857658,0.099835424,0.95,6.4333826005,81987.0,0.1750818482,0.1139450551,37.830470067,83.078004981,0.6501457958
47151,TN,Scott County,13103.358748,71.415195867,0.333,0.747826087,6.9,0.0477005871,0.1338631149,0.9395833333,5.4458815521,46923.0,0.1897940503,0.1057181672,15.14187941,100.77258986,0.717874508
47153,TN,Sequatchie County,11115.441154,75.156722879,0.337,0.4293567547,7.1,0.039178515,0.1492629467,0.825,4.7312082323,62157.0,0.0018956148,0.1293558606,49.503929374,114.82081574,0.746936775
47155,TN,Sevier County,11506.643805,73.741428182,0.257,0.5613437691,7.7,0.0300722376,0.1518901051,0.92,9.7176811183,60704.0,0.1517991462,0.1082085618,64.863048227,128.01503772,0.7197674715
47157,TN,Shelby County,14563.84213,71.79344546,0.294,0.8736985665,10.0,0.0434972875,0.11386644,0.8396033701,9.2975443352,62402.0,0.5630894096,0.1794844418,57.4753623,132.02797901,0.5457832996
47159,TN,Smith County,12786.297444,72.039908921,0.273,0.3409364952,7.2,0.0301107754,0.1190574618,0.975,6.8329347455,72153.0,,0.1075521193,57.427886982,137.56247217,0.754560966
47161,TN,Stewart County,12354.607494,72.889223449,0.282,0.4243245222,7.3,0.03600281,0.1242196689,0.975,7.8375489847,60634.0,0.412535696,0.0830645161,62.276940765,160.81130025,0.835685289
47163,TN,Sullivan County,12612.069652,72.721753277,0.266,0.5893413757,5.8,0.0347521122,0.1050226467,0.9303465347,13.244621316,57016.0,0.2281127697,0.1029382705,44.064823323,120.27335769,0.7292860484
47165,TN,Sumner County,9307.0863926,75.643644106,0.243,0.6094171112,7.1,0.0262805672,0.0956523274,0.95,7.8486004964,86376.0,0.1873436553,0.1070363665,37.001480059,90.759683077,0.7222381561
47167,TN,Tipton County,12117.804995,72.277665661,0.292,0.5865507627,8.3,0.0377013177,0.0961542229,0.91,8.271701051,70886.0,0.1955387896,0.1041580519,41.716780981,107.55203764,0.7718683463
47169,TN,Trousdale County,12221.483295,71.965200811,0.288,0.5136461472,7.4,0.0313463515,0.0922395769,0.975,4.1284782429,62658.0,,0.1697782964,56.178197242,136.44921153,0.7449425916
47171,TN,Unicoi County,13765.153837,71.182788556,0.333,1.0,5.7,0.0420084866,0.1079028498,0.925,14.710874731,54955.0,1.0,0.0957519465,47.05705197,131.79979948,0.7276688453
47173,TN,Union County,16950.687793,69.790104144,0.294,0.0974649025,7.7,0.0376643074,0.1281521541,0.975,3.4226481518,64244.0,0.0974649025,0.0636338264,88.992897048,135.54051765,0.8036288766
47175,TN,Van Buren County,15543.765175,70.382288194,0.31,0.1016536965,6.7,0.0451339915,0.1112731819,,0.0,58584.0,0.0982490272,0.0435339309,,125.25958401,0.8472786353
47177,TN,Warren County,11917.427192,72.547050916,0.343,0.5684565233,6.9,0.0413908272,0.1474659784,0.91,10.469709228,49436.0,0.0754523478,0.0821419116,35.955702574,102.26280576,0.7087155963
47179,TN,Washington County,10756.575681,73.869762043,0.28,0.6687543703,6.6,0.032681864,0.1196951162,0.9487982196,12.557647681,62028.0,0.2060586011,0.1281580752,42.417815483,107.93054191,0.6444677597
47181,TN,Wayne County,10259.165413,73.686616487,0.326,0.4922375554,6.4,0.0400185414,0.1125923257,0.975,7.9715477066,51817.0,,0.0703545573,20.308279686,97.002619071,0.8151377747
47183,TN,Weakley County,11926.701532,72.793492364,0.282,0.2532368853,7.5,0.0362415215,0.1159524667,0.94,14.517738862,55285.0,0.0023706766,0.0806205289,24.136855973,94.478143655,0.6641554919
47185,TN,White County,13271.820936,71.620030586,0.309,0.3364410808,6.8,0.0353233831,0.1406384035,0.97,8.1955530217,63690.0,0.0138934591,0.1029272002,56.340729553,122.57657409,0.777474775
47187,TN,Williamson County,4406.5701308,81.472321432,0.171,0.8277088396,8.1,0.0246498161,0.0565841933,0.97,12.614305159,136007.0,0.2273035531,0.1085922727,15.356386288,60.55003129,0.7977644517
47189,TN,Wilson County,8720.181373,76.128446202,0.237,0.6559764988,8.2,0.0272528156,0.0872378922,0.98,8.8928132194,96466.0,0.1338053433,0.0943567082,45.791339767,103.77962155,0.7683230582
48000,TX,Texas,8233.1051243,76.663461575,0.253,0.8225163709,8.1,0.0394664456,0.1878037423,0.8992987439,7.3793925534,75778.0,0.4590111237,0.1457959683,16.470180617,66.202870985,0.6256237881
48001,TX,Anderson County,11853.742851,72.02778967,0.279,0.363609682,8.3,0.0352827876,0.1765956257,0.9533542039,9.8167539267,56548.0,0.1039674044,0.1162083307,20.657481738,109.63135595,0.7003850193
48003,TX,Andrews County,9227.1605432,74.567687888,0.311,0.7459967759,6.5,0.029979729,0.22871269,0.94,7.090651249,80936.0,0.3006448146,0.1457973291,,73.524641567,0.762979351
48005,TX,Angelina County,12482.626096,72.625754877,0.311,0.6524567394,8.8,0.0436693686,0.1963529563,0.9363636364,10.332832,57298.0,0.2978760345,0.1292153048,22.657189049,80.375855001,0.6430413572
48007,TX,Aransas County,12794.660462,73.277614823,0.311,0.708015107,9.3,0.0488342785,0.2060170786,0.95,3.6080821039,60112.0,0.0450692405,0.1511847914,24.567341814,129.38541926,0.7767081274
48009,TX,Archer County,8957.6156901,77.68035339,0.24,0.2019859813,7.7,0.0351920694,0.1674325101,0.9531446541,7.9230333899,71672.0,0.1343457944,0.1126248865,,80.302856487,0.8496656005
48011,TX,Armstrong County,16065.198361,69.665646211,0.241,0.0140692641,5.8,0.0327004219,0.1155462185,,27.027027027,68555.0,0.0140692641,0.0761904762,,,0.8183023873
48013,TX,Atascosa County,10227.904034,73.957045693,0.339,0.4534411302,8.6,0.0380600261,0.2020505651,0.9222782875,5.7014784523,58330.0,0.1824380882,0.1067687096,11.14556767,74.018662152,0.7739104298
48015,TX,Austin County,9125.9648661,76.476312991,0.269,0.4278847748,9.2,0.0367636915,0.1908243315,0.9691055046,10.933530566,73248.0,0.1694235423,0.1314192942,10.935056698,90.446953192,0.7749301791
48017,TX,Bailey County,11522.816884,74.496679764,0.303,0.7873696408,,0.0472305711,0.2658431794,0.975,10.326006786,51193.0,0.0031865585,0.0277497477,,104.84011882,0.7893333333
48019,TX,Bandera County,9278.2417414,76.861617201,0.247,0.730228766,8.0,0.0351943984,0.1945460379,0.8777925532,10.400180873,66649.0,0.0374082778,0.1198554273,,99.579650502,0.8622386224
48021,TX,Bastrop County,8981.4101176,76.747985087,0.265,0.4823485846,8.4,0.0341109155,0.2076245999,0.933583815,6.3095641692,77345.0,0.1868622449,0.1184814475,13.673640223,90.001808448,0.7571664202
48023,TX,Baylor County,15002.38742,70.081485494,0.244,0.8816738817,,0.0254912374,0.1656649136,,14.425851125,49566.0,0.2565656566,0.1261137766,,102.55241568,0.6679586563
48025,TX,Bee County,11511.464056,73.060614952,0.339,0.4765033659,8.9,0.0511339324,0.1601108903,0.8981694915,4.6061722708,54072.0,0.2003092086,0.1424908425,14.920442071,79.253756691,0.7211280737
48027,TX,Bell County,9432.828891,75.514008341,0.282,0.7293138755,7.8,0.0449337867,0.1642040017,0.8952061968,7.5182936563,69562.0,0.4613716016,0.1516910369,15.290922992,70.563039188,0.5615595026
48029,TX,Bexar County,8757.9605839,76.146428629,0.276,0.884958822,8.7,0.0373750431,0.1796452341,0.860593963,5.5983646754,69755.0,0.4793094593,0.1575969409,18.300494113,68.417148051,0.591080251
48031,TX,Blanco County,8451.1280444,78.036819951,0.24,0.3772639353,,0.027613941,0.1820580475,0.966958042,9.6633918505,91031.0,0.1449797784,0.1145833333,,89.69205727,0.7424515097
48033,TX,Borden County,,,0.192,0.0364500792,6.1,0.0176630435,0.1321585903,,0.0,80738.0,,0.0691823899,,,0.6359832636
48035,TX,Bosque County,12030.172339,73.587368438,0.292,0.3085823965,8.2,0.035,0.2033278348,0.8880208333,12.836283896,66325.0,0.062297779,0.0579608939,19.712201853,103.0275062,0.7589393331
48037,TX,Bowie County,12277.599016,72.298010833,0.284,0.5143875211,9.3,0.0422838465,0.1630422503,0.8749842022,13.038517955,55343.0,0.0676584888,0.1242297934,12.225949938,86.113222782,0.6269360076
48039,TX,Brazoria County,7616.0992843,76.934304831,0.254,0.7922350557,10.4,0.0438388439,0.1493156644,0.9525827815,6.5433393185,93071.0,0.2875486183,0.1050421795,16.370773641,61.652997699,0.7400292719
48041,TX,Brazos County,6298.3581339,78.954963527,0.256,0.8812267745,8.1,0.0310470948,0.1568524717,0.8985607825,8.2639847282,55724.0,0.6070370196,0.2275752366,9.1343323014,43.080928767,0.4679296499
48043,TX,Brewster County,8717.9257045,79.70437538,0.237,0.753823591,5.4,0.0323749151,0.2267680608,0.960326087,14.98448036,57871.0,0.5519589357,0.1012521589,,94.623655914,0.5719212822
48045,TX,Briscoe County,5950.0441834,,0.363,0.2926829268,5.9,0.0375203915,0.214673913,,20.964360587,57983.0,0.0146341463,0.1789264414,,135.44629554,0.781981982
48047,TX,Brooks County,15028.783109,70.300468312,0.396,0.8900508762,9.3,0.0553376906,0.1790702124,0.925,0.0,36695.0,,0.1090909091,,88.392118845,0.5315533981
48049,TX,Brown County,11762.101485,72.323463835,0.281,0.636960231,7.3,0.0429916052,0.1775681701,0.9274285714,14.854194355,57744.0,0.1434046463,0.1183998881,9.6323928615,74.742349436,0.6815541758
48051,TX,Burleson County,10433.6539,74.562604203,0.28,0.4089105544,8.6,0.0361881785,0.2107893476,0.9477272727,11.791820764,63764.0,0.0694365718,0.0749420902,,77.128641884,0.8087495161
48053,TX,Burnet County,8878.6447305,76.870264225,0.27,0.4217382455,8.0,0.0308862857,0.1952878248,0.9617495396,11.999542875,77824.0,0.2580704254,0.1158202606,15.675107277,90.431902768,0.7725162015
48055,TX,Caldwell County,9138.9480921,75.744684542,0.316,0.4003443541,8.9,0.035353764,0.2275486221,0.8596869565,8.7777963551,63395.0,0.0885295207,0.1096166342,11.542512516,70.944313148,0.7317197129
48057,TX,Calhoun County,9451.9256222,75.551647855,0.272,0.6665174575,9.2,0.0331981124,0.1676038339,0.97,9.6417334822,68885.0,0.0321794489,0.0424757282,,77.455584064,0.7638723506
48059,TX,Callahan County,11448.476684,73.477854658,0.252,0.5459585643,7.0,0.035948734,0.178337667,0.9428571429,11.963406052,63378.0,0.0846221185,0.0644,,122.20769624,0.8195531793
48061,TX,Cameron County,9064.7829298,76.332932659,0.415,0.7445732595,12.6,0.0541512661,0.2521717464,0.9213767163,4.9857951873,51716.0,0.422640891,0.1344854894,6.0514752632,36.942884319,0.6523719866
48063,TX,Camp County,14544.067493,70.654290599,0.302,0.5920250321,8.7,0.0437913585,0.2019146234,0.975,10.223340673,53775.0,0.1205070603,0.1295510386,,97.645654768,0.7658755613
48065,TX,Carson County,12961.7987,72.060320111,0.224,0.6051317376,6.0,0.0297127765,0.1515151515,,19.017980636,73716.0,0.3661098674,0.0417431193,,102.3366877,0.7884448306
48067,TX,Cass County,14420.355288,70.729364955,0.3,0.3613200253,9.1,0.0469244874,0.1763659582,0.9565753425,18.921475875,52092.0,0.0708863429,0.1113816739,16.096024282,114.19016741,0.7748619958
48069,TX,Castro County,10360.158088,75.390129892,0.321,0.6049382716,6.1,0.0305297815,0.2529471202,0.9284482759,9.5916689504,55135.0,0.3683353683,0.1161572052,,80.508815715,0.6918005768
48071,TX,Chambers County,8172.9540269,76.16174031,0.25,0.7889029654,9.7,0.053649551,0.1398197878,0.9786106624,4.2895024177,103034.0,0.1217710592,0.0965190859,21.2703183,73.696096262,0.8244353183
48073,TX,Cherokee County,11651.513006,73.13322437,0.308,0.5575259859,8.6,0.0440454414,0.195545357,0.9550203528,10.649627263,57691.0,0.1836864239,0.1090634441,10.924256347,88.17158958,0.7273983965
48075,TX,Childress County,9805.8133221,73.6123817,0.309,0.593937575,6.4,0.0276999689,0.1839209522,0.925,10.280511088,53921.0,,0.1221674877,,85.021964007,0.6356945722
48077,TX,Clay County,9702.933623,75.681771171,0.228,0.0693873556,8.0,0.0373256768,0.1612056028,0.9253597122,14.304787335,73557.0,0.0693873556,0.0880201765,,111.05579596,0.8052992666
48079,TX,Cochran County,14046.964824,71.372280904,0.404,0.0149195132,5.6,0.039543058,0.2348737494,,11.876484561,46409.0,,0.0658227848,,124.74317581,0.6533192835
48081,TX,Coke County,9808.9620783,73.952515396,0.314,0.695281583,6.6,0.0334572491,0.181855002,,12.00120012,56786.0,,0.0657989877,,77.686147962,0.7058428475
48083,TX,Coleman County,13601.727034,70.525834534,0.273,0.657079646,6.9,0.0456621005,0.2160206718,,22.929936306,48955.0,,0.0969321149,,89.425441538,0.7693498452
48085,TX,Collin County,4575.5457346,81.311847989,0.174,0.9300897634,9.4,0.0350098107,0.1062913457,0.9658471146,6.4469023799,120149.0,0.6309498199,0.1304822247,10.059196576,41.46760759,0.6407859424
48087,TX,Collingsworth County,14470.533023,71.228804432,0.309,0.8254147813,6.3,0.0360685302,0.2598158022,,15.576323988,48858.0,0.5463800905,0.0408626561,,121.93372543,0.7455121436
48089,TX,Colorado County,11858.794198,73.954775073,0.29,0.6358904509,8.7,0.0345251608,0.225530567,0.9293526786,16.382384119,61410.0,0.0472831639,0.074176969,,99.333989253,0.8102151247
48091,TX,Comal County,6848.4853339,78.298978257,0.227,0.7223422765,9.0,0.0360387034,0.1331847459,0.9572009202,8.7195762611,99871.0,0.1827480944,0.1265385022,9.9153382656,60.553278441,0.7685178342
48093,TX,Comanche County,9699.6469767,74.801670096,0.292,0.095189054,7.5,0.0355832137,0.2187055814,0.9329710145,12.249603689,54726.0,,0.0649452269,,96.249197923,0.8003707136
48095,TX,Concho County,5163.49391,84.20009638,0.335,0.6621253406,6.7,0.0313666916,0.1650774732,,0.0,54909.0,0.0865879503,0.0479896239,,,0.777385159
48097,TX,Cooke County,8595.9589909,76.551578359,0.264,0.624124028,8.8,0.0332798912,0.1838786489,0.9548369565,9.2915214866,75003.0,0.3106940578,0.0976043719,13.418898545,85.364333055,0.7215727295
48099,TX,Coryell County,8664.7179603,75.319004839,0.309,0.4760810177,8.4,0.0448245473,0.1469405914,0.8796808511,6.2311156048,72724.0,0.1170616057,0.0999764299,9.3486054319,62.250337084,0.5936242768
48101,TX,Cottle County,7699.8763818,,0.342,0.8152173913,6.1,0.0262881178,0.1670103093,,30.604437643,52342.0,,0.13003663,,,0.7863397548
48103,TX,Crane County,11492.401183,73.461360612,0.341,0.9407486631,6.6,0.0446118192,0.2320427916,0.975,8.7989441267,58133.0,0.8857754011,0.0653676933,,72.08888135,0.8138138138
48105,TX,Crockett County,13151.688026,71.2015053,0.304,0.8963847644,6.6,0.0332667997,0.2669779287,,13.591573225,58833.0,,0.0145208132,,84.915387881,0.7474489796
48107,TX,Crosby County,16652.637086,69.331829686,0.354,0.5197740113,5.9,0.0419925895,0.2200743494,,10.004001601,46106.0,,0.0852585259,,110.34685695,0.7188449848
48109,TX,Culberson County,14090.317243,73.091160158,0.37,0.9428702011,5.6,0.0321027287,0.2319618366,,0.0,54183.0,0.012797075,0.025728988,,137.96909492,0.7407407407
48111,TX,Dallam County,15211.881873,70.39561311,0.317,0.6513000703,5.7,0.0256213169,0.2797213867,0.9458333333,13.810247203,61424.0,,0.0334654337,,135.46014984,0.6809945217
48113,TX,Dallas County,8431.2809874,76.722757077,0.283,0.9616642415,8.8,0.0383770159,0.2358678728,0.8126983874,7.7321173159,74352.0,0.8373481322,0.17108297,20.31247723,68.028062779,0.5078296576
48115,TX,Dawson County,12750.693556,70.693303738,0.358,0.6917951188,6.2,0.0422947132,0.2210861168,0.9495,14.83924155,55057.0,0.1720456005,0.1164278403,,103.39781115,0.6990852191
48117,TX,Deaf Smith County,9743.1301631,74.238050625,0.407,0.8027767314,5.9,0.0312534881,0.2272640852,0.91,7.6182184252,60118.0,0.5712210084,0.1108412836,,65.013165166,0.6593001842
48119,TX,Delta County,13604.823415,72.019866069,0.237,0.6122370937,8.3,0.0445859873,0.1366285848,,9.2489826119,56945.0,0.1933078394,0.1023738872,,85.734521191,0.831026253
48121,TX,Denton County,5061.6482137,80.743534638,0.201,0.9411510312,7.4,0.0350092356,0.1154939969,0.8756640741,5.7097191084,107401.0,0.5581274506,0.1303696201,10.323255299,42.94885204,0.6536566237
48123,TX,DeWitt County,10220.890781,74.573584391,0.296,0.6432606941,8.7,0.033135835,0.1884762235,0.9572192513,15.678737609,61067.0,,0.1208598726,,88.812605403,0.7065689062
48125,TX,Dickens County,11812.87086,73.268905963,0.283,0.4129943503,5.9,0.0509868421,0.1890587289,,17.381228273,47356.0,0.4084745763,0.125984252,,129.14762567,0.8143274854
48127,TX,Dimmit County,14362.298122,70.971518138,0.465,0.8077771329,8.4,0.032283715,0.1944609005,0.875,8.346250149,45002.0,0.0626813697,0.2158652159,,78.361607048,0.6079734219
48129,TX,Donley County,10599.108369,73.276647446,0.271,0.7909760589,6.0,0.0387007602,0.2147377939,,17.969451932,48934.0,,0.0875975716,,96.899224806,0.7539484622
48131,TX,Duval County,15818.067516,70.310367841,0.395,,9.0,0.0439141769,0.1795935297,0.9397208122,0.0,40415.0,,0.0721189591,,88.560607488,0.7098930481
48133,TX,Eastland County,12164.761052,72.013278058,0.286,0.6034414669,7.3,0.0460155417,0.2017321189,0.9409763314,13.932233616,52188.0,,0.1070901034,,121.04139616,0.7113560268
48135,TX,Ector County,12481.367507,71.458720019,0.326,0.7210708902,7.3,0.0332977415,0.2177529746,0.82,7.2108361462,66813.0,0.5222890217,0.1365459141,21.034960922,90.58591114,0.6442760565
48137,TX,Edwards County,9166.2784945,,0.366,0.0105485232,6.9,0.0245253165,0.2942366026,,28.129395218,51691.0,0.0105485232,0.1340425532,,,0.9451476793
48139,TX,Ellis County,7453.044784,76.772297885,0.259,0.5013587592,8.3,0.0369259412,0.1653831809,0.9431417864,7.9177310045,90077.0,0.2705983217,0.1227100513,10.715109954,56.752519874,0.7625050834
48141,TX,El Paso County,8159.7452102,76.469698001,0.31,0.8590111326,9.3,0.0438594176,0.2345959637,0.8706201802,4.8805025076,58656.0,0.5887990278,0.1541842064,16.679622466,58.360842388,0.6367833003
48143,TX,Erath County,7986.3067079,76.749937433,0.284,0.7041955576,7.8,0.035090159,0.2056641545,0.9654533679,11.61863538,63564.0,0.3148666118,0.1751880174,10.728215974,76.516061417,0.6380120887
48145,TX,Falls County,12249.546669,73.938529887,0.326,0.3729372937,8.4,0.040772223,0.1830496994,,11.730893308,49940.0,0.0552805281,0.0907501311,,77.664050818,0.7844899318
48147,TX,Fannin County,10352.020223,73.295055813,0.269,0.3357635578,8.8,0.0339631004,0.1658996117,0.9289473684,9.9663299663,66381.0,0.130783467,0.1096605744,15.509958306,89.242656881,0.7549441101
48149,TX,Fayette County,9257.4074099,76.394841658,0.248,0.5194597913,8.6,0.0336940482,0.1897458612,0.9587360595,20.872636776,71442.0,0.2083486802,0.0938862307,13.307251121,93.768376218,0.7974632166
48151,TX,Fisher County,13849.806234,71.617979542,0.285,0.4163943355,6.5,0.0330679731,0.157779401,,22.087244616,61808.0,,0.0642076503,,101.16607209,0.8176100629
48153,TX,Floyd County,10824.348423,72.933833479,0.369,0.7621251388,6.1,0.0426579163,0.2486972999,,19.102196753,46817.0,0.4546464272,0.0794003331,,75.523268359,0.7524497163
48155,TX,Foard County,11825.971341,,0.317,0.003652968,6.5,0.0329289428,0.1826309068,,0.0,50030.0,0.003652968,0.1484184915,,177.71459037,0.6674584323
48157,TX,Fort Bend County,5310.2923119,80.957480855,0.222,0.8945925941,10.6,0.0396787394,0.1235514177,0.9340877787,4.7461271827,106213.0,0.1965144954,0.1319176927,10.280673995,43.062629495,0.7748054284
48159,TX,Franklin County,11460.045413,74.456863791,0.214,0.1223091032,8.5,0.0378126818,0.1463325183,0.975,11.301563383,59972.0,0.1223091032,0.0786868161,,91.77061093,0.7937595129
48161,TX,Freestone County,10438.022981,74.444072466,0.294,0.4183174685,8.4,0.0510328068,0.1893325887,0.941765873,11.528822055,58850.0,0.0092616414,0.1035313002,,96.849368966,0.748216106
48163,TX,Frio County,12090.662367,72.41843734,0.384,0.3958118031,,0.0325055952,0.2186118651,0.9678921569,5.6132472635,50112.0,0.1385912429,0.1101103355,,63.047792294,0.6304432348
48165,TX,Gaines County,10585.246792,73.829826357,0.314,0.41587184,6.1,0.0290797781,0.3198876179,0.9836397059,11.721743835,66019.0,0.1512177053,0.107364685,,77.444336883,0.766189599
48167,TX,Galveston County,8975.9577438,76.055944864,0.238,0.8477110316,8.3,0.0425743199,0.1583392975,0.9437028302,6.8604967,83080.0,0.3962022573,0.1642971039,24.024183083,77.476677851,0.674938341
48169,TX,Garza County,9497.8874393,73.463757665,0.345,,,0.0343260979,0.221826809,,11.178537209,53190.0,,0.052173913,,57.777492457,0.6852756455
48171,TX,Gillespie County,7604.4090133,78.652631879,0.25,0.5314499532,7.6,0.0258497863,0.2468735283,0.9587837838,12.373985515,76238.0,0.0827315248,0.1212775951,,79.689506073,0.7100780696
48173,TX,Glasscock County,,,0.216,,6.7,0.0244173141,0.1734390486,,0.0,99602.0,,0.0431893688,,,0.664399093
48175,TX,Goliad County,9031.5950399,77.844690666,0.281,0.5032800913,8.6,0.0373626374,0.1649542313,0.975,8.4139671855,64024.0,0.1553051911,0.0694551036,,78.03670416,0.8275
48177,TX,Gonzales County,10411.825955,74.236352277,0.325,0.4821146899,8.7,0.0344029458,0.2263177524,0.9592294521,11.093182735,56350.0,0.2360453875,0.0878083157,18.205590771,84.244347792,0.6994514107
48179,TX,Gray County,11271.914937,72.295596335,0.315,0.9260847034,6.2,0.0410553411,0.2151645744,0.9169090909,16.178919819,56726.0,0.7094266736,0.1109487111,21.976986955,87.454877005,0.7347968711
48181,TX,Grayson County,9793.8857226,74.410591734,0.265,0.7763514162,9.0,0.0369319409,0.1850267011,0.9419650521,9.6415172115,69442.0,0.4365256782,0.1251377211,15.684969759,75.544003659,0.6733052039
48183,TX,Gregg County,12456.238727,72.129591107,0.278,0.8596897915,9.1,0.042250129,0.198654384,0.9628907204,12.595362037,61254.0,0.3515562746,0.1265396335,8.8265266548,74.655082257,0.5948658356
48185,TX,Grimes County,9963.2224645,74.887496339,0.298,0.3146439798,9.0,0.0440161589,0.1970896546,0.9266314199,6.5032190935,64708.0,0.1155528222,0.1107262911,13.236997408,91.957131749,0.7796676062
48187,TX,Guadalupe County,7110.8838822,78.219601755,0.244,0.6407420703,9.1,0.0339633383,0.1375683608,0.9286456443,5.1433574086,94952.0,0.3008407351,0.0865788142,9.2382410389,55.404236043,0.7847441742
48189,TX,Hale County,11327.033213,72.578887901,0.356,0.6505749954,6.6,0.0488018191,0.2230799527,0.9446107784,14.76733591,52487.0,0.3290695529,0.1229103343,,68.886897468,0.6006887801
48191,TX,Hall County,10246.213479,74.158563848,0.303,0.7490265487,6.1,0.0426716141,0.2513014671,,10.676156584,40725.0,0.3153982301,0.0320150659,,137.11778418,0.7504317789
48193,TX,Hamilton County,11511.165927,74.264762179,0.282,0.3739965945,7.7,0.0338189386,0.2226918075,,15.666425645,59403.0,,0.0919154646,,133.24133337,0.7744097001
48195,TX,Hansford County,6539.9954086,76.543527533,0.27,0.6191106906,6.4,0.0260342368,0.271088514,0.966322314,15.530964861,68171.0,0.6024597919,0.0807909605,,86.953234282,0.7673782157
48197,TX,Hardeman County,10560.913194,73.774936118,0.281,0.0028176951,6.6,0.0475644699,0.1985428051,,14.220705347,50431.0,0.0028176951,0.0760517799,,105.63008345,0.6964560863
48199,TX,Hardin County,11241.911939,73.695978231,0.256,0.6651669008,8.9,0.0490335306,0.16560148,0.9698459564,10.378647662,73943.0,0.1460937917,0.0980094066,16.754386472,86.488964842,0.8250114943
48201,TX,Harris County,8156.7700588,77.349626032,0.292,0.9125251921,11.6,0.0425168392,0.2218850465,0.8710543175,5.4926747255,72348.0,0.4983279946,0.1699456656,21.386664436,69.330499756,0.5476461762
48203,TX,Harrison County,10533.355561,74.484254871,0.273,0.5659582504,8.4,0.0468870369,0.1742136758,0.7614493927,10.149381745,62710.0,0.0908932437,0.1260647359,15.085818844,90.621955899,0.7492480175
48205,TX,Hartley County,7480.4150967,77.944851572,0.239,0.7385730212,5.5,0.0208574739,0.1666194389,,13.440860215,88312.0,0.2157190635,0.0775969962,,84.425356972,0.7669724771
48207,TX,Haskell County,10595.42833,74.134885884,0.308,0.6911004431,6.8,0.0382558618,0.2358795051,,18.508236165,49755.0,0.0345273264,0.0644051131,,67.762759014,0.7414611006
48209,TX,Hays County,5755.432841,79.403998653,0.248,0.828064397,9.2,0.0326494672,0.1381019707,0.8696550357,5.6458352679,88491.0,0.2184828284,0.1696557254,11.488445626,52.510278477,0.6411390597
48211,TX,Hemphill County,5324.1543955,80.580763795,0.263,0.8030751035,6.5,0.035279025,0.208110176,,18.650917003,72565.0,,0.0901960784,,67.005416271,0.7638888889
48213,TX,Henderson County,13193.817876,71.973596294,0.271,0.5954230067,8.3,0.0407153442,0.223510472,0.9571314103,11.359467998,58965.0,0.0701886792,0.1181873852,17.065523673,105.51406934,0.7650704053
48215,TX,Hidalgo County,8262.8993986,77.305451055,0.393,0.637089004,10.8,0.0609417551,0.3024438325,0.93086038,3.5345752375,53160.0,0.2132373123,0.1483676124,5.370806941,32.68191046,0.6757140477
48217,TX,Hill County,12166.023122,72.584912319,0.284,0.4835814239,8.6,0.040373707,0.1959893414,0.9093457944,11.519194192,61840.0,0.0884763338,0.0855401922,30.684258975,103.36817022,0.763989002
48219,TX,Hockley County,13651.365473,71.045797991,0.313,0.5871755583,6.0,0.0363112927,0.2248114759,0.948534202,10.396484098,60851.0,0.5030412778,0.1079117686,,94.216032877,0.7257383966
48221,TX,Hood County,9472.1042248,76.034606035,0.22,0.7536933017,8.3,0.0368360843,0.1656554139,0.9390977444,10.39579347,82428.0,0.1519854541,0.1384716408,19.060178651,98.007600331,0.8131903314
48223,TX,Hopkins County,10185.94278,73.990483242,0.264,0.4990893522,8.6,0.0347288297,0.2032253835,0.8780761099,8.7292350016,61112.0,0.2086878517,0.1144061418,12.479386727,105.33160647,0.6992362012
48225,TX,Houston County,12868.151467,72.548036774,0.307,0.5125532493,8.5,0.032423846,0.1976944847,0.9479820628,11.38952164,52649.0,0.2232846914,0.1091946029,,92.786511492,0.6882617062
48227,TX,Howard County,11671.649104,71.5529554,0.301,0.6454388985,6.7,0.0425383543,0.198384571,0.8606835443,10.097410311,63398.0,0.3118187034,0.0997979443,16.292888633,105.93757572,0.6863419133
48229,TX,Hudspeth County,9662.5614909,74.268479416,0.441,0.0009369144,5.8,0.037775446,0.2562862669,,0.0,47693.0,0.0009369144,0.1017639077,,84.483244157,0.7296340024
48231,TX,Hunt County,10488.820931,74.14739822,0.283,0.609418144,8.7,0.0413501059,0.1890056918,0.9472943925,9.8816054377,70427.0,0.1330085238,0.1207958572,16.052240411,77.185778866,0.7078750433
48233,TX,Hutchinson County,13452.332243,70.978061031,0.258,0.6326817675,6.2,0.0432477021,0.1637647632,0.9646753247,13.356418501,64752.0,0.2467381287,0.0834719492,37.467216186,117.84820764,0.8090437788
48235,TX,Irion County,10258.736957,,0.245,0.7283542631,6.6,0.0325814536,0.2050653595,,19.607843137,75689.0,,0.0692041522,,,0.8861386139
48237,TX,Jack County,9315.92646,74.967815255,0.282,0.5513456091,7.7,0.0355080831,0.2230057985,0.9316666667,10.087424344,62721.0,0.0774315392,0.1029304029,,107.94279032,0.7169811321
48239,TX,Jackson County,9119.978367,76.275650526,0.307,0.5178142514,8.7,0.0332165382,0.198038887,0.9695147679,13.208294809,62026.0,0.0200827329,0.10771923,,76.253160493,0.7011430678
48241,TX,Jasper County,14264.981678,71.032609139,0.315,0.2770770164,8.6,0.0626636126,0.2022990335,0.9693478261,12.005910602,58113.0,0.081594906,0.0902037618,20.826308586,114.37861062,0.7769810492
48243,TX,Jeff Davis County,8207.7871441,79.740956446,0.301,0.5125250501,5.2,0.031840796,0.2216216216,,36.784025223,63614.0,0.5125250501,0.1128834356,,94.357425929,0.8984651712
48245,TX,Jefferson County,11735.166506,73.36571862,0.343,0.6293358178,8.5,0.0625883811,0.2049821337,0.87592,11.402144879,59298.0,0.3008934767,0.1498641244,25.971926468,85.710185399,0.6184140273
48247,TX,Jim Hogg County,12253.132386,72.518928415,0.41,,9.2,0.0470016207,0.2142298671,0.975,0.0,44736.0,,0.1401952085,,59.533259247,0.6150696151
48249,TX,Jim Wells County,14381.720432,71.179592946,0.361,0.4803424957,9.2,0.0519414708,0.189908114,0.9198508946,4.8936279812,50814.0,0.1559486771,0.153082634,16.931216931,79.226190775,0.6746127237
48251,TX,Johnson County,8335.898977,75.363574235,0.311,0.747330862,8.9,0.0359629532,0.182676889,0.9372070896,6.7005616196,83229.0,0.2725383072,0.1145488746,14.047915841,72.014504051,0.7447421901
48253,TX,Jones County,11127.86655,73.628166782,0.325,0.3261964095,7.0,0.0461279461,0.1788158795,,10.534236268,51671.0,0.0164776484,0.1259221136,18.430708912,89.372684093,0.8085600531
48255,TX,Karnes County,9309.8989418,74.057265306,0.329,0.5689326988,8.5,0.0312222551,0.1833675565,0.7374418605,11.458614182,62059.0,0.0826648538,0.1421217547,,74.604400351,0.6532414387
48257,TX,Kaufman County,8808.5721559,74.749231714,0.297,0.6711513316,8.7,0.0408186983,0.1682289195,0.9458233018,5.7435921237,90064.0,0.1980524396,0.1200114258,12.464823845,72.076173135,0.7859082953
48259,TX,Kendall County,5626.1388007,79.802887754,0.19,0.7855190948,8.1,0.0331621122,0.1526850359,0.9933240223,9.8013190942,112618.0,0.3304952686,0.1442626837,9.0100080397,55.191358129,0.7788857325
48261,TX,Kenedy County,,,0.473,0.0057142857,10.5,0.0708661417,0.3768115942,,0.0,43037.0,0.0057142857,,,,0.3529411765
48263,TX,Kent County,,,0.236,0.7330677291,6.0,0.0214521452,0.1129032258,,0.0,62437.0,,0.0708333333,,,0.7700729927
48265,TX,Kerr County,9189.138431,76.53702355,0.281,0.6181413742,7.7,0.0352883805,0.1903238812,0.9381288981,14.14190283,64662.0,0.4446747025,0.125,11.892020454,93.28640058,0.7038667086
48267,TX,Kimble County,8618.2752604,78.568689558,0.296,0.6353243117,6.8,0.0340022297,0.2157946051,,15.829941203,54562.0,0.2356509566,0.1113786875,,63.979526552,0.7857911733
48269,TX,King County,,,0.339,,6.1,0.0100603622,0.2030456853,,0.0,85720.0,,,,,0.4222222222
48271,TX,Kinney County,9451.4367483,76.738521278,0.315,0.9571748162,7.2,0.0459952419,0.1287487073,,0.0,53572.0,0.0,0.0135501355,,74.87616634,0.7661016949
48273,TX,Kleberg County,10643.458124,73.430634575,0.334,0.6927190722,10.5,0.0463897958,0.1911888956,0.8179487179,6.9165404124,52903.0,0.3298324742,0.1909534368,10.948705316,54.197356736,0.5392572494
48275,TX,Knox County,13275.868201,71.013358167,0.3,0.7730390695,6.7,0.0354796321,0.2092843327,,18.331805683,55414.0,,0.060137457,,96.459373581,0.7810509554
48277,TX,Lamar County,12235.503164,72.39741555,0.286,0.623123303,8.7,0.0428529498,0.1818813774,0.9550097087,12.875366453,56275.0,0.3499241335,0.1650354019,16.612730668,83.575261723,0.6582568807
48279,TX,Lamb County,12062.310592,72.173581789,0.349,0.4900728248,6.1,0.0414456885,0.2303690144,0.9368055556,18.861993084,57113.0,,0.0747955748,,86.979482161,0.7204995693
48281,TX,Lampasas County,10121.349896,74.824030856,0.275,0.7176214917,7.8,0.0379653907,0.1751409307,0.9630864198,12.727671714,71484.0,0.2427983539,0.1370583814,25.439200311,74.897472667,0.8032404566
48283,TX,La Salle County,10564.803186,73.211939126,0.41,,,0.0257985258,0.2234544597,0.875,6.0569351908,48675.0,,0.0775588048,,58.618283322,0.7884729649
48285,TX,Lavaca County,7893.7238309,77.29095461,0.275,0.4282834243,8.6,0.0329067642,0.149541696,0.9575301205,12.142406139,64145.0,0.09996558,0.0957258472,,67.904697234,0.7634408602
48287,TX,Lee County,8758.5947213,76.33094706,0.29,0.5204828928,8.5,0.0316659511,0.2031784493,0.9642430279,10.025621032,71112.0,0.0034328871,0.1312154696,,100.64043916,0.780952381
48289,TX,Leon County,12443.587551,73.255877876,0.303,0.029709269,,0.0472705093,0.2178030303,0.9320408163,17.89129496,59488.0,0.029709269,0.0747278126,,119.76047904,0.7702413688
48291,TX,Liberty County,11242.410328,72.77372493,0.336,0.4606343039,9.8,0.0547676857,0.2257915661,0.9365154867,6.5691426779,72329.0,0.2168441961,0.1198063595,23.698310207,95.554668007,0.8077576727
48293,TX,Limestone County,11929.04618,72.638252724,0.336,0.5415424907,8.5,0.0421838954,0.19758935,0.8924089069,9.8863074642,53482.0,0.0280863361,0.1411992263,,88.952454041,0.7412839625
48295,TX,Lipscomb County,8790.4495718,76.167092435,0.285,,6.6,0.0315717227,0.2168674699,,35.038542397,67386.0,,0.0896273917,,71.041074658,0.8019981835
48297,TX,Live Oak County,9513.9483096,76.512319946,0.314,0.1916188796,8.8,0.0379797176,0.2134057491,0.9648809524,7.8753937697,59202.0,0.0184384649,0.0971018083,,53.779704884,0.7294536817
48299,TX,Llano County,11148.469749,76.20528188,0.251,0.7949912912,7.7,0.0358744395,0.196470173,0.975,11.535048802,71475.0,0.079508544,0.1114864865,18.051627655,114.63194956,0.772068898
48301,TX,Loving County,,,0.191,,7.8,0.0031230481,0.0222222222,,0.0,86760.0,,,,,0.1111111111
48303,TX,Lubbock County,10785.844632,73.426424368,0.276,0.8622033936,5.4,0.0333407759,0.1625548256,0.9238815012,8.7857136109,57883.0,0.6348076063,0.1804640049,13.836313246,82.951753139,0.5529525575
48305,TX,Lynn County,13310.89479,71.856984599,0.34,0.4415654039,6.0,0.0326842837,0.1673306773,,13.976240391,57338.0,,0.0938310005,,105.92858363,0.7666989351
48307,TX,McCulloch County,13691.063828,71.060843222,0.315,0.7744429882,7.0,0.0411178927,0.2232541525,0.9530487805,13.338668801,47814.0,0.2596330275,0.0978925901,,105.60478055,0.6998697917
48309,TX,McLennan County,9298.2134479,75.316297346,0.282,0.6790071341,8.7,0.0367748766,0.1852573672,0.909672425,10.943051163,63377.0,0.2957030306,0.1670831538,11.903540797,67.952381062,0.6117062293
48311,TX,McMullen County,,,0.35,0.1516666667,8.4,0.0168878166,0.1591928251,,0.0,71112.0,0.1516666667,0.2205882353,,,0.7678571429
48313,TX,Madison County,12164.712611,72.852207345,0.303,0.2405797101,8.5,0.046163575,0.2430414845,0.9532758621,10.248151673,53301.0,,0.1260959257,23.920011482,92.182890855,0.7082125604
48315,TX,Marion County,14248.591793,71.120878279,0.294,0.5063239075,9.0,0.0478380865,0.1674432149,0.925,9.4142259414,47660.0,0.2151156812,0.0978569584,37.716440939,110.32341104,0.7736253273
48317,TX,Martin County,13680.818347,71.540954845,0.31,0.0368531602,6.9,0.0266849128,0.2109051254,0.9370481928,15.33448342,81637.0,,0.035,,115.24056468,0.6694540089
48319,TX,Mason County,11918.531892,75.291545231,0.255,0.7202124968,7.0,0.0345385861,0.2395795578,0.975,15.067805123,62435.0,,0.0543559196,,96.047639629,0.7587096774
48321,TX,Matagorda County,11455.948426,73.592700413,0.341,0.7227968556,9.5,0.0542165159,0.2162088194,0.9428231293,13.564013841,58996.0,0.0387532754,0.1573538857,10.989614814,97.045326198,0.6874662709
48323,TX,Maverick County,10667.307851,72.717515275,0.421,0.5974571147,7.9,0.074884308,0.2626135065,0.93,2.5932264924,46052.0,0.3527216819,0.1353148673,7.4593893629,42.54092849,0.6871179039
48325,TX,Medina County,8769.8772098,76.65849759,0.299,0.6525577363,8.5,0.0379097919,0.166911486,0.9715019255,7.2594605662,70707.0,0.0879049421,0.0984412967,9.4899469828,66.777450713,0.8266491218
48327,TX,Menard County,11515.740797,74.823710284,0.28,0.7833843017,6.7,0.0365135453,0.2580403889,,15.243902439,45438.0,0.0586136595,0.1184041184,,,0.7611044418
48329,TX,Midland County,9303.7747373,75.55080593,0.263,0.9143326097,7.1,0.0248181582,0.1885285608,0.8704259967,8.9535404276,94375.0,0.5191283834,0.1412494854,14.29037659,73.336016171,0.6820317044
48331,TX,Milam County,10213.809504,74.697277951,0.285,0.5940858043,8.5,0.041609385,0.1927662357,0.9333609272,12.876541283,63456.0,0.0172901349,0.115412334,,94.899358831,0.7743059011
48333,TX,Mills County,9187.4270502,75.39069009,0.252,0.4921454219,7.3,0.0391001607,0.2162333545,,17.777777778,56328.0,,0.0589556429,,110.10417549,0.8449864499
48335,TX,Mitchell County,11321.984993,73.299886326,0.333,0.610567297,6.5,0.0397775877,0.1666970304,0.9325757576,7.8273510008,53255.0,0.022246941,0.0868113523,,74.58338189,0.7953924248
48337,TX,Montague County,13686.556761,71.699490065,0.261,0.366040571,8.5,0.0352252535,0.2093605077,0.9298523207,13.768219152,60336.0,0.1883295768,0.1336100662,24.416446919,121.9657306,0.7877671334
48339,TX,Montgomery County,6837.1383367,78.218318321,0.265,0.8814331051,10.3,0.039349273,0.1547661454,0.9406121506,5.4827631947,92578.0,0.2769295487,0.1208603797,19.29645237,65.513065653,0.7172511615
48341,TX,Moore County,10115.207865,74.811688435,0.361,0.7184661485,6.0,0.0269050358,0.2612247136,0.9905692308,13.3358735,64003.0,0.5807659893,0.0957340562,,82.705122964,0.6195189003
48343,TX,Morris County,13732.546208,71.343691867,0.293,0.0476906373,8.8,0.0587717367,0.1670788087,0.9637218045,15.724571712,51598.0,0.023135388,0.0812706271,,97.986379893,0.754466058
48345,TX,Motley County,12925.91818,,0.256,0.2483537159,5.8,0.0395256917,0.1645919779,,0.0,48952.0,,0.0451467269,,,0.768907563
48347,TX,Nacogdoches County,11089.130474,73.540208245,0.28,0.5603452276,8.8,0.0434040738,0.1916109253,0.931780914,9.0962350837,52516.0,0.176449662,0.1680206641,13.382539903,86.71640047,0.5802739508
48349,TX,Navarro County,11374.181111,73.762759573,0.305,0.533881879,8.5,0.0395416194,0.1870862797,0.87815621,8.9684457134,59659.0,0.2804043782,0.1258951915,10.067895369,81.98020874,0.680318113
48351,TX,Newton County,14449.796071,71.774971825,0.351,0.0225096177,8.7,0.070741483,0.2043939228,0.9555309735,10.786591437,51302.0,0.0225096177,0.079002079,,115.29947116,0.8154348714
48353,TX,Nolan County,10042.631535,73.480651442,0.339,0.6217940019,6.6,0.0348447296,0.1893291893,0.9515909091,13.818835072,53370.0,0.1333288099,0.1077779774,,85.86615783,0.6614672609
48355,TX,Nueces County,10926.532246,74.563415034,0.344,0.923681543,9.6,0.0423568808,0.1942386945,0.905534932,6.1704874401,63669.0,0.8853184513,0.153675746,26.594225495,79.890206755,0.5987841248
48357,TX,Ochiltree County,10609.829231,73.922587315,0.306,0.8297553669,6.5,0.0333584148,0.2808921037,0.975,18.73828857,71770.0,0.4726909636,0.0935492879,,82.019315549,0.691325173
48359,TX,Oldham County,9694.2214109,76.35665697,0.261,0.566552901,5.3,0.0297239915,0.1558139535,,22.831050228,68640.0,,0.0830258303,,,0.7115689382
48361,TX,Orange County,12675.177507,71.899565011,0.284,0.5050349024,8.7,0.0540327129,0.1463902989,0.9210019268,9.4190783432,66029.0,0.0118620885,0.1169109065,35.635943204,103.92780355,0.7502119509
48363,TX,Palo Pinto County,11396.956097,73.152970477,0.283,0.5652786089,7.8,0.0373089601,0.2070082959,0.9207885305,9.5762508978,55417.0,0.1117251575,0.1448756594,26.362542266,94.281840767,0.6917176514
48365,TX,Panola County,13705.445224,71.1710643,0.279,0.435640923,9.0,0.0445066916,0.1820068428,0.934453125,10.583410504,63482.0,0.1043973145,0.0766844522,,117.51290466,0.7933066227
48367,TX,Parker County,7329.0059882,76.894999265,0.231,0.5491425025,8.5,0.0334113586,0.1568481108,0.9626904474,8.3215745866,98121.0,0.1270324243,0.1095784574,16.142872922,72.336096909,0.8208049855
48369,TX,Parmer County,8397.2247012,75.666256937,0.328,0.1733711622,5.9,0.0261667643,0.2435072966,0.931993007,12.474012474,62913.0,,0.0539617486,,92.929126053,0.684260132
48371,TX,Pecos County,12159.328951,72.494175611,0.344,0.7381030738,6.3,0.0356286947,0.224454068,0.9206683168,7.4652188666,58265.0,0.4241426973,0.1182795699,,79.151906782,0.726898982
48373,TX,Polk County,13398.270776,70.110499109,0.306,0.2917622648,8.7,0.0535545521,0.1897228199,0.8940043764,8.4499108065,57009.0,0.0538076332,0.1059793349,24.02797362,122.91307849,0.7749663526
48375,TX,Potter County,13393.537259,70.816868542,0.349,0.8606538705,5.4,0.0313343167,0.228885363,0.8966397278,11.327770332,51177.0,0.3853364269,0.1633652348,21.826787212,105.25254631,0.5653282345
48377,TX,Presidio County,7192.6616345,81.259029496,0.427,0.9491110749,5.4,0.0625411455,0.3354373309,0.880620155,8.4189257451,42699.0,0.0316424727,0.2125228519,,52.731164118,0.7444444444
48379,TX,Rains County,9816.755347,75.296977363,0.254,0.4881617889,8.1,0.0349149508,0.2165797706,0.975,8.5783358029,63796.0,,0.0979814017,,100.70815416,0.829134025
48381,TX,Randall County,8070.193738,76.346804678,0.23,0.9179839861,6.1,0.0294106175,0.1296374142,0.95,7.6638839469,81705.0,0.2027310253,0.1115451628,16.050505591,75.155176259,0.6861257577
48383,TX,Reagan County,8046.2202666,73.927034995,0.311,,6.6,0.0356460853,0.2093444404,,15.948963317,72585.0,,0.1222879684,,117.90466566,0.7600382409
48385,TX,Real County,14160.284789,71.206601359,0.321,0.0021754895,6.9,0.0507706256,0.2065945389,,24.647887324,49014.0,0.0021754895,0.0984682713,,124.94533642,0.7561214496
48387,TX,Red River County,19570.968914,68.181879328,0.304,0.3219124881,8.8,0.0475432664,0.1910559588,,12.129613585,49265.0,,0.1516339869,,133.24338,0.7039855798
48389,TX,Reeves County,10008.194451,73.616859873,0.381,0.8136018443,6.8,0.0308379645,0.2199792961,0.9111842105,3.8744672608,57179.0,0.3847979387,0.1212578616,,75.987841945,0.7903498191
48391,TX,Refugio County,11423.172587,73.381851564,0.317,0.1253523216,8.9,0.0385737439,0.1853811483,0.9663157895,6.0313630881,52641.0,0.1253523216,0.1298292902,,93.444298438,0.7799325464
48393,TX,Roberts County,,,0.245,0.0096735187,6.2,0.0359897172,0.1233974359,,0.0,76634.0,,0.0203389831,,,0.8547854785
48395,TX,Robertson County,10657.901752,74.183443629,0.286,0.5804141553,8.5,0.0364392272,0.1739552964,0.9469457014,9.910802775,60078.0,0.1410753715,0.1156770749,,91.095954405,0.7328703704
48397,TX,Rockwall County,5797.6241877,79.064153263,0.204,0.8237787403,8.8,0.0359273586,0.1116766829,0.9748628692,7.2235569119,118175.0,0.3274191005,0.0913167132,15.165518761,47.383204005,0.8256270088
48399,TX,Runnels County,10983.634475,72.750394361,0.291,0.6852525253,6.9,0.0391276459,0.2072572314,0.9378424658,19.271731413,61643.0,,0.076581576,,98.617384272,0.7465789474
48401,TX,Rusk County,10561.092371,73.641096741,0.269,0.4663500211,9.0,0.0405393573,0.1899350649,0.9466292135,11.250070313,65812.0,0.1045121998,0.0970515262,9.3516209476,92.477047865,0.800144742
48403,TX,Sabine County,16290.323658,70.348215199,0.29,0.7521730342,8.2,0.0679988898,0.1928766336,0.9267578125,11.942675159,58723.0,0.7071962806,0.0927353422,,127.59787337,0.8554486462
48405,TX,San Augustine County,15176.672314,70.621715506,0.345,0.4180348573,8.3,0.0536953243,0.1961027458,,7.6365024819,50908.0,0.4180348573,0.1433704635,,103.71394706,0.7477626782
48407,TX,San Jacinto County,12990.656609,73.590584793,0.299,0.6812641413,,0.0466613672,0.2016678249,0.9473451327,3.8803442924,66009.0,0.6441135684,0.1204415533,19.876764063,104.11935292,0.8417938931
48409,TX,San Patricio County,11604.926173,73.152759822,0.318,0.7257217657,9.7,0.0480743425,0.1891836769,0.9364043825,7.7193584355,61411.0,0.2494945822,0.1257582928,14.028502046,69.929042589,0.663455258
48411,TX,San Saba County,9943.2373316,74.74117245,0.295,0.5066317627,7.2,0.0378208014,0.2723041117,,10.302197802,52325.0,0.0006980803,0.0952380952,,67.116346186,0.6892601432
48413,TX,Schleicher County,4985.549452,78.927836803,0.322,0.8102815177,6.7,0.035042735,0.2311886587,,16.970725499,60063.0,,0.0696278511,,75.557234605,0.8759521219
48415,TX,Scurry County,11824.889866,72.882027211,0.311,0.7512402551,6.5,0.0409550917,0.2087481383,0.9625,10.787486516,69881.0,,0.0494736842,,97.920970612,0.7706963413
48417,TX,Shackelford County,8672.5249053,75.569028054,0.232,0.7829307568,6.8,0.026984127,0.2051792829,,28.248587571,68681.0,0.3584541063,0.0756234916,,86.33448446,0.8186606471
48419,TX,Shelby County,13932.069428,71.275456239,0.336,0.456664724,8.8,0.0445354948,0.2243444146,0.9658571429,10.413195601,54359.0,0.1479893431,0.098347394,,97.932887644,0.7499182739
48421,TX,Sherman County,6588.4442793,77.685065876,0.282,0.7171099928,6.0,0.0315552216,0.2733874413,,17.863522687,66202.0,,0.139657444,,67.911714771,0.7446555819
48423,TX,Smith County,9375.1439086,75.422748073,0.274,0.6897108519,8.7,0.0363718279,0.1856829923,0.958045416,11.987334761,71348.0,0.1794808098,0.1202161475,10.211018388,74.54032054,0.693059126
48425,TX,Somervell County,7658.5494856,76.704146105,0.207,0.791634981,7.9,0.0359435173,0.1639365242,0.9672972973,10.249051963,78913.0,0.2242259641,0.0990296804,,90.305102238,0.818921954
48427,TX,Starr County,9793.1922027,73.93294329,0.439,0.6235740291,9.7,0.0934663505,0.2499781074,0.9296591928,1.9778481013,38824.0,0.2054004854,0.1401940606,5.1009217366,40.282778958,0.7159747486
48429,TX,Stephens County,11571.618357,73.741612122,0.307,0.680035161,7.0,0.0385674931,0.2074695122,0.875,6.3897763578,59099.0,0.0063729261,0.126092021,,102.79253041,0.7859550562
48431,TX,Sterling County,,,0.248,,6.5,0.0399201597,0.1416803954,,21.171489061,80859.0,,0.0441558442,,,0.8333333333
48433,TX,Stonewall County,21829.41588,,0.296,0.7325301205,6.3,0.026993865,0.1635730858,,25.38071066,56413.0,,0.0593406593,,185.78727357,0.8592436975
48435,TX,Sutton County,10625.925719,74.13947649,0.357,0.8727758007,6.7,0.0576923077,0.2131661442,,18.650917003,63893.0,,0.1041490262,,89.847259659,0.6699029126
48437,TX,Swisher County,15481.194902,70.302928349,0.335,0.5033711089,6.3,0.0455075846,0.2805599369,0.9322368421,15.986048539,52350.0,0.4012336824,0.1635773865,,102.52715584,0.6604158174
48439,TX,Tarrant County,7833.4851813,76.987789689,0.258,0.9432475458,9.7,0.0371443116,0.1816388033,0.8924151885,7.0546900926,80083.0,0.6889194747,0.150049666,17.893894825,60.905232459,0.5935797526
48441,TX,Taylor County,10984.604784,73.483957951,0.27,0.8347718005,7.1,0.0334718506,0.186667563,0.929575718,12.813182423,62128.0,0.3702097648,0.124016571,17.536106844,84.024891841,0.5976098548
48443,TX,Terrell County,,,0.247,,6.4,0.0347593583,0.1913043478,,0.0,47947.0,,0.1452784504,,,0.8874172185
48445,TX,Terry County,13280.367,70.843939573,0.366,0.4890541797,5.9,0.0390709789,0.2359166575,0.9589622642,7.7807555978,44361.0,0.184092638,0.1782178218,,83.155934007,0.6478576446
48447,TX,Throckmorton County,7153.8005649,,0.252,0.5652777778,6.8,0.0355029586,0.1935763889,,19.35483871,51546.0,,0.085483871,,,0.7317784257
48449,TX,Titus County,9787.9069254,74.520283758,0.326,0.516593593,8.8,0.0420922089,0.2417603426,0.9790744921,9.933350423,57559.0,0.4372259737,0.1259512938,,72.00496586,0.6899464172
48451,TX,Tom Green County,9678.8301008,74.908459923,0.285,0.8332541686,6.9,0.0349961056,0.1806458323,0.9300747384,11.186623154,60379.0,0.4254310309,0.119036404,10.884338553,68.826359488,0.6683516293
48453,TX,Travis County,5697.9251106,80.372919943,0.215,0.9234723932,9.6,0.0326512153,0.1279054781,0.9073667935,8.8055511159,97544.0,0.6040026725,0.1579090731,20.930328962,65.207388621,0.5302934508
48455,TX,Trinity County,13130.794973,72.088702401,0.28,0.8447287164,8.5,0.049603923,0.1756703856,0.9048076923,12.146327522,49277.0,0.2516541685,0.0980989957,,106.80056036,0.776064976
48457,TX,Tyler County,14226.94257,71.637269673,0.287,0.5187897767,8.4,0.0584177928,0.1914736687,0.9444063927,12.980529206,54438.0,0.1269320133,0.1257142857,24.311971215,112.3103573,0.7880672982
48459,TX,Upshur County,10967.629906,73.364765688,0.293,0.3372542307,8.9,0.0423131947,0.1747615297,0.929238921,6.1193748823,61533.0,0.0765919984,0.1107688095,9.4915683235,89.762749414,0.7926749935
48461,TX,Upton County,10946.79977,74.858690425,0.357,0.669286578,6.8,0.017130621,0.1965116279,,0.0,59047.0,,0.076602831,,103.63887609,0.7524528302
48463,TX,Uvalde County,13123.971491,72.078869588,0.344,0.6034440645,7.9,0.0420622948,0.2292425074,0.8836923077,12.429831596,49006.0,0.3367122618,0.0990362668,,93.078355052,0.6650439326
48465,TX,Val Verde County,9199.219006,74.883973891,0.357,0.6887529946,7.5,0.0545577313,0.2144873967,0.8982260184,7.5620720077,56619.0,0.4048249485,0.1240669886,9.7088725225,56.098436256,0.6685023345
48467,TX,Van Zandt County,10899.447269,73.838664901,0.275,0.4880166608,8.3,0.035430325,0.1923516325,0.9488143631,9.2270001114,66356.0,0.0406442619,0.0936168263,14.311900345,95.148771901,0.8086011971
48469,TX,Victoria County,10170.714299,74.731759515,0.311,0.7529867826,9.0,0.0405525954,0.1912909286,0.9345061043,9.3339922034,69442.0,0.0683975952,0.1252442067,13.140364645,68.109778992,0.6758830766
48471,TX,Walker County,8100.6700148,76.562462605,0.301,0.7429057592,8.7,0.0459154233,0.1862262681,0.8490512048,5.9591733232,56863.0,0.6734554974,0.1778257441,10.916506194,57.148655938,0.5713661636
48473,TX,Waller County,8935.5123332,75.929083195,0.287,0.291632919,9.7,0.045566924,0.1826095968,0.8953121175,4.2007302808,77209.0,0.0528576962,0.1029352634,13.956578294,67.826322874,0.7054668817
48475,TX,Ward County,12790.143607,72.332704425,0.331,0.8570079011,6.9,0.0303030303,0.2332906257,0.9601648352,7.2966070777,65610.0,0.5877705256,0.0875,,105.22139617,0.7843498274
48477,TX,Washington County,8784.9869956,76.887188162,0.263,0.5731881022,8.6,0.0394447585,0.1630701038,0.9228272251,14.934041318,67927.0,0.3333333333,0.1153899336,17.621799093,72.702462376,0.7312299535
48479,TX,Webb County,8920.2046506,75.766381342,0.333,0.9218797966,10.2,0.0399293901,0.2706955374,0.9545104102,3.7344088431,57899.0,0.4590699102,0.1602581762,16.965697327,44.217726916,0.6389307797
48481,TX,Wharton County,11245.015701,73.714722329,0.31,0.5407024296,9.2,0.0385182455,0.2063665976,0.9555511182,14.824024484,60496.0,0.2460428193,0.1288604181,15.172083367,86.850123557,0.705809882
48483,TX,Wheeler County,13274.952803,71.332638121,0.305,0.3985971944,6.6,0.0367327211,0.2567315383,,22.883295195,54682.0,0.2106212425,0.0684002261,,120.35142616,0.7847485127
48485,TX,Wichita County,11092.029117,72.958665325,0.267,0.707212988,8.1,0.0389810469,0.1677232967,0.9509006211,10.078628691,61622.0,0.3462079629,0.1127734741,21.614638959,85.621386184,0.6149586186
48487,TX,Wilbarger County,13359.292307,71.360716831,0.336,0.8136882129,7.0,0.0495169082,0.2091944752,0.8998106061,12.008646225,53416.0,,0.124059293,,91.536069946,0.6263457885
48489,TX,Willacy County,11566.518788,72.852568835,0.404,0.6233386233,11.2,0.0778308514,0.2159740886,0.918442623,3.4751526585,42279.0,0.1137671097,0.1061761342,,53.592106648,0.7236818903
48491,TX,Williamson County,5174.78895,80.713658805,0.191,0.9189562853,9.5,0.0339322406,0.104294846,0.9570573871,6.0022221626,111183.0,0.3855984316,0.1184922748,11.43715336,46.899745563,0.6708265427
48493,TX,Wilson County,8130.97479,76.819948632,0.285,0.6551765723,8.6,0.0318689165,0.149735063,0.9393524096,6.0680762302,85288.0,0.0539464957,0.100763094,11.537352178,71.897990354,0.8569018836
48495,TX,Winkler County,14257.784214,71.195675865,0.335,0.9772814786,6.9,0.0341451767,0.1971023722,0.9601415094,6.8436901177,67901.0,0.9582852009,0.0327624721,44.232130219,169.54457718,0.8651564186
48497,TX,Wise County,8574.1034916,75.134574163,0.273,0.3835091503,8.7,0.0365420162,0.1792141548,0.9518833087,10.281060151,89873.0,0.1192009558,0.0887561607,14.699599895,86.521228601,0.8253935967
48499,TX,Wood County,11592.073835,73.622870446,0.254,0.3703588074,8.6,0.0437983867,0.1982274832,0.952240566,14.512239367,58813.0,0.0333831367,0.1200343446,18.701941405,97.522323469,0.7986389331
48501,TX,Yoakum County,12473.717596,72.124274975,0.366,0.8787366779,5.9,0.0339777387,0.2664514145,0.9698333333,13.421017313,64634.0,,0.0686604886,,92.538476524,0.754204893
48503,TX,Young County,13482.396776,71.204614098,0.286,0.6700621257,7.3,0.0337475634,0.2113402062,0.9644396552,12.804810155,64187.0,0.2430738232,0.0955823293,,104.56294912,0.7274249646
48505,TX,Zapata County,9589.3509108,74.693965835,0.465,0.3097415221,,0.0639692586,0.23676809,0.88,0.0,41688.0,0.0002159983,0.1331736527,,58.323138638,0.7463139636
48507,TX,Zavala County,15792.100074,69.878738966,0.427,,8.2,0.0731988473,0.1713848508,0.8913907285,4.2657566386,36878.0,,0.0805111821,,82.456847583,0.709762533
49000,UT,Utah,6428.9841034,78.75898401,0.171,0.8547619892,5.9,0.0263401447,0.0916248281,0.8815221317,3.4843823947,93030.0,0.5530422886,0.1104135622,19.170090566,68.891986804,0.7063182257
49001,UT,Beaver County,9749.4697054,74.855930428,0.2,0.8006221719,5.2,0.0296074518,0.1233396584,0.975,0.0,67100.0,0.0141402715,0.1123310811,,121.29263292,0.8235540654
49003,UT,Box Elder County,6824.2360436,77.498426451,0.193,0.7451531232,7.9,0.0248473216,0.0788892218,0.86,2.4391037107,83493.0,0.6312038289,0.1015195603,22.447570892,80.570146167,0.7571279373
49005,UT,Cache County,5132.3554519,80.248419282,0.199,0.8183606951,9.6,0.0228660027,0.0805797814,0.9307638565,2.6395953572,83027.0,0.5132703486,0.1190425857,9.8136871495,52.945089456,0.6361844241
49007,UT,Carbon County,11671.348874,72.757057884,0.233,0.6997354497,6.0,0.0367577757,0.0895031661,0.8780243161,5.8334548636,59838.0,0.2398099157,0.1403553953,35.654668331,105.43271343,0.6811666459
49009,UT,Daggett County,,,0.194,0.977540107,4.6,0.0417690418,0.0685483871,,0.0,65231.0,0.977540107,0.1312741313,,,0.8282442748
49011,UT,Davis County,5581.0756868,79.34763935,0.178,0.9258297282,9.5,0.024179611,0.0604698635,0.9177783767,2.7030825954,111081.0,0.5530841322,0.0805545247,17.237212314,56.38538105,0.7740115458
49013,UT,Duchesne County,9499.1603265,75.725102969,0.223,0.613645642,7.6,0.0287584756,0.1148731053,0.86,2.976042855,75705.0,0.2409675444,0.1081123245,30.077700727,121.30690647,0.7929699136
49015,UT,Emery County,9286.6579936,74.845142519,0.219,0.408956743,5.8,0.0309148265,0.1012013105,0.875,0.0,68823.0,0.0695165394,0.0560024752,,117.43864329,0.7955075846
49017,UT,Garfield County,8727.0130382,77.563094064,0.195,0.3665158371,4.8,0.0642527512,0.1067487811,0.875,0.0,64844.0,0.3665158371,0.0731335703,,101.59821812,0.7350764677
49019,UT,Grand County,7356.5227075,80.268921591,0.2,0.9493225773,5.2,0.0358204729,0.1317788839,0.725,5.1182311393,67360.0,0.6114386183,0.1257088847,,131.29282403,0.697716077
49021,UT,Iron County,6863.7515249,78.33867442,0.174,0.5446071672,5.4,0.0259802742,0.111962399,0.8963755708,3.5240032677,68170.0,0.1756532668,0.1004661883,16.68873288,70.63916263,0.6742801913
49023,UT,Juab County,6968.158019,77.679717599,0.184,0.5963855422,6.2,0.0234827691,0.0972196983,0.9664507772,0.0,85382.0,0.1295604955,0.0867430442,,94.345868644,0.8104366347
49025,UT,Kane County,7262.651139,78.261112022,0.184,0.7953567236,5.1,0.0274296524,0.1042008533,0.975,0.0,69247.0,0.3035085431,0.0910563837,,110.75312122,0.8167293233
49027,UT,Millard County,8552.1661598,76.666204497,0.234,0.5855105973,5.9,0.0234231476,0.1237455115,0.93,0.0,66467.0,0.2825433526,0.0961724806,,109.06612134,0.7841574877
49029,UT,Morgan County,3815.4707728,81.03533616,0.172,0.94249695,7.0,0.0208367247,0.0611253423,0.93,0.0,122672.0,0.5566490443,0.0573496659,,41.854475209,0.9018030513
49031,UT,Piute County,,,0.264,0.1175243394,4.7,0.0486381323,0.1192307692,,0.0,58106.0,0.1175243394,0.1441947566,,,0.9259259259
49033,UT,Rich County,,83.725828502,0.192,0.4525896414,5.7,0.023633678,0.114354067,,0.0,78332.0,0.0749003984,0.1006369427,,,0.8041615667
49035,UT,Salt Lake County,6732.9217302,78.550017052,0.197,0.9175870163,10.6,0.0265215129,0.1039595081,0.870029748,4.5605631832,94013.0,0.731831919,0.1198798004,23.147395777,74.599253324,0.6699672819
49037,UT,San Juan County,14025.164633,72.760090831,0.233,0.3419203747,5.2,0.0401633764,0.1351117935,0.91,0.0,57941.0,0.1781925885,0.1053000233,24.928613516,158.9145734,0.7982795699
49039,UT,Sanpete County,7285.7091546,77.164488554,0.214,0.5192530858,5.8,0.0289156627,0.111465957,0.9108671171,0.0,67295.0,0.3870309808,0.1112041134,17.73383727,86.3062885,0.7648605396
49041,UT,Sevier County,6836.8136958,77.248604838,0.206,0.5298299415,5.3,0.0279931908,0.1173682743,0.83,1.359372876,75024.0,0.2867763219,0.0810437664,21.291156566,89.979249683,0.7988637901
49043,UT,Summit County,4285.3305366,84.010059299,0.156,0.9622966688,8.0,0.0243786723,0.0890617774,0.9336173393,7.2032716795,139848.0,0.3416672569,0.1237472457,10.884099885,59.706825383,0.8036886095
49045,UT,Tooele County,7133.0590815,77.123493058,0.192,0.808357864,7.7,0.0279711332,0.0771337289,0.77,1.6263417319,94200.0,0.2865553385,0.0604020941,19.473269692,72.069272234,0.8263774403
49047,UT,Uintah County,10491.752036,74.586354235,0.222,0.6785513756,6.6,0.0327353059,0.121816758,0.8610163339,2.9616865459,70989.0,0.1870859068,0.0857890148,28.358413758,105.27073972,0.7204355109
49049,UT,Utah County,5321.0903991,79.401196188,0.139,0.8323063881,8.5,0.0257217699,0.080443876,0.9095352476,1.7795266174,100617.0,0.3957755471,0.1122107234,11.871596421,48.499708971,0.681312052
49051,UT,Wasatch County,4719.0704575,80.99171564,0.135,0.8319248017,6.7,0.0241706415,0.083312239,0.93,3.0039050766,121397.0,0.3689490629,0.1185869753,9.2513784554,53.584763685,0.7890696704
49053,UT,Washington County,6937.1533622,80.168071056,0.16,0.8512805152,5.9,0.0277750419,0.116904019,0.9284977105,3.5410764873,78094.0,0.5779153423,0.1350373322,19.169807901,78.325163177,0.7259168485
49055,UT,Wayne County,10176.46357,75.493363786,0.204,0.2835880933,4.9,0.0426065163,0.1497536946,,0.0,60858.0,0.2835880933,0.0713606089,,127.2169423,0.7576036866
49057,UT,Weber County,7628.2448819,76.946747773,0.193,0.8452767301,7.4,0.0276784437,0.0895331114,0.9049762846,3.3016645583,86678.0,0.5808262433,0.1024717071,26.148370106,81.847799571,0.7455415633
50000,VT,Vermont,7141.8873834,78.699501396,0.185,0.6994108015,5.8,0.0200778033,0.0488098311,0.8297358933,12.641717048,80626.0,0.2412277223,0.1393245559,37.47427558,102.1075594,0.7279656803
50001,VT,Addison County,5658.2557745,80.646710152,0.147,0.6562374542,6.5,0.017142591,0.0441972225,0.8856811146,10.11229975,82234.0,0.2353665391,0.1145506519,17.011523069,84.663959577,0.7998360432
50003,VT,Bennington County,8728.3652887,76.71107396,0.186,0.8211369052,5.6,0.0247601191,0.0521449974,0.75,13.10440736,67124.0,0.5152488821,0.1734322508,43.619708838,110.9620576,0.7566274939
50005,VT,Caledonia County,8884.7040528,76.732193029,0.204,0.5567757087,5.3,0.0234011435,0.0534115602,0.8715648855,12.753850682,64229.0,0.0033737968,0.1223004509,40.799673603,123.85582387,0.781703813
50007,VT,Chittenden County,5479.6549422,80.809171131,0.164,0.8732674679,6.8,0.0156376301,0.0435561929,0.8816260924,11.754212911,96142.0,0.3569506247,0.1536115985,29.056345428,80.161960863,0.6355635052
50009,VT,Essex County,9787.0041035,77.414818732,0.197,0.3160472973,5.0,0.0290803344,0.0523875753,,5.005005005,58359.0,0.1310810811,0.1378655526,,118.20719094,0.8318065225
50011,VT,Franklin County,7299.448879,77.570663543,0.189,0.482300885,6.3,0.0184821491,0.0489299587,0.8607495881,8.6731978475,85765.0,0.1366876226,0.1282983094,29.189138987,96.969114135,0.7798010712
50013,VT,Grand Isle County,6017.1108423,78.526360306,0.16,0.5273549979,6.4,0.0208234737,0.0517152215,,5.341167045,82896.0,0.1490470314,0.1381470491,,90.649379189,0.9090318389
50015,VT,Lamoille County,6109.0822754,79.180358508,0.189,0.6895740991,5.4,0.0248370497,0.0577283879,0.7944162437,8.8156381755,72811.0,0.0576218925,0.1395850175,33.523730933,89.69029551,0.7273284314
50017,VT,Orange County,7382.1791263,79.073806932,0.165,0.4742972299,5.6,0.0202711106,0.0489004112,0.8210526316,11.056758025,73771.0,0.1349865082,0.1226309027,36.271309394,112.24035862,0.8147771697
50019,VT,Orleans County,8961.1349145,76.200411028,0.219,0.4801591648,5.5,0.0344827586,0.0531951303,0.7555263158,9.7592713077,59906.0,0.045157522,0.1520773452,35.318905358,114.66119821,0.7994232889
50021,VT,Rutland County,9134.353341,76.532311803,0.186,0.8041504325,7.6,0.0240365515,0.0528212637,0.8021496212,11.264619156,62634.0,0.1309681041,0.1489370253,50.917351626,125.51423622,0.7268154668
50023,VT,Washington County,7123.5276585,78.977415544,0.164,0.7408497333,5.7,0.0197891088,0.0463729495,0.8064229249,19.65094591,79916.0,0.1370575351,0.1176376823,36.446213799,95.288476537,0.7305880506
50025,VT,Windham County,8005.1578107,78.556427656,0.171,0.5013615075,6.7,0.0231766762,0.0530514438,0.7292112676,12.652153047,64436.0,0.3059579566,0.1539470233,52.259475763,121.04602033,0.7276703967
50027,VT,Windsor County,8663.249318,77.924869142,0.151,0.6925527678,5.9,0.0182044972,0.0513052768,0.8183867735,12.555467648,77932.0,0.3697989715,0.1141248085,56.033526727,127.45230302,0.7485224943
51000,VA,Virginia,7738.5220035,77.588232653,0.202,0.8384038359,6.7,0.0287692681,0.0750973934,0.8906269437,10.990809247,89864.0,0.4591817335,0.1287623151,28.406661775,75.185607706,0.6717731025
51001,VA,Accomack County,12238.668872,73.816273415,0.297,0.4160955317,6.4,0.0352425626,0.1094390101,0.83,10.545027266,56039.0,0.0832011493,0.1115552874,25.335697998,99.141386633,0.7048664522
51003,VA,Albemarle County,5377.8156871,81.45895265,0.173,0.794465946,6.9,0.026410805,0.0654436991,,10.389927882,102750.0,0.217892255,0.129725301,14.466183083,67.173280122,0.6595064797
51005,VA,Alleghany County,12094.58716,73.136732359,0.243,1.0,6.5,0.034971499,0.0647183553,0.825,16.852039097,58215.0,1.0,0.0852224305,31.445128251,111.72131589,0.805785124
51007,VA,Amelia County,11735.487791,73.565568745,0.264,0.3141349416,6.7,0.0303030303,0.1049083832,0.925,9.6618357488,71112.0,0.0071617037,0.1015000974,30.198555502,125.95796343,0.8115421003
51009,VA,Amherst County,10404.105075,75.492672689,0.241,0.8336154854,7.0,0.0318581712,0.0778515641,0.9,12.346069834,61499.0,0.0702718242,0.1033492037,31.736292566,111.53358682,0.7840497559
51011,VA,Appomattox County,7982.0197276,77.184930516,0.273,0.5598362181,6.9,0.0364338946,0.0880517504,0.875,17.912586578,64701.0,0.167442149,0.0655737705,20.348363992,96.420094937,0.775864696
51013,VA,Arlington County,3512.7283918,83.939740145,0.17,1.0,6.7,0.0213972338,0.0480822018,0.89,14.871794872,138416.0,0.9741706231,0.1421591139,12.304054398,29.116837234,0.4184524343
51015,VA,Augusta County,8022.1987469,77.956656939,0.223,0.5446074825,6.8,0.0249708758,0.0737386356,0.92,13.450502152,72831.0,0.220914476,0.087579244,14.644378497,85.076177105,0.789453074
51017,VA,Bath County,10897.485223,74.405057177,0.276,1.0,,0.0281340505,0.0682858149,,12.348728081,60234.0,1.0,0.1235884567,,110.99850393,0.7540707468
51019,VA,Bedford County,8448.7686979,76.956424951,0.211,0.5580151519,7.4,0.0290264577,0.0759534531,0.9,12.492578666,72742.0,0.1103798042,0.0839344262,31.147472902,97.105893098,0.8421310172
51021,VA,Bland County,9532.1428949,75.502283795,0.227,0.8995215311,6.3,0.0298141003,0.066936095,,9.7592713077,57748.0,0.8995215311,0.0600858369,,93.148748916,0.8085287846
51023,VA,Botetourt County,7860.6106179,77.589841139,0.201,0.697344922,7.0,0.0254429052,0.0527665527,0.93,18.163175626,84395.0,0.2335694726,0.0819990673,29.517681091,93.269173647,0.8580694391
51025,VA,Brunswick County,12611.117387,72.691033068,0.298,0.4838791091,6.6,0.0459903702,0.0944974899,0.875,8.7934174989,51441.0,,0.1055674872,50.106476262,127.92965111,0.7253521127
51027,VA,Buchanan County,16804.084812,69.36607957,0.321,0.2745271432,6.7,0.0442092154,0.0987405917,0.89,8.267879289,43446.0,0.0320314419,0.1110784602,58.547029993,135.28615964,0.8213848456
51029,VA,Buckingham County,11284.701569,74.843526516,0.284,0.3271516881,6.9,0.039233439,0.1029850746,0.875,11.777175833,57701.0,0.0529006182,0.0962613557,27.398868818,105.57927831,0.7642692181
51031,VA,Campbell County,8566.2558224,76.463670565,0.246,0.4907174662,7.3,0.0328464362,0.0740984068,0.9,12.694728061,69570.0,0.0609738581,0.0771911647,19.284427222,92.459979332,0.755298913
51033,VA,Caroline County,10346.656169,74.924689796,0.239,0.4665069447,6.9,0.0310268562,0.0799922825,0.84,10.326376068,80562.0,0.0173212031,0.088167465,43.547993075,107.29475862,0.8174657534
51035,VA,Carroll County,10357.710058,74.553168482,0.27,0.5944434917,6.6,0.037485538,0.0987240384,0.91,13.037362336,53694.0,0.0952152289,0.085947572,22.658011306,94.789296934,0.7783558793
51036,VA,Charles City County,9317.1388077,75.933025768,0.258,0.1909050642,5.6,0.0318059299,0.114340263,,16.654049962,73068.0,0.040897682,0.11988514,,97.276264591,0.8574821853
51037,VA,Charlotte County,13862.392622,71.744410134,0.297,0.1643681152,6.9,0.0348053892,0.0853588296,0.925,13.071895425,50878.0,0.0082400902,0.1761523989,57.565552773,153.68590017,0.7113178966
51041,VA,Chesterfield County,7543.7325114,77.793324905,0.197,0.8071145638,5.6,0.0287088036,0.0699768674,0.89,8.1657893068,99401.0,0.2460883066,0.1056071781,30.884795199,77.680144679,0.773037169
51043,VA,Clarke County,7634.2160208,77.277988744,0.202,0.7199485896,6.8,0.0250699924,0.078286055,0.975,14.411109655,101205.0,0.1348846648,0.1030534351,29.037950367,97.414457929,0.8207396921
51045,VA,Craig County,12978.106105,73.843315992,0.251,0.940106296,6.3,0.0324347094,0.077281447,,6.1893955024,61531.0,0.940106296,0.0936073059,,112.0717259,0.8304794521
51047,VA,Culpeper County,8349.2236914,77.014031672,0.242,0.5985500076,6.9,0.027504011,0.0888944449,0.81,8.642724481,90465.0,0.1431915056,0.1196097994,36.522105159,89.094394948,0.7451571244
51049,VA,Cumberland County,9215.3761116,76.567585126,0.248,0.376124031,6.7,0.0351022094,0.0763275839,0.875,3.0781859224,55713.0,0.2731782946,0.1283120707,34.059945504,105.90415674,0.754491018
51051,VA,Dickenson County,13594.869664,71.912071586,0.277,0.5759699802,6.7,0.0435908502,0.0847254176,0.825,2.1857923497,48157.0,0.2133956386,0.1111768185,64.919451791,153.34156834,0.7460206402
51053,VA,Dinwiddie County,10647.269303,74.661648743,0.249,0.372097184,7.0,0.0325329202,0.0714639528,0.86,7.4571215511,83334.0,0.0193580706,0.1134652074,33.034060476,94.476641708,0.7824877721
51057,VA,Essex County,12685.258772,73.041388168,0.291,0.575525993,6.2,0.0366261666,0.0986180905,0.875,12.22953904,62679.0,0.1714312671,0.139656816,49.772911093,118.47902551,0.6894904459
51059,VA,Fairfax County,3771.4595479,84.536552014,0.166,0.9973467999,7.9,0.0248182009,0.0760920566,0.91,8.9165629329,141353.0,0.9598673052,0.1194074933,10.528163859,36.789195466,0.6834608385
51061,VA,Fauquier County,6682.5290614,79.045083386,0.172,0.5616126734,7.1,0.0252539613,0.0703986292,0.92,11.920068574,111254.0,0.2049005098,0.1101050486,23.198689956,73.257642984,0.7813142466
51063,VA,Floyd County,8542.3032392,76.377302391,0.205,0.2708064099,6.4,0.0261437908,0.0761275008,0.925,12.804917088,61164.0,0.0100155079,0.0962368908,23.42319322,122.28364711,0.8395247406
51065,VA,Fluvanna County,6850.4533872,79.69255427,0.222,0.4892656611,6.9,0.0253872927,0.0588908493,0.92,5.6820199581,86462.0,,0.0944376528,21.607605877,80.811316496,0.8841088674
51067,VA,Franklin County,10173.610147,75.660396237,0.207,0.4378545074,7.1,0.0298452469,0.078564862,0.86,9.0786941206,63692.0,0.0839069699,0.088898183,39.716209629,108.11160278,0.7971001601
51069,VA,Frederick County,6971.9515369,78.454873015,0.226,0.7675647294,7.2,0.0248635878,0.0820405494,,7.890500889,92108.0,0.0633019394,0.0911133749,22.509084023,69.71839451,0.7802143398
51071,VA,Giles County,12049.244716,72.222818463,0.24,0.8389229761,6.6,0.028841551,0.0713950211,0.825,11.548045949,63384.0,0.4454041818,0.0799754864,30.194452273,112.92376445,0.788742798
51073,VA,Gloucester County,8639.405868,76.073874132,0.206,0.7474361293,6.3,0.0264851115,0.0799603555,0.87,9.1155394627,79016.0,0.1756348325,0.0871002564,30.166952534,77.077150557,0.7983588115
51075,VA,Goochland County,6389.7868972,80.187474873,0.162,0.6206171392,7.0,0.0285175776,0.0394240476,0.96,15.703397296,122002.0,0.0,0.0657238783,19.729573315,73.968705548,0.8634774793
51077,VA,Grayson County,9844.664735,74.618904098,0.287,0.6684275745,6.4,0.0273493976,0.0721204565,0.975,7.1693932086,42665.0,0.3005282724,0.073918168,,81.420595533,0.8190906159
51079,VA,Greene County,6742.9091934,78.321247926,0.225,0.6173608408,6.6,0.0250637988,0.087928814,0.96,2.3688823613,83927.0,0.0953191903,0.0817074768,25.720991544,86.440611371,0.7957532861
51081,VA,Greensville County,12862.495638,71.413277771,0.288,0.2356246159,6.6,0.0374680009,0.0585292646,,0.0,53908.0,0.0897199543,0.1414004079,35.35338656,98.407900749,0.6895213454
51083,VA,Halifax County,13970.746503,72.078176027,0.266,0.4573805185,7.3,0.0396694215,0.0878175306,0.82,14.267031269,50813.0,0.0108165305,0.1400487536,47.517695392,122.451877,0.7056242229
51085,VA,Hanover County,6976.1923699,77.873921062,0.208,0.8565180625,7.4,0.0250886811,0.0556093328,0.93,12.219093662,111485.0,0.0798697933,0.0803874092,27.944459635,78.494655062,0.8280967343
51087,VA,Henrico County,7786.6712262,77.167415297,0.199,0.9593467488,7.2,0.0289326297,0.0678240724,0.88,12.037297657,85877.0,0.403894865,0.1287515366,33.856595844,75.721050392,0.6461847064
51089,VA,Henry County,15807.413831,70.858714606,0.305,0.3935973934,7.4,0.0346889952,0.0841062855,0.82,13.625616158,51959.0,0.0920153882,0.0910398685,84.406133069,164.30331821,0.7609130371
51091,VA,Highland County,9675.5971327,78.912709666,0.204,0.6303763441,5.5,0.0232403718,0.0841514727,,0.0,56021.0,0.2750896057,0.0251046025,,,0.8813559322
51093,VA,Isle of Wight County,8260.2773865,76.831863508,0.225,0.7113402062,6.6,0.0282510989,0.0621424776,0.91,12.203930164,88536.0,0.2129461742,0.1029869528,25.607320279,77.922349594,0.8132373914
51095,VA,James City County,5815.5039949,81.105494217,0.167,0.9775730314,6.5,0.0280816155,0.0596429239,,9.1134127268,109735.0,0.5444450124,0.1094712942,17.176875736,61.795701368,0.7884915952
51097,VA,King and Queen County,13003.960601,73.666291586,0.27,0.2898002421,6.3,0.0266465561,0.0947616245,,13.396844299,66578.0,0.1183414044,0.1906812843,54.128530656,157.02695629,0.7739872068
51099,VA,King George County,7990.8970648,77.615314885,0.197,0.6925869102,6.5,0.0262857909,0.0635755459,0.91,8.6157380816,101323.0,0.127231224,0.0842667763,29.011435341,77.128187047,0.7610610509
51101,VA,King William County,9661.5180059,75.23763437,0.222,0.6449185851,6.7,0.0270791075,0.0708811006,0.925,5.4077438892,88124.0,0.0944413251,0.1018950437,36.82969947,92.769625867,0.8879831342
51103,VA,Lancaster County,10856.084062,75.273185383,0.236,0.7090392893,6.0,0.0372497824,0.1028253821,0.825,26.046511628,66220.0,0.0694202766,0.0839723209,,104.31802094,0.7980980249
51105,VA,Lee County,13058.542062,71.932803274,0.28,0.3886258062,7.1,0.0380004795,0.0829908005,0.8,5.0040942589,44110.0,0.3150678753,0.1402376033,22.320432124,114.74419053,0.7390480701
51107,VA,Loudoun County,3355.3557844,83.821644551,0.16,0.9225506522,6.3,0.0251383677,0.0558961619,0.95,7.0125091128,173655.0,0.397751325,0.0935478544,8.8111841218,28.913155438,0.7791553937
51109,VA,Louisa County,9533.2654623,75.918636702,0.198,0.3837642302,6.9,0.0265566463,0.0823223845,0.9,7.9768670855,79459.0,0.0087775295,0.0979409374,35.014005602,104.45773379,0.8122411413
51111,VA,Lunenburg County,11615.954935,73.976621212,0.277,0.2248659517,6.8,0.0332399627,0.1081707317,0.825,13.298977641,51013.0,,0.0824455767,,123.95464913,0.7192118227
51113,VA,Madison County,7226.7703236,78.413695603,0.218,0.4928814049,,0.0229899987,0.0941077125,0.925,10.0,76864.0,0.0487099805,0.0893365893,,100.28019466,0.7956231454
51115,VA,Mathews County,10352.143338,75.825760087,0.205,0.4835345131,6.0,0.0280551593,0.0719148193,0.875,17.667844523,73034.0,0.0271885621,0.0435868962,,98.991666283,0.8561189275
51117,VA,Mecklenburg County,12700.35691,73.009420205,0.264,0.557142386,7.0,0.0356344118,0.0940095176,0.86,16.389143831,53288.0,0.0177776312,0.1183215224,31.716519932,113.96981765,0.7192982456
51119,VA,Middlesex County,13582.442351,73.471325641,0.241,0.3925647059,6.2,0.0270524141,0.111980987,0.925,15.535045234,67586.0,0.0028235294,0.0773719473,,123.03333085,0.8569617579
51121,VA,Montgomery County,6129.7766074,78.740877664,0.214,0.8467323833,6.8,0.0280893651,0.0606242738,0.94,11.626143659,67620.0,0.4866878591,0.1678436911,17.24260343,60.004175966,0.5473578176
51125,VA,Nelson County,8481.3491012,76.660078387,0.224,0.5152622673,6.2,0.0270984798,0.1216464891,0.875,10.92001092,77049.0,0.3233840948,0.1381188119,,125.73854495,0.7919629057
51127,VA,New Kent County,7504.8511491,77.310786937,0.184,0.85940292,6.7,0.0255997659,0.0747997784,0.92,8.8049307612,115854.0,0.0250163434,0.0777202073,31.710578925,72.025963241,0.9210759354
51131,VA,Northampton County,13341.581758,73.246239494,0.248,0.4656407751,6.1,0.0354170356,0.0990364679,0.875,10.924369748,53822.0,0.1066601531,0.1131845842,39.261876718,113.36141989,0.6521168977
51133,VA,Northumberland County,10386.15688,76.169270308,0.228,0.382718135,6.0,0.0426100909,0.097926718,0.925,17.070395058,69662.0,0.0730636033,0.103125,38.461538462,110.4844827,0.8929359823
51135,VA,Nottoway County,11495.936966,72.573167688,0.299,0.4770489707,6.8,0.0296627387,0.0936750876,0.825,16.067870686,58168.0,0.0155990283,0.1244733818,30.229093343,111.73910219,0.6924617626
51137,VA,Orange County,10005.742142,75.230621673,0.222,0.5786395984,6.9,0.0302996422,0.0788793103,0.87,7.8966070912,82738.0,0.2224857947,0.0928713434,40.753406453,115.77486078,0.7780050453
51139,VA,Page County,11040.892857,73.888480093,0.239,0.6298030284,6.5,0.0345342983,0.089939605,0.96,10.526315789,57960.0,0.3068876798,0.1307102367,33.571128829,103.91787136,0.7283626038
51141,VA,Patrick County,13654.882522,72.196510043,0.25,0.3214447978,6.8,0.0349774559,0.082081202,0.925,7.9351584198,51200.0,0.0200477056,0.0856430155,51.196480716,151.10373897,0.7718353213
51143,VA,Pittsylvania County,11015.342883,74.942969201,0.292,0.360027107,7.6,0.0307642696,0.0870844637,0.87,13.84440886,54627.0,,0.1216068117,29.481460055,116.24933157,0.7874396135
51145,VA,Powhatan County,7780.3669637,77.888630833,0.18,0.6343586193,7.1,0.0265381569,0.0632420844,0.92,6.9865667376,100814.0,0.0,0.0693258223,34.49279424,81.127072698,0.9314859654
51147,VA,Prince Edward County,10738.39958,74.009770162,0.279,0.7886402124,6.7,0.0413806629,0.0839831175,0.825,10.489351028,55264.0,0.4868872717,0.1564014827,20.937710312,92.348402106,0.5994708995
51149,VA,Prince George County,7210.1198249,78.869646486,0.254,0.4597767961,6.9,0.0338535112,0.0642493409,0.9,6.0277275467,82207.0,0.2202511044,0.0946930281,24.859663192,63.638849529,0.7392671804
51153,VA,Prince William County,5612.7676129,80.596432187,0.204,0.9738658327,7.6,0.0273813308,0.0993340861,0.88,5.996595084,128758.0,0.584460104,0.119293136,18.590854682,44.564737093,0.7438182771
51155,VA,Pulaski County,11044.192561,73.617296864,0.221,0.8013905325,6.8,0.0279850746,0.0647042265,0.9,14.834154157,59839.0,0.2484023669,0.1191900267,40.433925049,109.1490504,0.7215348255
51157,VA,Rappahannock County,9336.2642626,78.847837629,0.225,0.3869080022,6.2,0.0258370683,0.0957009346,0.875,9.330845108,88237.0,0.219379423,0.0996402878,67.662050611,133.18474627,0.7787486893
51159,VA,Richmond County,8751.6110405,76.350810509,0.287,0.5522806231,6.0,0.0313432836,0.0961403509,0.975,17.621145374,61655.0,0.1958982405,0.1031406138,,101.70465852,0.7052200614
51161,VA,Roanoke County,7603.7501198,77.522282596,0.207,0.7278007614,7.2,0.0257097052,0.0652409606,0.91,11.96937491,80929.0,0.0504389811,0.0766876734,29.85986695,89.234910377,0.7626366904
51163,VA,Rockbridge County,10445.854858,76.186041622,0.233,0.5721854305,6.5,0.0273338177,0.0726452906,0.85,11.065374231,64813.0,0.2393377483,0.0772397357,17.649394773,89.131278901,0.7843383585
51165,VA,Rockingham County,7167.1792597,78.064471508,0.225,0.5680002865,6.1,0.0251680901,0.0925576978,,12.998114688,79332.0,0.1711379347,0.0824230707,13.881342286,76.565806866,0.7517785821
51167,VA,Russell County,12093.477958,73.077916773,0.287,0.4860556224,6.6,0.0363215526,0.0818422281,0.88,8.2521219742,51459.0,0.0873123618,0.0976686865,16.742868182,82.455966224,0.7579751671
51169,VA,Scott County,11805.834611,73.373362401,0.25,0.5014831294,6.8,0.0322649345,0.0719349593,0.84,5.1219966474,46015.0,0.2264089729,0.1129881258,26.346785692,119.86174088,0.7832644397
51171,VA,Shenandoah County,8072.1919044,76.565025189,0.239,0.5905264111,6.4,0.0266953998,0.0859368264,0.94,14.677103718,75129.0,0.2108812746,0.1313261481,21.702525725,86.527919978,0.7241592622
51173,VA,Smyth County,14259.323978,70.781805225,0.299,0.7880872483,6.3,0.0319835473,0.0791653607,0.92,9.5079629189,52646.0,0.4271812081,0.0981909971,37.071987059,126.34365474,0.7086991221
51175,VA,Southampton County,10093.206232,75.331440383,0.225,0.3259057568,6.4,0.0255939525,0.0684734954,0.875,11.153245594,65742.0,0.0800733496,0.128011118,18.66577071,79.963059319,0.7480760854
51177,VA,Spotsylvania County,7823.2625742,77.90463708,0.205,0.7189928016,7.1,0.0300495923,0.0798694303,0.87,5.9309554974,109834.0,0.2295118259,0.1091337398,39.644320485,83.087122783,0.7964670787
51179,VA,Stafford County,5975.9985066,79.323247148,0.197,0.8408686842,7.2,0.0293331963,0.0598970256,0.92,5.5086301873,130751.0,0.1229233975,0.0822652933,24.116173429,55.623099916,0.8082792493
51181,VA,Surry County,9577.7958865,75.599354322,0.249,0.0998323426,6.3,0.0265674814,0.0650727651,,16.853071855,68714.0,0.0970888584,0.1076335878,,89.677778465,0.8021778584
51183,VA,Sussex County,11726.592221,72.233420812,0.272,0.2717702466,6.5,0.0405405405,0.0787719026,0.875,12.172284644,53020.0,0.013482316,0.0930434783,,113.21305967,0.6928475034
51185,VA,Tazewell County,15250.072398,70.531870002,0.267,0.7121373272,6.5,0.0401650442,0.0797312275,0.83,11.300570051,45959.0,0.2529125133,0.1025181051,65.682810227,149.70876193,0.7304871168
51187,VA,Warren County,9847.2158275,74.729130218,0.237,0.8245881111,6.5,0.0285419209,0.0860599559,0.9,10.376447876,89337.0,0.3113413706,0.1223792618,48.029957669,98.026176437,0.7618024354
51191,VA,Washington County,11009.9008,74.297646074,0.244,0.6257532215,6.6,0.0294860368,0.0728408711,0.91,10.378442492,57758.0,0.0962825623,0.0807833537,24.180348197,92.788479382,0.7582059861
51193,VA,Westmoreland County,10259.164687,75.338351879,0.272,0.2198408833,6.2,0.0326742976,0.0986643052,0.9024566474,18.704574605,66975.0,0.0519564864,0.1464751958,28.781119586,109.36491792,0.7906339519
51195,VA,Wise County,13685.066166,70.832183259,0.278,0.7789094935,6.7,0.0416441737,0.0826318635,0.95,8.4695519607,50442.0,0.4954885137,0.1079498536,36.94331049,107.2581655,0.7413020277
51197,VA,Wythe County,12204.79296,72.579749155,0.219,0.7130081301,6.4,0.0297643654,0.072363887,0.9,9.9605136779,59026.0,0.2727465536,0.108463575,27.087823435,96.946194862,0.7658115521
51199,VA,York County,5165.6984542,80.866609823,0.191,0.8993504176,6.6,0.0273788282,0.0604924406,0.96,7.7094517879,101987.0,0.5354843315,0.1095144281,14.187415762,57.828247229,0.7118169786
51510,VA,Alexandria city,4702.0262508,82.180311001,0.16,1.0,7.4,0.0233804095,0.0807591058,0.8,20.896961903,109902.0,0.9499457568,0.1528681254,14.287024183,41.195819575,0.4203639066
51520,VA,Bristol city,12792.80464,71.68576327,0.262,0.911783495,6.0,0.0365302698,0.0793159483,0.825,20.029455081,45240.0,0.5090307219,0.1514892404,33.100977452,112.29048959,0.6314999318
51530,VA,Buena Vista city,13635.750987,71.235837522,0.284,0.8503237464,,0.0265837104,0.0728175424,0.875,12.137763617,53778.0,0.5250715254,0.1363828886,,95.948497323,0.5718115664
51540,VA,Charlottesville city,6526.4230184,78.305871099,0.23,1.0,7.0,0.0243736794,0.0797277589,0.9069640288,24.904678994,72542.0,0.9000708869,0.2081572274,25.363237798,67.701325746,0.4372810803
51550,VA,Chesapeake city,7790.7649674,76.871938587,0.217,0.9442150251,6.8,0.029007526,0.0682320115,0.9,8.9509204398,91582.0,0.6206990562,0.1405538841,24.774630778,64.042667115,0.7377572785
51570,VA,Colonial Heights city,13353.409051,71.758146736,0.225,0.8043478261,7.0,0.0312358019,0.0704397394,0.86,10.385918881,70161.0,0.3361034673,0.1340544982,48.352302313,105.64765384,0.6807157058
51580,VA,Covington city,15933.419777,69.122364752,0.247,1.0,6.3,0.0413005272,0.0690804087,,29.934847684,49519.0,1.0,0.1291418862,,135.55452502,0.7144003209
51590,VA,Danville city,17832.97179,68.316568031,0.331,0.9094153557,7.4,0.0456961234,0.0837422726,0.73,18.707523266,45423.0,0.1289739375,0.1724291769,37.807791623,141.91660571,0.4903928725
51595,VA,Emporia city,21097.558635,66.764192362,0.337,0.9559486646,6.4,0.0458675898,0.0844835792,0.775,23.71829958,45894.0,0.2096774194,0.170620438,60.957025297,126.52575171,0.3839567373
51600,VA,Fairfax city,7713.7757,76.056110898,0.196,1.0,7.5,0.0243479572,0.0876729144,,23.354137306,119079.0,0.9917170546,0.1605483798,23.435346016,80.902809309,0.6933828347
51610,VA,Falls Church city,6198.9043923,78.256738301,0.136,1.0,7.3,0.0233825199,0.0385356455,0.98,12.340600576,145755.0,0.6468140265,0.1028068427,32.029283917,58.824334122,0.5020650917
51620,VA,Franklin city,19348.636283,66.648797005,0.281,0.9797066015,6.3,0.0383747178,0.0715724245,0.775,13.338183582,53310.0,,0.1515339324,,119.1747151,0.5339433294
51630,VA,Fredericksburg city,10344.901827,74.627977279,0.245,1.0,7.0,0.0340140655,0.0870220462,0.82,15.996105296,75915.0,0.5537131013,0.1804096171,54.262491918,89.781485676,0.4156252731
51640,VA,Galax city,19228.01805,66.366427877,0.298,0.9842261905,6.4,0.0385940731,0.099384504,0.875,16.344725111,46891.0,0.4194940476,0.114973262,,132.4870594,0.6163429828
51650,VA,Hampton city,10726.687521,74.613686128,0.227,0.8029646805,6.0,0.0372263434,0.0608000727,0.93,9.1279874237,67764.0,0.4208592178,0.1822682827,33.070150056,90.578910994,0.5562521649
51660,VA,Harrisonburg city,5913.608136,78.243066,0.274,0.9873779287,6.8,0.0350282486,0.131702584,0.8942857143,14.464990813,58597.0,0.2110433474,0.1841475096,14.121392626,49.459559201,0.3993999192
51670,VA,Hopewell city,19634.606619,67.300623399,0.316,0.9004906004,6.9,0.0443730549,0.0741310692,0.83,11.323055483,49111.0,0.814613815,0.2120204036,99.303415745,178.69403708,0.5553196008
51678,VA,Lexington city,5114.4770739,78.715657991,0.196,1.0,,0.0442629996,0.0401916423,,22.797371597,62342.0,,0.1348766985,,62.544188829,0.5167394469
51680,VA,Lynchburg city,11250.794513,73.448999816,0.229,0.9838752547,5.4,0.0422873221,0.0703845289,0.78,16.774502756,58962.0,0.3246718728,0.1621340413,32.10246105,92.539669579,0.4906752187
51683,VA,Manassas city,8307.4600815,76.652205057,0.237,0.9992050874,7.4,0.0249944009,0.1396269529,0.8,10.318465363,92198.0,0.7287477789,0.1366734339,38.821413575,66.524683529,0.7217434656
51685,VA,Manassas Park city,6335.2047713,88.913943176,0.278,1.0,7.3,0.0255314922,0.1405213429,0.88,2.3947793809,92611.0,0.8676462048,0.111981206,25.140691176,27.747589428,0.6757018393
51690,VA,Martinsville city,19660.896455,65.781186288,0.313,0.8177233964,7.2,0.047272081,0.0779601944,0.825,26.229508197,44547.0,0.1494252874,0.2003370155,68.186983862,187.53939096,0.5666488699
51700,VA,Newport News city,10685.841516,74.232712214,0.236,0.996010674,6.7,0.0340244492,0.0712366949,0.91,10.03765477,63911.0,0.6850365375,0.175154018,36.86434105,93.618280294,0.4809097865
51710,VA,Norfolk city,11579.074586,73.282977119,0.234,0.9226192727,6.1,0.0337212378,0.0814882994,0.82,11.03027962,61098.0,0.6787378416,0.1951643009,43.185485176,96.768402904,0.456916904
51720,VA,Norton city,21701.119175,64.963641282,0.282,0.9262272851,6.4,0.0412561576,0.0592239619,0.925,0.0,42618.0,0.6823976132,0.1685467817,,140.55911292,0.5228589826
51730,VA,Petersburg city,24086.456508,64.32283957,0.292,0.9366369777,6.9,0.0544196772,0.0754888242,0.8,14.673294604,46216.0,0.7130432184,0.2296957857,112.06036867,202.89420784,0.3825232261
51735,VA,Poquoson city,7082.1354303,78.206625093,0.169,0.9573033708,6.4,0.0250267053,0.0495827197,0.925,6.3582896201,108161.0,0.569823435,0.1131664853,29.401544918,64.647509455,0.8518359459
51740,VA,Portsmouth city,15223.011014,70.464624636,0.265,0.9279272839,6.8,0.0365259561,0.0704340914,0.81,8.4510816354,57012.0,0.3938518102,0.2125466454,75.871749154,136.95398471,0.5685014366
51750,VA,Radford city,8738.9042666,74.813592435,0.233,0.7705662726,6.7,0.0359866796,0.0591120507,0.96,13.143744772,47325.0,0.6458618544,0.2001170275,27.188689505,51.089918256,0.4267272727
51760,VA,Richmond city,12129.699111,74.436508826,0.239,0.9118882662,7.2,0.0349739999,0.0856186451,0.67,13.775365636,64903.0,0.647142668,0.2128778322,83.693559519,132.03258721,0.4345391355
51770,VA,Roanoke city,15725.19799,70.159693009,0.268,0.9726830049,7.1,0.0319292668,0.0851578411,0.79,16.556460597,51782.0,0.5350511444,0.1718477456,91.287148798,167.93544489,0.5169817403
51775,VA,Salem city,10540.99947,73.210714399,0.206,0.9025092717,5.9,0.0294361839,0.0552897395,0.9,15.280335384,63701.0,,0.1277439024,52.468649982,122.66079572,0.6352071006
51790,VA,Staunton city,8560.0676486,74.938356885,0.239,0.9867961165,6.5,0.0262707912,0.0722394746,0.8543438914,21.232242125,59926.0,0.543961165,0.1273072747,15.634160641,75.034160289,0.5949277915
51800,VA,Suffolk city,9290.4387585,75.38729026,0.226,0.8319621729,6.7,0.0308304432,0.0636933284,0.81,10.655895755,81297.0,0.3369131928,0.1475323524,29.794487327,69.077016636,0.703605957
51810,VA,Virginia Beach city,6864.424363,78.733639117,0.179,0.9593988726,6.2,0.0282678269,0.0721517413,0.92,7.6379774285,90275.0,0.3645417546,0.1520572146,25.430169268,65.042186901,0.6492157953
51820,VA,Waynesboro city,11090.004266,73.573244506,0.233,0.7489187241,6.6,0.0292094685,0.0879879232,0.81,17.537706068,56438.0,0.0270769508,0.1437703028,30.837457231,93.509884701,0.5957380457
51830,VA,Williamsburg city,7519.0077663,78.648431788,0.216,0.9961102107,6.4,0.0403306256,0.0782661048,0.91,13.828650449,70270.0,0.7723824959,0.1907717774,23.52538603,60.045948204,0.5258395335
51840,VA,Winchester city,11478.228112,74.197776085,0.241,1.0,6.9,0.0284032753,0.1054983749,0.9016853933,17.898052692,63514.0,0.3521692745,0.1719232569,41.780069713,84.311007588,0.4185695247
53000,WA,Washington,6780.921512,78.818229166,0.171,0.8563979691,10.3,0.0409561706,0.0724173979,0.8361138955,8.2509331749,94553.0,0.5678898667,0.1419340971,28.951563199,78.926571522,0.6388534834
53001,WA,Adams County,8360.542419,77.001990968,0.268,0.8068694513,14.5,0.0460451097,0.1317361956,0.8113333333,10.495682458,67056.0,0.0136806869,0.1216905114,,68.080236011,0.6905253134
53003,WA,Asotin County,9609.8485661,76.694406098,0.192,0.8781242989,10.7,0.0340641762,0.067863792,0.7701403509,6.6642971388,64789.0,0.3505496971,0.1158338741,31.007751938,102.73032404,0.7359610087
53005,WA,Benton County,7204.0593401,77.840331499,0.208,0.7531722361,16.0,0.0454344659,0.0829911135,0.8251466905,8.0360541564,83040.0,0.1656620245,0.1095749923,20.341935217,67.599605605,0.6849509753
53007,WA,Chelan County,6380.1700136,79.2911446,0.177,0.8491792498,10.1,0.0426858082,0.1280224179,0.8458133971,13.262267598,74848.0,0.6681589397,0.1096482344,21.084057922,84.572106024,0.6332846715
53009,WA,Clallam County,8714.8283304,77.272649719,0.179,0.7811288964,6.9,0.0524207238,0.092931433,0.6155699856,8.6112717692,67071.0,0.3525889443,0.1262768898,38.021026909,117.4806582,0.7276085755
53011,WA,Clark County,6422.0728395,78.574991011,0.149,0.9048461091,13.4,0.0431972132,0.0688772381,0.8435588091,6.5211628181,97240.0,0.6196546469,0.1299221299,23.540242668,79.835007651,0.6620869035
53013,WA,Columbia County,9104.8402484,76.615318917,0.201,0.820597166,10.1,0.0440069485,0.0763840224,,9.9354197715,66267.0,0.050354251,0.0865654862,,89.285714286,0.7785412262
53015,WA,Cowlitz County,9700.8564083,75.09348022,0.212,0.6712453716,10.3,0.0506738656,0.0748169692,0.8204122012,8.6641180464,71996.0,0.5153345977,0.1392613503,29.266748494,88.018166372,0.6615218042
53017,WA,Douglas County,5503.5527262,80.674602414,0.209,0.873212539,11.1,0.0468075333,0.1299941039,0.8848869144,5.2045619117,69808.0,0.1981694536,0.1050307733,9.1290852657,57.396319289,0.6841100076
53019,WA,Ferry County,13026.273619,73.455021337,0.228,0.754388409,11.8,0.0836236934,0.0886953079,,8.0558539205,57090.0,0.5493173586,0.1023113528,,150.96938235,0.7562141491
53021,WA,Franklin County,6306.851914,78.880955389,0.255,0.6157376304,15.1,0.056999586,0.1342343186,0.8004105263,3.9522487282,82542.0,0.0902955069,0.107914431,21.767152686,52.523832172,0.7007692836
53023,WA,Garfield County,10096.891598,76.973428458,0.211,0.4291338583,9.8,0.0549872123,0.0700636943,,12.695725772,63313.0,0.4291338583,0.1183550652,,95.893993549,0.7690114068
53025,WA,Grant County,8460.0811668,76.85429364,0.266,0.6848662773,15.3,0.0524673619,0.1295661162,0.8084983389,7.7977712193,71374.0,0.1874438829,0.1200230115,27.243882586,79.024451213,0.6564546983
53027,WA,Grays Harbor County,10512.582679,74.643201978,0.222,0.5963826749,6.8,0.0632412434,0.0986356085,0.7733627717,9.8652612996,65758.0,0.4412184674,0.116069896,47.861671068,110.61508853,0.7261023281
53029,WA,Island County,5964.8433964,80.761204667,0.148,0.826553991,9.2,0.0433764766,0.0671524412,0.8902684564,8.8888888889,88451.0,0.5593561832,0.1492790257,16.918456883,78.897391499,0.7464606378
53031,WA,Jefferson County,8179.7862501,80.096422307,0.147,0.8141431907,8.0,0.050219912,0.0790139704,0.8174157303,9.2292119444,77856.0,0.47248082,0.1503774076,27.028650369,123.28800566,0.7969175538
53033,WA,King County,5528.8231324,81.056605929,0.133,0.9786960688,10.2,0.0339570519,0.0573159582,0.8631370367,8.6951189546,120672.0,0.8815729124,0.149707091,30.573751706,67.459537133,0.5608767677
53035,WA,Kitsap County,6098.9477085,79.536640666,0.154,0.828290598,7.5,0.0411699548,0.0707120215,0.8283949802,8.0310293043,98894.0,0.5666500974,0.1278652648,20.7329523,71.959193354,0.7014935113
53037,WA,Kittitas County,5849.1531809,79.804026773,0.193,0.745945824,9.9,0.0509688835,0.0836510125,0.8677750611,9.5155900772,66374.0,0.2554751111,0.1989643391,19.300603323,64.628323363,0.6234885975
53039,WA,Klickitat County,7486.1380412,79.437648471,0.208,0.5982845832,11.4,0.0505321897,0.0965353693,0.8165942029,6.8755102918,69596.0,0.3123817902,0.1142148404,17.369655212,98.57592987,0.7553713935
53041,WA,Lewis County,9176.6280332,75.597313346,0.202,0.5736649259,9.3,0.0539471421,0.0903778322,0.8251113586,7.2625043926,67877.0,0.3460541212,0.1302474062,34.54066866,97.285704581,0.7416290153
53043,WA,Lincoln County,7268.5389487,79.405327443,0.21,0.3669547628,12.7,0.0485665383,0.0793873495,,17.239893113,71908.0,0.1298271423,0.0881822282,,80.932340563,0.7851470273
53045,WA,Mason County,9816.3837942,76.561249931,0.197,0.6658552171,6.8,0.0549415975,0.1045054813,0.7763790447,6.0147287504,75138.0,0.2680065727,0.1311849888,44.606749835,110.91947187,0.8111772356
53047,WA,Okanogan County,9893.2484795,76.052597479,0.239,0.5335597568,15.1,0.0547945205,0.157365652,0.84004,12.521158439,58085.0,0.2531350941,0.1359423275,37.388710167,123.61578522,0.7171664342
53049,WA,Pacific County,10076.13933,76.090536298,0.205,0.5496683073,6.8,0.0601732615,0.099445774,0.7910784314,11.197279476,61773.0,0.1902418147,0.1053334605,32.373847561,118.56134035,0.8121223389
53051,WA,Pend Oreille County,13768.398164,72.885785817,0.184,0.6245802552,12.6,0.0600349718,0.0772616137,0.8816878981,8.4632202553,63611.0,0.3901201403,0.0884229717,35.537444621,148.1268426,0.7723451707
53053,WA,Pierce County,7855.1274144,77.386202216,0.182,0.8162094384,9.5,0.0469247841,0.0662410988,0.8355173114,6.6855010891,97493.0,0.5136951353,0.1467915589,33.935940221,87.897744966,0.647937169
53055,WA,San Juan County,3315.2529485,87.429783528,0.146,0.8146503261,6.5,0.0343244174,0.0989139515,0.8306451613,12.860357947,86442.0,0.4109512031,0.1645301658,,69.334943693,0.7780389523
53057,WA,Skagit County,6898.3541541,78.53004371,0.179,0.7589926114,8.0,0.0461565946,0.0854102022,0.8346077739,10.367513093,90432.0,0.2219374165,0.1388533759,30.560479188,83.836480406,0.7064327031
53059,WA,Skamania County,5865.7695011,82.514656288,0.164,0.6112495846,15.5,0.047997113,0.0682420261,,3.2102728732,85131.0,0.3775340645,0.1288777847,,72.435137627,0.8058408862
53061,WA,Snohomish County,6059.2200521,79.264669049,0.174,0.8753594692,10.7,0.0347384098,0.0674084454,0.858293041,6.9874380862,106067.0,0.4788280068,0.1432446161,29.432766297,75.899614489,0.683906037
53063,WA,Spokane County,8069.8209858,76.89560571,0.204,0.876111314,10.4,0.0424412726,0.0619440332,0.8459076539,8.9686914443,73380.0,0.5328745001,0.1392438488,30.973764667,98.632891759,0.638904201
53065,WA,Stevens County,9095.242232,76.877859367,0.179,0.4785875767,13.5,0.0599301683,0.0779322939,0.7307053942,8.293765162,67525.0,0.2942620304,0.1041324126,16.195472309,99.571670143,0.7920244429
53067,WA,Thurston County,7249.4162308,78.308292243,0.156,0.7566767189,9.0,0.0413774693,0.0673029476,0.8150491657,8.9369991766,92357.0,0.5105209418,0.1479142198,30.309527632,79.031778951,0.6775680197
53069,WA,Wahkiakum County,6037.1080001,79.648873743,0.193,0.6478968792,6.5,0.0637362637,0.092740646,,8.5324232082,69726.0,0.0,0.2104187947,,101.40199277,0.847976308
53071,WA,Walla Walla County,7866.569363,77.715419906,0.18,0.8390802761,12.9,0.0415056629,0.0854252611,0.8562075984,7.1093876232,71348.0,0.694714304,0.1347682415,21.521112211,79.012570477,0.6594271056
53073,WA,Whatcom County,6158.7320503,79.636309935,0.156,0.8329887545,5.6,0.0432397183,0.0777564738,0.8174519231,10.014002263,75920.0,0.2670390175,0.1739211904,22.157086502,65.301504379,0.6352923353
53075,WA,Whitman County,5805.0613431,78.072923088,0.207,0.8231505222,11.7,0.0404361264,0.0665928247,0.8772307692,8.61000861,59044.0,0.0474850437,0.2473320042,11.035091591,53.494060526,0.465964795
53077,WA,Yakima County,10200.794951,74.991676812,0.291,0.7714078714,14.5,0.057804004,0.1391270624,0.7883942625,7.5875191147,67112.0,0.1344613755,0.125437042,32.944837008,92.248156221,0.6242083771
54000,WV,West Virginia,13324.075214,72.148313624,0.279,0.5878974152,6.7,0.039021292,0.0741239201,0.9110554233,12.562276217,55875.0,0.1455966273,0.1019648803,77.972607396,146.21601607,0.7430639492
54001,WV,Barbour County,12789.289782,72.048230912,0.333,0.1452311672,6.2,0.0484433896,0.0757458516,0.925,5.8388478007,51353.0,0.0438409311,0.0956348488,38.034061615,125.77519863,0.7930505876
54003,WV,Berkeley County,11451.372816,73.25304764,0.256,0.5589223107,7.5,0.0340399614,0.0717941206,0.97,7.2592478184,78995.0,0.0580294243,0.1031992821,77.313309539,140.88452681,0.7539688968
54005,WV,Boone County,17744.283107,68.870466508,0.353,0.014856252,7.0,0.0420515649,0.0688932709,0.91,6.6768409004,48034.0,0.014856252,0.0907866379,108.94450146,190.17640501,0.79110717
54007,WV,Braxton County,12079.215653,73.540831923,0.337,,6.4,0.0506329114,0.0817133816,0.975,8.2068116537,50038.0,,0.0629306385,68.180626213,169.23541856,0.7925206
54009,WV,Brooke County,11823.267382,73.082235547,0.285,0.6884170398,8.2,0.0501810657,0.0565954218,0.9,16.104541481,49187.0,0.1573651314,0.056389318,68.653027599,116.69356089,0.7337077461
54011,WV,Cabell County,17385.204007,69.468349412,0.317,0.8128033916,6.8,0.0366380872,0.0781141218,0.86,14.34271541,55031.0,0.0829888712,0.1544297667,131.77934521,201.33677248,0.635060555
54013,WV,Calhoun County,14163.744323,71.477695637,0.381,0.28415476,6.8,0.0718031464,0.0752448798,,4.9439683586,45793.0,,0.0430510061,,140.08106819,0.8235048097
54015,WV,Clay County,16179.52407,69.324251984,0.327,,6.6,0.0580666447,0.0724256857,0.975,0.0,45291.0,,0.1369606004,83.170457853,211.23169932,0.789527027
54017,WV,Doddridge County,9796.4603196,76.751630519,0.31,0.1580430328,6.8,0.0318059299,0.0766400981,0.975,7.7942322681,56985.0,0.0046106557,0.0446735395,,115.60693642,0.8848861284
54019,WV,Fayette County,15972.817173,69.797626924,0.347,0.614478364,6.8,0.0440816327,0.0781271314,0.89,11.142907792,49739.0,0.3374580123,0.0994108984,99.608153051,166.74722088,0.7569681544
54021,WV,Gilmer County,8057.5562153,75.184002801,0.312,0.539011879,6.5,0.0530066815,0.0906228918,0.925,5.4607508532,43671.0,0.0445464363,0.0353114272,,86.022626558,0.7643626571
54023,WV,Grant County,11644.396393,74.33346122,0.327,0.5668731778,5.6,0.0375679684,0.0859574468,0.925,13.676148796,53187.0,0.360787172,0.0869886644,47.816861421,151.79595799,0.8090569561
54025,WV,Greenbrier County,14044.725917,71.3649125,0.301,0.6177335719,6.5,0.0367535467,0.0857259714,0.88,11.715739171,47309.0,0.1856445401,0.1016949153,76.487993398,149.87263788,0.7395649218
54027,WV,Hampshire County,11950.451527,74.446561502,0.301,0.3271121119,5.7,0.0284304933,0.0820754176,0.825,8.5222430544,63290.0,0.023556922,0.0901419256,60.034305317,157.10581892,0.8230787647
54029,WV,Hancock County,12479.419751,72.641665697,0.302,0.9775906513,7.1,0.057792663,0.0709405709,0.95,12.068720716,58478.0,0.0734146761,0.0989384977,62.061616647,126.3057996,0.7464897991
54031,WV,Hardy County,13699.950173,72.662276677,0.334,0.6747324988,5.5,0.043403078,0.0803040015,0.925,7.0462232244,52212.0,0.2214140849,0.083028083,47.636060498,125.11504832,0.7953968523
54033,WV,Harrison County,11897.428587,73.079225788,0.289,0.7581650764,6.6,0.0326332132,0.0768000936,0.96,18.177616884,58897.0,0.1926851838,0.0806669119,63.470141107,129.01164421,0.7363566487
54035,WV,Jackson County,11780.402233,73.211578695,0.274,0.5202043827,7.6,0.0415977506,0.0708888584,0.9,9.0200606148,52503.0,0.0820049656,0.0856397353,57.20619257,116.15635779,0.7714058496
54037,WV,Jefferson County,9061.566215,75.862407405,0.231,0.3511724234,7.4,0.0268490863,0.0644170497,0.87,7.9689380966,92747.0,0.1206564878,0.0993297338,54.908914119,112.19147345,0.7924287924
54039,WV,Kanawha County,14978.728745,70.964359577,0.294,0.7066253562,7.1,0.0360414202,0.0751565147,0.88,17.491382503,56633.0,0.2926775291,0.1066352335,104.3947746,184.28500346,0.7016769523
54041,WV,Lewis County,14631.727045,70.32740195,0.311,0.5287383315,6.6,0.0459733162,0.0717420917,0.875,10.13896344,52827.0,0.110902366,0.0981875493,50.541808184,142.51489649,0.7069164265
54043,WV,Lincoln County,17816.784261,68.694793577,0.35,0.0511655183,7.4,0.0485409253,0.0722868587,0.89,3.5174111854,47435.0,,0.0862825388,98.218744798,189.95231405,0.7472794777
54045,WV,Logan County,22019.521597,66.16952092,0.371,0.4107225105,7.0,0.0415197461,0.0836760386,0.89,6.7058372717,48745.0,0.0694261062,0.0899359481,164.36104643,218.75528868,0.7673443046
54047,WV,McDowell County,24028.99595,65.092720417,0.386,0.277222542,6.6,0.064229249,0.1042638241,0.825,5.0420168067,35161.0,0.2025011773,0.1189918992,180.69227729,268.61176047,0.7566317088
54049,WV,Marion County,11152.675027,73.499769399,0.275,0.6643892892,7.0,0.0403402964,0.0699839854,0.96,14.476694309,62449.0,0.0329685971,0.08598668,61.936098621,120.67808229,0.7581537122
54051,WV,Marshall County,10486.481623,74.33517093,0.281,0.4803700435,7.6,0.0497300586,0.0626903669,0.95,12.436138747,59661.0,0.0347487823,0.1050770397,41.124819384,105.75995135,0.7900552486
54053,WV,Mason County,15003.953868,71.136413946,0.322,0.1946332456,7.9,0.0455263678,0.0644197952,0.91,15.2,52054.0,0.0597571995,0.0582430548,94.127490457,158.79623206,0.82141815
54055,WV,Mercer County,18111.875048,68.684768823,0.297,0.5792605256,6.6,0.0440428315,0.0793934386,0.87,11.925042589,47084.0,0.0581087423,0.1043355657,118.1448979,175.88384182,0.6973743497
54057,WV,Mineral County,10865.98431,73.550202576,0.285,0.3645779197,6.1,0.040931835,0.0536387217,0.97,13.032954757,59085.0,0.0182641622,0.0923032407,43.513936892,110.99357876,0.7958496915
54059,WV,Mingo County,22436.805673,65.779653621,0.372,0.3680838425,7.1,0.0530795419,0.0952487548,0.87,6.2020998538,38358.0,,0.1226307086,119.65737133,169.34801016,0.7215133696
54061,WV,Monongalia County,7458.5559143,77.607705425,0.242,0.7645102153,6.3,0.0310493083,0.0621527087,0.95,10.012257998,62330.0,0.2216646822,0.1571321392,42.177614622,72.541800803,0.5758887311
54063,WV,Monroe County,14123.245194,72.248965725,0.311,0.4278442146,6.5,0.030033557,0.0809482194,0.975,10.572543917,47797.0,0.1471396251,0.052171966,68.679504451,155.25057443,0.8264358108
54065,WV,Morgan County,13254.400417,73.099539435,0.277,0.719861689,6.7,0.0313637965,0.0757262206,0.925,11.474469306,61802.0,0.2321397175,0.0666088716,62.828421293,140.59753954,0.8312300652
54067,WV,Nicholas County,14496.766485,71.683338466,0.313,0.4875223541,6.5,0.0464186563,0.0786019124,0.95,10.273268954,48515.0,0.2179726874,0.0854767184,52.072627612,156.97431998,0.8227201668
54069,WV,Ohio County,11927.345923,73.22486087,0.246,0.9002474956,6.7,0.0381328402,0.0655244572,0.98,18.577942915,59882.0,0.0469298763,0.1217580904,73.952011575,128.6306854,0.6736708582
54071,WV,Pendleton County,10532.949015,74.747062269,0.297,0.8683053882,5.5,0.0263866451,0.0919701214,,9.9817002163,53640.0,0.6815888003,0.0850386539,,166.40948837,0.8247063941
54073,WV,Pleasants County,8032.5801514,74.753045441,0.312,0.6824774598,7.3,0.0540540541,0.0575068244,0.975,13.182177696,60991.0,0.5163987979,0.0462563701,,85.124494573,0.8233177402
54075,WV,Pocahontas County,15349.157402,72.206215271,0.363,0.9492947007,5.8,0.0450204638,0.0985967504,0.875,7.6736155519,43632.0,0.9451010294,0.1061195614,67.085953878,143.1709906,0.8308538163
54077,WV,Preston County,11315.316059,74.044676683,0.325,0.4533843816,6.3,0.0387747189,0.0840427763,0.83,7.9012056655,54881.0,0.0382277297,0.0819658545,36.306544991,102.25734568,0.805657576
54079,WV,Putnam County,9065.2665786,75.440201026,0.257,0.670229805,7.8,0.0328338229,0.0595808252,0.98,9.1204069105,72073.0,0.0621344011,0.074037379,45.107584518,118.02631811,0.8268833736
54081,WV,Raleigh County,16995.711938,69.480244834,0.318,0.5682052795,6.8,0.0366963337,0.0785512439,0.87,9.8789824648,53456.0,0.0900778914,0.1559287308,137.99510869,204.79972112,0.7464730576
54083,WV,Randolph County,10398.314008,74.319902945,0.304,0.6786123443,5.8,0.0475704195,0.0741300271,0.93,10.144927536,50868.0,0.3430474008,0.0779459902,27.448593558,111.10246195,0.7712084738
54085,WV,Ritchie County,12149.500101,73.308782196,0.357,0.2928706774,7.0,0.0427179615,0.085180494,0.925,10.966248325,55110.0,0.01657982,0.0779771615,,125.65029539,0.8425007514
54087,WV,Roane County,12745.055401,72.653383184,0.361,0.4331337325,7.0,0.0602530629,0.0896421846,0.925,6.5057105682,48285.0,,0.08,,139.46596159,0.7706488343
54089,WV,Summers County,18193.19234,69.408530904,0.323,0.7328371937,6.6,0.0387561965,0.0827361564,0.775,10.20234654,44218.0,0.4013713521,0.0743421053,113.52937919,172.50638762,0.8086432578
54091,WV,Taylor County,10943.449772,73.634362586,0.325,0.4997306196,6.7,0.0370464028,0.0747760717,0.975,10.402643495,57821.0,0.1557018857,0.062676277,48.452546787,97.484655193,0.8285585042
54093,WV,Tucker County,9840.4460783,75.063728958,0.266,0.9874297545,5.7,0.0343959732,0.0929487179,0.825,6.0901339829,55563.0,0.9874297545,0.0662673156,,106.35155096,0.8143607706
54095,WV,Tyler County,10212.149987,74.750934587,0.293,0.6807410081,7.1,0.059348199,0.0559440559,0.975,14.664548454,58892.0,0.3517382413,0.0705802511,44.228217603,111.35329795,0.8673437004
54097,WV,Upshur County,10984.046447,74.741656488,0.345,0.6155525697,6.2,0.0462039487,0.0743717455,0.95,11.386639676,53380.0,0.1233624454,0.1265099934,34.851463064,95.575280077,0.79682937
54099,WV,Wayne County,16601.379681,70.355872854,0.323,0.4410240624,7.9,0.0411742035,0.0792069106,0.83,6.3161219012,51532.0,0.0061310348,0.0824253908,114.23626136,180.09605123,0.7746623794
54101,WV,Webster County,12111.184855,73.469245931,0.326,0.3121269993,5.7,0.051104517,0.0738794943,0.925,6.1221990939,40727.0,0.3121269993,0.1492826677,,134.56315905,0.7755461593
54103,WV,Wetzel County,15540.627995,70.186594034,0.309,0.5915385681,7.1,0.0586505726,0.0633848432,0.94,15.68627451,56296.0,0.1444398283,0.0642908309,60.326225666,149.79437318,0.8237974684
54105,WV,Wirt County,12689.469404,72.426651723,0.356,0.4653446284,7.1,0.0579839429,0.0719004065,0.925,7.8570025535,54506.0,,0.0804248862,,105.41621229,0.8628681796
54107,WV,Wood County,11835.551593,73.358277084,0.295,0.7728361963,7.0,0.0410350593,0.0781744447,0.88,16.918646508,56353.0,0.256963557,0.0810455607,53.62101944,113.97839678,0.7441886518
54109,WV,Wyoming County,17892.878912,68.675045021,0.379,0.2609671686,6.6,0.0428591179,0.0923028191,0.88,8.7689384713,47212.0,0.0209989711,0.0877144818,119.93322637,173.01542559,0.8345950038
55000,WI,Wisconsin,7447.3717007,77.817374446,0.213,0.8356507726,7.65,0.0302975961,0.0630757457,0.9023826833,11.068233914,74671.0,0.5580738678,0.1121773573,28.931221214,97.319953472,0.6788577236
55001,WI,Adams County,11056.414804,75.932958939,0.237,0.4500823085,7.8,0.0509609423,0.0850457477,0.875,6.1245642137,57944.0,0.0368935799,0.1180144642,28.754452947,135.70230791,0.8640787082
55003,WI,Ashland County,12409.809994,74.005555442,0.235,0.6864041929,5.2,0.0374501992,0.0738215488,0.8980769231,11.84612507,52158.0,0.1144318962,0.0996774689,54.666638632,143.54127764,0.7238206514
55005,WI,Barron County,7672.7792303,77.645535394,0.233,0.7368285843,6.7,0.0356843341,0.074597908,0.9160587189,15.370492923,66507.0,0.2732118773,0.0906806283,11.539682082,100.41037283,0.7677560802
55007,WI,Bayfield County,7971.2007325,79.385057575,0.202,0.6754623921,5.6,0.04536862,0.0805535841,,13.848747592,64339.0,0.3900123305,0.0865622424,24.911770812,95.849095185,0.8454837845
55009,WI,Brown County,6167.4786704,78.727876589,0.219,0.9141549453,7.3,0.0271261563,0.066141804,0.9166361696,8.2581581715,77645.0,0.6425280941,0.1005053911,21.013706159,82.647916124,0.6461795225
55011,WI,Buffalo County,5032.6280168,81.717211683,0.207,0.6413606668,7.5,0.0441439974,0.0636524127,0.9354166667,8.9612426256,73869.0,0.3485019148,0.1088534107,,63.75034152,0.7832044975
55013,WI,Burnett County,8122.0564843,79.176721975,0.238,0.6475251119,5.7,0.0459025246,0.0754470126,0.8168452381,15.261798544,67061.0,0.2889386421,0.1090186847,20.268763808,87.343872827,0.8529702272
55015,WI,Calumet County,4552.9895699,81.220724035,0.2,0.8309179665,8.2,0.0236987184,0.0419374842,0.9521331058,7.018475663,86890.0,0.6139163266,0.0785842251,12.864549162,55.530788303,0.8067699642
55017,WI,Chippewa County,6527.4732671,78.831804053,0.214,0.5775374451,7.7,0.0351894139,0.0644177699,0.945722135,10.178574102,76637.0,0.170158529,0.0932949087,15.624291237,74.877292926,0.7461512403
55019,WI,Clark County,7843.1707641,76.817915527,0.249,0.3493464901,7.5,0.0277011494,0.2003236701,0.9430481283,10.665590499,66994.0,0.1300383739,0.0869030034,12.481158251,83.506104584,0.7791522219
55021,WI,Columbia County,6231.1845623,78.544100885,0.222,0.6893315097,8.4,0.0260119157,0.0611921507,0.8988408037,12.544464111,79582.0,0.2457343136,0.0935017745,28.104548922,108.21500558,0.7690148983
55023,WI,Crawford County,6915.8074032,78.666662435,0.237,0.5398125737,8.1,0.0393226177,0.0703548331,0.9429411765,8.121446867,57014.0,0.0742257804,0.09110971,,80.720273207,0.7585896474
55025,WI,Dane County,5426.9866046,80.769546102,0.177,0.9414999715,8.4,0.0226456243,0.0456428367,0.9083295747,12.143547289,84190.0,0.7582225594,0.1317625368,26.770503772,85.912604205,0.5766310187
55027,WI,Dodge County,7420.8274515,76.727974453,0.251,0.7134323683,7.6,0.0261807087,0.0593647967,0.8584314981,10.8742439,73861.0,0.5534363954,0.0966067864,29.441628198,109.845966,0.712594127
55029,WI,Door County,5837.0913677,80.227428057,0.214,0.7939200426,7.0,0.0303399615,0.0731624264,0.9293604651,18.345017362,74247.0,0.3715492583,0.1280092259,12.389619751,113.14572892,0.7934200459
55031,WI,Douglas County,8763.2466265,76.412014051,0.185,0.8104074952,5.7,0.043485801,0.0566995275,0.9468087558,12.006161653,73372.0,0.2499604922,0.1031005662,30.291785625,94.77718205,0.7214334723
55033,WI,Dunn County,5951.5118518,79.821351916,0.225,0.5318221831,7.4,0.0338196014,0.0561025293,0.9363028953,10.295502837,71215.0,0.267715669,0.1153505404,8.7815587267,84.085776297,0.6652081294
55035,WI,Eau Claire County,6237.4073371,78.748994752,0.222,0.8208211144,7.7,0.0270532513,0.0560688416,0.8920222008,12.823272836,72806.0,0.4086841358,0.0994167176,17.579713011,76.743934861,0.6283488592
55037,WI,Florence County,7122.6173244,77.806456979,0.249,0.6285651602,5.5,0.0342935528,0.070371489,,6.3993174061,66442.0,0.5250109697,0.1155512759,,130.66005857,0.8995260664
55039,WI,Fond du Lac County,7377.1472899,77.849193071,0.23,0.7907041496,8.1,0.0265909293,0.0561671145,0.8660164271,11.652991255,73485.0,0.5590855848,0.080893992,24.75088396,102.78822727,0.703459178
55041,WI,Forest County,11728.465515,74.114015369,0.259,0.8194792461,5.7,0.0483911832,0.0950132783,,9.5938599296,59190.0,0.5141082907,0.096748186,43.479836226,138.1760758,0.8236336032
55043,WI,Grant County,7008.7050313,78.020845347,0.242,0.669028457,8.2,0.0290949888,0.0864560686,0.9132110092,11.896403776,63246.0,0.0914551966,0.1012651637,11.657502574,68.764568765,0.6908552202
55045,WI,Green County,5851.6219097,79.193219655,0.208,0.6705847464,9.1,0.0243695898,0.0634203137,0.941021978,10.04997827,78114.0,0.1956703421,0.0828546907,15.397574429,90.072492078,0.7512973285
55047,WI,Green Lake County,8058.3686569,76.867891876,0.249,0.6561152592,7.9,0.0341118957,0.0868364741,0.9405882353,15.088449532,64516.0,0.3017141655,0.0974101276,22.665062678,92.448627978,0.7500921036
55049,WI,Iowa County,5477.9200051,79.694649117,0.191,0.4083259522,8.5,0.0259336849,0.0489362825,0.9420152091,10.894615546,77433.0,0.041165802,0.0835962145,,71.603066296,0.7714802532
55051,WI,Iron County,5870.4479706,79.016123178,0.194,0.4710770735,5.6,0.0547998445,0.06150889,,4.8200514139,58900.0,0.3460974417,0.0972464273,,101.82262499,0.8691081723
55053,WI,Jackson County,9145.020118,76.41603539,0.239,0.3961693072,7.7,0.0389075539,0.0708882223,0.9135135135,10.558648493,61023.0,0.1982501773,0.1208987616,36.748845607,110.8882632,0.7744571847
55055,WI,Jefferson County,7008.2727876,78.037468907,0.197,0.7489870436,9.0,0.0275588847,0.0609978452,0.9532516494,11.19089807,82356.0,0.4630388693,0.097009612,19.549195551,90.447137759,0.7291829923
55057,WI,Juneau County,8838.6203734,76.03598122,0.235,0.5219327794,7.9,0.0319047269,0.0734834111,0.9568505338,10.049877168,63587.0,0.1020660229,0.1007759364,26.062351072,101.58350762,0.7771703882
55059,WI,Kenosha County,7666.3471914,76.73401789,0.238,0.95075406,7.1,0.0343950574,0.0649976136,0.8913952381,7.448589833,75699.0,0.7181689733,0.1324850979,32.39698155,102.71326315,0.6763614319
55061,WI,Kewaunee County,6208.5661024,79.916350668,0.213,0.4998784224,7.2,0.025023084,0.0586252107,0.9709677419,10.66770111,77472.0,0.2536594855,0.0730268011,,84.986665885,0.8531148331
55063,WI,La Crosse County,6574.5072046,78.857685737,0.182,0.8254404557,7.7,0.0256471324,0.0507299653,0.9333376178,12.80196851,71260.0,0.2073039475,0.1287130708,28.394144125,81.111717536,0.6248540846
55065,WI,Lafayette County,7605.8649527,79.442924227,0.231,0.476070074,8.9,0.0227994767,0.1038737661,0.9139140271,9.4803578835,73114.0,0.0272710854,0.0912505869,,75.325513828,0.7929383603
55067,WI,Langlade County,8311.0936034,76.703692373,0.221,0.6018162229,6.7,0.0355517017,0.0761005416,0.8711352657,14.31566031,57907.0,0.0390949669,0.0773575639,20.625644551,99.340832186,0.7795723914
55069,WI,Lincoln County,8877.311704,75.864859716,0.235,0.6668660919,7.0,0.0321697467,0.0649616368,0.9642618384,14.801240485,71871.0,0.3825092381,0.0828611316,,90.151325439,0.7840674193
55071,WI,Manitowoc County,7253.6176,78.003617118,0.205,0.7297164419,7.7,0.0300230947,0.0596814646,0.8882985258,8.6236633322,69652.0,0.3154537298,0.0819312363,24.023128474,99.877593626,0.7629948905
55073,WI,Marathon County,6974.4173344,78.402559565,0.203,0.7327208306,7.8,0.0274241883,0.0678887484,0.926286455,12.105133446,74505.0,0.4884032664,0.0879760131,16.050622691,70.201767795,0.7341620804
55075,WI,Marinette County,8697.0127235,76.023390232,0.246,0.6002101643,7.0,0.0400398825,0.0660812716,0.895508658,15.718776793,62650.0,0.3262800917,0.0721838825,19.335347432,110.78088322,0.8040236052
55077,WI,Marquette County,10606.482136,74.876625102,0.276,0.2916880452,7.8,0.0373663188,0.0678846653,0.8842672414,10.140059573,67207.0,0.1099281683,0.0935864853,21.206209178,118.98060488,0.8087487284
55078,WI,Menominee County,27936.538589,62.955563474,0.278,0.0084606345,6.8,0.0613861386,0.0393103448,0.975,7.1479628306,49791.0,0.0,0.1167434716,122.77470841,224.75950733,0.7350299401
55079,WI,Milwaukee County,11225.871111,74.340074598,0.233,0.9831206113,9.1,0.0376525338,0.0772210815,0.7819137913,8.3164518794,63304.0,0.9215201029,0.1683188573,63.150670407,140.55641646,0.4980413627
55081,WI,Monroe County,7458.2809039,76.905849539,0.226,0.5949561309,8.0,0.0267928834,0.0854737519,0.9154545455,8.458218569,63372.0,0.1637420582,0.0955228982,22.320785692,88.239874042,0.7239455112
55083,WI,Oconto County,6794.052866,78.480861838,0.239,0.5960990633,7.2,0.0326217896,0.0623506693,0.9461805556,11.101859561,69599.0,0.214269216,0.075248139,16.187847187,102.52055589,0.8452882417
55085,WI,Oneida County,6918.3967273,77.928377428,0.213,0.7181397807,6.2,0.0344164055,0.0685666018,0.9270320197,13.869988485,66650.0,0.4362002907,0.1011832154,13.366363102,111.30085603,0.8400906272
55087,WI,Outagamie County,6072.4450496,79.0206435,0.212,0.8822841562,7.5,0.0258032233,0.0520702437,0.9206624251,9.5769985478,86098.0,0.5886264125,0.0711726961,15.896918094,59.618777488,0.717396652
55089,WI,Ozaukee County,4855.0731002,81.037064517,0.169,0.96048217,6.5,0.0260379872,0.0409964254,0.9721085409,10.75164769,98394.0,0.6563391364,0.0975917524,15.605209963,80.631481086,0.7277974898
55091,WI,Pepin County,5546.0666476,81.76772156,0.22,0.6598797486,7.3,0.0312650313,0.0883033648,0.9203804348,5.3981106613,70012.0,0.2228751025,0.0604209097,,81.920209716,0.8354098361
55093,WI,Pierce County,5140.3524188,79.787843544,0.206,0.7345778452,7.4,0.0348126708,0.0504969351,0.9539393939,11.285620239,95522.0,0.1116744054,0.0994700103,15.647126014,70.380240982,0.7577545195
55095,WI,Polk County,7642.128706,77.751527616,0.227,0.6528225537,6.7,0.0412845858,0.0713675943,0.9548828125,15.314270713,71613.0,0.1126575805,0.0929171933,11.116545867,89.962440681,0.8114610441
55097,WI,Portage County,5998.9783221,79.319816019,0.212,0.7018344061,7.8,0.0296948543,0.0633952399,0.9376284875,12.160977403,71295.0,0.2723901275,0.0859638264,12.251552649,63.571533515,0.6931772169
55099,WI,Price County,6009.3070019,78.390994078,0.223,0.659171766,6.2,0.0336515887,0.0708271421,0.9107142857,16.221172156,60223.0,0.1760352924,0.0986603625,,86.482366392,0.8151362875
55101,WI,Racine County,9277.332445,75.831468032,0.245,0.9032150389,9.0,0.0355180593,0.0716241543,0.8604801568,9.3440764682,74555.0,0.783388207,0.1162886864,29.734395389,80.188376455,0.7114614014
55103,WI,Richland County,7313.2506994,78.478652867,0.221,0.4333102173,8.0,0.0301689917,0.0792854904,0.9313953488,9.362200117,60639.0,0.1775312067,0.101968851,23.273855702,87.01806495,0.7649950836
55105,WI,Rock County,8626.1828092,76.310749147,0.24,0.8782921063,9.3,0.0338885438,0.0662741411,0.9169436553,9.1429964647,73656.0,0.7239915204,0.1032921495,42.927623213,128.36060283,0.706445418
55107,WI,Rusk County,9153.4874955,76.329843746,0.224,0.3937129969,6.5,0.0372807018,0.0792888035,0.89,10.57380516,58513.0,0.2067239921,0.1153781654,23.623349318,120.30117754,0.7752037067
55109,WI,St. Croix County,4918.6212574,79.764712155,0.166,0.8073255217,7.3,0.0352614038,0.0479196841,0.9424825175,10.310674151,103731.0,0.165754362,0.0901908787,11.311457446,60.438611639,0.7893490158
55111,WI,Sauk County,7554.4995697,77.67151954,0.219,0.7428949409,7.4,0.0264679211,0.0758966124,0.9348187633,12.162305973,79349.0,0.3082128248,0.0934997206,29.09306207,105.66395781,0.731230629
55113,WI,Sawyer County,11331.271394,74.895853621,0.228,0.6676994578,5.9,0.042201382,0.0883464567,0.9158430233,9.1599762918,59053.0,0.4269115857,0.1110428694,61.620047055,133.94764495,0.7736446843
55115,WI,Shawano County,7117.6071514,77.574552943,0.218,0.478951102,7.4,0.0299863255,0.0763486009,0.9296419098,13.452037372,67562.0,0.2125192632,0.0812316357,17.138520048,98.420377425,0.7860908714
55117,WI,Sheboygan County,6925.656231,78.105228936,0.187,0.8559059254,7.7,0.0246294403,0.0543663224,0.9160380014,14.341358271,73970.0,0.3546944101,0.0789962442,26.508716522,91.639959837,0.7126815846
55119,WI,Taylor County,6979.7329516,79.234309108,0.244,0.5558680259,6.2,0.037210172,0.076433121,0.9160066007,7.5093867334,65125.0,0.2981971576,0.0875912409,,87.153737212,0.7916404381
55121,WI,Trempealeau County,6004.7769485,79.36569794,0.214,0.7953836151,7.8,0.034562212,0.0755888996,0.9320967742,11.974497557,69119.0,0.2249024707,0.0840711626,,71.145982247,0.7378695373
55123,WI,Vernon County,7508.3828186,77.767369066,0.228,0.5411538712,8.1,0.0281911755,0.1244027023,0.9320634921,12.878300064,69389.0,0.2591000847,0.0942542474,15.080356758,86.763401384,0.8107664533
55125,WI,Vilas County,10459.484927,76.461805099,0.211,0.8825009763,5.0,0.0394950751,0.0919751521,0.8679906542,18.937002904,63779.0,0.6141363301,0.1084188521,27.283562372,127.44787821,0.8347282259
55127,WI,Walworth County,7248.4055847,78.042463953,0.194,0.8221322715,9.1,0.0292480758,0.0777505281,0.963075746,9.7741506927,76573.0,0.4035575424,0.1227280428,22.142649273,85.924104193,0.7057631114
55129,WI,Washburn County,9092.2649939,75.947764176,0.225,0.6509655297,5.8,0.0374902369,0.0836018174,0.8881443299,11.826621726,63438.0,0.2305239728,0.0809399478,,100.03334445,0.8088723602
55131,WI,Washington County,5783.7977311,79.56033856,0.189,0.9353470653,8.7,0.0255070444,0.0434215532,0.9529655172,8.9332403695,93830.0,0.7080600464,0.0816590591,23.097046496,95.16349821,0.7810452888
55133,WI,Waukesha County,5179.2479578,80.33807272,0.175,0.9735219103,8.8,0.0264533705,0.0389537026,0.9602872566,10.793452784,99168.0,0.7098737524,0.1049291716,22.931998871,91.014999272,0.7642724384
55135,WI,Waupaca County,7172.9353369,76.464766633,0.227,0.7426850923,7.7,0.0304131448,0.0654926249,0.948755832,15.14916097,68545.0,0.410175249,0.1116758242,10.408399578,87.554721701,0.748414754
55137,WI,Waushara County,8260.5958125,77.607972688,0.263,0.3085644372,7.7,0.0347500668,0.0883093114,0.9634210526,15.200608024,70336.0,0.0293637847,0.1079136691,13.48563106,99.300824522,0.8301558115
55139,WI,Winnebago County,7250.0551955,77.933126777,0.21,0.8819367612,8.3,0.0265997383,0.0569563293,0.9328478002,11.188041097,70720.0,0.476742561,0.0908652824,22.76388597,80.289509032,0.6578976625
55141,WI,Wood County,7716.2697842,77.068580189,0.251,0.7941973129,7.8,0.0353815837,0.0583539582,0.9267795699,14.055383617,67068.0,0.2146293476,0.0909527315,21.303309265,105.26976058,0.7338613737
56000,WY,Wyoming,8978.1581238,76.372235795,0.217,0.7650762502,4.75,0.0289287553,0.1409404513,0.8166828997,13.725938756,73558.0,0.42924256,0.1105504467,19.167730265,99.861745811,0.7192118433
56001,WY,Albany County,6761.6523053,78.535386946,0.214,0.9351157395,6.4,0.0260108883,0.1368558382,0.86,12.621282638,59633.0,0.7347434306,0.192645032,12.217577603,70.286874577,0.4935878138
56003,WY,Big Horn County,8576.6923263,76.081342006,0.217,0.611578856,5.2,0.0325581395,0.1879099257,0.7847510373,10.965837199,60818.0,0.0225674855,0.0894428152,,119.18342329,0.7720908882
56005,WY,Campbell County,8294.3268506,76.540719529,0.244,0.8448305193,5.4,0.0266820849,0.1467582675,0.84,8.9251561902,89749.0,0.7383149747,0.101508287,14.985549649,89.417752863,0.7841042564
56007,WY,Carbon County,9503.6275549,75.774670843,0.258,0.7987205063,4.6,0.0295091009,0.1695714032,0.7542397661,10.314949801,67773.0,0.1789227488,0.0904388156,25.055806114,105.87325072,0.7677145285
56009,WY,Converse County,7553.229231,77.238739694,0.251,0.8337575449,4.5,0.0233735878,0.132398893,0.8690340909,11.605977078,77224.0,0.1475529052,0.0541961211,31.505986137,113.49746813,0.7830734186
56011,WY,Crook County,7578.3817636,76.790998092,0.22,0.6022838045,5.3,0.0236747298,0.1467221644,0.925,12.083780881,77897.0,0.5184514692,0.1362126246,,106.98047606,0.7595987548
56013,WY,Fremont County,16822.716855,70.518910676,0.231,0.6143650915,7.3,0.0338273027,0.1845385687,0.6482978723,11.400486421,64170.0,0.3469694653,0.0881026219,33.862433862,157.42673309,0.7068872384
56015,WY,Goshen County,9718.1035387,75.842428275,0.226,0.45431269,5.6,0.0256250971,0.1375924214,0.825,19.901289604,63191.0,0.358537366,0.1131644518,,101.66201999,0.7405501682
56017,WY,Hot Springs County,11503.035688,73.044923681,0.233,0.7998268773,4.3,0.0257179597,0.1529484029,,10.897994769,60811.0,0.3393204934,0.0707964602,,141.73088848,0.7263107263
56019,WY,Johnson County,7176.2363275,79.342486328,0.207,0.6179708772,4.1,0.0276634659,0.1121583412,0.925,10.309278351,66100.0,0.4014442998,0.0666116157,,100.35942678,0.7958662924
56021,WY,Laramie County,8712.5427474,76.004391337,0.236,0.6533448742,4.4,0.029679478,0.1203302899,0.8093129139,13.00596686,75131.0,0.3614692773,0.1228412928,22.503069352,90.281370279,0.7080206103
56023,WY,Lincoln County,7434.5406091,79.054795103,0.197,0.7720749706,5.2,0.0288981926,0.1678485577,0.8837142857,5.8083252662,88037.0,0.3598386191,0.0599605523,19.650869551,102.66121798,0.8008130081
56025,WY,Natrona County,9915.1666612,74.873567706,0.271,0.8286661247,4.9,0.0316398162,0.1319505128,0.78,13.567668748,73110.0,0.7236570571,0.1053458635,19.168982919,105.52859549,0.7356767313
56027,WY,Niobrara County,5958.1697451,78.264533377,0.273,0.69679773,4.5,0.0256849315,0.1631299735,0.775,0.0,56477.0,,0.1928504233,,135.16938413,0.6520595968
56029,WY,Park County,7530.130243,78.126106662,0.211,0.6686132865,4.5,0.0286221997,0.1407797306,0.8921221865,15.4007471,70330.0,0.1890021604,0.1029272899,16.674633436,90.924398047,0.7467941422
56031,WY,Platte County,10706.111234,75.138866722,0.259,0.7778036026,4.5,0.0293496126,0.1555555556,0.7594827586,18.507807981,64207.0,0.2228936665,0.1099166891,,123.59786386,0.7247872066
56033,WY,Sheridan County,7011.3169075,78.16052997,0.198,0.8710908444,6.5,0.0272012772,0.1313002267,0.8401168831,14.643569292,71080.0,0.1687849681,0.1517013596,,97.860587292,0.6986311506
56035,WY,Sublette County,8608.4325833,80.189299958,0.195,0.5413611366,3.1,0.0329228449,0.1621985922,0.968,5.7058085131,78217.0,0.1322181485,0.0658494869,,93.696763203,0.8107018016
56037,WY,Sweetwater County,10209.647523,74.630018279,0.224,0.9262159349,3.6,0.0333810676,0.1317914093,0.7809057301,7.9816180917,76442.0,0.520486374,0.101072909,31.043046358,108.04355861,0.7398446303
56039,WY,Teton County,4173.6004263,87.576928173,0.154,0.9922849428,4.8,0.021469383,0.1522259205,0.94,20.612358827,130156.0,0.6178903605,0.128982129,,54.745774311,0.6152616434
56041,WY,Uinta County,10947.02974,74.946118673,0.255,0.6364792176,,0.0317722076,0.1365229583,0.8527988338,2.8968713789,79086.0,0.1098288509,0.0621399177,29.238816153,99.914778571,0.7653429603
56043,WY,Washakie County,9591.2751209,76.072057385,0.248,0.7644762524,4.7,0.0330470986,0.1495616297,0.775,15.546055188,62794.0,0.0075471698,0.0832550861,,100.32412409,0.7418788411
56045,WY,Weston County,6754.8101272,77.998806693,0.241,0.8310909623,4.8,0.0208978328,0.1460140438,0.9198795181,11.66180758,66429.0,0.0203275812,0.0856697819,,75.930144267,0.8896151053
