fips,county,state,metro_area,zhvi_latest,zhvi_1yr_ago,zhvi_5yr_ago,zhvi_1yr_chg_pct,zhvi_5yr_chg_pct
06037,Los Angeles County,CA,"Los Angeles-Long Beach-Anaheim, CA",878850.9529658627,888933.379826556,713928.3097939118,-1.1342162516903675,23.100728870040022
17031,Cook County,IL,"Chicago-Naperville-Elgin, IL-IN-WI",319888.06271528505,308727.77986691624,254203.3301800272,3.6149266687888204,25.839446119269894
48201,Harris County,TX,"Houston-The Woodlands-Sugar Land, TX",279263.9895144205,286443.10648991034,225829.72659265136,-2.5062976950163462,23.661306121205715
04013,Maricopa County,AZ,"Phoenix-Mesa-Chandler, AZ",460378.2147828457,471196.41142788617,359387.7687358476,-2.2958996254359487,28.1006909061579
06073,San Diego County,CA,"San Diego-Chula Vista-Carlsbad, CA",928459.2163216798,948228.543060768,685581.1329172297,-2.084869400289857,35.4265996747861
06059,Orange County,CA,"Los Angeles-Long Beach-Anaheim, CA",1169742.5563362828,1169046.3903361328,800387.6707830383,0.05954990374246183,46.146998390404484
36047,Kings County,NY,"New York-Newark-Jersey City, NY-NJ-PA",927316.8890497788,881968.9699337301,806846.7666043489,5.1416683196299,14.930979143962354
12086,Miami-Dade County,FL,"Miami-Fort Lauderdale-Pompano Beach, FL",515479.292726219,533474.0805102749,349138.3071521887,-3.373132536606771,47.64329269131806
48113,Dallas County,TX,"Dallas-Fort Worth-Arlington, TX",306541.14309059625,319664.47846088815,246938.9243790304,-4.105346779059649,24.136421125768525
06065,Riverside County,CA,"Riverside-San Bernardino-Ontario, CA",603212.6542079329,615363.6479007957,452898.12900138,-1.97460375410764,33.18947807048567
36081,Queens County,NY,"New York-Newark-Jersey City, NY-NJ-PA",739474.6147189987,703788.1662495869,675169.8855641923,5.070623545658792,9.524229461311261
53033,King County,WA,"Seattle-Tacoma-Bellevue, WA",854906.6351658208,875826.7983461419,701899.2466224493,-2.388618756565275,21.79905296659679
32003,Clark County,NV,"Las Vegas-Henderson-Paradise, NV",427613.03073695255,438330.403023398,318756.4746321297,-2.4450442434569952,34.1503827429551
06071,San Bernardino County,CA,"Riverside-San Bernardino-Ontario, CA",547153.1817439556,557595.5470125045,416679.23842315376,-1.8727490426523774,31.312801620391873
48439,Tarrant County,TX,"Dallas-Fort Worth-Arlington, TX",320109.95238034334,329351.98795166594,254249.86196496745,-2.8061271555703815,25.903687776416806
48029,Bexar County,TX,"San Antonio-New Braunfels, TX",253752.06855960752,261185.42704058863,217217.7373588488,-2.8460081273316784,16.81922095542463
06085,Santa Clara County,CA,"San Jose-Sunnyvale-Santa Clara, CA",1647223.959195869,1673929.2023815203,1272791.787552248,-1.5953627637093182,29.41817941516618
12011,Broward County,FL,"Miami-Fort Lauderdale-Pompano Beach, FL",419428.45592757384,443681.1351146051,308912.62038029585,-5.466240790419596,35.77575931058572
26163,Wayne County,MI,"Detroit-Warren-Dearborn, MI",171212.13243635657,167999.54735194254,131051.8055696654,1.9122581786985338,30.644619272599382
06001,Alameda County,CA,"San Francisco-Oakland-Berkeley, CA",1065341.32713469,1122709.3637111618,940672.2906319516,-5.109785170655334,13.253184742901759
36061,New York County,NY,"New York-Newark-Jersey City, NY-NJ-PA",1217413.3073095388,1206919.9497956217,1342476.877888135,0.8694327669116708,-9.315882652320607
25017,Middlesex County,MA,"Boston-Cambridge-Newton, MA-NH",795188.2645211535,784848.3716226147,611621.9887267131,1.3174382813793573,30.013027519921632
42101,Philadelphia County,PA,"Philadelphia-Camden-Wilmington, PA-NJ-DE-MD",229322.39423180756,224604.08609925953,203117.19637490925,2.100722304073699,12.901516131863765
06067,Sacramento County,CA,"Sacramento-Roseville-Folsom, CA",523100.3289936354,537403.2398551715,449462.536763597,-2.6614857895889688,16.38352169688606
36103,Suffolk County,NY,"New York-Newark-Jersey City, NY-NJ-PA",696313.7569573551,676169.1280676239,515898.96626061224,2.979229316088561,34.97095410065316
12099,Palm Beach County,FL,"Miami-Fort Lauderdale-Pompano Beach, FL",464028.77192451246,484926.2260209034,330438.5410232641,-4.3094089317186395,40.42816267362803
36005,Bronx County,NY,"New York-Newark-Jersey City, NY-NJ-PA",492740.553623141,468516.99113593966,555180.7473155496,5.170263393963648,-11.246822587837201
12057,Hillsborough County,FL,"Tampa-St. Petersburg-Clearwater, FL",372837.5768602036,388126.35671336413,272518.9166198407,-3.9391243569813827,36.81163182528928
12095,Orange County,FL,"Orlando-Kissimmee-Sanford, FL",400453.659213945,415434.206273713,295022.95317181497,-3.605997492151114,35.73644182889373
36059,Nassau County,NY,"New York-Newark-Jersey City, NY-NJ-PA",816413.7463928582,781648.7551914073,619966.8558354029,4.447648764301793,31.686676264772885
39049,Franklin County,OH,"Columbus, OH",290619.21488994797,290335.0500702606,218153.97324036143,0.09787478970197938,33.2174750581987
26125,Oakland County,MI,"Detroit-Warren-Dearborn, MI",357157.9237497509,346885.3870415879,273915.13782860537,2.961363347061785,30.389991068413423
27053,Hennepin County,MN,"Minneapolis-St. Paul-Bloomington, MN-WI",381895.7391542026,375224.4538537476,329434.1642312961,1.7779452356949221,15.92475238423454
48453,Travis County,TX,"Austin-Round Rock-Georgetown, TX",470556.68019282795,501686.7718626892,437600.1911943246,-6.205085207704353,7.5311870656538105
39035,Cuyahoga County,OH,"Cleveland-Elyria, OH",210763.77046230552,201195.3868463872,150315.8803240744,4.755766901963709,40.21390820977009
42003,Allegheny County,PA,"Pittsburgh, PA",231509.1256058456,229801.51295393903,192388.6682746091,0.7430815532745605,20.33407564077383
49035,Salt Lake County,UT,"Salt Lake City, UT",567348.5770721027,557031.6641038131,434620.009454249,1.8521232513573738,30.538991470853016
06013,Contra Costa County,CA,"San Francisco-Oakland-Berkeley, CA",776977.0916316899,812142.4531573703,714897.8819082357,-4.329949923066801,8.683647174579633
51059,Fairfax County,VA,"Washington-Arlington-Alexandria, DC-VA-MD-WV",762084.8116477713,770116.0237693171,630714.4278913988,-1.0428574232538623,20.828821721356405
37183,Wake County,NC,"Raleigh-Cary, NC",475143.5224858451,487005.5502503477,347434.132319542,-2.435706894593892,36.75787099951546
37119,Mecklenburg County,NC,"Charlotte-Concord-Gastonia, NC-SC",417744.80249971576,421726.5875828643,302801.8377720785,-0.9441626874819975,37.95979759348613
24031,Montgomery County,MD,"Washington-Arlington-Alexandria, DC-VA-MD-WV",612294.7620999104,619971.8086633651,525079.2346373172,-1.2382896215887729,16.60997459227933
13121,Fulton County,GA,"Atlanta-Sandy Springs-Alpharetta, GA",415598.2456006835,428969.54726952774,338210.9434373342,-3.1170748026183026,22.881371423656518
48085,Collin County,TX,"Dallas-Fort Worth-Arlington, TX",487176.46037299215,517306.9254164559,366451.9455891508,-5.824485148581249,32.944159865149715
04019,Pima County,AZ,"Tucson, AZ",339441.69782817824,347610.775987278,266853.90349758643,-2.3500647055310853,27.201323787736275
15003,Honolulu County,HI,"Urban Honolulu, HI",842755.6013432499,847459.0105846695,699925.6877897116,-0.5550013844533574,20.40643971856204
06019,Fresno County,CA,"Fresno, CA",404097.3114891119,402776.6273924797,309009.08054054045,0.32789491912232904,30.771985982494886
29189,Saint Louis County,MO,"St. Louis, MO-IL",277099.62854510226,273835.62716690125,212053.45993176464,1.1919564345846068,30.674419853497525
36119,Westchester County,NY,"New York-Newark-Jersey City, NY-NJ-PA",831957.8268487352,789834.1970004168,627140.5635500984,5.333224366366118,32.65890857692466
12031,Duval County,FL,"Jacksonville, FL",291613.8349262434,302208.0381832639,224446.2927036608,-3.5055994277015223,29.925886239192522
18097,Marion County,IN,"Indianapolis-Carmel-Anderson, IN",226824.04943758948,225809.82120521655,168054.49340665012,0.4491515147391212,34.97053535410781
12103,Pinellas County,FL,"Tampa-St. Petersburg-Clearwater, FL",362977.26519684336,387976.79056321527,284135.10335696675,-6.443562082690768,27.74812436350922
24033,Prince Georges County,MD,"Washington-Arlington-Alexandria, DC-VA-MD-WV",423562.81699359725,425220.8567237622,366394.23898571264,-0.38992436611405834,15.603023171473463
09001,Fairfield County,CT,"Bridgeport-Stamford-Norwalk, CT",656749.7346204323,626235.9291335276,459243.52693965053,4.872573429174554,43.00685716725108
34003,Bergen County,NJ,"New York-Newark-Jersey City, NY-NJ-PA",750551.2336941137,712233.3201777762,554565.846273773,5.379966428244787,35.340327706295206
36029,Erie County,NY,"Buffalo-Cheektowaga, NY",280488.3913233976,270418.7483646574,199828.3742592941,3.7237221973830614,40.364646593901796
13135,Gwinnett County,GA,"Atlanta-Sandy Springs-Alpharetta, GA",405254.6403237356,419374.37790829205,292112.69509209116,-3.366857473501672,38.73229309529851
55079,Milwaukee County,WI,"Milwaukee-Waukesha, WI",278124.3451202011,268261.96356864535,197350.33739879236,3.676399523942231,40.92924734057386
17043,DuPage County,IL,"Chicago-Naperville-Elgin, IL-IN-WI",422546.69098009286,402375.75119118206,317406.8762289936,5.01296107660496,33.124617840744584
47157,Shelby County,TN,"Memphis, TN-MS-AR",216246.12082500465,220009.51565649323,173575.66798194393,-1.7105600274873844,24.58319955738235
53053,Pierce County,WA,"Seattle-Tacoma-Bellevue, WA",561970.8204922107,565791.2545246407,454022.9780554688,-0.6752373780750442,23.77585445103918
06029,Kern County,CA,"Bakersfield, CA",358483.53226364776,360397.4474452481,263239.9353056751,-0.5310568083008116,36.181287177181346
09003,Hartford County,CT,"Hartford-East Hartford-Middletown, CT",367146.01852439175,349874.8856020511,243618.67559140353,4.936374010561284,50.70520256015507
48121,Denton County,TX,"Dallas-Fort Worth-Arlington, TX",440160.7675661831,463303.020806353,342923.6265459294,-4.995057705406736,28.355334393161225
26099,Macomb County,MI,"Detroit-Warren-Dearborn, MI",263057.09428189107,254312.66463788252,195580.69097649492,3.438456223350017,34.500544490614125
06075,San Francisco County,CA,"San Francisco-Oakland-Berkeley, CA",1299354.7910056678,1248933.65051582,1318859.7916888762,4.037135236849743,-1.4789290572147284
48215,Hidalgo County,TX,"McAllen-Edinburg-Mission, TX",189534.62486878183,190200.485468954,137003.4404171491,-0.3500835439670058,38.34296736759703
09009,New Haven County,CT,"New Haven-Milford, CT",388128.7185926991,372008.7842562196,259323.75368340185,4.333213359117072,49.66955902795937
48141,El Paso County,TX,"El Paso, TX",227485.4734432532,224963.81000338745,159801.8799099917,1.12091960028049,42.354691679086784
34023,Middlesex County,NJ,"New York-Newark-Jersey City, NY-NJ-PA",569535.6696074944,548937.4384024478,400605.7419311297,3.752382286949274,42.16862366026852
25027,Worcester County,MA,"Worcester, MA-CT",482000.0044095432,475730.2239245938,347066.2453464351,1.317927718198364,38.878387302810054
34013,Essex County,NJ,"New York-Newark-Jersey City, NY-NJ-PA",642159.4801098015,619073.6652234575,469899.75915667304,3.7290901201573634,36.65882299286176
42091,Montgomery County,PA,"Philadelphia-Camden-Wilmington, PA-NJ-DE-MD",474432.8205076496,467270.52877051575,357344.15848809876,1.5327933811660088,32.76635681270006
24005,Baltimore County,MD,"Baltimore-Columbia-Towson, MD",354624.4962173521,350732.5546313845,290204.2968664198,1.1096607755895382,22.198223819058317
06111,Ventura County,CA,"Oxnard-Thousand Oaks-Ventura, CA",870004.7635595113,879898.5131941776,695027.7862841245,-1.1244194059097157,25.175536968223746
39061,Hamilton County,OH,"Cincinnati, OH-KY-IN",263882.00537230883,258613.87879521577,196670.01052118585,2.0370625898483263,34.17500953653669
53061,Snohomish County,WA,"Seattle-Tacoma-Bellevue, WA",752166.8736848413,761325.7893627171,556040.3994791326,-1.2030218607913423,35.27198282524597
41051,Multnomah County,OR,"Portland-Vancouver-Hillsboro, OR-WA",497294.2027279877,503508.71382407536,462140.3444409779,-1.2342410221442446,7.606749488520248
48157,Fort Bend County,TX,"Houston-The Woodlands-Sugar Land, TX",377797.8348472404,386617.9658855393,288487.2962452537,-2.2813557094007786,30.95822234267831
25009,Essex County,MA,"Boston-Cambridge-Newton, MA-NH",701803.2169617661,688495.2243721099,528906.3659274013,1.9329099343852185,32.689500859230904
25025,Suffolk County,MA,"Boston-Cambridge-Newton, MA-NH",743343.4855689319,739053.9460288297,654445.040168096,0.5804095307455182,13.583790837195764
40109,Oklahoma County,OK,"Oklahoma City, OK",219618.2761718156,220707.50749192573,168776.23191641888,-0.4935180196124378,30.123936100537342
21111,Jefferson County,KY,"Louisville/Jefferson County, KY-IN",261634.66724821815,255244.3699415642,203840.25506646428,2.5035997103939778,28.352796243759304
06077,San Joaquin County,CA,"Stockton, CA",527497.8752869287,550602.8113043569,450951.5845740388,-4.1962982286075645,16.974392225541067
13067,Cobb County,GA,"Atlanta-Sandy Springs-Alpharetta, GA",421051.6528506126,433126.90037395136,316235.2461126189,-2.787923703864459,33.14507412645145
06081,San Mateo County,CA,"San Francisco-Oakland-Berkeley, CA",1566741.1178553551,1566492.3584699023,1405763.4968271784,0.01588002546630829,11.451259147894
13089,Dekalb County,GA,"Atlanta-Sandy Springs-Alpharetta, GA",332510.80671195174,347046.7030590042,271860.8001379462,-4.188455392005586,22.309213591378672
36055,Monroe County,NY,"Rochester, NY",271044.52025802963,262977.39324349916,181594.25451826956,3.067612358245886,49.25831270215699
12071,Lee County,FL,"Cape Coral-Fort Myers, FL",339543.87640584685,374925.9545109097,264985.76816207095,-9.437084224061977,28.13664626629102
08041,El Paso County,CO,"Colorado Springs, CO",451405.63886587904,461395.5688466329,382614.201720835,-2.1651551630038512,17.979321424988814
25021,Norfolk County,MA,"Boston-Cambridge-Newton, MA-NH",750992.7543496735,743643.4392992225,587986.907599601,0.9882847964579167,27.722700053905626
17097,Lake County,IL,"Chicago-Naperville-Elgin, IL-IN-WI",379602.2106125977,358990.55629837123,265775.64102986694,5.74155892198327,42.82806698975823
29095,Jackson County,MO,"Kansas City, MO-KS",240962.78020459655,238229.95081616915,179565.44429803966,1.147139299263089,34.19217775812737
12105,Polk County,FL,"Lakeland-Winter Haven, FL",297172.67558660393,309810.4755113227,223804.4473941352,-4.079203553030553,32.78229233008143
34017,Hudson County,NJ,"New York-Newark-Jersey City, NY-NJ-PA",628173.3050717633,626923.6522428286,526291.1410800685,0.19933094316413325,19.35851775551638
47037,Davidson County,TN,"Nashville-Davidson--Murfreesboro--Franklin, TN",428331.3241208629,440571.9074271956,329226.6326178362,-2.778339494638671,30.10227049828824
08031,Denver County,CO,"Denver-Aurora-Lakewood, CO",537832.4229259188,561729.7577203632,484392.6180302794,-4.254240489488326,11.032332638128462
17197,Will County,IL,"Chicago-Naperville-Elgin, IL-IN-WI",362520.6915281282,350697.03575150855,265136.092592926,3.3714729727563286,36.7300422899121
11001,District of Columbia,DC,"Washington-Arlington-Alexandria, DC-VA-MD-WV",574199.3979019934,592144.3712566134,612124.905579398,-3.0305064483747923,-6.19571387011395
35001,Bernalillo County,NM,"Albuquerque, NM",341404.9872267147,338089.9437055328,242541.00145264625,0.9805211846434458,40.76176200392685
01073,Jefferson County,AL,"Birmingham-Hoover, AL",211924.2082669362,211699.73104953975,173797.17638530093,0.10603566489364447,21.937658985384935
40143,Tulsa County,OK,"Tulsa, OK",246555.90252794023,239701.75897146613,179829.31494394576,2.8594464996354096,37.10551174862322
44007,Providence County,RI,"Providence-Warwick, RI-MA",438199.4171794678,431988.4394466582,308484.0645051638,1.437764802401964,42.04928798587346
26081,Kent County,MI,"Grand Rapids-Kentwood, MI",342527.6308313134,328268.6100599649,243483.4785938951,4.343705226260841,40.67797651380427
08005,Arapahoe County,CO,"Denver-Aurora-Lakewood, CO",512638.3601527826,532766.5690267478,437943.20041383494,-3.7780540379504735,17.055901237503935
49049,Utah County,UT,"Provo-Orem, UT",540805.0078034326,528305.09698291,416857.44736891525,2.3660401710883017,29.733800179615088
42017,Bucks County,PA,"Philadelphia-Camden-Wilmington, PA-NJ-DE-MD",504214.54664540896,488011.83890887094,370228.4093071644,3.3201464482429666,36.190128571976054
34025,Monmouth County,NJ,"New York-Newark-Jersey City, NY-NJ-PA",743593.3732558108,723340.2851027111,510272.3474864782,2.7999391946245566,45.72480302305926
34029,Ocean County,NJ,"New York-Newark-Jersey City, NY-NJ-PA",529954.302899446,510031.1712134201,341699.6021939409,3.9062576584538045,55.09362595004019
48339,Montgomery County,TX,"Houston-The Woodlands-Sugar Land, TX",341564.54364472674,343589.03294365155,268061.66791092436,-0.5892182534408263,27.420136682215613
20091,Johnson County,KS,"Kansas City, MO-KS",449654.9032236569,431337.6850661831,331689.39618371165,4.24660742421874,35.56505224381912
12009,Brevard County,FL,"Palm Bay-Melbourne-Titusville, FL",338265.68897567876,350545.44785801537,257897.46488149287,-3.5030433164576102,31.162859290267207
41067,Washington County,OR,"Portland-Vancouver-Hillsboro, OR-WA",560929.4312703215,577493.752720659,473216.3980767349,-2.8683117994438123,18.53550163309501
24510,Baltimore City,MD,"Baltimore-Columbia-Towson, MD",184147.1061433393,186393.02556041695,156161.24260466127,-1.2049374757048814,17.921132716347053
48491,Williamson County,TX,"Austin-Round Rock-Georgetown, TX",405723.22255454987,429666.0349265843,347351.45955264656,-5.57242379564059,16.804812934161916
24003,Anne Arundel County,MD,"Baltimore-Columbia-Towson, MD",498326.2574473174,495357.90338440373,411245.5418310581,0.5992342188613886,21.174871642020744
08059,Jefferson County,CO,"Denver-Aurora-Lakewood, CO",620938.7309003811,637324.5247642259,519443.4563277659,-2.571028295185507,19.53923441256564
31055,Douglas County,NE,"Omaha-Council Bluffs, NE-IA",288287.12253267283,285411.3704547948,220385.2330167053,1.0075814685643447,30.810544148763608
25005,Bristol County,MA,"Providence-Warwick, RI-MA",529739.3741369998,517410.45184110786,387258.3920371349,2.3828127653822584,36.792225818621425
42045,Delaware County,PA,"Philadelphia-Camden-Wilmington, PA-NJ-DE-MD",352603.994312774,345971.57647751435,261419.4909851657,1.9170412502631295,34.88052975085265
34039,Union County,NJ,"New York-Newark-Jersey City, NY-NJ-PA",617053.9294442779,598058.3066375224,455425.83108274685,3.1762158632249404,35.48944467582573
10003,New Castle County,DE,"Philadelphia-Camden-Wilmington, PA-NJ-DE-MD",359956.18548025866,349188.6009316684,274965.44490655913,3.083601389009072,30.909607788201065
55025,Dane County,WI,"Madison, WI",455776.6919062978,444076.8984037221,333791.99133808917,2.6346323226071444,36.54512502807581
12101,Pasco County,FL,"Tampa-St. Petersburg-Clearwater, FL",330097.5875192682,346246.9362263114,245742.7730462762,-4.664113098891864,34.32646804921789
06099,Stanislaus County,CA,"Modesto, CA",461630.50661767414,465838.5219546682,376034.1855293927,-0.9033206011682227,22.762909432762424
42071,Lancaster County,PA,"Lancaster, PA",373774.37389182585,357894.9195903148,265463.66539331945,4.436904083379667,40.800577486952804
27123,Ramsey County,MN,"Minneapolis-St. Paul-Bloomington, MN-WI",330742.7884940543,326339.32638643775,283286.39286554436,1.349350737582311,16.752091460684483
12127,Volusia County,FL,"Deltona-Daytona Beach-Ormond Beach, FL",319615.05322404,333982.2103918285,243231.38621116625,-4.3017731845456435,31.40370500810277
39153,Summit County,OH,"Akron, OH",217666.54021374337,209835.16844019693,159067.0141733412,3.732154067290394,36.83952096852974
37081,Guilford County,NC,"Greensboro-High Point, NC",274273.39377950935,274255.99808976287,203012.9732210573,0.0063428657413711065,35.10141220426235
39113,Montgomery County,OH,"Dayton-Kettering, OH",196283.012899003,188358.0975433417,139024.58996308866,4.207366425453385,41.1858239978385
42029,Chester County,PA,"Philadelphia-Camden-Wilmington, PA-NJ-DE-MD",556352.2983201051,541400.4741966003,404425.0697663306,2.7616939467391965,37.56622423074694
53063,Spokane County,WA,"Spokane-Spokane Valley, WA",415723.07414687914,414083.11455393024,326171.0277816756,0.3960459954315043,27.455549002698575
25023,Plymouth County,MA,"Boston-Cambridge-Newton, MA-NH",626702.8613365872,609456.9997223405,457580.4093543444,2.829709335048025,36.96016012155725
34007,Camden County,NJ,"Philadelphia-Camden-Wilmington, PA-NJ-DE-MD",343291.31163159193,327681.31081733474,221547.7441896725,4.763775137288473,54.951391126642115
34031,Passaic County,NJ,"New York-Newark-Jersey City, NY-NJ-PA",580918.0010812385,559255.0405561543,413479.10999321175,3.8735387174233304,40.49512709137244
20173,Sedgwick County,KS,"Wichita, KS",217352.4917671714,214000.72303239768,156359.72159963267,1.566241780531863,39.007980791698984
45045,Greenville County,SC,"Greenville-Anderson, SC",331096.0457584074,324985.1440926694,241895.5570369726,1.8803633879324266,36.875620955618004
17089,Kane County,IL,"Chicago-Naperville-Elgin, IL-IN-WI",367326.9191659843,353717.80655162846,261502.9243706968,3.8474491140353395,40.46761429148509
08001,Adams County,CO,"Denver-Aurora-Lakewood, CO",481395.77983288537,500496.48151659226,412616.4806421898,-3.8163508414341685,16.669062535662317
34027,Morris County,NJ,"New York-Newark-Jersey City, NY-NJ-PA",680388.6759091193,659514.5452274814,497142.01022324944,3.1650751045131154,36.86002428231323
53011,Clark County,WA,"Portland-Vancouver-Hillsboro, OR-WA",545160.7969396045,548422.3521028463,430120.32478861656,-0.594715943056634,26.746113940912863
18089,Lake County,IN,"Chicago-Naperville-Elgin, IL-IN-WI",243566.5450718962,240307.5291879614,182557.75697403037,1.3561855073569884,33.418896632556994
36085,Richmond County,NY,"New York-Newark-Jersey City, NY-NJ-PA",716672.1823517544,681040.1040840541,583870.9171086549,5.232008813287536,22.74497005275329
06097,Sonoma County,CA,"Santa Rosa-Petaluma, CA",782003.1605539117,801852.4420033375,700279.488665293,-2.4754281972172665,11.670150734299112
19153,Polk County,IA,"Des Moines-West Des Moines, IA",275698.4235254817,272013.3353539757,214783.35704685305,1.354745408606739,28.361166952679937
16001,Ada County,ID,"Boise City, ID",519426.3307355421,514067.2700745454,429401.31738342455,1.0424823701029595,20.965239208088327
32031,Washoe County,NV,"Reno, NV",558695.7416358608,561423.966888611,441742.8650268695,-0.4859474147265064,26.47532894546638
51153,Prince William County,VA,"Washington-Arlington-Alexandria, DC-VA-MD-WV",580173.7017565012,576149.3945575842,449380.9768182374,0.6984832817549469,29.10508714995428
47093,Knox County,TN,"Knoxville, TN",370642.8264392615,368204.6990107798,232638.7727567994,0.662166299080913,59.321175076319534
36067,Onondaga County,NY,"Syracuse, NY",263665.1647871838,249206.81053779376,169307.49138507698,5.801749245210686,55.73154066024018
06107,Tulare County,CA,"Visalia, CA",356157.441149032,353392.9332098333,269902.2825383581,0.7822759538762991,31.957921140743007
12117,Seminole County,FL,"Orlando-Kissimmee-Sanford, FL",398297.7132717308,413694.4045802503,297811.7250855367,-3.721754787605014,33.74144794243168
25013,Hampden County,MA,"Springfield, MA",337348.43607266876,328208.81311422825,246053.78643718688,2.7846976050760697,37.10353372626833
34005,Burlington County,NJ,"Philadelphia-Camden-Wilmington, PA-NJ-DE-MD",408977.4564168717,398085.2502192434,278860.4846250072,2.736149151878764,46.660240143682266
51810,Virginia Beach City,VA,"Virginia Beach-Norfolk-Newport News, VA-NC",418353.4319599357,408158.9124859722,319764.1820241097,2.4976839074447144,30.831861564905516
22033,East Baton Rouge Parish,LA,"Baton Rouge, LA",227948.53022613228,231300.6698039974,199929.58990739135,-1.4492563210931064,14.014403936765675
42133,York County,PA,"York-Hanover, PA",299234.38549825596,288188.5181522002,214746.61056885912,3.8328617034708357,39.34300741957721
06095,Solano County,CA,"Vallejo, CA",572737.6141938915,590992.715641092,507519.28550283966,-3.088887724681666,12.850413876673649
06083,Santa Barbara County,CA,"Santa Maria-Santa Barbara, CA",975729.55133959,969863.4928686792,680935.7710808992,0.6048334135724698,43.29245029832154
22051,Jefferson Parish,LA,"New Orleans-Metairie, LA",263636.63756707025,247955.2675120032,276364.2764957709,6.3242738145532496,-4.605384997686346
06053,Monterey County,CA,"Salinas, CA",833014.3451540633,851000.701526525,671333.7830457091,-2.1135536480989647,24.083483684500617
27037,Dakota County,MN,"Minneapolis-St. Paul-Bloomington, MN-WI",388111.5053969138,383037.1468185387,325962.0550941366,1.3247693129823324,19.066467808600795
39095,Lucas County,OH,"Toledo, OH",167994.90903605308,159937.57761635262,122109.03902559374,5.037797583146997,37.57778324734975
12115,Sarasota County,FL,"North Port-Sarasota-Bradenton, FL",395847.6113887178,431154.3218079425,311062.78333365556,-8.188880090816319,27.256500165794307
42011,Berks County,PA,"Reading, PA",300302.5367676331,294554.5274613558,212000.08253527284,1.9514245310764844,41.65208483712188
04021,Pinal County,AZ,"Phoenix-Mesa-Chandler, AZ",364288.86607682734,376372.8612649026,286788.6882532802,-3.2106446643001108,27.02344304287976
33011,Hillsborough County,NH,"Manchester-Nashua, NH",506255.4293132296,493420.2435661385,346181.3345715609,2.6012685767260457,46.23995540943267
48061,Cameron County,TX,"Brownsville-Harlingen, TX",203175.8191152102,201231.7272218225,144276.17525374555,0.9660961122918144,40.82423432550453
41005,Clackamas County,OR,"Portland-Vancouver-Hillsboro, OR-WA",608150.8724261633,610462.4860856972,500552.5722369224,-0.3786659642848855,21.495903958378282
45079,Richland County,SC,"Columbia, SC",241299.42038114788,238279.77346912,172024.17231579256,1.2672695076316298,40.27064751003924
01097,Mobile County,AL,"Mobile, AL",191414.51781200687,194945.9740402676,150186.83528563206,-1.8115050827011592,27.4509296690127
51107,Loudoun County,VA,"Washington-Arlington-Alexandria, DC-VA-MD-WV",793652.0376729728,792080.1230678937,607215.0736091925,0.19845398960280924,30.703612635244347
26049,Genesee County,MI,"Flint, MI",185485.17879775816,174652.0672032337,136875.3166917993,6.2026815760036325,35.51397233689195
55133,Waukesha County,WI,"Milwaukee-Waukesha, WI",479336.921426292,455023.0974133133,354903.9698508158,5.34342633400291,35.061019922595314
45019,Charleston County,SC,"Charleston-North Charleston, SC",602394.319638373,601897.8800593396,385817.81667695387,0.08247903763749509,56.13439649490295
29183,Saint Charles County,MO,"St. Louis, MO-IL",364606.47141730227,360940.0608071965,276260.11598561815,1.0157948668558126,31.97941009924261
06061,Placer County,CA,"Sacramento-Roseville-Folsom, CA",678376.6688252332,687594.4751001192,577107.5771681127,-1.3405876004957462,17.547697459467003
36071,Orange County,NY,"Poughkeepsie-Newburgh-Middletown, NY",448370.99886486167,434938.7527970853,307651.97005502094,3.088307487294184,45.739680712811406
05119,Pulaski County,AR,"Little Rock-North Little Rock-Conway, AR",205684.4439733186,201330.66171289244,164114.81235116607,2.1625033282982375,25.329603724740913
12081,Manatee County,FL,"North Port-Sarasota-Bradenton, FL",407482.8465125855,439356.2312003326,309505.4632535675,-7.254565299021298,31.6561078531749
39017,Butler County,OH,"Cincinnati, OH-KY-IN",303285.2470856437,294050.60512814095,219291.7933926868,3.1404941178333923,38.30214181455911
34021,Mercer County,NJ,"Trenton-Princeton, NJ",431929.3311888001,430065.7928981336,298320.2307631123,0.43331469776020093,44.787140343754636
22071,Orleans Parish,LA,"New Orleans-Metairie, LA",239958.4473029772,248766.26463273345,256282.67249222856,-3.5405995836130244,-6.369617200611321
01089,Madison County,AL,"Huntsville, AL",308110.8079380775,307272.4927806057,238644.25036421852,0.2728246677356827,29.108833532691115
18003,Allen County,IN,"Fort Wayne, IN",247291.852749556,241380.60724621304,171149.1162548992,2.4489314078630198,44.4891204587083
37067,Forsyth County,NC,"Winston-Salem, NC",280768.2754940549,277949.8995312114,202598.78850743617,1.0139870414045626,38.583393100472364
41039,Lane County,OR,"Eugene-Springfield, OR",447730.2856853678,448800.49412691005,360620.1223723366,-0.23845972888781874,24.155657964945966
12097,Osceola County,FL,"Orlando-Kissimmee-Sanford, FL",361778.1480758651,380086.8189384186,269787.71130979614,-4.816970742024029,34.09734132050097
12069,Lake County,FL,"Orlando-Kissimmee-Sanford, FL",363128.66508028214,377123.3814889498,270794.0108653344,-3.710911891332236,34.097746076395175
39151,Stark County,OH,"Canton-Massillon, OH",208449.08787944433,200251.0405639409,149849.20261179568,4.093885001753983,39.10590396630902
12021,Collier County,FL,"Naples-Marco Island, FL",555061.1411533983,592551.2330154108,387385.1023125534,-6.326894582807741,43.284069996465455
26161,Washtenaw County,MI,"Ann Arbor, MI",405507.7154040872,397662.8266177139,324554.80287816154,1.9727488367714319,24.942755986980593
42077,Lehigh County,PA,"Allentown-Bethlehem-Easton, PA-NJ",350574.77753138216,338114.0254211918,248196.9357988891,3.6853697786324746,41.24863242286301
12083,Marion County,FL,"Ocala, FL",272350.2572811209,281935.710150775,194674.5428136959,-3.399871858917014,39.90029376453237
48039,Brazoria County,TX,"Houston-The Woodlands-Sugar Land, TX",320060.3992550681,322985.4941588447,258590.7175230021,-0.905642809561602,23.771031814627364
48027,Bell County,TX,"Killeen-Temple, TX",250660.62413248952,254628.582739407,194103.67371789637,-1.5583319689519537,29.137496128378835
47065,Hamilton County,TN,"Chattanooga, TN-GA",346917.91569556535,347920.97234948835,250838.89145629,-0.28830014102037005,38.3030811854858
27003,Anoka County,MN,"Minneapolis-St. Paul-Bloomington, MN-WI",364907.7131762007,357112.03581729997,301916.6571476482,2.182978050868334,20.863723328040006
51041,Chesterfield County,VA,"Richmond, VA",402611.5664137322,396636.6401387301,296237.76321049005,1.5063979648759274,35.90825222632363
49011,Davis County,UT,"Ogden-Clearfield, UT",555107.6368945531,539460.4424575927,411874.5652139029,2.900526749593957,34.775896298977216
42129,Westmoreland County,PA,"Pittsburgh, PA",207213.7738093096,202711.09808425195,175890.47801974497,2.2212280272815743,17.808409040794327
08069,Larimer County,CO,"Fort Collins, CO",546459.682337787,555513.7121980073,447820.98274612473,-1.6298481318122837,22.026368435617005
48355,Nueces County,TX,"Corpus Christi, TX",223085.62896606777,226719.24315019077,200044.56133174145,-1.6026933283805556,11.517967537301077
08035,Douglas County,CO,"Denver-Aurora-Lakewood, CO",704043.879046157,725177.2613500715,576242.3875891912,-2.91423675703375,22.178425990431784
48167,Galveston County,TX,"Houston-The Woodlands-Sugar Land, TX",312963.0262404969,324103.7531497399,263686.1518582066,-3.43739521710994,18.687699006957416
45051,Horry County,SC,"Myrtle Beach-Conway-North Myrtle Beach, SC-NC",314516.25725182565,322439.01446128014,230255.89933273423,-2.457133552120405,36.59422328082458
41047,Marion County,OR,"Salem, OR",439047.867801358,438194.2842340821,358230.14010275947,0.1947956872070833,22.56028140887747
34035,Somerset County,NJ,"New York-Newark-Jersey City, NY-NJ-PA",646104.1077611792,636259.5583407981,469167.469977204,1.5472536783656565,37.71289552376089
18057,Hamilton County,IN,"Indianapolis-Carmel-Anderson, IN",454179.53275463264,443049.7122978296,330491.7508913732,2.512092920471476,37.42537643667645
36087,Rockland County,NY,"New York-Newark-Jersey City, NY-NJ-PA",726277.6065398594,701363.1889859587,506297.20251215267,3.552284742791012,43.448868162060705
47149,Rutherford County,TN,"Nashville-Davidson--Murfreesboro--Franklin, TN",412557.4971958474,412764.6385613149,303682.6111549119,-0.050183893220479,35.85153777059602
37051,Cumberland County,NC,"Fayetteville, NC",229082.73900158735,228544.46856886023,155686.6335644671,0.23552109403379706,47.14348544682751
51087,Henrico County,VA,"Richmond, VA",391262.77658512536,386922.37389221205,291364.0889691741,1.1217760940654298,34.28654779296443
24027,Howard County,MD,"Baltimore-Columbia-Towson, MD",625757.1015444521,627403.9631728906,507605.6592146175,-0.26248824124571746,23.27622637474964
08013,Boulder County,CO,"Boulder, CO",713638.0204327252,736757.1700770858,599958.8661878678,-3.13796059045367,18.94782470124552
12111,Saint Lucie County,FL,"Port St. Lucie, FL",368465.7511032114,383320.9656083223,259232.8630640332,-3.875398383580708,42.13697551617772
42079,Luzerne County,PA,"Scranton--Wilkes-Barre, PA",210806.9718786159,205263.10878271205,153077.4526190073,2.700857026272807,37.712620815092166
45083,Spartanburg County,SC,"Spartanburg, SC",274060.7788336409,268110.4323208172,192547.6723417268,2.219364036421978,42.33398695531749
08123,Weld County,CO,"Greeley, CO",493833.5276532166,506319.4037267775,416784.7647996601,-2.46600781673747,18.486463364511962
21067,Fayette County,KY,"Lexington-Fayette, KY",322471.9797677185,312684.8568587888,228349.8368985469,3.130027788122036,41.21839723975322
31109,Lancaster County,NE,"Lincoln, NE",293220.28536998923,281483.2969454961,218958.09463091675,4.169692678697645,33.91616595141247
37063,Durham County,NC,"Durham-Chapel Hill, NC",393782.21771162935,403377.4300510041,289961.34264135454,-2.3787181990230666,35.80507460909645
12033,Escambia County,FL,"Pensacola-Ferry Pass-Brent, FL",275851.78694275185,277407.04717880924,211260.86807774095,-0.5606419346134817,30.574009968207825
36001,Albany County,NY,"Albany-Schenectady-Troy, NY",351271.39300145145,338780.9032176971,257011.03742420903,3.686893111483358,36.67560604475566
33015,Rockingham County,NH,"Boston-Cambridge-Newton, MA-NH",605088.0119881781,588626.8721683153,416803.2732256228,2.796532166332333,45.17352690285461
39093,Lorain County,OH,"Cleveland-Elyria, OH",250396.87794593393,238899.13502592733,179400.03802462164,4.812802239220648,39.57459580447156
42095,Northampton County,PA,"Allentown-Bethlehem-Easton, PA-NJ",356142.89032191405,347977.67247832316,258067.41352978177,2.346477515478962,38.0038205717957
17111,McHenry County,IL,"Chicago-Naperville-Elgin, IL-IN-WI",352519.1804859552,337290.7942154733,242052.89024663475,4.514913105144958,45.63725313371103
48303,Lubbock County,TX,"Lubbock, TX",210127.4793758499,208697.0336175169,171927.9477708387,0.6854173888042103,22.218337449084792
29510,Saint Louis City,MO,"St. Louis, MO-IL",175420.64902126315,174023.80279525174,147220.34417905522,0.8026753832375721,19.15516839704545
23005,Cumberland County,ME,"Portland-South Portland, ME",538087.6730039116,534396.6134134011,382328.6460928752,0.6906966657094449,40.73956490123929
34015,Gloucester County,NJ,"Philadelphia-Camden-Wilmington, PA-NJ-DE-MD",369719.8211434451,355443.846085896,245722.9676229993,4.016379862741859,50.4620527417234
29077,Greene County,MO,"Springfield, MO",251306.36691450587,246850.09802600575,176527.43465804818,1.8052530358042107,42.361082514631335
36027,Dutchess County,NY,"Poughkeepsie-Newburgh-Middletown, NY",474388.6257366201,451303.8946601587,336483.1289962884,5.1151189585555645,40.984371832161855
13051,Chatham County,GA,"Savannah, GA",337109.588606436,349264.9224356327,231698.0429683513,-3.4802618437689947,45.495224857157424
13063,Clayton County,GA,"Atlanta-Sandy Springs-Alpharetta, GA",228522.07563938695,243328.77532739623,170132.7421488136,-6.085059059738008,34.31986856445348
26139,Ottawa County,MI,"Grand Rapids-Kentwood, MI",386684.3333045973,367213.9266198811,276486.30392034404,5.3021972407029105,39.856596085136076
02020,Anchorage Borough,AK,"Anchorage, AK",417764.0615797888,404393.23607140424,345758.55505465245,3.306391975859757,20.82537235087496
40027,Cleveland County,OK,"Oklahoma City, OK",249453.61557068324,244560.30548709628,186553.91990536812,2.000860308806396,33.7166303968428
45063,Lexington County,SC,"Columbia, SC",269022.22026119503,268925.67962938454,193386.64280737637,0.03589862892363627,39.11106597426992
12073,Leon County,FL,"Tallahassee, FL",287000.9199079257,287837.9488182645,227311.33278952973,-0.2907986642397997,26.2589578732809
53067,Thurston County,WA,"Olympia-Lacey-Tumwater, WA",523535.6010307477,521854.05037853215,415766.0747807583,0.3222262337517101,25.92071185866196
26065,Ingham County,MI,"Lansing-East Lansing, MI",215020.0544874176,206862.1938836487,159802.5249126658,3.9436208475857937,34.553602707422115
17201,Winnebago County,IL,"Rockford, IL",197939.47294429885,181654.04003131855,122997.56916836005,8.965081596959013,60.92958119632246
42043,Dauphin County,PA,"Harrisburg-Carlisle, PA",270606.2669683466,261552.53151010975,192172.36144365743,3.461536161001333,40.81435276928988
06079,San Luis Obispo County,CA,"San Luis Obispo-Paso Robles, CA",889464.4254584356,879248.3654884164,674338.1103523151,1.1619083265903107,31.90184742691251
05007,Benton County,AR,"Fayetteville-Springdale-Rogers, AR",380750.394622847,370085.16294454254,245941.6260171564,2.881831736632634,54.813319237096756
06047,Merced County,CA,"Merced, CA",412987.536544895,420988.4830553863,327673.5896248625,-1.9005143448160955,26.036259747910794
45091,York County,SC,"Charlotte-Concord-Gastonia, NC-SC",383156.4594360357,389188.3644078875,283633.79565921024,-1.5498677564599772,35.0884363217433
12001,Alachua County,FL,"Gainesville, FL",301236.95878314466,309204.39822729514,235239.20791166043,-2.576754887649968,28.05559135204554
34001,Atlantic County,NJ,"Atlantic City-Hammonton, NJ",369350.7927196144,356208.96024660213,235539.69325059172,3.689360442790157,56.81042444368833
53035,Kitsap County,WA,"Bremerton-Silverdale-Port Orchard, WA",573882.9412482887,564656.5603378703,476258.7922691729,1.6339809998661359,20.49813054662526
06087,Santa Cruz County,CA,"Santa Cruz-Watsonville, CA",1122722.7508718509,1111386.3242536015,913458.1945944248,1.0200257436011606,22.90904581247306
18141,Saint Joseph County,IN,"South Bend-Mishawaka, IN-MI",217580.050489994,209533.41211525956,148073.2938828821,3.840265041027524,46.94077830272887
42049,Erie County,PA,"Erie, PA",211478.42638383244,201397.9639368168,147037.93944194532,5.005245460265972,43.82575489459306
09011,New London County,CT,"Norwich-New London, CT",400856.22436510987,379888.4634235863,267810.30117017013,5.519451881365489,49.67916566823942
24021,Frederick County,MD,"Washington-Arlington-Alexandria, DC-VA-MD-WV",497268.4672628061,495804.0126683588,385212.4944947806,0.2953696535382466,29.089392054894468
55009,Brown County,WI,"Green Bay, WI",338917.62593770685,321485.1867537984,228260.09976176397,5.42247042855466,48.47869877014712
37021,Buncombe County,NC,"Asheville, NC",446300.2989037395,467858.2779156671,339774.2498374669,-4.607801129002043,31.352007727845745
48479,Webb County,TX,"Laredo, TX",213340.48797906164,208089.5410676089,184262.306541466,2.523407416111656,15.780862610146439
17119,Madison County,IL,"St. Louis, MO-IL",189582.06098211612,180944.849259655,143527.9276863994,4.773394632563854,32.087227927057135
12109,Saint Johns County,FL,"Jacksonville, FL",488035.02613694384,505750.16069867817,359276.0656695499,-3.502744227952681,35.838446468021075
27163,Washington County,MN,"Minneapolis-St. Paul-Bloomington, MN-WI",434931.9521835188,428190.78761997,360638.44262974174,1.57433666450848,20.600551902352883
22103,Saint Tammany Parish,LA,"New Orleans-Metairie, LA",278727.5943502244,280603.9522171738,250436.9731931515,-0.6686854736447922,11.296503386204693
06041,Marin County,CA,"San Francisco-Oakland-Berkeley, CA",1429486.1914992228,1428802.8737213176,1241245.1784082744,0.04782449632996233,15.165498030964475
13057,Cherokee County,GA,"Atlanta-Sandy Springs-Alpharetta, GA",469075.5601020926,474005.6747197706,330048.12685218273,-1.040096117117717,42.12338199761258
26077,Kalamazoo County,MI,"Kalamazoo-Portage, MI",266056.2823879378,256508.89664033765,198388.0725939687,3.722048581023274,34.109011146281155
49057,Weber County,UT,"Ogden-Clearfield, UT",457380.695592084,446454.80008541886,342515.62193518004,2.447256811792542,33.53571816897796
17163,Saint Clair County,IL,"St. Louis, MO-IL",173985.71709755898,166518.4422839321,138602.93727294743,4.4843530309359725,25.528160168015134
24025,Harford County,MD,"Baltimore-Columbia-Towson, MD",410540.64012185094,406268.50997316744,331941.066243223,1.0515533554312784,23.67877369564022
48309,McLennan County,TX,"Waco, TX",256531.78296164633,259096.15899473208,193924.23324764255,-0.9897391157920987,32.284541578696626
42041,Cumberland County,PA,"Harrisburg-Carlisle, PA",338940.1143393332,326552.719218175,245655.57887926145,3.793382933945799,37.973709323296355
48245,Jefferson County,TX,"Beaumont-Port Arthur, TX",167206.46760834273,163355.13678990863,154930.6088520102,2.357642920887937,7.923456086110425
53077,Yakima County,WA,"Yakima, WA",345446.86515320966,339437.0208971864,276899.9339634515,1.7705329371964895,24.75512731570597
29047,Clay County,MO,"Kansas City, MO-KS",309845.05120950047,305335.5874199333,232853.80823839363,1.4768877180913798,33.064197469462854
51550,Chesapeake City,VA,"Virginia Beach-Norfolk-Newport News, VA-NC",414345.911655989,403094.4158453331,310949.78342177643,2.7912804961736537,33.251712574427074
13117,Forsyth County,GA,"Atlanta-Sandy Springs-Alpharetta, GA",608766.3392605084,622249.0736555719,407073.1062636006,-2.1667745225967927,49.547177127024746
05143,Washington County,AR,"Fayetteville-Springdale-Rogers, AR",343233.8066012962,330594.1770700997,230262.97308407733,3.8233067633603124,49.061658504673744
47187,Williamson County,TN,"Nashville-Davidson--Murfreesboro--Franklin, TN",908744.1397398924,893024.539447329,597813.7557671705,1.7602652108856809,52.01124614031456
22055,Lafayette Parish,LA,"Lafayette, LA",231902.84772416492,229507.8398320295,210677.0562714979,1.0435407757261261,10.075037039303192
22017,Caddo Parish,LA,"Shreveport-Bossier City, LA",140426.83482959447,143364.05801943422,131995.64229627815,-2.0487863069846846,6.387477939909281
39165,Warren County,OH,"Cincinnati, OH-KY-IN",397722.18594736047,391819.08814080834,295709.46805237886,1.5065876026006064,34.49761638234463
51710,Norfolk City,VA,"Virginia Beach-Norfolk-Newport News, VA-NC",302986.0261080749,301935.5872687595,237812.95635099584,0.34790163319846634,27.405180422923635
13151,Henry County,GA,"Atlanta-Sandy Springs-Alpharetta, GA",319371.9667579843,332149.95326369983,239468.57545562135,-3.8470535311413534,33.36696313924945
37179,Union County,NC,"Charlotte-Concord-Gastonia, NC-SC",444351.4329293792,445665.71693218296,316655.10199999454,-0.2949035460593219,40.3266298641185
51013,Arlington County,VA,"Washington-Arlington-Alexandria, DC-VA-MD-WV",811280.6442886799,811148.6289590496,731626.3148910608,0.016275109753904893,10.887296940580882
36091,Saratoga County,NY,"Albany-Schenectady-Troy, NY",443228.84364566207,426622.7630361667,321616.14755573793,3.8924506726537578,37.812994470014274
48209,Hays County,TX,"Austin-Round Rock-Georgetown, TX",371497.9798792465,392421.29562429985,325833.9105206559,-5.331850227895152,14.014523315152537
10005,Sussex County,DE,"Salisbury, MD-DE",475271.751782644,477837.8539044861,373045.13664322393,-0.5370236160392228,27.403283168167512
04025,Yavapai County,AZ,"Prescott Valley-Prescott, AZ",500818.59529358806,501212.3018562845,383434.3005438039,-0.07855085783774474,30.613926449278118
39085,Lake County,OH,"Cleveland-Elyria, OH",238992.83924255145,231399.16585580664,177398.92037816718,3.281633863570921,34.7205714291172
36065,Oneida County,NY,"Utica-Rome, NY",221726.9390882396,206419.77540912107,153247.8555564657,7.415550980413554,44.685182238352475
48423,Smith County,TX,"Tyler, TX",266776.6564166327,270222.6399514295,198571.8398120611,-1.275238645961052,34.34767823530478
48041,Brazos County,TX,"College Station-Bryan, TX",308907.8748122737,307302.04110668786,244897.63031024064,0.5225587502779794,26.137551605111
28049,Hinds County,MS,"Jackson, MS",128599.99919657716,128608.9733710341,118010.37812046196,-0.00697787582134568,8.973465931365453
01101,Montgomery County,AL,"Montgomery, AL",160356.98235672733,159534.33447587618,123639.59219135733,0.5156556947780722,29.697113614336736
39099,Mahoning County,OH,"Youngstown-Warren-Boardman, OH-PA",166900.41551254058,156409.25444970248,108111.04906137475,6.707506598474211,54.378684659503264
19113,Linn County,IA,"Cedar Rapids, IA",230538.96766008693,223906.9931595493,177233.3011049585,2.961932723473204,30.076552331190022
25001,Barnstable County,MA,"Barnstable Town, MA",735778.4938873085,731476.6606322457,500280.24302251014,0.588102599383622,47.07326626412511
16027,Canyon County,ID,"Boise City, ID",409570.39959724015,409808.97019076673,334346.4644330074,-0.05821507357819389,22.498797853836816
01003,Baldwin County,AL,"Daphne-Fairhope-Foley, AL",365569.6187462131,369399.40969872987,279384.1227677686,-1.0367615247788953,30.848387204194893
37071,Gaston County,NC,"Charlotte-Concord-Gastonia, NC-SC",294434.67002053966,291531.6963969825,207649.0712779353,0.9957660382849731,41.7943592083025
29099,Jefferson County,MO,"St. Louis, MO-IL",284420.37893289165,273328.7590466228,214438.3539184338,4.057977625536613,32.63503181015697
51760,Richmond City,VA,"Richmond, VA",356926.68568019586,354153.57195170707,269446.69871928083,0.7830257685123465,32.466527657128495
37129,New Hanover County,NC,"Wilmington, NC",436853.214861548,442211.5309212943,303869.79483537684,-1.2117088056439629,43.763290161240164
53073,Whatcom County,WA,"Bellingham, WA",606922.3259111006,603569.8557554822,469997.01947390614,0.5554402897444355,29.133228672484467
01125,Tuscaloosa County,AL,"Tuscaloosa, AL",225840.00507096385,226804.7654978548,184026.75554594584,-0.4253704390969171,22.721288217559497
45015,Berkeley County,SC,"Charleston-North Charleston, SC",369366.0376747069,371773.55655600457,270036.3163471922,-0.647576687164142,36.7838380671006
41029,Jackson County,OR,"Medford, OR",429000.62252906227,426698.4670836427,365723.7567679819,0.5395274703361652,17.301819909179073
37025,Cabarrus County,NC,"Charlotte-Concord-Gastonia, NC-SC",380170.2285335728,387410.3814809116,275809.97412872897,-1.868858784749805,37.83773764328613
01117,Shelby County,AL,"Birmingham-Hoover, AL",353611.60569765157,348821.7479320389,278808.8865046115,1.3731534211983476,26.829388449855873
35013,Dona Ana County,NM,"Las Cruces, NM",283613.5366191791,285801.9514583352,203615.65601922284,-0.7657102507486302,39.28866874185937
06007,Butte County,CA,"Chico, CA",396476.5952451918,393830.783660309,371198.01041519985,0.6718143158572776,6.8100000864004695
06113,Yolo County,CA,"Sacramento-Roseville-Folsom, CA",616168.1000474113,626621.3433188223,526657.348077909,-1.6681913858929143,16.99601311862089
12019,Clay County,FL,"Jacksonville, FL",331065.7520883107,337685.9790692719,248869.82548263343,-1.9604684207522594,33.027678806088545
47125,Montgomery County,TN,"Clarksville, TN-KY",316353.0411500498,317705.84485625493,228974.65957837077,-0.42580384594977927,38.160721248620156
42069,Lackawanna County,PA,"Scranton--Wilkes-Barre, PA",235172.40709318573,221816.6957997193,162988.22109186623,6.021057723051393,44.28797708064671
36063,Niagara County,NY,"Buffalo-Cheektowaga, NY",237508.9007120398,224906.379614039,166144.28041629295,5.60345203174224,42.953401776416776
22019,Calcasieu Parish,LA,"Lake Charles, LA",196438.59363374044,188169.06357464133,216942.0426513192,4.394734130044076,-9.451118265044178
04015,Mohave County,AZ,"Lake Havasu City-Kingman, AZ",345565.4260674305,343322.6462441249,273244.8076662151,0.653257175965849,26.467334921715825
39041,Delaware County,OH,"Columbus, OH",507245.30050209543,502944.509445071,381202.4784874592,0.855122379558293,33.0645337130941
37101,Johnston County,NC,"Raleigh-Cary, NC",339182.29327607754,343863.2806574314,250149.96957632565,-1.3612931780340953,35.59157886388884
23031,York County,ME,"Portland-South Portland, ME",509527.6583301879,503085.22473598487,363244.7977345679,1.2805849342095055,40.27115088996061
12091,Okaloosa County,FL,"Crestview-Fort Walton Beach-Destin, FL",348577.63872926356,355734.0904699072,282110.5414568104,-2.0117418972104506,23.56065708470838
42125,Washington County,PA,"Pittsburgh, PA",228885.8129022765,225015.56134869883,192087.02821494124,1.7199928442193757,19.15735020178364
39025,Clermont County,OH,"Cincinnati, OH-KY-IN",319660.9420083849,310624.16021936684,236773.8304278606,2.909233390807775,35.00687192953025
28047,Harrison County,MS,"Gulfport-Biloxi, MS",222496.42864009936,220382.2513345332,175263.83392305544,0.9593228550682564,26.94942456740963
17019,Champaign County,IL,"Champaign-Urbana, IL",227711.45449010143,213429.2941352744,163618.61879503564,6.691752607200585,39.172091884820645
18039,Elkhart County,IN,"Elkhart-Goshen, IN",255359.777429256,243266.98965255352,182120.5397643177,4.970994130347917,40.214704920003655
13245,Richmond County,GA,"Augusta-Richmond County, GA-SC",183386.8857899666,183967.42410639915,135727.31178986083,-0.31556582327141314,35.11421052374077
53005,Benton County,WA,"Kennewick-Richland, WA",442380.2646521643,442150.85628807143,349579.37673162104,0.051884636392829364,26.546442409784476
13215,Muscogee County,GA,"Columbus, GA-AL",183027.02140015687,180214.47888950165,134208.04393123108,1.56066400878907,36.37559719888392
04027,Yuma County,AZ,"Yuma, AZ",280975.6452495603,277005.54379409406,194921.29104835275,1.4332209388622674,44.14825786263678
45007,Anderson County,SC,"Greenville-Anderson, SC",284875.9628281277,281699.5089613695,192538.6159221174,1.1276036221965269,47.957832491826544
39155,Trumbull County,OH,"Youngstown-Warren-Boardman, OH-PA",159577.23183034992,148926.2457114849,107195.50124299606,7.1518529645199,48.86560534719864
13139,Hall County,GA,"Gainesville, GA",384891.5726993098,393330.5429518165,273430.4510865649,-2.145516132353975,40.76397532528575
37133,Onslow County,NC,"Jacksonville, NC",285177.2957376026,276455.82767697115,191532.87471356927,3.1547419831648993,48.892087671150584
15001,Hawaii County,HI,"Hilo, HI",561311.1994445199,570956.6431846492,424701.5602226607,-1.6893478437048137,32.16603187194276
27137,Saint Louis County,MN,"Duluth, MN-WI",239835.23195283848,223321.03570775304,175265.39345310457,7.394823417663443,36.84117966905471
36007,Broome County,NY,"Binghamton, NY",185980.81659439427,179061.6301335536,125316.64981675078,3.8641368648771657,48.40870456268347
55101,Racine County,WI,"Racine, WI",298431.78580849135,286123.1546311423,215032.1040655231,4.301864766316044,38.784758259890005
17167,Sangamon County,IL,"Springfield, IL",189434.86209288207,174617.00317020374,141323.77882186786,8.485919843805245,34.043162213809765
41017,Deschutes County,OR,"Bend, OR",660302.3432015855,677097.5352581792,517990.8599353885,-2.480468644770606,27.473744089605788
46099,Minnehaha County,SD,"Sioux Falls, SD",319729.8853652768,316530.6779812483,236405.50247603553,1.010710053266295,35.246380484603094
26093,Livingston County,MI,"Detroit-Warren-Dearborn, MI",387031.19432727626,371625.81755083456,295528.4591961687,4.145400036512381,30.962410652426886
47165,Sumner County,TN,"Nashville-Davidson--Murfreesboro--Franklin, TN",436411.11522248335,434358.7267192352,326755.5654949343,0.47251001925301406,33.5588927342231
42019,Butler County,PA,"Pittsburgh, PA",319034.47293399594,311146.10591237387,271615.13010740234,2.535261368125119,17.458284745714646
12053,Hernando County,FL,"Tampa-St. Petersburg-Clearwater, FL",308131.64137286495,318697.01102604344,214729.96129333475,-3.315176888281235,43.497274212208126
06017,El Dorado County,CA,"Sacramento-Roseville-Folsom, CA",642659.6942511642,651107.2353257078,550461.3994893502,-1.297411642233992,16.749275216635382
26145,Saginaw County,MI,"Saginaw, MI",162500.93889496865,152001.882274044,110756.7810902031,6.907188558360033,46.71872665080778
55087,Outagamie County,WI,"Appleton, WI",329132.9449760535,308000.2716337922,219019.13682554883,6.8612515275271235,50.27588444849527
31153,Sarpy County,NE,"Omaha-Council Bluffs, NE-IA",348163.4687693617,342031.2845131135,266261.36548465065,1.7928723289091675,30.760040284339517
48139,Ellis County,TX,"Dallas-Fort Worth-Arlington, TX",369272.02452503325,375446.85748543387,292172.79644808563,-1.6446623103351432,26.388229504674943
18157,Tippecanoe County,IN,"Lafayette-West Lafayette, IN",290843.6667589671,285235.5313279464,205310.81814606063,1.966141947642841,41.6601762075963
45013,Beaufort County,SC,"Hilton Head Island-Bluffton, SC",540643.6270879173,537827.7115334155,352227.6774612947,0.5235720462363869,53.49265877816405
09005,Litchfield County,CT,"Torrington, CT",406150.75866425945,395008.9083158341,275171.6592369622,2.8206579937475107,47.59905136687985
12015,Charlotte County,FL,"Punta Gorda, FL",294417.0694961419,335054.297943589,250624.6978239559,-12.128550117655523,17.473286572477665
12113,Santa Rosa County,FL,"Pensacola-Ferry Pass-Brent, FL",344742.29874250817,347640.46004577324,262961.7957065574,-0.8336662835170205,31.099765962661262
37097,Iredell County,NC,"Charlotte-Concord-Gastonia, NC-SC",381122.6505970129,377386.34221338574,276359.49040543445,0.9900486492737226,37.9082911311948
28033,DeSoto County,MS,"Memphis, TN-MS-AR",295852.98866667884,293038.3907305693,230899.10732333257,0.9604877808305323,28.130849918094334
51700,Newport News City,VA,"Virginia Beach-Norfolk-Newport News, VA-NC",286699.1505174699,283056.17053785775,207660.0683989535,1.2870166273675876,38.06176253716129
38017,Cass County,ND,"Fargo, ND-MN",327716.17221098254,315983.6828281694,262776.257042326,3.7130048228450008,24.713007141355448
17143,Peoria County,IL,"Peoria, IL",155171.54256353018,143398.70018475724,105246.66531796692,8.209866870204973,47.4360656413505
29019,Boone County,MO,"Columbia, MO",321263.6710031836,313670.1865631179,230231.58347357935,2.4208499134927175,39.53935691887851
54039,Kanawha County,WV,"Charleston, WV",146322.17281014912,147538.1908905684,112418.14066393186,-0.8242056331849823,30.15886221385886
06089,Shasta County,CA,"Redding, CA",367421.6390657276,372781.7140373749,316884.60969224974,-1.4378588782146928,15.948085778781795
36111,Ulster County,NY,"Kingston, NY",423575.9879488288,415225.61277836264,289029.434457911,2.0110453000700135,46.55115965723924
39103,Medina County,OH,"Cleveland-Elyria, OH",334493.27076868335,323219.30132131325,243415.07435599,3.48802481822168,37.41682665038781
12005,Bay County,FL,"Panama City, FL",337620.2665869862,348499.07082794275,261217.6971748516,-3.12161642644021,29.248619155000412
10001,Kent County,DE,"Dover, DE",362801.6197749074,355927.394974522,262877.62274331925,1.9313559162473348,38.0116025049255
06025,Imperial County,CA,"El Centro, CA",370626.65583399753,347137.27677561244,262772.60366941727,6.766596568529426,41.044633519050834
18163,Vanderburgh County,IN,"Evansville, IN-KY",193351.01150055532,186768.2555079871,140065.92013073785,3.524558268568656,38.04286675879547
20177,Shawnee County,KS,"Topeka, KS",196600.8342979021,197788.01205500503,139923.79870079565,-0.6002273569405081,40.50564387427838
39089,Licking County,OH,"Columbus, OH",329724.1133143417,322120.70770275785,234603.6819712521,2.36042124264797,40.545157068227724
48251,Johnson County,TX,"Dallas-Fort Worth-Arlington, TX",334570.3398428328,344807.6854454226,264396.14991814265,-2.9690015723881524,26.541305516898106
49053,Washington County,UT,"St. George, UT",527044.362235276,529637.47414549,395765.3702312137,-0.48960129084476556,33.17091435447388
26121,Muskegon County,MI,"Muskegon, MI",240902.47703015985,232067.94390894848,174023.1556389516,3.806873526951904,38.43127723184365
19163,Scott County,IA,"Davenport-Moline-Rock Island, IA-IL",237149.0337924076,230427.84313011533,188214.5758568755,2.9168309571413253,25.999292410139073
18127,Porter County,IN,"Chicago-Naperville-Elgin, IL-IN-WI",322279.9005464665,318519.0318564055,246439.6785367986,1.1807359416301733,30.774355193107983
01081,Lee County,AL,"Auburn-Opelika, AL",342021.42620698054,328911.20683219197,252219.1110935644,3.9859448697585176,35.60488129708088
24013,Carroll County,MD,"Baltimore-Columbia-Towson, MD",483476.3548779942,476572.4458417299,388397.2694028838,1.4486588757918195,24.479854253682998
18063,Hendricks County,IN,"Indianapolis-Carmel-Anderson, IN",337189.2732806646,335313.4784354152,253979.0241844496,0.5594152832751886,32.76264619230302
17113,McLean County,IL,"Bloomington, IL",248475.70804065457,240555.5079157689,177611.45784902564,3.2924625977215127,39.8984677282844
55139,Winnebago County,WI,"Oshkosh-Neenah, WI",288280.15033824375,272783.1870969539,203218.9235026276,5.681055128878532,41.856941946903056
37147,Pitt County,NC,"Greenville, NC",240630.20307777403,237091.42911061403,164302.41572119875,1.4925777707084364,46.455669578281956
48187,Guadalupe County,TX,"San Antonio-New Braunfels, TX",295366.27113346144,303239.5815941159,254597.91932993903,-2.596399328631449,16.01283777605811
44003,Kent County,RI,"Providence-Warwick, RI-MA",423331.7551843228,411597.92336129607,291796.914291809,2.850799568472784,45.07752976475052
37001,Alamance County,NC,"Burlington, NC",290174.464765972,287692.33374075603,196306.1260826802,0.8627727381337325,47.81732519328325
55059,Kenosha County,WI,"Chicago-Naperville-Elgin, IL-IN-WI",316990.20399396593,300217.5962496042,228654.4542447563,5.586817013356149,38.63285761958228
20209,Wyandotte County,KS,"Kansas City, MO-KS",200588.25191518903,198456.27186616804,142293.84642925742,1.0742820214111104,40.967622247047174
16055,Kootenai County,ID,"Coeur d'Alene, ID",586380.6040689332,571111.3638546,436383.1490530406,2.673601188965402,34.37287973685277
21117,Kenton County,KY,"Cincinnati, OH-KY-IN",278809.7891693252,273319.47640991124,209830.432776072,2.0087528453990755,32.87385699045235
42007,Beaver County,PA,"Pittsburgh, PA",194406.65364333589,187022.988543596,156842.4410327615,3.9479986697029457,23.950285626278855
42089,Monroe County,PA,"East Stroudsburg, PA",301481.1860077888,302625.69543696585,210502.05305129013,-0.3781930769376496,43.22006918114525
45003,Aiken County,SC,"Augusta-Richmond County, GA-SC",229418.62930924448,225470.68688250007,187206.85035010625,1.7509781343779673,22.54820209847854
37057,Davidson County,NC,"Winston-Salem, NC",268339.41124070063,258028.62620423743,185879.65835759652,3.9959849370751144,44.36190254044232
08101,Pueblo County,CO,"Pueblo, CO",284346.3338811921,288479.1370214324,235776.0551426163,-1.4326176869883245,20.600174478785217
50007,Chittenden County,VT,"Burlington-South Burlington, VT",496934.73414897703,493963.29133343743,380116.1178918659,0.601551343525597,30.73235013158355
39057,Greene County,OH,"Dayton-Kettering, OH",292203.70804246474,282839.0114843722,216729.4618009488,3.3109635438709484,34.82417462506038
48329,Midland County,TX,"Midland, TX",326314.8242243123,317642.22865982977,284463.9927293094,2.73030308377864,14.712171861704615
13223,Paulding County,GA,"Atlanta-Sandy Springs-Alpharetta, GA",339785.2406589102,345065.71801830106,249092.69207443617,-1.530281648874443,36.40915669953595
24017,Charles County,MD,"Washington-Arlington-Alexandria, DC-VA-MD-WV",445533.92484959867,447964.7180591601,373416.156874953,-0.5426305044944235,19.31297471919404
15009,Maui County,HI,"Kahului-Wailuku-Lahaina, HI",990101.6684488388,1055881.4226175596,753557.0414227858,-6.229842931193064,31.39040762985037
09007,Middlesex County,CT,"Hartford-East Hartford-Middletown, CT",432853.86150258314,412467.5651276277,291738.34300627327,4.942521084936069,48.37057653860586
30111,Yellowstone County,MT,"Billings, MT",391052.4500036731,385483.0016560909,283125.3459154012,1.4447973901974942,38.119901889857964
55105,Rock County,WI,"Janesville-Beloit, WI",280592.5907631568,262457.03466735256,189320.08291871857,6.909914271793061,48.21068448592671
39133,Portage County,OH,"Akron, OH",268020.6785022972,258142.02419822317,197589.58974218543,3.8268291785332753,35.64514145305435
25015,Hampshire County,MA,"Springfield, MA",431697.93840535,429387.7555014595,321807.76286084874,0.5380178811090097,34.14777026122218
48135,Ector County,TX,"Odessa, TX",250498.520996744,238501.10895621465,222991.4527610496,5.030338052948791,12.335480977008606
13153,Houston County,GA,"Warner Robins, GA",251506.387375835,244391.8851127132,171645.60362701878,2.9111041309086927,46.526553585579464
45035,Dorchester County,SC,"Charleston-North Charleston, SC",346268.7921815296,349153.2663824475,263102.793592426,-0.8261341017380963,31.60969803989864
36083,Rensselaer County,NY,"Albany-Schenectady-Troy, NY",307818.2288235311,294055.90147227474,224288.5370579782,4.680173831693701,37.24206901575209
27109,Olmsted County,MN,"Rochester, MN",342552.14583531953,330834.07918094617,271578.61789128627,3.5419768977198673,26.133695095408505
26075,Jackson County,MI,"Jackson, MI",216212.35472930616,209619.8982211271,168960.10869351975,3.144957403435389,27.96651020241603
22073,Ouachita Parish,LA,"Monroe, LA",173440.2857997432,177191.8693003281,152008.90584912908,-2.117243593286,14.098766010384335
26147,Saint Clair County,MI,"Detroit-Warren-Dearborn, MI",251281.80578007325,241249.17693491175,194145.63485643224,4.158616817941829,29.42954188276874
18081,Johnson County,IN,"Indianapolis-Carmel-Anderson, IN",306978.3537543335,303524.88970350515,230141.9483498337,1.1377861150701163,33.38652773013919
37035,Catawba County,NC,"Hickory-Lenoir-Morganton, NC",286938.6773868517,284006.07446086354,201118.94536395356,1.032584578183826,42.67113268100875
42027,Centre County,PA,"State College, PA",339029.42869158025,332694.7554166845,273653.8142870694,1.9040496346153235,23.889897012701677
51510,Alexandria City,VA,"Washington-Arlington-Alexandria, DC-VA-MD-WV",675040.8867150572,668279.4336705958,603283.7311535123,1.0117703319588056,11.894429081377877
12061,Indian River County,FL,"Sebastian-Vero Beach, FL",361175.3258888169,379528.1446879034,269008.81105603155,-4.835693757093706,34.26152268803868
12085,Martin County,FL,"Port St. Lucie, FL",437818.97832365264,460824.5455641099,321516.0073273306,-4.992261688729149,36.173306568190775
47163,Sullivan County,TN,"Kingsport-Bristol, TN-VA",252241.53576938336,252829.50358733017,172560.6815652552,-0.2325550656091524,46.17555603128296
27145,Stearns County,MN,"St. Cloud, MN",307432.5372353191,296570.41479309084,225517.86926478168,3.662577890585106,36.32291677710071
39045,Fairfield County,OH,"Columbus, OH",355446.9180745318,350551.6104235537,260378.2083862644,1.3964584687154558,36.51177657203761
36093,Schenectady County,NY,"Albany-Schenectady-Troy, NY",295341.7245433561,282351.0029114527,210575.46376240908,4.600912161795079,40.25457632451814
13021,Bibb County,GA,"Macon-Bibb County, GA",166197.50148467874,165902.65936590396,119225.6721006634,0.17771994728819074,39.39741211469672
06039,Madera County,CA,"Madera, CA",418569.3834319144,414501.3029762959,315935.3853952955,0.9814397268254504,32.48575587954612
48091,Comal County,TX,"San Antonio-New Braunfels, TX",427615.3837389254,436377.8365533157,355991.4001467517,-2.0079967588637393,20.119582541220883
28121,Rankin County,MS,"Jackson, MS",265535.6840461562,259936.5294901599,203074.59480747525,2.154046823268141,30.75770718533115
42055,Franklin County,PA,"Chambersburg-Waynesboro, PA",281497.5673650428,273182.54266993515,215932.92313162787,3.043761366975062,30.363431051895784
34011,Cumberland County,NJ,"Vineland-Bridgeton, NJ",268590.2250308438,264398.8648879072,180703.5446641988,1.5852413529511722,48.63583640817048
08077,Mesa County,CO,"Grand Junction, CO",422017.5593409176,412791.7431217342,304669.8608183627,2.2349808039795693,38.51634625340083
13073,Columbia County,GA,"Augusta-Richmond County, GA-SC",327515.75521066674,322946.0170397263,248204.32337407777,1.4150161109986126,31.95408958169348
26021,Berrien County,MI,"Niles, MI",264368.3561579748,254119.68819588432,195571.7257419629,4.033008239090252,35.177186351968935
51179,Stafford County,VA,"Washington-Arlington-Alexandria, DC-VA-MD-WV",535088.3329635427,528707.166481228,408160.3055467059,1.2069377694999162,31.097592218533944
26115,Monroe County,MI,"Monroe, MI",258381.60245010824,242493.30779260956,198500.09684862487,6.552054900866389,30.166990622250765
24043,Washington County,MD,"Hagerstown-Martinsburg, MD-WV",322861.3112233822,318503.94668462424,248046.63672253527,1.3680723846956067,30.161535544033423
35049,Santa Fe County,NM,"Santa Fe, NM",542600.0040829019,546731.0567924214,434848.736237275,-0.7555913749907828,24.77902288000038
33013,Merrimack County,NH,"Concord, NH",472002.79478799854,456419.4433795025,312293.59025052696,3.414261078167713,51.140724473195334
23019,Penobscot County,ME,"Bangor, ME",265890.3439027488,263470.01944328565,183106.8825520888,0.9186337271228417,45.21045861130337
12017,Citrus County,FL,"Homosassa Springs, FL",269106.63661216974,279798.7265002156,196085.1458369519,-3.821350447796845,37.239685068208296
06031,Kings County,CA,"Hanford-Corcoran, CA",357460.76120728086,350202.04656583257,266565.40827139217,2.072721936558919,34.09870527662293
19103,Johnson County,IA,"Iowa City, IA",300810.3218614125,289263.81900664367,234710.5233035042,3.99168582314251,28.16226457491837
40017,Canadian County,OK,"Oklahoma City, OK",270400.54390052793,266583.41620130773,202499.60404106733,1.4318699015912317,33.531393891362946
09013,Tolland County,CT,"Hartford-East Hartford-Middletown, CT",386747.15115012246,367451.26412834646,261063.56423439307,5.2512778987300335,48.14290622451081
27139,Scott County,MN,"Minneapolis-St. Paul-Bloomington, MN-WI",434799.3118872749,428469.38081431825,361118.6914465642,1.4773356875411814,20.40343581927646
35043,Sandoval County,NM,"Albuquerque, NM",369156.4911651884,367890.95757487934,264871.2175004412,0.34399692741875487,39.37206716866981
37135,Orange County,NC,"Durham-Chapel Hill, NC",495240.5327881926,502471.52089279547,357000.37430327013,-1.4390841677464183,38.72269286964056
37159,Rowan County,NC,"Charlotte-Concord-Gastonia, NC-SC",272486.65973555355,270119.2295295386,197482.6114560656,0.8764389747957901,37.980077195897444
34037,Sussex County,NJ,"New York-Newark-Jersey City, NY-NJ-PA",431078.82421943423,417019.1750748072,300164.1430910045,3.3714634685815037,43.61436372123191
13077,Coweta County,GA,"Atlanta-Sandy Springs-Alpharetta, GA",386441.4002123645,392384.3838684742,281559.54055884894,-1.5145821037826468,37.25033058561698
04005,Coconino County,AZ,"Flagstaff, AZ",617188.5317856282,614997.7389551442,425641.44672882435,0.3562277861713925,45.001981486741414
48367,Parker County,TX,"Dallas-Fort Worth-Arlington, TX",436441.55227805814,439822.79583198874,338925.9726586979,-0.7687740576371227,28.77194062597246
47189,Wilson County,TN,"Nashville-Davidson--Murfreesboro--Franklin, TN",491533.27219504333,489014.0203678124,352268.1448014565,0.5151696520553806,39.533840754201236
17161,Rock Island County,IL,"Davenport-Moline-Rock Island, IA-IL",152355.43291425172,143241.23649239165,123266.5791097746,6.362830037664602,23.598329745625655
37151,Randolph County,NC,"Greensboro-High Point, NC",248498.28235802203,241578.1084506345,178840.57479964592,2.8645699528695667,38.94961064423621
13097,Douglas County,GA,"Atlanta-Sandy Springs-Alpharetta, GA",300832.4327858076,313190.1785042037,228671.15808732717,-3.9457641288167755,31.55678892872129
42107,Schuylkill County,PA,"Pottsville, PA",156567.34909451284,151673.66756537886,108996.54387269627,3.226454273629642,43.64432442681616
28059,Jackson County,MS,"Gulfport-Biloxi, MS",210460.66674094208,210575.7749017136,163254.24073210292,-0.05466353421956782,28.915895720163242
42075,Lebanon County,PA,"Lebanon, PA",305013.7671525587,289823.2674097088,215614.75424781445,5.2412975254246374,41.462381930503
48441,Taylor County,TX,"Abilene, TX",210390.3872401367,201982.1113569874,160790.25265360277,4.162881468393187,30.847724764379603
22063,Livingston Parish,LA,"Baton Rouge, LA",249521.33847989817,243002.7711091108,208990.59994928897,2.682507422049296,19.393570112935166
18105,Monroe County,IN,"Bloomington, IN",304563.382548982,298555.71271174407,234266.29601275187,2.0122441411926095,30.007341103990303
48257,Kaufman County,TX,"Dallas-Fort Worth-Arlington, TX",297890.06637688586,310455.7894577649,252134.33211891807,-4.04750805350611,18.147363698327013
27171,Wright County,MN,"Minneapolis-St. Paul-Bloomington, MN-WI",387532.6264507077,380990.21320031135,313503.70139923383,1.7172129424113614,23.613413405030627
48381,Randall County,TX,"Amarillo, TX",254042.7966277269,249705.35652961384,192814.07733853348,1.7370232494786864,31.755315864044007
06055,Napa County,CA,"Napa, CA",886117.0162349028,920444.7860138924,791838.8909852823,-3.7294762598037545,11.906225663191483
51177,Spotsylvania County,VA,"Washington-Arlington-Alexandria, DC-VA-MD-WV",452809.9265780619,448911.91835350665,350925.2407977931,0.8683236210016654,29.03315975466576
55073,Marathon County,WI,"Wausau-Weston, WI",262703.8796074937,241025.02849467623,178651.404003183,8.994439809099042,47.048315166229045
45041,Florence County,SC,"Florence, SC",199674.7684438477,193354.9898536941,149107.65787484497,3.268484870721755,33.91315462244518
06023,Humboldt County,CA,"Eureka-Arcata, CA",425467.5940192177,444631.9591831696,428727.5094978087,-4.310163668657241,-0.7603700267355129
51650,Hampton City,VA,"Virginia Beach-Norfolk-Newport News, VA-NC",272272.91047521733,273863.5145742312,199668.6466121805,-0.580801755022653,36.36237591375935
55131,Washington County,WI,"Milwaukee-Waukesha, WI",409445.9523498878,385519.99830867565,298910.4808734402,6.2061512103595895,36.979456576247905
39023,Clark County,OH,"Springfield, OH",193742.6323718354,186058.12017147496,132832.2072432236,4.130167602079515,45.85516298549588
21015,Boone County,KY,"Cincinnati, OH-KY-IN",342837.96063660015,336233.95532214246,264283.9732305238,1.9641101708869568,29.72332618049336
26025,Calhoun County,MI,"Battle Creek, MI",179707.88892220124,173811.2134249975,130120.8920341339,3.3925748408334178,38.10840527826957
48181,Grayson County,TX,"Sherman-Denison, TX",287047.9654082887,301097.04006925045,224774.41426896167,-4.665962394625511,27.704910873357424
42021,Cambria County,PA,"Johnstown, PA",116362.73073155063,121315.84550866496,128965.10352143415,-4.082825913091915,-9.771924687974987
47009,Blount County,TN,"Knoxville, TN",381636.42846548575,379222.19964195,247660.9495223729,0.6366264490357265,54.09632774221838
37019,Brunswick County,NC,"Myrtle Beach-Conway-North Myrtle Beach, SC-NC",399752.07475574134,400942.7852815949,283276.68386099295,-0.2969776660321499,41.11718243351936
37085,Harnett County,NC,"Fayetteville, NC",289807.06948947086,287748.56972150796,201187.98507304673,0.715381407440252,44.04790096399076
21227,Warren County,KY,"Bowling Green, KY",289893.06597429607,286775.4532741991,215310.0779464095,1.0871267622463154,34.63980355181062
17179,Tazewell County,IL,"Peoria, IL",179402.51943584267,164180.97099757672,125903.3314535512,9.271201373568804,42.49227352814617
47179,Washington County,TN,"Johnson City, TN",294722.94632167945,296343.66485433496,202894.01551255444,-0.5469050716681134,45.25955611709156
39173,Wood County,OH,"Toledo, OH",228577.0848911183,227892.7115087729,184461.35006054223,0.3003050768120241,23.915977420796718
22105,Tangipahoa Parish,LA,"Hammond, LA",218319.71149418535,219679.46247412197,209112.28057189248,-0.6189704602435508,4.403103871810798
49005,Cache County,UT,"Logan, UT-ID",464608.2128063743,448236.9459839086,341352.20466604497,3.6523689020167005,36.10816231900842
19013,Black Hawk County,IA,"Waterloo-Cedar Falls, IA",182554.13828753715,177822.31629926225,137854.70248551422,2.6609832144530055,32.425035197272244
17093,Kendall County,IL,"Chicago-Naperville-Elgin, IL-IN-WI",386698.64180343976,371630.5946705371,260071.70050247604,4.054576600793847,48.68924264205292
33017,Strafford County,NH,"Boston-Cambridge-Newton, MA-NH",486901.0678107592,471960.1298658873,320923.0857586356,3.165720364793856,51.71892874573525
22079,Rapides Parish,LA,"Alexandria, LA",162716.0213081099,169229.21604261536,160032.69957749025,-3.848741302958769,1.6767334036756232
18095,Madison County,IN,"Indianapolis-Carmel-Anderson, IN",183439.57886234004,177440.7146853609,124887.17873741196,3.380770973345304,46.88423640992041
44009,Washington County,RI,"Providence-Warwick, RI-MA",654034.2550640488,619156.8956920017,432052.52708441793,5.6330406096933405,51.37841212910168
45077,Pickens County,SC,"Greenville-Anderson, SC",300469.2701214745,296168.53635564557,209007.9509030662,1.4521237869320913,43.759732021307784
48485,Wichita County,TX,"Wichita Falls, TX",163039.6728053031,164664.8347180581,121612.85247604449,-0.9869514128730827,34.064508385262116
42051,Fayette County,PA,"Pittsburgh, PA",138074.48625030555,138047.25738362307,125334.28427601124,0.01972430832639649,10.164977641901896
25003,Berkshire County,MA,"Pittsfield, MA",373272.7877167852,366582.546882048,261148.47017058893,1.825029830700009,42.93508496257081
34019,Hunterdon County,NJ,"New York-Newark-Jersey City, NY-NJ-PA",611914.431437044,597298.5146215167,456013.5442383026,2.4470037104962206,34.18777559757547
53057,Skagit County,WA,"Mount Vernon-Anacortes, WA",574106.0800680565,566112.3228733675,444064.9862943869,1.4120443720630815,29.2842484292289
13059,Clarke County,GA,"Athens-Clarke County, GA",326395.2013735285,321683.2690334061,222710.5672386886,1.464773829947963,46.55577659398469
36013,Chautauqua County,NY,"Jamestown-Dunkirk-Fredonia, NY",165681.61459027312,159965.53749465573,115076.13170710955,3.5733178440439772,43.97565518796205
22015,Bossier Parish,LA,"Shreveport-Bossier City, LA",239413.87656108927,238536.94510875773,192981.44386490365,0.3676291955242883,24.060568605078213
05131,Sebastian County,AR,"Fort Smith, AR-OK",201293.70458025963,195628.61755425067,156523.48198330775,2.895837580837557,28.60287928026437
12119,Sumter County,FL,"The Villages, FL",387467.8539509717,392135.5715586936,297861.10388767597,-1.1903326161328054,30.083400918666637
41043,Linn County,OR,"Albany-Lebanon, OR",405086.9418514435,402474.8052914029,311898.9071023182,0.6490186530183628,29.87764068007941
22005,Ascension Parish,LA,"Baton Rouge, LA",303375.22591840586,302120.60371485684,231931.3362450517,0.4152719768603097,30.803896890357542
04003,Cochise County,AZ,"Sierra Vista-Douglas, AZ",258397.12706739875,255379.8150359256,203672.42518752383,1.18149981080089,26.8689793571659
39139,Richland County,OH,"Mansfield, OH",187506.28368671055,174546.55369476657,127116.1362033881,7.4247985523718585,47.50785328048135
48183,Gregg County,TX,"Longview, TX",215297.4882223841,212303.02223058927,162795.86564234094,1.4104679058889902,32.249972917241095
23011,Kennebec County,ME,"Augusta-Waterville, ME",303423.1176961341,303524.18273128173,205341.21436867505,-0.03329719373205142,47.76532739860016
05045,Faulkner County,AR,"Little Rock-North Little Rock-Conway, AR",251436.0237618227,246373.58827081523,191910.76048358585,2.0547801111874042,31.017157729062326
42013,Blair County,PA,"Altoona, PA",168387.54599875334,156274.3100730794,145169.8339209115,7.75126501598975,15.993482565042294
35045,San Juan County,NM,"Farmington, NM",262802.6637117757,256140.5550955164,195152.32476462983,2.6009581394773384,34.665402540675785
01103,Morgan County,AL,"Decatur, AL",227572.2592812019,226374.05635727863,179165.03226487793,0.5293022280045134,27.018233638782064
05125,Saline County,AR,"Little Rock-North Little Rock-Conway, AR",251747.34003745523,247022.84802651417,199519.85466887895,1.9125728849316737,26.176585510876826
29097,Jasper County,MO,"Joplin, MO",211434.83193302297,209847.94718638543,151755.83381431038,0.7562069431291896,39.325669807024546
16019,Bonneville County,ID,"Idaho Falls, ID",396673.76621422527,394144.4898618157,307220.45857416064,0.6417129802566368,29.1169761464539
40031,Comanche County,OK,"Lawton, OK",153976.77465911096,147401.89094542328,115431.59652761328,4.460515174884749,33.39222473829078
54003,Berkeley County,WV,"Hagerstown-Martinsburg, MD-WV",314006.9805269271,302962.2338205106,221773.7617695052,3.6455853150858086,41.588877792171886
55063,La Crosse County,WI,"La Crosse-Onalaska, WI-MN",320609.9637036221,309522.44488446607,237481.0425940264,3.582137257701823,35.00444507130809
18019,Clark County,IN,"Louisville/Jefferson County, KY-IN",258815.064018296,251541.10953801652,193782.56743412509,2.8917557426851204,33.559518508432504
26005,Allegan County,MI,"Holland, MI",334765.19366280094,315490.42139163293,239646.2582330727,6.109463541284921,39.69139185858619
48451,Tom Green County,TX,"San Angelo, TX",242960.46804972153,233348.2282671784,188250.9325642588,4.119268380104146,29.062026275374663
48375,Potter County,TX,"Amarillo, TX",144017.04799918443,141469.720441929,108497.85532530428,1.8006168028734226,32.737230212877975
37155,Robeson County,NC,"Lumberton, NC",128026.81061067578,131576.25376480995,97431.00435400056,-2.697632021412266,31.402536040283515
20045,Douglas County,KS,"Lawrence, KS",325146.86596210697,316542.0241827457,234348.96106260564,2.7183884356515975,38.7447439441581
13045,Carroll County,GA,"Atlanta-Sandy Springs-Alpharetta, GA",284119.7688354298,287575.86149124574,201354.74241058753,-1.2018020698587595,41.104085969862105
36075,Oswego County,NY,"Syracuse, NY",191477.6651285203,185502.35782469317,135076.6430283657,3.2211489783186664,41.75482958094432
37191,Wayne County,NC,"Goldsboro, NC",181272.18310290863,184255.06339550996,146615.10690047298,-1.6188864705435346,23.63813452454253
13113,Fayette County,GA,"Atlanta-Sandy Springs-Alpharetta, GA",510565.52819215856,513471.88060089055,378229.5578679962,-0.5660197799596811,34.98826772558801
36045,Jefferson County,NY,"Watertown-Fort Drum, NY",214121.4921020776,212242.781964734,163364.89864900135,0.8851703318022652,31.069460987534203
55117,Sheboygan County,WI,"Sheboygan, WI",310501.3166108865,290977.930801648,209144.202983537,6.709576137080675,48.46278891857592
13185,Lowndes County,GA,"Valdosta, GA",224650.666723955,219567.84559548332,155394.84312711455,2.3149205270410533,44.56764600623746
30063,Missoula County,MT,"Missoula, MT",559507.5293624816,555293.4080426056,387228.15389553574,0.7588999362932558,44.49040539377269
39169,Wayne County,OH,"Wooster, OH",254420.486309284,244680.1691944359,172031.4699230329,3.9808363493111454,47.89182840971598
09015,Windham County,CT,"Worcester, MA-CT",356686.2000610877,342746.1333200654,247141.75641381,4.067169658776182,44.324538773552405
01015,Calhoun County,AL,"Anniston-Oxford, AL",168175.08035824235,161073.02247822325,139444.92225858997,4.409216249095516,20.60323003111901
30031,Gallatin County,MT,"Bozeman, MT",689955.4892031673,700331.6760792934,523484.6712087405,-1.4816103898392385,31.800514351268603
37089,Henderson County,NC,"Asheville, NC",412842.8579716377,424919.0395789786,305353.9198308488,-2.8419958821582436,35.2014273143546
42081,Lycoming County,PA,"Williamsport, PA",223858.29034600803,215308.48138518515,176549.32341977922,3.9709578117024247,26.79645892142155
12035,Flagler County,FL,"Deltona-Daytona Beach-Ormond Beach, FL",343647.2557269263,357980.18918569805,274257.4114438547,-4.0038342600396515,25.30099147285103
24037,Saint Marys County,MD,"California-Lexington Park, MD",422154.35282005713,412125.52179590176,348450.4779322097,2.4334409042306326,21.151893756962046
18035,Delaware County,IN,"Muncie, IN",162649.23478034677,157619.46955274433,109834.88334043745,3.1910811791682425,48.08522559832764
18091,La Porte County,IN,"Michigan City-La Porte, IN",246933.89339332024,238199.09442930893,173069.79534227587,3.667016024951164,42.67879204743102
36069,Ontario County,NY,"Rochester, NY",303688.3197496122,291193.1840218035,211801.07564797517,4.291012432101815,43.38374761342505
51003,Albemarle County,VA,"Charlottesville, VA",545437.7702901036,537379.2527609328,411197.730711743,1.4995959534663816,32.64610418593612
13217,Newton County,GA,"Atlanta-Sandy Springs-Alpharetta, GA",289944.8451430202,298330.1552331757,210559.67906129785,-2.8107484084542333,37.701979047285626
42085,Mercer County,PA,"Youngstown-Warren-Boardman, OH-PA",180020.24465177514,178513.2878787883,153662.73325319157,0.844170644602138,17.152832596797584
41019,Douglas County,OR,"Roseburg, OR",337702.2659187569,336662.2027636107,262185.8126995754,0.3089337462324204,28.80264665796839
23001,Androscoggin County,ME,"Lewiston-Auburn, ME",316086.9450741843,311981.5876577667,214327.74510476144,1.3158973410062336,47.47831407440219
21093,Hardin County,KY,"Elizabethtown-Fort Knox, KY",241652.64685151505,242786.28468940037,183875.64981914547,-0.4669282860584989,31.42177721149988
22109,Terrebonne Parish,LA,"Houma-Thibodaux, LA",169206.4857608682,183775.35050698803,190227.53111335295,-7.927540176595038,-11.050474781149688
17099,La Salle County,IL,"Ottawa, IL",187886.03280459717,170970.03203201518,133372.6630043951,9.894132071879348,40.872970946381784
05031,Craighead County,AR,"Jonesboro, AR",212960.9985964143,206394.9720529852,164859.48681358036,3.1812919075099977,29.177278610133083
53015,Cowlitz County,WA,"Longview, WA",413375.4666343921,410923.6631069365,335993.6891544231,0.5966566901788761,23.030723486120074
34041,Warren County,NJ,"Allentown-Bethlehem-Easton, PA-NJ",408832.8529073952,400113.2789202688,295033.6760235005,2.179276331607083,38.57158898526221
51085,Hanover County,VA,"Richmond, VA",443773.65917101054,432493.05067854584,333616.3646315898,2.6082750866785798,33.01915200145133
26045,Eaton County,MI,"Lansing-East Lansing, MI",252595.1559283435,245225.24055439644,194669.89557514316,3.0053657434631953,29.75563334128415
36089,Saint Lawrence County,NY,"Ogdensburg-Massena, NY",133186.48035975386,130113.26656148584,101082.2341146578,2.3619526889794518,31.76052302987302
46103,Pennington County,SD,"Rapid City, SD",357253.3667268671,350805.45979639544,251378.0881900678,1.8380292411110055,42.11794245835247
28089,Madison County,MS,"Jackson, MS",330197.7979338831,321138.24263291684,250592.3650474635,2.8210764394454024,31.766902743162937
17091,Kankakee County,IL,"Kankakee, IL",215554.2552108036,204815.35345098228,160890.2920117515,5.243211301730577,33.97592391407893
13015,Bartow County,GA,"Atlanta-Sandy Springs-Alpharetta, GA",320122.2882485778,320232.4409345644,228056.29863352957,-0.03439772862022794,40.36985172814358
39109,Miami County,OH,"Dayton-Kettering, OH",260690.3447979909,251675.98890893697,188720.68178613717,3.581730592629384,38.13554631675795
47011,Bradley County,TN,"Cleveland, TN",310766.56478224933,309102.1400288705,215530.99260210025,0.5384707958422386,44.18648614307039
41071,Yamhill County,OR,"Portland-Vancouver-Hillsboro, OR-WA",501821.7117017135,504590.0027469683,419101.69417403894,-0.5486218573860557,19.737457203721952
29037,Cass County,MO,"Kansas City, MO-KS",332562.4436879291,314809.5933036715,247984.82769696784,5.639234242500613,34.105963972244815
02170,Matanuska Susitna Borough,AK,"Anchorage, AK",392712.25896714075,367089.26852360513,302894.8220564682,6.980043450081941,29.65301166288277
04017,Navajo County,AZ,"Show Low, AZ",389161.7983723125,386015.8173364725,285545.2430429228,0.8149875975413279,36.28726370126019
18167,Vigo County,IN,"Terre Haute, IN",154384.49670526234,154097.24306494658,113050.99589202536,0.18641062916011641,36.561819280844254
01069,Houston County,AL,"Dothan, AL",198404.2583146153,193323.4451193564,143657.48715820644,2.628141243873472,38.10923623919273
55127,Walworth County,WI,"Whitewater, WI",393140.66547051334,378475.2112396063,286894.5189095144,3.874878405609117,37.033174061616926
27019,Carver County,MN,"Minneapolis-St. Paul-Bloomington, MN-WI",476658.5140229969,472576.5137733498,395639.0114035777,0.8637755222014265,20.47813797026552
54061,Monongalia County,WV,"Morgantown, WV",253586.48892031863,252338.99643671585,220992.64455091767,0.4943716592435754,14.748836747772941
36109,Tompkins County,NY,"Ithaca, NY",339934.4035139287,332227.53011716326,243304.13558951265,2.319757605291639,39.71583454193501
45085,Sumter County,SC,"Sumter, SC",209894.51216426457,209837.9606459175,169823.47119909295,0.026950089570543234,23.59570245634317
48397,Rockwall County,TX,"Dallas-Fort Worth-Arlington, TX",413061.58029619744,425876.0597635126,324513.7668704361,-3.0089691997317147,27.286304146570938
55035,Eau Claire County,WI,"Eau Claire, WI",312562.19296243385,304887.68793671223,233037.79375043092,2.517158064878844,34.125108177589716
29165,Platte County,MO,"Kansas City, MO-KS",381110.7047786912,376877.4662875787,298705.9756356988,1.123240010290849,27.58723824242906
19193,Woodbury County,IA,"Sioux City, IA-NE-SD",198879.8071538969,194786.64297291936,153172.80747470722,2.1013577309541676,29.840152722105763
29071,Franklin County,MO,"St. Louis, MO-IL",258678.2405915335,252186.50102552504,195832.59417881543,2.5741820198978083,32.0915150392858
17115,Macon County,IL,"Decatur, IL",119168.19470092164,109992.86851599863,88454.74558289368,8.341746432032027,34.722217463443414
26017,Bay County,MI,"Bay City, MI",175917.7957518072,164806.7710798059,122393.31438330398,6.7418496213489165,43.731540107557244
55039,Fond du Lac County,WI,"Fond du Lac, WI",278701.2807231965,264724.887592857,188190.9273265109,5.279591676259399,48.094961155938364
42001,Adams County,PA,"Gettysburg, PA",324737.5803996053,311444.63055271434,244067.02832761712,4.26815829937417,33.052621906676436
01055,Etowah County,AL,"Gadsden, AL",179015.18342497814,173409.89127183318,136030.6494353317,3.2323947106098094,31.59915369666826
30029,Flathead County,MT,"Kalispell, MT",625140.7374868724,625165.6382616482,412360.84598266875,-0.003983068366508746,51.60041104221291
24015,Cecil County,MD,"Philadelphia-Camden-Wilmington, PA-NJ-DE-MD",373823.0060134009,371126.9070284727,291861.84459412453,0.7264628173999199,28.08217755673239
24045,Wicomico County,MD,"Salisbury, MD-DE",269155.87316258467,265126.79886983585,196732.10049234048,1.5196782482659987,36.81339877376235
13313,Whitfield County,GA,"Dalton, GA",246852.0258757753,240953.98263075404,168908.69226125625,2.447788237665116,46.14524721673985
21059,Daviess County,KY,"Owensboro, KY",210672.18369193363,206432.9338083796,156054.73576649398,2.053572463146347,34.99890449153958
39003,Allen County,OH,"Lima, OH",181913.65014490843,170110.2488925669,131619.86136183018,6.938677316142172,38.21139778047471
39029,Columbiana County,OH,"Salem, OH",152675.01197341605,151961.9408753944,120558.7643724879,0.46924321571173433,26.639496322058555
06057,Nevada County,CA,"Truckee-Grass Valley, CA",598357.2318859486,608191.2833929159,539853.7032854885,-1.6169339771043845,10.836922715249365
01083,Limestone County,AL,"Huntsville, AL",318049.15625359863,315593.2333766367,243369.56471924845,0.7781925013680357,30.685674118906658
37049,Craven County,NC,"New Bern, NC",268506.9573646314,262079.8380247287,180538.96796265975,2.4523516911271415,48.72520896439696
12055,Highlands County,FL,"Sebring-Avon Park, FL",232083.2986405486,238008.4946570544,158880.6730553146,-2.489489303750858,46.07396493074294
17037,DeKalb County,IL,"Chicago-Naperville-Elgin, IL-IN-WI",282933.40124268195,266338.7070018725,196977.39631881067,6.230673125815245,43.637496753561656
56021,Laramie County,WY,"Cheyenne, WY",382154.6752490688,370251.3522904773,329557.78792914964,3.214930312868347,15.95983746899854
05051,Garland County,AR,"Hot Springs, AR",239030.8524364202,240956.36342050228,171665.65597242303,-0.7991119042255024,39.24209305722685
51770,Roanoke City,VA,"Roanoke, VA",215312.8267507564,210735.95396746567,145841.73895812963,2.171851882473419,47.634571754915456
26091,Lenawee County,MI,"Adrian, MI",231109.67709390333,220188.8821947484,176548.90402264145,4.959739470177205,30.90405651244641
51121,Montgomery County,VA,"Blacksburg-Christiansburg, VA",335395.19161250343,330159.15444957925,260120.29659106504,1.5859130641564079,28.93849346165325
06101,Sutter County,CA,"Yuba City, CA",432116.7719847237,434874.2313830182,363733.1596442508,-0.6340820401165237,18.80048890987982
47119,Maury County,TN,"Nashville-Davidson--Murfreesboro--Franklin, TN",397686.33883185335,397066.4256612431,280477.70206128893,0.15612329085188392,41.788932207150076
37045,Cleveland County,NC,"Shelby, NC",209165.10513508457,216777.10185470863,171870.13715447948,-3.511439471464972,21.699504403771908
48231,Hunt County,TX,"Dallas-Fort Worth-Arlington, TX",272044.72230594937,281949.8750367941,220993.33347683345,-3.513089952443549,23.100872784684068
19061,Dubuque County,IA,"Dubuque, IA",266289.8257498693,250726.67263859915,194195.6761030463,6.207218780310253,37.124487575391505
37125,Moore County,NC,"Pinehurst-Southern Pines, NC",407760.8826103299,406357.7058537409,279409.5424229673,0.3453058072667714,45.936634473659325
47113,Madison County,TN,"Jackson, TN",223664.918043444,227310.8261046117,162695.32846182672,-1.6039306722196445,37.474702044639585
13115,Floyd County,GA,"Rome, GA",228700.5878769392,224785.36374486223,164598.6216077753,1.7417611479904282,38.9444125613114
19169,Story County,IA,"Ames, IA",268219.5925061717,261378.95471570911,213728.91334817835,2.6171341139162863,25.495230525607226
47155,Sevier County,TN,"Sevierville, TN",396348.3675217627,412225.7642786349,303436.0440456279,-3.8516264951698354,30.620068149241852
36079,Putnam County,NY,"New York-Newark-Jersey City, NY-NJ-PA",541606.8286259026,521764.3807337995,387325.59366407915,3.802951796785581,39.83244006736848
38015,Burleigh County,ND,"Bismarck, ND",356622.0351949158,338646.54173949995,274255.88779926643,5.308039870444992,30.032590387242596
53025,Grant County,WA,"Moses Lake, WA",355599.28678944544,353039.3373499064,265670.88788399176,0.7251173364292374,33.849549576813985
39007,Ashtabula County,OH,"Ashtabula, OH",172097.83322418606,163834.61520941393,120663.9167635177,5.043633791436597,42.62576405626775
22057,Lafourche Parish,LA,"Houma-Thibodaux, LA",181647.61712088995,185106.99358574068,218311.19025209377,-1.8688523852278816,-16.794179487028018
51740,Portsmouth City,VA,"Virginia Beach-Norfolk-Newport News, VA-NC",256420.40041208875,258139.7654377228,190282.1077900811,-0.6660597303629445,34.758019758206224
01095,Marshall County,AL,"Albertville, AL",238491.8546040577,239092.46668540323,179819.0087347038,-0.2512049374336023,32.628834004928244
02090,Fairbanks North Star Borough,AK,"Fairbanks, AK",296817.89435715694,298854.0295793266,276571.31650656264,-0.6813142941508255,7.320563139494585
19049,Dallas County,IA,"Des Moines-West Des Moines, IA",350063.68758186925,350658.5950790099,288359.09615191974,-0.1696543320167554,21.39852435847591
51161,Roanoke County,VA,"Roanoke, VA",327837.716482145,317146.1578674361,236424.47012710827,3.371177089642652,38.66488367548862
27141,Sherburne County,MN,"Minneapolis-St. Paul-Bloomington, MN-WI",379128.2563888813,370841.44052525633,300009.4426915184,2.2345981214741295,26.372107820191502
34009,Cape May County,NJ,"Ocean City, NJ",767040.1559036091,733497.2510946598,506847.91587764263,4.573010295388347,51.335367449509086
13297,Walton County,GA,"Atlanta-Sandy Springs-Alpharetta, GA",380947.37598315807,379350.12142917584,269317.76749868604,0.4210502287345319,41.44903231644999
39055,Geauga County,OH,"Cleveland-Elyria, OH",360427.39659650595,347601.3263227642,264490.0089052816,3.689879555244313,36.27259422324008
53021,Franklin County,WA,"Kennewick-Richland, WA",415674.8758638229,418111.9695867707,322730.5284503614,-0.5828806396899977,28.79936641251375
48021,Bastrop County,TX,"Austin-Round Rock-Georgetown, TX",350981.9756423405,364986.9901644528,285720.21616423014,-3.8371270482276842,22.841141713472002
41003,Benton County,OR,"Corvallis, OR",547257.9843739951,547804.7210959159,427384.4095439593,-0.0998050401659567,28.048186165224642
45057,Lancaster County,SC,"Charlotte-Concord-Gastonia, NC-SC",383526.4749988899,393666.3833215933,286633.0860431652,-2.575761800422749,33.80397925909124
40131,Rogers County,OK,"Tulsa, OK",275962.15963191,274679.0739098271,207377.71904357907,0.46712175915668563,33.07223211087511
37127,Nash County,NC,"Rocky Mount, NC",232032.54768496615,234010.54317012892,167486.19946971055,-0.8452591316472136,38.538308481307816
54011,Cabell County,WV,"Huntington-Ashland, WV-KY-OH",163432.6472202513,155436.866546465,121671.4416130464,5.144069647978977,34.32293153887231
26055,Grand Traverse County,MI,"Traverse City, MI",401746.0479458187,392640.6995053205,274645.8303124805,2.319002704500517,46.277861742422544
36101,Steuben County,NY,"Corning, NY",162275.83678400997,162095.620297432,129373.65796693663,0.11117912146378917,25.43189961087904
01077,Lauderdale County,AL,"Florence-Muscle Shoals, AL",218203.93129764727,219351.9714541517,165826.20947596838,-0.5233780890564699,31.585912737919443
19155,Pottawattamie County,IA,"Omaha-Council Bluffs, NE-IA",230938.23446321805,227058.2656567092,168399.52009333367,1.7087987505264302,37.13710961600303
51800,Suffolk City,VA,"Virginia Beach-Norfolk-Newport News, VA-NC",377285.09091455134,371020.80468213296,283502.0987501931,1.6883921746073671,33.080175624024164
39157,Tuscarawas County,OH,"New Philadelphia-Dover, OH",205544.10824215072,192127.97600930565,151637.27431690227,6.982914467487689,35.549856833083226
13247,Rockdale County,GA,"Atlanta-Sandy Springs-Alpharetta, GA",299514.03707995155,309340.1660787173,221212.6551287064,-3.1764801588246683,35.39642969598087
48037,Bowie County,TX,"Texarkana, TX-AR",186205.9820191765,190127.65021716055,166260.3647711712,-2.062650116121878,11.99661583532372
21037,Campbell County,KY,"Cincinnati, OH-KY-IN",287139.4816823311,277849.87821918906,235618.50981380497,3.3433894312574486,21.866266750112317
55109,Saint Croix County,WI,"Minneapolis-St. Paul-Bloomington, MN-WI",404336.1162931449,398599.0254760103,319426.5042481331,1.4393138092305469,26.581893147806323
24009,Calvert County,MD,"Washington-Arlington-Alexandria, DC-VA-MD-WV",472255.16926919646,465055.8473754193,393376.3260518911,1.54805534311786,20.05175146378797
21151,Madison County,KY,"Richmond-Berea, KY",277719.54726846813,271898.0492504167,206764.0113661964,2.1410591337821083,34.31715966111892
42097,Northumberland County,PA,"Sunbury, PA",162842.6359212833,152393.6866383167,136465.8141391823,6.856549974911763,19.328519709118595
06045,Mendocino County,CA,"Ukiah, CA",496618.8091822372,506685.10208135686,564571.1715127837,-1.9866960480522167,-12.036102046880348
36117,Wayne County,NY,"Rochester, NY",233629.57512627044,224806.4596599226,161418.81861787857,3.9247606495360854,44.73502973611399
48469,Victoria County,TX,"Victoria, TX",211245.83140393416,216027.45818993417,173768.8165094596,-2.213434730040631,21.56716932720457
33009,Grafton County,NH,"Lebanon, NH-VT",413783.1397320265,401472.37518964306,259724.28223573265,3.066403893061942,59.31630888345894
55089,Ozaukee County,WI,"Milwaukee-Waukesha, WI",477156.2439831107,455608.6992911748,361127.8236763613,4.729397117627254,32.129460179931414
37157,Rockingham County,NC,"Greensboro-High Point, NC",192377.20354935137,194672.0906383502,163095.18165045013,-1.1788475078649774,17.9539466479514
01115,Saint Clair County,AL,"Birmingham-Hoover, AL",268898.6936964125,266046.4643632607,221155.86555631345,1.072079397851855,21.587864296523552
51069,Frederick County,VA,"Winchester, VA-WV",423361.2055883467,419904.649626466,324927.81916066987,0.8231763961069616,30.293923949615298
48291,Liberty County,TX,"Houston-The Woodlands-Sugar Land, TX",235330.4032704144,231622.84791862915,199270.19729762743,1.6006863679906669,18.09613603128415
55027,Dodge County,WI,"Beaver Dam, WI",308253.9443282703,285297.146194519,213196.1689396912,8.046627328721723,44.58699978584934
16083,Twin Falls County,ID,"Twin Falls, ID",372978.0977344007,363151.8504757034,268394.7145810085,2.7058232653435654,38.96626031427539
26087,Lapeer County,MI,"Detroit-Warren-Dearborn, MI",281805.2559301209,268134.6893578861,208036.35034431252,5.098395364274677,35.45962302439762
12089,Nassau County,FL,"Jacksonville, FL",473683.9973523769,485630.1659218904,346171.5568337737,-2.4599313238368725,36.83504262594073
37023,Burke County,NC,"Hickory-Lenoir-Morganton, NC",247851.41533702725,246846.92388376725,179441.05608201158,0.4069288923904013,38.12413989792252
29043,Christian County,MO,"Springfield, MO",310489.03442061605,308538.50549097493,221903.14556129117,0.6321833077324479,39.92097031128243
41033,Josephine County,OR,"Grants Pass, OR",382134.1196743248,385568.9328147134,335247.05031000444,-0.8908428164359328,13.98582607094192
01051,Elmore County,AL,"Montgomery, AL",265652.3006018176,254680.18286412128,197239.70032755277,4.308194541995536,34.68500517930882
01043,Cullman County,AL,"Cullman, AL",248442.24807112847,238776.3104589687,190101.27096486592,4.048114150679427,30.68941980774289
13095,Dougherty County,GA,"Albany, GA",120262.9484102537,127251.87300130531,89168.54616713338,-5.492197816986099,34.871491775629515
48005,Angelina County,TX,"Lufkin, TX",194281.37858758983,193494.7130636473,161739.93988778687,0.4065565986207442,20.11960603075518
16005,Bannock County,ID,"Pocatello, ID",350613.5475990024,350156.6475720454,248524.13787646336,0.13048446463179708,41.07826732439397
41053,Polk County,OR,"Salem, OR",474919.92077323695,471219.7762713681,372690.26177150104,0.7852269128318712,27.430193242992118
39119,Muskingum County,OH,"Zanesville, OH",201879.33351923505,200743.96090877685,146022.85538365756,0.5655824490651273,38.25187364595857
42073,Lawrence County,PA,"New Castle, PA",152486.85840761146,151654.34078781956,120514.07824673408,0.5489573298509631,26.53032793016765
53029,Island County,WA,"Oak Harbor, WA",625214.5369300205,621783.1839056754,503340.1336280042,0.5518568390337375,24.21313047770759
37109,Lincoln County,NC,"Charlotte-Concord-Gastonia, NC-SC",397113.8139087562,387983.8252778235,279040.66011742415,2.3531879516871523,42.31396017399229
29021,Buchanan County,MO,"St. Joseph, MO-KS",186365.58619027055,174241.9942105141,137865.41988026354,6.957904743163734,35.179355600649906
44005,Newport County,RI,"Providence-Warwick, RI-MA",746885.3166840263,713139.6417718506,497860.32479875785,4.731986967984536,50.01904740770975
48361,Orange County,TX,"Beaumont-Port Arthur, TX",182623.4929801228,178997.14297874924,182605.36024201405,2.025926191349381,0.009930014148928912
45075,Orangeburg County,SC,"Orangeburg, SC",151958.24423682518,153638.6634244038,134480.29215423003,-1.0937475959008625,12.996664271483272
55055,Jefferson County,WI,"Watertown-Fort Atkinson, WI",350607.40595272696,333347.8791729769,252157.28244389183,5.17763209490647,39.043141072374745
54107,Wood County,WV,"Parkersburg-Vienna, WV",167716.45371618788,166783.2567856547,131662.6237842424,0.5595267465801523,27.38349646671743
42039,Crawford County,PA,"Meadville, PA",166585.72137648982,155362.54972626388,136299.8847304733,7.223859076721029,22.2200016573054
36015,Chemung County,NY,"Elmira, NY",149016.81038711267,146836.3035326252,115912.49387869264,1.4849916553524523,28.559748307257628
13127,Glynn County,GA,"Brunswick, GA",355986.57513453066,362459.21837066463,258572.355391521,-1.7857576544003884,37.67387259767523
30013,Cascade County,MT,"Great Falls, MT",330567.77102336846,316681.0941888644,211322.04785201445,4.385066582541941,56.428434412513326
42063,Indiana County,PA,"Indiana, PA",154800.8243005794,151449.03020529705,125489.07802761476,2.213149922940305,23.358005918662016
26111,Midland County,MI,"Midland, MI",233815.06544471267,221173.73212657505,169091.25930832524,5.715567213426209,38.27744047867574
28081,Lee County,MS,"Tupelo, MS",199334.1513974704,188578.20972657087,147495.2745284485,5.703703352839717,35.14612724696029
18067,Howard County,IN,"Kokomo, IN",185330.2009696136,175176.06649529026,125582.4197111968,5.79653070049746,47.57654884801503
51165,Rockingham County,VA,"Harrisonburg, VA",350468.3847820868,341498.9074838404,257493.21443340284,2.6265024870308906,36.10781377414929
22097,Saint Landry Parish,LA,"Opelousas, LA",130722.70683814822,144023.88270421245,159868.1753571177,-9.235395974833827,-18.230938367729266
12087,Monroe County,FL,"Key West, FL",936766.12069113,969380.500174982,660679.8777291662,-3.3644559053916168,41.78820216394428
13013,Barrow County,GA,"Atlanta-Sandy Springs-Alpharetta, GA",347682.75875212735,347108.97571144154,234043.4273525878,0.16530342942293608,48.55480569780806
01121,Talladega County,AL,"Talladega-Sylacauga, AL",175757.12335977578,178247.05929202613,141975.21404236753,-1.3969015489736836,23.794230243123437
40119,Payne County,OK,"Stillwater, OK",235370.1063749342,227549.89057615923,180661.5533071976,3.4367038274437656,30.28234401079788
48213,Henderson County,TX,"Athens, TX",263717.4643946721,268899.5883163338,215558.6012281786,-1.927159485110641,22.341424973116773
18005,Bartholomew County,IN,"Columbus, IN",267793.2772449127,259044.87038050173,191652.9362422845,3.37717818984824,39.72824131761428
21029,Bullitt County,KY,"Louisville/Jefferson County, KY-IN",291922.485510296,287113.33885973564,232276.20542480916,1.6749993816587594,25.679031554868036
48099,Coryell County,TX,"Killeen-Temple, TX",221654.65523354095,220811.32841478343,166845.21564401456,0.3819218990310791,32.85047124543821
20103,Leavenworth County,KS,"Kansas City, MO-KS",337842.7606444901,326600.7071625011,240364.00051694887,3.4421399695241384,40.5546420919499
53041,Lewis County,WA,"Centralia, WA",423739.6476817964,413377.0779411189,317709.2632835079,2.506808019518081,33.373400354295704
55071,Manitowoc County,WI,"Manitowoc, WI",252019.00871444072,237652.40164140545,163210.92414605894,6.045218551888687,54.41307622822269
29031,Cape Girardeau County,MO,"Cape Girardeau, MO-IL",240571.34839946125,230646.71734993535,181973.14714135844,4.302957858475964,32.20156499935849
37027,Caldwell County,NC,"Hickory-Lenoir-Morganton, NC",230461.16656383287,234546.80002434077,170328.54397919727,-1.7419267540993544,35.303902199727474
42033,Clearfield County,PA,"DuBois, PA",136983.61156906755,134786.0943200316,142716.7714667023,1.630373860242762,-4.0171591878901065
40145,Wagoner County,OK,"Tulsa, OK",277595.7183546709,270283.84565635136,205722.593720458,2.7052570162169998,34.93691350784553
06115,Yuba County,CA,"Yuba City, CA",413592.14716037986,425982.0455142986,345908.4284922039,-2.9085494293451086,19.566946941190654
18085,Kosciusko County,IN,"Warsaw, IN",273111.9091396995,266025.8493004236,202493.0660374705,2.663673420425239,34.874696938591086
36019,Clinton County,NY,"Plattsburgh, NY",214418.15525511492,206535.8423944944,158058.82237984877,3.8164382362093408,35.65718890390235
13031,Bulloch County,GA,"Statesboro, GA",280857.0714382692,278103.68897069205,177069.03667230078,0.9900560750444987,58.6144459339029
41059,Umatilla County,OR,"Hermiston-Pendleton, OR",304693.87164753,299118.4757545834,232457.47449940976,1.8639423321750836,31.075101931516368
56025,Natrona County,WY,"Casper, WY",303808.3726751003,300228.75231519475,231156.77650690288,1.192297650475349,31.429576612921785
18043,Floyd County,IN,"Louisville/Jefferson County, KY-IN",278162.24334181956,269633.9747866158,213103.74084430528,3.1629057732627697,30.529028838140547
51019,Bedford County,VA,"Lynchburg, VA",340566.5380984252,331545.2178876766,246679.8019085737,2.7209924088861026,38.0601636061993
47141,Putnam County,TN,"Cookeville, TN",306272.1888021936,301600.4997625474,213380.91576644208,1.5489659477767148,43.533074502982494
26037,Clinton County,MI,"Lansing-East Lansing, MI",300179.81167339726,295795.37665228546,232478.6754296797,1.4822527217069448,29.121439253982608
51680,Lynchburg City,VA,"Lynchburg, VA",238470.84417912285,239367.29798014817,171271.15649282694,-0.37450972149907225,39.23584628163022
37195,Wilson County,NC,"Wilson, NC",218311.51128446157,217673.89869847227,148517.3643921143,0.29292101156901396,46.99393042558804
18059,Hancock County,IN,"Indianapolis-Carmel-Anderson, IN",322720.47688031424,315878.8313659434,236316.9141525832,2.165908201187694,36.562580819730364
53007,Chelan County,WA,"Wenatchee, WA",527954.0977078637,525872.2661466858,438609.59812336025,0.39588160380321646,20.369937175742116
36105,Sullivan County,NY,,305680.8702511,301055.204171926,195445.93612858912,1.5364843440913711,56.401752989115295
45073,Oconee County,SC,"Seneca, SC",281372.3994505321,275500.84991372755,200974.01400048845,2.1312273768459233,40.00436864929624
51095,James City County,VA,"Virginia Beach-Norfolk-Newport News, VA-NC",473161.04901779746,471226.86083504726,349247.17519887764,0.41045796483729635,35.480279474947075
28035,Forrest County,MS,"Hattiesburg, MS",184322.53946734092,185176.2090141351,157956.83356578034,-0.4610039007381439,16.691715898812774
29051,Cole County,MO,"Jefferson City, MO",275670.5306469843,258512.6738766627,182877.68421079195,6.637143360525388,50.74038794653353
36009,Cattaraugus County,NY,"Olean, NY",154978.45941807286,151653.77906614283,109539.93825016462,2.192283220637714,41.481236792499246
39141,Ross County,OH,"Chillicothe, OH",193978.45109363343,190017.8424770606,144242.28039706466,2.0843351155568346,34.480993062267814
51015,Augusta County,VA,"Staunton, VA",351186.2694925812,338404.1722700858,273288.5313770235,3.7771689210420956,28.50384453495105
05145,White County,AR,"Searcy, AR",203852.01618944775,196251.13887429697,145617.15515767245,3.873036028605825,39.99175850449716
53009,Clallam County,WA,"Port Angeles, WA",486532.8546404859,484761.735997716,367357.0460048595,0.36535858984922953,32.441410864908214
47001,Anderson County,TN,"Knoxville, TN",306413.99107224337,297105.603265001,192805.51816602307,3.1330233105498984,58.9238700151689
36011,Cayuga County,NY,"Auburn, NY",219571.1046726983,213105.8089916647,158097.87101163654,3.033843005793657,38.88302433657511
48471,Walker County,TX,"Huntsville, TX",269177.0957138744,267046.21784557524,227867.74571496097,0.797943474163465,18.128651718259036
33005,Cheshire County,NH,"Keene, NH",373620.10803831695,359510.2181376405,243718.03701055652,3.9247535087512775,53.30014660430478
35061,Valencia County,NM,"Albuquerque, NM",305818.48876626644,300709.0384366932,216807.6622567013,1.6991342714991031,41.05520330004568
39043,Erie County,OH,"Sandusky, OH",227673.45955104777,225128.5132031851,164923.26549972966,1.1304415916280508,38.048115201442556
26159,Van Buren County,MI,,258956.70914000875,256438.5685972288,207890.96933132497,0.9819663853821714,24.563712398347647
39063,Hancock County,OH,"Findlay, OH",228925.43302573691,224791.68090784297,174140.39941549292,1.8389257561487016,31.460266425327777
37037,Chatham County,NC,"Durham-Chapel Hill, NC",542491.8104411511,540613.8111160516,381690.1647190888,0.34738278721044846,42.128841816085824
17183,Vermilion County,IL,"Danville, IL",95069.03522780255,95219.8999782828,77731.59859400419,-0.15843825766952424,22.304232702523752
54081,Raleigh County,WV,"Beckley, WV",151116.73024415722,157171.4859553737,111549.46301692112,-3.852324532285478,35.470603046501516
53027,Grays Harbor County,WA,"Aberdeen, WA",316645.79764225247,320832.7927748551,265477.8477346184,-1.3050396427340516,19.27390565512774
39145,Scioto County,OH,"Portsmouth, OH",134582.80918584656,127629.79187295178,96876.57784025918,5.4478011840809915,38.92192745264143
42111,Somerset County,PA,"Somerset, PA",168490.6035296618,163571.21167757976,134377.7514413218,3.007492456422467,25.385788735448457
55141,Wood County,WI,"Wisconsin Rapids-Marshfield, WI",218224.84207666243,201678.2013512023,146051.28599638012,8.20447654461467,49.41658376227591
13157,Jackson County,GA,"Jefferson, GA",400872.1013563704,399776.973819664,279302.03511043795,0.27393462065685714,43.52638039241741
05085,Lonoke County,AR,"Little Rock-North Little Rock-Conway, AR",227240.2858412453,222258.50150840633,171303.47915678276,2.2414370199695277,32.65363141472874
28075,Lauderdale County,MS,"Meridian, MS",125509.07087204343,127229.48159594082,110110.30466098856,-1.3522107473180722,13.984854785812395
12131,Walton County,FL,"Crestview-Fort Walton Beach-Destin, FL",654857.6971447895,682596.4256212766,494400.68127961294,-4.063708427895774,32.45485330842992
15007,Kauai County,HI,"Kapaa, HI",1005514.2131325032,1011120.1822730572,728878.4145020988,-0.5544315343356532,37.953627535996645
12107,Putnam County,FL,"Palatka, FL",211534.4644898431,211761.7654061548,160900.48754883566,-0.1073380342649255,31.46912586305204
38035,Grand Forks County,ND,"Grand Forks, ND-MN",280034.23803039856,261489.61111945412,229254.50437932764,7.091917277919246,22.149939338618218
35031,McKinley County,NM,"Gallup, NM",218587.5667113543,216510.14688741605,192502.2412792455,0.9595022929888453,13.55066063582564
35025,Lea County,NM,"Hobbs, NM",194638.16810176216,192676.33952995136,258572.20181118543,1.0181990049202838,-24.725795449624233
20161,Riley County,KS,"Manhattan, KS",263238.99040761485,251335.9153030245,197781.08730190925,4.735922874468357,33.09613876567747
51061,Fauquier County,VA,"Washington-Arlington-Alexandria, DC-VA-MD-WV",634987.8162467852,612069.1569469168,481816.06445501815,3.7444558412630613,31.790503283658577
21047,Christian County,KY,"Clarksville, TN-KY",204322.37535691637,200825.1116110273,131885.62117654356,1.7414474304701555,54.92392084456892
08014,Broomfield County,CO,"Denver-Aurora-Lakewood, CO",623128.7577019891,634813.7112490208,512455.2847650736,-1.840690164684855,21.596708284050937
40125,Pottawatomie County,OK,"Shawnee, OK",189368.8119869316,181001.84163086463,129514.47810315828,4.622588522127069,46.21439607400444
47147,Robertson County,TN,"Nashville-Davidson--Murfreesboro--Franklin, TN",365039.74255507626,368936.18466430134,271478.8491786392,-1.0561290193778383,34.46341903227677
40037,Creek County,OK,"Tulsa, OK",209830.93993274987,205512.81324674303,165081.05464490692,2.1011471828875194,27.107826142800562
51199,York County,VA,"Virginia Beach-Norfolk-Newport News, VA-NC",452692.64343757834,445461.6363299236,344435.20565017796,1.623261470332138,31.430421748858883
01049,De Kalb County,AL,"Fort Payne, AL",205783.1545909032,206840.7673247153,159209.9457321045,-0.5113173517441894,29.25270066806338
37171,Surry County,NC,"Mount Airy, NC",223072.1703634637,224982.595660364,157583.84476703455,-0.8491435932156732,41.557766085250925
18109,Morgan County,IN,"Indianapolis-Carmel-Anderson, IN",292471.3104149378,288590.4928693424,212489.75294845845,1.3447489232961019,37.64019504784293
49045,Tooele County,UT,"Salt Lake City, UT",477884.2592284185,475930.29057171865,363746.0405750878,0.4105577424695195,31.378545996782936
25011,Franklin County,MA,"Springfield, MA",355340.5175809565,357550.25021951244,261643.35589470316,-0.6180201628160797,35.8110227434788
22045,Iberia Parish,LA,"Lafayette, LA",134398.5279241245,139114.2293016491,156107.1127933541,-3.389805199078,-13.906211242255328
55097,Portage County,WI,"Stevens Point, WI",304134.69591932377,273623.57285958476,211486.9023936612,11.150765535612827,43.807816217955754
30049,Lewis and Clark County,MT,"Helena, MT",454388.66431126633,442672.3669101247,314451.0043550165,2.646719849021051,44.50221434123951
47059,Greene County,TN,"Greeneville, TN",242709.3255574718,239833.26687042287,163467.0089978403,1.1991908898121295,48.47603014543347
18011,Boone County,IN,"Indianapolis-Carmel-Anderson, IN",411145.53188493033,392659.5055168389,297801.1490882787,4.707902421401755,38.060424932427765
38101,Ward County,ND,"Minot, ND",272599.41415836965,266330.23790790216,212463.64778433123,2.353910806265791,28.30402612454501
13285,Troup County,GA,"LaGrange, GA-AL",229935.12888394296,230092.07961727725,155727.29123666682,-0.06821214080700022,47.65242948617057
45047,Greenwood County,SC,"Greenwood, SC",169085.46895772524,173657.03170196022,138328.4706558922,-2.6325238312727484,22.23475626962188
12023,Columbia County,FL,"Lake City, FL",263628.2114476517,264843.4802209348,187939.8383551635,-0.45886301307825894,40.27266052525511
41035,Klamath County,OR,"Klamath Falls, OR",304959.37523365085,297390.3919246102,219654.5179741987,2.545133775189168,38.83592199522721
24001,Allegany County,MD,"Cumberland, MD-WV",147644.41844240297,142025.85005301752,115110.57489313195,3.9560181384501902,28.263123157429515
48203,Harrison County,TX,"Longview, TX",201396.81193134477,204857.18760970657,176575.65035536909,-1.689164885419836,14.05695605595767
27013,Blue Earth County,MN,"Mankato, MN",294077.4921494322,281408.1665815013,218976.91743648643,4.502117234846348,34.29611467369771
48409,San Patricio County,TX,"Corpus Christi, TX",201554.19921498932,201945.3240925784,190723.71331469185,-0.1936786005551583,5.678625752439759
36053,Madison County,NY,"Syracuse, NY",241620.65195427893,232732.95470671504,164261.09977602522,3.81883917503818,47.09547926060138
26155,Shiawassee County,MI,"Lansing-East Lansing, MI",202991.2999705804,194113.8139056499,159333.610675855,4.573340704771001,27.400175712795296
05069,Jefferson County,AR,"Pine Bluff, AR",84002.77983063862,85994.14096011901,75563.02858467234,-2.315693961526877,11.169154286224913
48497,Wise County,TX,"Dallas-Fort Worth-Arlington, TX",366306.62361956673,375748.8674903378,296153.3335196884,-2.512913461013666,23.688164933390652
37031,Carteret County,NC,"Morehead City, NC",463560.4549249715,457526.1996539642,319443.38534516253,1.318887372039268,45.11505831435161
13295,Walker County,GA,"Chattanooga, TN-GA",234187.8038985737,232142.75903368604,171518.02271236177,0.8809427756439003,36.5383067010457
06033,Lake County,CA,"Clearlake, CA",302571.11057821027,314041.4039856122,294718.8997264609,-3.6524780687604674,2.6643051596070944
37069,Franklin County,NC,"Raleigh-Cary, NC",357508.18553950853,358838.9837931479,259839.82654754675,-0.3708622289507191,37.58790955553919
21185,Oldham County,KY,"Louisville/Jefferson County, KY-IN",434356.8776823228,424348.9496991853,335903.5716227496,2.3584194070073616,29.309990835746525
13047,Catoosa County,GA,"Chattanooga, TN-GA",287012.04904600495,285164.7409839235,202477.266027516,0.6478038118273632,41.75025901772151
20015,Butler County,KS,"Wichita, KS",242260.59753423935,232007.3479083577,174035.24016954805,4.41936417890163,39.20203591998093
21145,McCracken County,KY,"Paducah, KY-IL",193230.95132461647,186633.87751043995,138635.99267024,3.534767589987786,39.380075550969096
28067,Jones County,MS,"Laurel, MS",154942.2425871468,162842.68466052457,137688.5910128697,-4.851579357001945,12.530923184960475
35035,Otero County,NM,"Alamogordo, NM",227454.6635894543,230737.76195149976,154816.9390637857,-1.4228699863768068,46.91846057991194
23003,Aroostook County,ME,,155048.08852827048,155216.19004480948,114603.58957005036,-0.10830153509789886,35.2907785087297
17199,Williamson County,IL,"Carbondale-Marion, IL",153440.5489770849,150460.72764834602,130827.40671598776,1.9804645207507354,17.28471337063788
45059,Laurens County,SC,"Greenville-Anderson, SC",198182.2667993453,213782.58101632443,220870.77546476945,-7.297280322285893,-10.272299998803213
39013,Belmont County,OH,"Wheeling, WV-OH",127969.61146677412,124537.97709917957,112315.64209283408,2.755492298434925,13.937479305866685
29187,Saint Francois County,MO,"Farmington, MO",185939.79000799777,183762.0406778927,139897.6543535684,1.1850920473408966,32.911299240275625
40101,Muskogee County,OK,"Muskogee, OK",153397.87886665657,157114.8154735806,112889.60269073618,-2.365745455462176,35.88308861967899
18053,Grant County,IN,"Marion, IN",147367.60500608245,142105.68486554312,103815.26247231376,3.702821703099368,41.9517723084152
27131,Rice County,MN,"Faribault-Northfield, MN",340395.4802792562,329950.0194543356,263644.22397710284,3.1657706346540193,29.111677526763913
13255,Spalding County,GA,"Atlanta-Sandy Springs-Alpharetta, GA",229969.8554899991,236201.30289447817,170084.6251225334,-2.6381934934808227,35.209079200617225
18177,Wayne County,IN,"Richmond, IN",165505.86958803897,155971.83040741275,112616.45369619264,6.112667368025648,46.96419941843226
26067,Ionia County,MI,"Grand Rapids-Kentwood, MI",252314.6702216052,239293.74533258224,184875.12628098417,5.4413979232619925,36.47843022328618
04001,Apache County,AZ,,312641.31874183594,312688.3604895514,225339.69936867687,-0.015044291268717647,38.742227675703724
26117,Montcalm County,MI,"Grand Rapids-Kentwood, MI",226107.0005475644,212279.8006113106,176886.3975280188,6.5136672902627035,27.826109699446544
26103,Marquette County,MI,"Marquette, MI",236064.199272034,219701.94141953863,161218.2484087216,7.447479866029183,46.42523510959033
37193,Wilkes County,NC,"North Wilkesboro, NC",217507.8587443671,212092.9689630028,155753.827762145,2.553073686430829,39.648483680624544
54033,Harrison County,WV,"Clarksburg, WV",144822.84370541127,147772.46646165615,127947.05240409916,-1.9960570645345732,13.189667901072678
42005,Armstrong County,PA,"Pittsburgh, PA",148107.78761197816,155162.82687325653,127666.70248039009,-4.546861773175371,16.01128934518212
27035,Crow Wing County,MN,"Brainerd, MN",352715.60234747175,346395.31556827435,254160.88790409427,1.8245878322080467,38.77650698189501
17001,Adams County,IL,"Quincy, IL-MO",178095.9315532651,166805.676371746,150837.37154829557,6.7685077792901005,18.07148966146086
55017,Chippewa County,WI,"Eau Claire, WI",309606.88945623033,297429.07244801935,220190.45160982784,4.094360012617559,40.60868089087091
26073,Isabella County,MI,"Mount Pleasant, MI",218793.11441262477,207930.20943418588,169778.7244358429,5.224303389102891,28.869571343318555
36113,Warren County,NY,"Glens Falls, NY",357725.0179678148,345050.9309319142,253027.83748768212,3.6731061706370305,41.377731999638016
48427,Starr County,TX,"Rio Grande City-Roma, TX",137021.89038146197,141321.73577136756,157426.34922297698,-3.0425931060328537,-12.961272964930636
39101,Marion County,OH,"Marion, OH",171840.09040015237,163157.59331182993,122416.27814578595,5.321540304733641,40.37356224431807
39081,Jefferson County,OH,"Weirton-Steubenville, WV-OH",121165.4702695729,118446.0887184323,94508.7311887383,2.2958812575103904,28.205583490058572
06103,Tehama County,CA,"Red Bluff, CA",312601.42072339816,309464.7799921671,276945.41173654684,1.0135695348951979,12.87474263006394
55111,Sauk County,WI,"Baraboo, WI",326412.63347497926,311973.463473395,246062.62979699057,4.628332756518461,32.65428957834027
01127,Walker County,AL,"Jasper, AL",124115.59943735902,127801.624521082,115064.22076246951,-2.8841770185127347,7.866371157698571
27027,Clay County,MN,"Fargo, ND-MN",294385.6631817918,285456.64529702516,233278.3257356704,3.127976886113748,26.195034302227715
35005,Chaves County,NM,"Roswell, NM",168718.91449934608,174768.67305776043,165263.73525534675,-3.461580644040785,2.090706251229757
42037,Columbia County,PA,"Bloomsburg-Berwick, PA",231335.51756713344,220907.5690654699,200118.5551184259,4.7205030347208465,15.599234378958027
45055,Kershaw County,SC,"Columbia, SC",248207.82131490335,243730.06808011504,186058.85745801168,1.8371771977335305,33.402851498707584
53045,Mason County,WA,"Shelton, WA",444100.6992891756,443977.64283798455,353853.74093294307,0.02771681258644243,25.50402833619747
48347,Nacogdoches County,TX,"Nacogdoches, TX",212208.98234182363,208627.1405986448,168407.512449772,1.7168627882742982,26.00921375471035
42025,Carbon County,PA,"Allentown-Bethlehem-Easton, PA-NJ",256558.49129397015,254367.6287814322,174047.84442549417,0.86129769068235,47.40687662109877
34033,Salem County,NJ,"Philadelphia-Camden-Wilmington, PA-NJ-DE-MD",284100.77083474916,279686.52402010775,194982.47331191073,1.578283698189198,45.70579909522286
21199,Pulaski County,KY,"Somerset, KY",170084.84397139886,179294.73364730764,154451.83892461078,-5.136731842902675,10.121604997152978
41011,Coos County,OR,"Coos Bay, OR",341861.04519013443,349449.5043209008,275678.11076169554,-2.171546686126613,24.00732297735797
37161,Rutherford County,NC,"Forest City, NC",210262.27494461177,207512.15455612208,162811.66268253443,1.325281593443206,29.14447987341118
13179,Liberty County,GA,"Hinesville, GA",245121.33131855848,242699.74776822553,156899.29829932257,0.9977692900799973,56.22844332352046
47063,Hamblen County,TN,"Morristown, TN",266478.3017867223,261064.6746491209,177562.10433572475,2.0736727957842316,50.07611155749747
28073,Lamar County,MS,"Hattiesburg, MS",262552.06358122436,251539.5378449211,198413.11150632915,4.37804960232242,32.325964543350885
18173,Warrick County,IN,"Evansville, IN-KY",283622.3043136752,271168.6707122346,206580.50758497787,4.592578327256858,37.29383649471663
33001,Belknap County,NH,"Laconia, NH",491686.8698502705,477489.341900923,315979.72022213397,2.9733706500811197,55.607097032877384
13103,Effingham County,GA,"Savannah, GA",338959.639308724,340163.91672257724,225263.5208742758,-0.35402855936520483,50.47249461127989
45031,Darlington County,SC,"Florence, SC",160418.14025205033,157178.95476996704,127589.82047309866,2.0608264553126032,25.729575962428196
06069,San Benito County,CA,"San Jose-Sunnyvale-Santa Clara, CA",766022.307834363,775976.3248348557,691781.8781719048,-1.2827732859776675,10.731768495966554
46083,Lincoln County,SD,"Sioux Falls, SD",372873.4238837846,365496.8047359793,278663.5770714883,2.018244496866095,33.807736124813935
05115,Pope County,AR,"Russellville, AR",204799.01258251572,201605.01602381092,161886.3480555469,1.5842842711450977,26.507895843227303
45043,Georgetown County,SC,"Georgetown, SC",377544.456108325,383944.60199352616,270008.685742567,-1.6669451405151081,39.826781894077754
39009,Athens County,OH,"Athens, OH",179071.3599120171,173941.935364856,146741.6469434014,2.9489292138791923,22.031722855806123
37105,Lee County,NC,"Sanford, NC",287933.79075566394,286937.3663429795,191427.6821209035,0.347261991487513,50.41387304361147
40047,Garfield County,OK,"Enid, OK",137569.10775584524,132548.78090721238,111285.58498878172,3.787531514263587,23.618083842317095
31079,Hall County,NE,"Grand Island, NE",252507.43733882185,246717.2654336536,183013.23586333773,2.346885571624213,37.97222706196934
39083,Knox County,OH,"Mount Vernon, OH",274349.7400492437,260773.7140755549,191217.65787630968,5.206056147881277,43.47510742271956
36051,Livingston County,NY,"Rochester, NY",229922.4451314269,226184.95365927185,162758.83579506908,1.6524049949782516,41.265722385065494
53071,Walla Walla County,WA,"Walla Walla, WA",405060.2387176454,399451.4157784097,307993.3598549141,1.4041314456993081,31.5158998585088
37167,Stanly County,NC,"Albemarle, NC",298826.55659958225,296082.488501621,204854.44651147127,0.9267917572052697,45.87262404521388
21125,Laurel County,KY,"London, KY",175225.27133954095,171370.93873640438,132699.04877947902,2.249116817329888,32.04711936611735
20155,Reno County,KS,"Hutchinson, KS",147803.29065003715,140239.56648060764,103276.38798188257,5.393430940529487,43.11431057790847
26015,Barry County,MI,,282646.7623170763,274215.92795701604,213460.69588757065,3.0745239428184634,32.41161851451373
39159,Union County,OH,"Columbus, OH",402351.8440149996,395861.42185389687,308045.98316650075,1.6395692539845852,30.614215410017522
37087,Haywood County,NC,"Asheville, NC",333172.34943663166,349664.63026022416,249391.45439330264,-4.7165996776164505,33.594132263731225
36021,Columbia County,NY,"Hudson, NY",456338.0704598091,438079.1338807871,314538.96336639725,4.167953953266967,45.081571318156286
36115,Washington County,NY,"Glens Falls, NY",236931.02591824665,233509.71426610727,180284.25288817313,1.4651688744051317,31.4208102607888
08045,Garfield County,CO,"Glenwood Springs, CO",696166.4973578429,661893.4849125878,456552.6208480236,5.178025350979443,52.48329887248231
35015,Eddy County,NM,"Carlsbad-Artesia, NM",238816.1450420718,243341.82495889813,252400.80734403257,-1.8598035572350735,-5.382178624906031
47167,Tipton County,TN,"Memphis, TN-MS-AR",267073.3040582132,265010.50642815005,192980.23312243877,0.7783833395384354,38.39412448463835
05033,Crawford County,AR,"Fort Smith, AR-OK",214562.02570019584,201033.1423212772,151342.24334305027,6.729678113123105,41.77272713861133
37077,Granville County,NC,"Durham-Chapel Hill, NC",309969.6815157952,310806.3929051085,222392.4725726957,-0.26920662136084017,39.37957428593821
51143,Pittsylvania County,VA,"Danville, VA",185586.54252147023,187819.0202868078,140388.310661247,-1.1886324196178188,32.195153319627345
26149,Saint Joseph County,MI,"Sturgis, MI",206444.0987210515,198807.9866660076,161706.20607045467,3.8409483356784735,27.666156876567083
36043,Herkimer County,NY,"Utica-Rome, NY",186809.77453863077,180478.8240723909,133254.1973934859,3.507863317915061,40.19053672808577
50021,Rutland County,VT,"Rutland, VT",299767.8611560013,291915.1254896016,220024.16430410545,2.6900749501174603,36.24315406633174
47035,Cumberland County,TN,"Crossville, TN",299776.9154569214,300936.81908596435,200926.75944473577,-0.3854309461254868,49.197108580937446
48221,Hood County,TX,"Granbury, TX",371672.48233101814,370273.28601235064,293098.04311373684,0.377882059420509,26.808244225223454
42015,Bradford County,PA,"Sayre, PA",194082.93309731156,189066.40952114217,151088.2800551975,2.65331297551743,28.456643378564305
37141,Pender County,NC,"Wilmington, NC",426915.1966192648,430060.6018749217,309524.7192592019,-0.7313865166778788,37.92604275387708
39167,Washington County,OH,"Marietta, OH",177535.31529713047,168164.78034816612,144042.38774921553,5.572233930055814,23.252132980624896
54055,Mercer County,WV,"Bluefield, WV-VA",137342.00462302737,146015.40257030676,100061.1486923208,-5.940056867016564,37.258073106218205
27111,Otter Tail County,MN,"Fergus Falls, MN",315721.7220010786,302331.9289054252,233837.91932025112,4.428838576239813,35.01733291112809
50023,Washington County,VT,"Barre, VT",378530.0841153573,377759.085266847,288940.1410462831,0.20409802929444165,31.006402483455364
37163,Sampson County,NC,,142097.88447872308,139044.5317705605,113169.45114638392,2.1959531017019307,25.562051454080503
39143,Sandusky County,OH,"Fremont, OH",184142.86296201963,176309.13814201244,132779.21708534416,4.443175721100356,38.68349806857301
36077,Otsego County,NY,"Oneonta, NY",200050.3625530524,202665.9186308028,159908.15222584564,-1.2905751965702539,25.10329196382188
39087,Lawrence County,OH,"Huntington-Ashland, WV-KY-OH",136715.30874285902,130471.59293550912,113973.41080044104,4.785498258181087,19.95368725275526
21195,Pike County,KY,,95132.61557524784,110173.39431956492,95246.49584982064,-13.651915543865655,-0.11956374201143039
28087,Lowndes County,MS,"Columbus, MS",178980.91429771073,177324.81828615748,144712.4206952801,0.9339335731791021,23.680409351032505
01009,Blount County,AL,"Birmingham-Hoover, AL",227671.779518183,229497.2283528842,186844.11067171357,-0.7954121484614718,21.851193864067753
48467,Van Zandt County,TX,,271747.436660506,271198.1147670077,224291.25613511528,0.2025537286534096,21.158283806125123
02122,Kenai Peninsula Borough,AK,,328243.81251935,310737.96368195623,273088.728462066,5.6336369814507625,20.196763289315122
01113,Russell County,AL,"Columbus, GA-AL",191702.05315122605,186767.926839345,147622.78991374568,2.6418488417046637,29.8593890978726
29113,Lincoln County,MO,"St. Louis, MO-IL",303174.05465607735,287723.49767431355,222560.83607807767,5.369932281044676,36.22075653495449
29145,Newton County,MO,"Joplin, MO",238007.36610031791,232936.7220743375,162908.9059643468,2.1768332536087565,46.098437461980545
39077,Huron County,OH,"Norwalk, OH",185607.50982702785,177342.20015864258,139937.86438515037,4.6606558737804615,32.63565986413879
39129,Pickaway County,OH,"Columbus, OH",319619.1721522244,307629.12581466447,233440.1135900531,3.897565390080615,36.91698793186475
36037,Genesee County,NY,"Batavia, NY",212127.62417730296,206388.93917892248,154562.6685668492,2.780519644710955,37.243764062961034
42103,Pike County,PA,"New York-Newark-Jersey City, NY-NJ-PA",292549.4320152612,285886.6742597257,199297.6576749855,2.3305590485418692,46.790200862445985
01001,Autauga County,AL,"Montgomery, AL",257988.055927622,251041.62928059977,196837.5769118932,2.7670417320538876,31.066466055462794
55021,Columbia County,WI,"Madison, WI",342403.74397219234,320528.2538059194,244142.314280652,6.82482430379403,40.247603116674256
22001,Acadia Parish,LA,"Lafayette, LA",147893.66091119594,154608.15889355174,159172.8380883667,-4.3429130974767975,-7.086119285571191
48001,Anderson County,TX,"Palestine, TX",207227.75911868183,217211.1162282616,159525.1888207052,-4.596153863087061,29.90284521875155
32019,Lyon County,NV,"Fernley, NV",408340.8499415384,404505.8408114509,327738.8847456483,0.9480726217437008,24.59334822550694
32510,Carson City,NV,"Carson City, NV",482948.8549423707,480158.2566110598,382826.1738368184,0.5811830355697323,26.153562098977613
23017,Oxford County,ME,,308373.1254866552,309937.36919058906,212382.25200920957,-0.5046967095380994,45.19721990389441
22113,Vermilion Parish,LA,"Lafayette, LA",158768.47903108518,160163.54132834158,161518.11606057928,-0.871023633522483,-1.7023706668686134
48323,Maverick County,TX,"Eagle Pass, TX",225015.7420252276,224725.9641957557,169754.62036486107,0.1289471959811106,32.55353023180836
54037,Jefferson County,WV,"Washington-Arlington-Alexandria, DC-VA-MD-WV",388262.1136001018,375188.7820275656,280348.82150967454,3.4844676063837454,38.492507836956705
50027,Windsor County,VT,"Lebanon, NH-VT",403979.0939159831,392444.8452626106,302502.25025264005,2.939075080895548,33.5458144786007
54079,Putnam County,WV,"Huntington-Ashland, WV-KY-OH",237703.6589377921,233781.209451366,180334.88525578612,1.6778292385565274,31.81235488665124
47031,Coffee County,TN,"Tullahoma-Manchester, TN",306596.138136772,299562.9872548235,203181.93359591777,2.3478036944416303,50.89734245098845
13129,Gordon County,GA,"Calhoun, GA",273256.366152423,266024.76832321286,180483.30897997657,2.718392680046988,51.40256885623646
49003,Box Elder County,UT,"Ogden-Clearfield, UT",447482.7080736617,440954.4111652265,333928.12208292884,1.4804924824732169,34.00569717890738
47073,Hawkins County,TN,"Kingsport-Bristol, TN-VA",241100.59736225536,235217.73594834175,159011.83049209122,2.501027990170601,51.62431412563797
27025,Chisago County,MN,"Minneapolis-St. Paul-Bloomington, MN-WI",374429.44361783355,367158.4529119941,304290.1586463554,1.980341361657878,23.050132571981628
47019,Carter County,TN,"Johnson City, TN",230772.01526735476,233321.7397938477,158065.53120059252,-1.0927933799678269,45.99768432403793
21209,Scott County,KY,"Lexington-Fayette, KY",335346.9439548396,324829.5340950067,238333.33749886215,3.237824383529353,40.70500899037703
54049,Marion County,WV,"Fairmont, WV",159101.89651293922,157445.31206493065,134961.09786339887,1.0521649875008032,17.887227528316707
45021,Cherokee County,SC,"Gaffney, SC",180123.21060976016,190843.63310320672,172358.39069493013,-5.617385457993795,4.505043174006862
48199,Hardin County,TX,"Beaumont-Port Arthur, TX",223202.663627616,222680.47936730215,200372.2517579413,0.23449934264445638,11.393998754505642
01033,Colbert County,AL,"Florence-Muscle Shoals, AL",191336.99462584333,189155.93399882072,141384.9813355103,1.153049011423679,35.330494666753594
28109,Pearl River County,MS,"Picayune, MS",197839.9617190206,193899.52907020468,152851.8305542825,2.0322033105037773,29.432510557183946
17195,Whiteside County,IL,"Sterling, IL",140240.81944862512,133262.5891061934,110194.9377079492,5.236451121980656,27.266117995644066
29213,Taney County,MO,"Branson, MO",244329.7616326598,247262.2286546001,180849.6601135505,-1.1859745169718772,35.10103446102797
49021,Iron County,UT,"Cedar City, UT",403969.8147862559,389385.3309468383,288646.817593177,3.745514450673726,39.952977190144104
28071,Lafayette County,MS,"Oxford, MS",396744.6662879205,381339.6874953666,251695.1476512087,4.039699852311096,57.629048470063026
08037,Eagle County,CO,"Edwards, CO",1298131.405267317,1280278.13856101,811882.2999204233,1.3944834461028677,59.891576081231655
08067,La Plata County,CO,"Durango, CO",661623.2802309497,653509.8403245424,453430.0437881521,1.2415176338244738,45.91518345442236
51031,Campbell County,VA,"Lynchburg, VA",266070.65151120437,263545.1358051787,195399.07106591624,0.9582858352933377,36.16781802480917
48473,Waller County,TX,"Houston-The Woodlands-Sugar Land, TX",359420.3941742089,366159.98609053687,292389.9182039634,-1.8406139863304194,22.925029830709455
23009,Hancock County,ME,,395083.5401605469,398147.3577780621,296027.81615506124,-0.7695185105869973,33.46162711736509
37107,Lenoir County,NC,"Kinston, NC",149433.71046528147,145950.1333526947,95733.9746232459,2.386826947371512,56.09266308368266
06109,Tuolumne County,CA,"Sonora, CA",385454.5694106717,403352.226128818,341041.7387559495,-4.43722770292343,13.022696522933286
39147,Seneca County,OH,"Tiffin, OH",167298.15727438164,161442.80365758916,128114.26556439204,3.6268904430149407,30.585112077386277
51067,Franklin County,VA,"Roanoke, VA",346540.35125372704,340961.5384061727,251138.4285466812,1.6362000457976977,37.98778357383592
40051,Grady County,OK,"Oklahoma City, OK",239228.28315002983,224150.0781595381,170791.909880667,6.726834589707287,40.07003219132545
20169,Saline County,KS,"Salina, KS",173139.20748490503,167729.0424838837,131364.08255147294,3.225538595405242,31.80102515241423
47089,Jefferson County,TN,"Morristown, TN",328383.61458542227,326003.30433114973,217830.92342618576,0.7301491189348974,50.75160561245953
47105,Loudon County,TN,"Knoxville, TN",437487.8662207948,435241.08028168394,295718.4233905797,0.5162164237017208,47.94068668591829
13039,Camden County,GA,"St. Marys, GA",303478.0051730328,302052.3129646755,209504.80218202443,0.4720017517376496,44.85491597913898
37189,Watauga County,NC,"Boone, NC",492472.86663109896,493769.5573371181,339115.29765510897,-0.26261050053635326,45.222840148001666
51191,Washington County,VA,"Kingsport-Bristol, TN-VA",251433.4889679942,251107.03109886657,169210.723104789,0.13000745845268558,48.59193575591907
47043,Dickson County,TN,"Nashville-Davidson--Murfreesboro--Franklin, TN",356936.5421140392,352702.35019408463,260815.71398737127,1.2005000583706238,36.85392519383326
29101,Johnson County,MO,"Warrensburg, MO",276321.95603573904,264906.97978184564,215630.41621265293,4.30905077068704,28.14609408499802
17077,Jackson County,IL,"Carbondale-Marion, IL",128577.03261498442,115329.22641646369,92112.9528575921,11.486946206230296,39.586267323083526
17007,Boone County,IL,"Rockford, IL",274778.56399327226,259470.23717488855,185381.3205828529,5.899839220505876,48.223436497996474
36035,Fulton County,NY,"Gloversville, NY",205590.0041889855,197064.81289690183,152747.65139983327,4.326084990395418,34.59454355264144
29169,Pulaski County,MO,"Fort Leonard Wood, MO",221509.14986082757,209377.1948353912,149386.5284428311,5.794305838787417,48.27920038693259
32007,Elko County,NV,"Elko, NV",358514.11053586,354407.30015571223,283820.7009109997,1.158782671334202,26.317111255490367
47145,Roane County,TN,"Knoxville, TN",288778.8463077639,281093.4478305807,199959.29770313503,2.7341080115874217,44.41881404109187
26157,Tuscola County,MI,,179409.8739183252,164935.80585490246,132486.45729991546,8.775576648381556,35.417519325909
04007,Gila County,AZ,"Payson, AZ",379838.9743684617,386854.02157019026,286771.1541292215,-1.8133577035739257,32.453689605511386
47107,McMinn County,TN,"Athens, TN",250342.81180292313,241774.41269126872,175757.58617568205,3.543964398993582,42.43641896213111
01031,Coffee County,AL,"Enterprise, AL",176008.31861132663,178975.50778594523,138756.2087530934,-1.6578744272469748,26.847166114577714
21113,Jessamine County,KY,"Lexington-Fayette, KY",319032.1872169738,308647.5273809173,222716.86217214735,3.3645692626075308,43.2456366821387
39005,Ashland County,OH,"Ashland, OH",233135.51271350807,221130.3560978131,162612.13938138317,5.4289952892694116,43.36907047678806
01071,Jackson County,AL,"Scottsboro, AL",182519.98851219745,186146.14156398375,142271.85491448574,-1.9480140825480885,28.28959643627571
48401,Rusk County,TX,"Longview, TX",202727.2575654652,200900.78953879533,163653.6440493761,0.9091392974925006,23.875798026410067
48265,Kerr County,TX,"Kerrville, TX",360985.1540358998,373493.9916285073,298802.88660842733,-3.349140246692206,20.81046409332736
40147,Washington County,OK,"Bartlesville, OK",180090.37739457563,172447.63080997186,127625.4242829832,4.431923215590983,41.10854354165527
41009,Columbia County,OR,"Portland-Vancouver-Hillsboro, OR-WA",443620.2771935098,447880.0936833799,371504.3020751502,-0.9511064568280325,19.411881562483636
17063,Grundy County,IL,"Chicago-Naperville-Elgin, IL-IN-WI",310404.91395718907,299261.94904247933,235748.40462837255,3.7234820365111165,31.667874676184148
22089,Saint Charles Parish,LA,"New Orleans-Metairie, LA",260136.48267267703,258112.3394096965,254599.32465838213,0.7842101883271946,2.174851807531142
24047,Worcester County,MD,"Salisbury, MD-DE",417215.0923609829,431081.896724328,308953.09852410504,-3.216744769083346,35.04156273364938
22099,Saint Martin Parish,LA,"Lafayette, LA",167460.27008864164,163994.56380399058,158077.03803482102,2.1133055902958775,5.935860242873292
55043,Grant County,WI,"Platteville, WI",218164.87691960312,204502.3136209628,159762.1678176483,6.680884463714842,36.55603194406787
37093,Hoke County,NC,"Fayetteville, NC",280294.0678326028,279806.3324890618,191350.42016109827,0.1743117602815758,46.48207597172911
55015,Calumet County,WI,"Appleton, WI",366122.8298214637,341368.2745875482,247580.77899002648,7.251568782665774,47.88015100163028
51660,Harrisonburg City,VA,"Harrisonburg, VA",318738.6768703479,303992.66377905547,252851.77349639675,4.8507792615712475,26.05752076122576
51047,Culpeper County,VA,"Washington-Arlington-Alexandria, DC-VA-MD-WV",476869.7811799929,464034.53505472885,353526.28809735616,2.766010965918775,34.88948268782481
48349,Navarro County,TX,"Corsicana, TX",222732.1313385293,223255.62797188325,162137.90977638075,-0.2344830623575156,37.372025854853796
19181,Warren County,IA,"Des Moines-West Des Moines, IA",315512.9516010245,307289.1148402292,247556.59354759945,2.676253848129684,27.450837434616183
39037,Darke County,OH,"Greenville, OH",205840.68941792296,192801.98926147143,141066.60911459857,6.762741508215919,45.917372445454994
17141,Ogle County,IL,"Rochelle, IL",217732.32307381675,196593.43946103196,157538.06873958584,10.752588525200935,38.20933874321732
55135,Waupaca County,WI,,274932.3222516476,255008.1744698152,186765.52507145912,7.813140823134979,47.2072119019046
26027,Cass County,MI,"South Bend-Mishawaka, IN-MI",253729.22672907752,241391.98632607647,204712.9320288339,5.110874056247949,23.94391708157435
37047,Columbus County,NC,,187181.4502965214,182369.91116654084,138971.0966606481,2.6383404472827943,34.69092120183639
28105,Oktibbeha County,MS,"Starkville, MS",266867.3551808919,260548.23213823803,204854.9916608995,2.4253179500757893,30.27134609570199
21073,Franklin County,KY,"Frankfort, KY",241852.7110674862,240662.23754794395,172911.88887491942,0.4946656906674507,39.870492793261334
42127,Wayne County,PA,,295382.1613597671,283824.09567084693,198312.8524395819,4.072263724333025,48.947563269888605
51089,Henry County,VA,"Martinsville, VA",139355.7017647429,146449.09146061915,104152.07002125651,-4.843587368914271,33.80022282447352
16065,Madison County,ID,"Rexburg, ID",406348.26715709106,383262.3040304527,293416.5448456759,6.023541288528089,38.48853253002904
42121,Venango County,PA,"Oil City, PA",121599.0024464652,125032.8115153585,101255.5995220352,-2.7463263660767234,20.091138683152888
44001,Bristol County,RI,"Providence-Warwick, RI-MA",619680.0030549121,620354.6908731596,438292.5236900647,-0.10875839711921298,41.38502702207034
48073,Cherokee County,TX,"Jacksonville, TX",225676.8612689544,241288.73986006816,182516.61265688515,-6.470206027918102,23.647298721901365
18029,Dearborn County,IN,"Cincinnati, OH-KY-IN",314500.28651184525,300353.7445210696,223118.15794839655,4.7099602548099195,40.95683175395515
48325,Medina County,TX,"San Antonio-New Braunfels, TX",316243.651219446,324377.5460556717,278470.92482365796,-2.5075394197691225,13.564334021480938
23025,Somerset County,ME,,220274.0102543423,215351.7983610308,143136.9750196215,2.2856609189116694,53.890362866860045
47053,Gibson County,TN,"Jackson, TN",174760.96909124427,172282.40874140884,125334.1778248902,1.438661304971478,39.43600390901385
17095,Knox County,IL,"Galesburg, IL",112775.85751670222,98421.22155871628,93768.88448298968,14.584899202274414,20.270021487949474
32023,Nye County,NV,"Pahrump, NV",355353.1035979071,346509.1520629798,259965.52377267845,2.5522995517647473,36.692396145820624
33003,Carroll County,NH,,482852.3918121089,482819.6834583788,333838.67860924616,0.006774444963775217,44.636443513269896
48277,Lamar County,TX,"Paris, TX",198210.7571090194,192021.08282049024,153677.2259112613,3.2234347383175432,28.9786147125491
27169,Winona County,MN,"Winona, MN",274159.5634606888,264231.55308849673,198052.19340206857,3.7573144676128045,38.427935965401595
41041,Lincoln County,OR,"Newport, OR",463642.8501366987,465130.79050745297,350004.8228756389,-0.3198971990503896,32.467560397428244
31019,Buffalo County,NE,"Kearney, NE",298935.5325983273,283029.5955484912,217348.1500522172,5.6198847399727025,37.5376475606114
37061,Duplin County,NC,,182002.184478384,176948.30251118567,129165.5720946286,2.856134755448614,40.9061110688586
22101,Saint Mary Parish,LA,"Morgan City, LA",115507.10517524571,130378.22145077871,129078.06573779072,-11.406135250239814,-10.513761950936784
50011,Franklin County,VT,"Burlington-South Burlington, VT",356625.9978716521,355619.0820258648,264782.452244267,0.28314449271145126,34.68641703743178
47003,Bedford County,TN,"Shelbyville, TN",324707.40620697895,323335.266520158,223777.52416232167,0.4243705617356319,45.1027789419306
24035,Queen Annes County,MD,"Baltimore-Columbia-Towson, MD",514452.5527781683,507785.2355360033,398423.0605786157,1.313019122174186,29.122182845301946
26123,Newaygo County,MI,,241365.09461033787,227050.84631942137,175383.59219504872,6.304424107179418,37.62125156035656
37065,Edgecombe County,NC,"Rocky Mount, NC",132970.2761300638,140547.78225634215,97150.96512499943,-5.391409245047985,36.86974283680806
36057,Montgomery County,NY,"Amsterdam, NY",200166.34771972292,200707.23699834937,149242.3597298717,-0.26949166692523674,34.121671676877476
01045,Dale County,AL,"Ozark, AL",156504.72508083665,156660.2180247635,122873.99687059096,-0.09925490075743948,27.37009380891635
17073,Henry County,IL,"Davenport-Moline-Rock Island, IA-IL",163391.808915405,149953.99497835958,126456.57773966945,8.961291053956044,29.20783705832408
48493,Wilson County,TX,"San Antonio-New Braunfels, TX",391218.3126334352,390072.8281685806,315470.3127272928,0.2936591277666656,24.011134122665425
48373,Polk County,TX,,180005.292351122,184619.5052257572,155730.1870287275,-2.4993095225733675,15.587925363447042
37083,Halifax County,NC,"Roanoke Rapids, NC",97067.4951618224,98223.54991711938,81904.83238980125,-1.1769629139574467,18.51253745305168
13175,Laurens County,GA,"Dublin, GA",175574.53763901422,180365.0838379649,146082.526043875,-2.6560274843740683,20.18859640083268
32005,Douglas County,NV,"Gardnerville Ranchos, NV",678718.5712392695,663942.7633948725,561396.9733066793,2.2254641000747144,20.898152913357414
22115,Vernon Parish,LA,"Fort Polk South, LA",159883.4389884142,168244.60399059686,161738.6152408121,-4.969648240635394,-1.1470212290588422
08043,Fremont County,CO,"Ca-¦on City, CO",334850.6202261364,333858.13423977495,257056.8432656289,0.29727776099313097,30.263258496533997
40083,Logan County,OK,"Oklahoma City, OK",303358.9668377402,301396.9926085807,244896.74531331696,0.6509601214593097,23.872192114937096
18065,Henry County,IN,"New Castle, IN",183744.2038128306,178511.52841428903,127445.99271608808,2.9312814948273758,44.1741712681059
35009,Curry County,NM,"Clovis, NM",161799.01545128468,166623.6247114569,159285.79750306965,-2.8955133274330302,1.5778041656015152
48013,Atascosa County,TX,"San Antonio-New Braunfels, TX",241669.1664389431,237913.78064158608,219513.9294857325,1.5784650167089076,10.092861535081132
36107,Tioga County,NY,"Binghamton, NY",189821.25153315716,183324.58398496624,144453.1558571303,3.5438059680657386,31.40678748541683
40079,Le Flore County,OK,,162026.2558353956,161080.18241062708,120174.77245186352,0.5873307384000714,34.82551498093815
48053,Burnet County,TX,,425054.937421042,438607.3995560704,337981.48276678636,-3.089884518306185,25.762788523635784
22061,Lincoln Parish,LA,"Ruston, LA",216057.31959511063,216936.95586735263,196616.72236251648,-0.4054801399443697,9.887560426701715
39149,Shelby County,OH,"Sidney, OH",234387.7777213651,215538.396888774,161603.2232863149,8.745254258487446,45.039048698983365
05035,Crittenden County,AR,"Memphis, TN-MS-AR",161694.60744769653,154535.96232806318,138547.1926589905,4.632349009116932,16.7072420194607
53075,Whitman County,WA,"Pullman, WA",319032.80487339344,323902.90079603315,257330.06295794723,-1.50356662773653,23.97805417920784
40019,Carter County,OK,"Ardmore, OK",170986.80280471037,172000.45656321698,127397.57279220573,-0.5893320161822091,34.21511811971622
12063,Jackson County,FL,,171771.58037265198,178457.53447307865,137671.80324223646,-3.746523855194961,24.768889727126076
21019,Boyd County,KY,"Huntington-Ashland, WV-KY-OH",131321.0621263566,137247.5281272523,118715.4956320412,-4.318085783957304,10.618299175860235
36039,Greene County,NY,,347863.69679148676,348868.8253835763,247483.0404721171,-0.2881107507913261,40.560620286495606
36033,Franklin County,NY,"Malone, NY",165415.43626927634,160829.8663918449,131453.4398371748,2.8511929906471334,25.835760915932404
48465,Val Verde County,TX,"Del Rio, TX",206045.13209141343,215589.8494346256,171738.31486563516,-4.427257298171849,19.97621628733186
42009,Bedford County,PA,,202194.0466278914,189546.3067980461,169471.59078092387,6.672638493199945,19.308519909551023
17029,Coles County,IL,"Charleston-Mattoon, IL",138071.48033888824,127476.64686193677,103823.62475271428,8.31119560936222,32.9865728226548
16011,Bingham County,ID,"Blackfoot, ID",373263.87034200056,358848.4295578956,275020.6003796129,4.0171391586873995,35.72214947781431
21211,Shelby County,KY,"Louisville/Jefferson County, KY-IN",318988.8034040701,319539.77790261223,256340.80882705137,-0.1724275150213228,24.43933717135387
27049,Goodhue County,MN,"Red Wing, MN",317261.6966096757,307361.96649444173,246604.9193400757,3.2208702423866864,28.6518117556942
04023,Santa Cruz County,AZ,"Nogales, AZ",276031.1228740755,276586.05020232877,209578.7780446346,-0.20063460461846594,31.70757337619765
36017,Chenango County,NY,,153396.543849305,147954.1688671801,114887.212650303,3.678419488815199,33.51924927991576
40021,Cherokee County,OK,"Tahlequah, OK",202645.22403702428,194180.77232298255,143019.92441698306,4.359057600184402,41.69020495787714
18113,Noble County,IN,"Kendallville, IN",239918.89764798243,231984.71194012463,167946.4375078903,3.4201330085517068,42.854413114127986
36023,Cortland County,NY,"Cortland, NY",192192.32084827617,180551.05674317517,139986.3423402167,6.447630002886173,37.293622817274795
56005,Campbell County,WY,"Gillette, WY",323540.2772654404,341112.1934446427,264800.2142894622,-5.151359733510663,22.18278528723825
36003,Allegany County,NY,,130000.31325399576,122933.14662703522,93759.58463792528,5.748788525198578,38.65282547488089
51540,Charlottesville City,VA,"Charlottesville, VA",478498.31256706896,479738.65644766105,386642.7201436015,-0.2585457444218675,23.757227962122695
19045,Clinton County,IA,"Clinton, IA",169199.17340880758,163192.2977030051,135065.5228406118,3.680857362970902,25.27191976924874
55005,Barron County,WI,,271785.8088507746,258455.3232124739,188882.28043160576,5.157752400921467,43.89163887143357
16017,Bonner County,ID,"Sandpoint, ID",630774.5205383542,619572.2520763301,455982.25940014824,1.8080649067937937,38.33312755810891
21179,Nelson County,KY,"Bardstown, KY",263714.31403545814,254878.9915757481,186946.6660515544,3.466477329138451,41.0639299460593
39011,Auglaize County,OH,"Wapakoneta, OH",228300.5075819431,216521.52658301,166253.38780004965,5.440096966255803,37.320815294613155
18099,Marshall County,IN,"Plymouth, IN",249496.11409038352,240650.0600154444,174024.27610499333,3.6758993845135146,43.368568842576934
42087,Mifflin County,PA,"Lewistown, PA",186428.2804570217,175334.7760175472,129630.93940123578,6.327041726373928,43.814648970479084
40113,Osage County,OK,"Tulsa, OK",205665.77194395752,202318.4187248298,160629.67284583452,1.6544975194178413,28.037222700034214
55081,Monroe County,WI,,251467.4563898752,236241.80905914257,179716.13981140568,6.4449418971901595,39.92480400133536
53065,Stevens County,WA,"Spokane-Spokane Valley, WA",360543.4885576679,353640.34532210877,277657.3867114096,1.9520236666637825,29.851934727170825
47123,Monroe County,TN,,275432.28426422086,272200.55629524053,194798.1698821898,1.1872598693277725,41.39367142452981
27007,Beltrami County,MN,"Bemidji, MN",255974.6946484257,248413.1943031449,187063.20192894383,3.043920580181947,36.83861497551932
39091,Logan County,OH,"Bellefontaine, OH",241867.7732317076,234799.01977806693,182370.92906631183,3.010554924940534,32.62408349291357
18071,Jackson County,IN,"Seymour, IN",225214.8698971664,217713.9278684969,164053.5719073104,3.445320242993466,37.281296151486366
28045,Hancock County,MS,"Gulfport-Biloxi, MS",228307.57080365604,231879.61844037884,188079.85582905984,-1.5404750364643394,21.38863558634263
42099,Perry County,PA,"Harrisburg-Carlisle, PA",283428.254368031,272049.78495908115,226922.08871601697,4.182495277715903,24.90113059144674
50025,Windham County,VT,,357077.9592817112,362631.7032642888,277986.5173929737,-1.5315108780022957,28.451538812197285
40013,Bryan County,OK,"Durant, OK",226046.02607450428,225054.33414221057,171150.24355346264,0.4406455605814097,32.07461548478234
13071,Colquitt County,GA,"Moultrie, GA",162329.99895915852,157639.8862992722,127981.4432718988,2.975206827403021,26.838700056136755
22117,Washington Parish,LA,"Bogalusa, LA",126645.82488944252,129211.64609820169,141263.15226811773,-1.98575073241396,-10.347586857563174
13137,Habersham County,GA,"Cornelia, GA",313970.832489268,306569.7545667773,209841.852303754,2.4141578913906114,49.62259865814724
26059,Hillsdale County,MI,"Hillsdale, MI",198866.26546948755,185293.69474742617,154648.1652075609,7.324896155026828,28.59270926530513
13275,Thomas County,GA,"Thomasville, GA",221074.56799710993,215690.00765516356,157589.02576278045,2.4964347678799292,40.285509683837105
05055,Greene County,AR,"Paragould, AR",186455.356656088,187439.4447298526,149086.99154709312,-0.5250165327703171,25.064805937271252
28151,Washington County,MS,"Greenville, MS",51156.48887369881,70073.02236870401,108020.40072124504,-26.99545824564533,-52.64182642155526
21107,Hopkins County,KY,"Madisonville, KY",149704.26274141172,158914.65919722102,113084.33494994415,-5.7958129868804225,32.38284755149956
21101,Henderson County,KY,"Evansville, IN-KY",195351.32716634788,197562.5103271878,147404.28456376574,-1.1192321646338321,32.527577298365905
06009,Calaveras County,CA,,425902.5373469982,446212.4822068939,379151.8094664781,-4.551630819345542,12.330345448253333
48055,Caldwell County,TX,"Austin-Round Rock-Georgetown, TX",282765.0809325991,300486.768006195,237208.24687029145,-5.89765971765871,19.205417460556795
48071,Chambers County,TX,"Houston-The Woodlands-Sugar Land, TX",343667.91639144934,337641.34566517104,286967.29741773545,1.7849030646426511,19.75856464619219
55033,Dunn County,WI,"Menomonie, WI",300717.6713937004,288828.687603841,219644.13466909635,4.116275252466051,36.91131422505087
17117,Macoupin County,IL,"St. Louis, MO-IL",139115.78054264226,139215.63568174143,130010.33007064225,-0.07172695696872067,7.003636147260361
28149,Warren County,MS,"Vicksburg, MS",142286.87736020985,148339.56081880582,133150.41776537316,-4.080289455615427,6.8617581139972295
18093,Lawrence County,IN,"Bedford, IN",203781.32879982944,193971.19137031524,147330.91154390233,5.057522903380751,38.315392652074756
27061,Itasca County,MN,"Grand Rapids, MN",238893.46193218135,234701.1889412027,178757.16932335452,1.7862171938246574,33.641331889769454
01021,Chilton County,AL,"Birmingham-Hoover, AL",215478.53236222256,212585.181073216,170132.45796750343,1.3610315048300903,26.653394029833244
18145,Shelby County,IN,"Indianapolis-Carmel-Anderson, IN",238947.84477395404,238020.43021753427,172367.74446269474,0.38963653480172944,38.626774701266186
17177,Stephenson County,IL,"Freeport, IL",151567.28940382457,135415.0190352157,94984.53789074055,11.927975555213965,59.57048670192027
55095,Polk County,WI,,317044.6170667277,302866.4067622384,238701.79519464247,4.681341339919465,32.82037397674487
37013,Beaufort County,NC,"Washington, NC",228431.20805586572,227373.58084559545,159191.65927321863,0.4651495597408406,43.49445762344379
29161,Phelps County,MO,"Rolla, MO",222713.59392471312,217010.67199668553,157963.3485845708,2.6279453796238528,40.99067658436992
26023,Branch County,MI,"Coldwater, MI",197383.20782342125,186058.7239538523,160646.88532739918,6.086510553720514,22.867746499506204
36025,Delaware County,NY,,233986.83923694715,234419.116023966,172072.2141436862,-0.18440338584616578,35.981768120656675
48499,Wood County,TX,,263662.5228937164,266299.06350623514,205963.18224135975,-0.9900675495454703,28.014395594617092
37169,Stokes County,NC,"Winston-Salem, NC",252680.9798892554,239551.6037669098,184473.70401957692,5.480813284439878,36.97398294904952
37111,McDowell County,NC,"Marion, NC",251031.0650633576,260339.41054334448,201949.4127145087,-3.575465374435549,24.303934182880994
42065,Jefferson County,PA,,115441.60718563292,113395.97576751516,114417.22736006584,1.8039717937713418,0.8953020879831408
42061,Huntingdon County,PA,"Huntingdon, PA",188786.41408798305,179979.34279494337,158315.84404488307,4.893378960203165,19.246696517918615
29027,Callaway County,MO,"Jefferson City, MO",255121.38493222013,247899.63083830327,210205.81638806497,2.9131766229322675,21.367424230181943
21009,Barren County,KY,"Glasgow, KY",210989.2581489396,208964.1235360989,158117.7767314581,0.9691302882864905,33.4380374619589
12039,Gadsden County,FL,"Tallahassee, FL",192942.36011319843,202663.22704909035,141314.66843948493,-4.796561802273713,36.53385189508618
51171,Shenandoah County,VA,,334195.8431541399,335280.49100671295,248420.5319450831,-0.32350461230723493,34.52826967942353
39075,Holmes County,OH,,352328.9156013904,337150.36122055585,260501.8187419451,4.502013382362979,35.25007898329105
06093,Siskiyou County,CA,,274883.41475637717,285072.5989991196,246682.9675938343,-3.574241887335472,11.431858242023086
53037,Kittitas County,WA,"Ellensburg, WA",482166.51230116846,484527.7965087835,388583.9472671849,-0.48733720224701793,24.08297246762936
55031,Douglas County,WI,"Duluth, MN-WI",245923.1772129972,234953.01297256697,177393.02634469955,4.669088555893985,38.63181787943226
40071,Kay County,OK,"Ponca City, OK",109319.95934081324,107045.8676110275,88041.2319898085,2.1244087049199445,24.169047695138946
47099,Lawrence County,TN,"Lawrenceburg, TN",241099.45014609623,225667.49066918576,168713.395030711,6.838361799986847,42.90474689470196
39097,Madison County,OH,"Columbus, OH",307794.312826467,304546.0565013327,239019.96549535065,1.0665895209580611,28.77347387637126
13009,Baldwin County,GA,"Milledgeville, GA",229378.6109004008,220084.1571737492,174374.2936851688,4.223136206625688,31.54382223020886
48259,Kendall County,TX,"San Antonio-New Braunfels, TX",581576.7275879802,589972.967608492,470077.0305785372,-1.4231567345444174,23.719452293216104
40121,Pittsburg County,OK,"McAlester, OK",142314.26005797985,140536.68202625684,110959.94309581,1.2648498641734784,28.257329705997147
22087,Saint Bernard Parish,LA,"New Orleans-Metairie, LA",205527.49937449035,214449.16892584052,204376.28787168305,-4.160272383445518,0.563280366228236
30081,Ravalli County,MT,,582781.677769564,584355.5760048646,402844.6885954362,-0.2693391318452254,44.66659093892946
39015,Brown County,OH,"Cincinnati, OH-KY-IN",252081.1833695291,244329.50944992877,186743.55902311535,3.1726310657488987,34.98788643003543
45025,Chesterfield County,SC,,173886.54290125475,180148.19863901535,142719.04376485504,-3.4758358868232864,21.838360399717583
12121,Suwannee County,FL,,265227.77855992265,261779.86075773695,186020.1585986952,1.3171058278530268,42.58012709907615
27067,Kandiyohi County,MN,"Willmar, MN",273169.95581735886,266572.2283002264,203968.76310812344,2.475024333630804,33.92734831291398
18037,Dubois County,IN,"Jasper, IN",254095.69973928705,242809.93390341176,188226.3868675237,4.647983570707082,34.99472840549349
37153,Richmond County,NC,"Rockingham, NC",127481.07867100876,125727.12153102504,95922.19815470892,1.3950507405444013,32.90049761516081
13029,Bryan County,GA,"Savannah, GA",398077.2897500229,403695.0771474861,272103.5342646861,-1.3915917521607035,46.296258453885784
19033,Cerro Gordo County,IA,"Mason City, IA",192956.84048012423,185643.740049478,143322.03302308277,3.93931970380319,34.63166577398991
39071,Highland County,OH,,192770.7669045809,183405.59650043273,132110.0502794843,5.10626206770417,45.91680685668222
19139,Muscatine County,IA,"Muscatine, IA",190235.1828273898,178679.50697722952,146977.16938022315,6.467264235082593,29.431791093527025
33019,Sullivan County,NH,"Lebanon, NH-VT",370738.1819323987,362358.2799925829,235911.9888810266,2.3126012023203524,57.1510560742916
42119,Union County,PA,"Lewisburg, PA",278749.6471924085,258505.36223386787,208363.13095538892,7.831282408844498,33.780696188563965
18033,De Kalb County,IN,"Auburn, IN",244245.68073682455,231227.50582246063,168593.61639043092,5.63002868887037,44.872437027032966
29029,Camden County,MO,,312528.05380032427,328631.1229183122,275556.35201139556,-4.900043847031088,13.41711106242245
13069,Coffee County,GA,"Douglas, GA",173590.95406879566,183040.52078613496,136070.49579642538,-5.162554540794928,27.57427909170296
40137,Stephens County,OK,"Duncan, OK",136646.19513313475,140583.46164524634,95252.5181739166,-2.8006612342830417,43.45677967656414
37099,Jackson County,NC,"Cullowhee, NC",437037.4302509118,435011.3440566238,307099.650033526,0.4657547951265162,42.31127590122637
29159,Pettis County,MO,"Sedalia, MO",187182.21328715543,178434.98861224388,129035.87231139273,4.902191404803524,45.06215204671338
05091,Miller County,AR,"Texarkana, TX-AR",165750.32955836446,168562.54097682767,144603.41597797017,-1.6683489713469668,14.624076089333848
51683,Manassas City,VA,"Washington-Arlington-Alexandria, DC-VA-MD-WV",487016.4614395064,487059.1784147212,374293.7152524613,-0.008770387071621588,30.11612046732164
39051,Fulton County,OH,"Toledo, OH",216658.3760907975,214333.1664750794,164376.4902840142,1.0848575859529808,31.80618208628816
13233,Polk County,GA,"Cedartown, GA",214132.9449963995,215538.32575131985,144814.94073603893,-0.6520328809372922,47.86661093671945
37181,Vance County,NC,"Henderson, NC",180628.73954514647,185935.9619686184,143281.03805553092,-2.8543281069896786,26.066046140132528
53017,Douglas County,WA,"Wenatchee, WA",483230.5391440131,477005.2860997808,383820.4412830118,1.3050700328989695,25.900157252880838
54069,Ohio County,WV,"Wheeling, WV-OH",149989.12822126911,143805.77992819887,129438.6584887822,4.29979121573385,15.876609022696208
51590,Danville City,VA,"Danville, VA",131122.71239404535,133892.93842208746,81752.355129185,-2.068985908210619,60.390134555567656
37059,Davie County,NC,"Winston-Salem, NC",314666.5491309299,310208.88328689116,242473.372707149,1.4369884565543556,29.7736512746797
47051,Franklin County,TN,"Tullahoma-Manchester, TN",307891.88675648434,302241.87371924386,218365.11587679313,1.8693680553637737,40.998659753971125
56037,Sweetwater County,WY,"Rock Springs, WY",284463.1455665937,284400.9948089314,227684.94447129464,0.021853213876421584,24.937178532881575
22095,Saint John the Baptist Parish,LA,"New Orleans-Metairie, LA",197320.56500264388,210104.69961805607,217147.98566091224,-6.0846495288549685,-9.130833333738542
12075,Levy County,FL,"Gainesville, FL",283325.9108745895,292742.02609194553,199790.59450460775,-3.216523210916955,41.81143590723697
08085,Montrose County,CO,"Montrose, CO",448521.253912047,438301.0197777052,315568.1265910768,2.3317842471654027,42.1313548859309
29023,Butler County,MO,"Poplar Bluff, MO",166211.9739014994,153935.09975640045,120571.05552812158,7.975357254145998,37.85395937147842
48143,Erath County,TX,"Stephenville, TX",331854.9891047037,334233.3041726803,230392.0001143919,-0.7115733346392816,44.03928475812287
51149,Prince George County,VA,"Richmond, VA",347298.0272091162,338234.46348155546,245027.72521000213,2.679668900166643,41.73825713456012
55093,Pierce County,WI,"Minneapolis-St. Paul-Bloomington, MN-WI",353197.3763211439,344485.48816997634,279842.040963403,2.5289565018973725,26.213121911633742
49043,Summit County,UT,"Heber, UT",1306849.5893752996,1268975.1978934717,892495.5239638301,2.984643950858956,46.42645865283488
39107,Mercer County,OH,"Celina, OH",263085.64757516014,245694.82806465225,187126.99609217877,7.078219613939796,40.59203272068992
39027,Clinton County,OH,"Wilmington, OH",245052.4012874282,236963.14756700955,178269.07959872964,3.41371804159174,37.46208924117565
53047,Okanogan County,WA,,304346.1314087675,299256.6963060755,244192.3123422248,1.7006921367221706,24.633789036830844
39033,Crawford County,OH,"Bucyrus-Galion, OH",153156.10855232822,146974.3362408858,111155.68622196226,4.2060215882252505,37.785221573367856
16069,Nez Perce County,ID,"Lewiston, ID-WA",376984.4761867698,369379.4454364128,265496.49505286757,2.0588667951926265,41.99226099451969
26057,Gratiot County,MI,"Alma, MI",174831.6320310718,159366.95765142993,140566.81341487137,9.703814772863062,24.376179400944807
55075,Marinette County,WI,"Marinette, WI-MI",210204.11986880575,187622.37561262108,133313.42785391145,12.035741569975954,57.676629618400675
48481,Wharton County,TX,"El Campo, TX",240001.4364509507,242425.63090564325,219294.79765451312,-0.9999744852210335,9.442375750773513
47047,Fayette County,TN,"Memphis, TN-MS-AR",367606.91436850606,366949.105876616,286254.9561052622,0.17926423074898779,28.419406032337456
05005,Baxter County,AR,"Mountain Home, AR",230538.4990683736,228506.6666097839,170394.46977615156,0.8891786348008024,35.2969373778584
01123,Tallapoosa County,AL,"Alexander City, AL",263836.3030726015,257310.36684338257,210126.40295075404,2.536211933190824,25.56075741440027
48097,Cooke County,TX,"Gainesville, TX",312330.49249766814,318415.2762504606,242185.11524991225,-1.91095848931766,28.963537736566703
40087,McClain County,OK,"Oklahoma City, OK",279454.42341682146,279619.72774253675,213012.72938018304,-0.059117547624354394,31.191419512800067
13277,Tift County,GA,"Tifton, GA",201554.72246900492,202810.87651396892,164034.6879713222,-0.6193721296192334,22.87323185218133
27009,Benton County,MN,"St. Cloud, MN",303892.15608177125,291838.25434088253,220477.91411686936,4.1303364317719415,37.833377687293556
42117,Tioga County,PA,,209207.350372622,202255.91163442048,163815.46731847478,3.4369520683115162,27.70915579412323
54019,Fayette County,WV,"Beckley, WV",129646.80738096494,138476.6614964346,95279.162697223,-6.376420416300266,36.07047302982189
39135,Preble County,OH,,224200.99347803663,215143.93508830437,158831.08817983582,4.209767003664244,41.15687051403061
13219,Oconee County,GA,"Athens-Clarke County, GA",544154.1922559078,544306.0429916483,392785.1301171773,-0.02789804333347412,38.53737082500383
05093,Mississippi County,AR,"Blytheville, AR",109937.2104398766,108224.5274412645,126181.96803394271,1.5825275832612062,-12.8740721413509
47021,Cheatham County,TN,"Nashville-Davidson--Murfreesboro--Franklin, TN",385902.36904385866,387299.1211446252,287702.38176145015,-0.3606391092854988,34.13249020782578
55115,Shawano County,WI,"Shawano, WI",263964.26430200995,238967.79041408745,167658.5889348361,10.46018538507143,57.44153996465102
26151,Sanilac County,MI,,199466.43457763843,198828.94349908372,176861.43129975317,0.3206228767984376,12.781194357504223
47177,Warren County,TN,"McMinnville, TN",251610.44074575137,251334.41535233785,176453.6769302221,0.10982395428280611,42.5929145388394
48459,Upshur County,TX,"Longview, TX",229173.552622685,233388.97379467683,181788.14963573017,-1.806178374005074,26.06627719238379
41007,Clatsop County,OR,"Astoria, OR",502078.0506542876,510969.0573545533,390468.1923638344,-1.7400283974722819,28.583597966017237
40041,Delaware County,OK,,275078.9174343653,269269.87768903864,204746.35277006705,2.157329960254639,34.35107083117748
36121,Wyoming County,NY,,192658.10803380492,194182.97316898665,151825.49621033174,-0.7852723183173871,26.89443660167963
42083,McKean County,PA,"Bradford, PA",104417.34335048094,106010.25578188458,97820.94415954848,-1.5026021960375724,6.743340342507387
51185,Tazewell County,VA,"Bluefield, WV-VA",132601.51244564014,137879.78155105995,105712.48074362964,-3.8281675863151454,25.436004824464263
27059,Isanti County,MN,"Minneapolis-St. Paul-Bloomington, MN-WI",328803.97793984704,322968.60577487684,264934.20854084514,1.806792381869382,24.107785004726946
36073,Orleans County,NY,"Rochester, NY",186327.36541226623,177192.5960106651,131906.81776157356,5.155277143211623,41.25681187234751
23013,Knox County,ME,,420302.9326967222,429682.02172948344,294843.1430004327,-2.1827976406855742,42.55136762536323
39123,Ottawa County,OH,"Toledo, OH",256038.9782342175,259170.1098157027,199219.8936585722,-1.2081376142147549,28.5207885277879
35039,Rio Arriba County,NM,"Espa-¦ola, NM",328645.23252862104,325197.1883977912,266771.31141596084,1.0602933401171022,23.19361882814446
51187,Warren County,VA,"Washington-Arlington-Alexandria, DC-VA-MD-WV",378704.2542924557,373579.3981395811,275034.8682276607,1.3718251537414128,37.69317931680662
28113,Pike County,MS,"McComb, MS",102729.7282909089,107560.58539342448,109540.3260481098,-4.491289336931137,-6.217434257233911
37139,Pasquotank County,NC,"Elizabeth City, NC",258689.01503750824,254395.14624151532,182233.69642099587,1.6878737112053344,41.95454524496143
19127,Marshall County,IA,"Marshalltown, IA",183638.87925525737,175718.7222168124,138532.06969256085,4.507292642768368,32.56055414663219
06005,Amador County,CA,,409646.6747606985,423502.9692723973,375558.6678180411,-3.2718293653299924,9.076613020465052
18087,Lagrange County,IN,,326574.0842069743,300362.41000877315,232270.10862033453,8.726682608997427,40.60099517187024
26107,Mecosta County,MI,"Big Rapids, MI",214881.4546762476,204576.8083510554,163728.40144366503,5.037054985973466,31.242626680248332
27099,Mower County,MN,"Austin, MN",197197.27357711247,187287.2604404639,141015.18839116723,5.2913439565201115,39.84115883325963
22009,Avoyelles Parish,LA,,122756.84034149248,127617.02811810556,161953.66088597212,-3.808416359700151,-24.20249121264213
42109,Snyder County,PA,"Selinsgrove, PA",230527.6960200528,220414.0960010112,206284.5471419186,4.588454278802212,11.752285478492741
13213,Murray County,GA,"Dalton, GA",241205.97165250572,245104.0703025579,176720.38848147503,-1.590385114878079,36.49017735030073
29091,Howell County,MO,"West Plains, MO",218358.52931168253,206218.9819374264,141813.0750014478,5.886726459516556,53.97630247383978
12093,Okeechobee County,FL,"Okeechobee, FL",285383.76659619017,285806.533020346,183658.9699760027,-0.14792049002104735,55.3878727695571
40135,Sequoyah County,OK,"Fort Smith, AR-OK",184827.00700563044,181363.37276405227,131794.68332328365,1.909776041761324,40.23859107598597
23027,Waldo County,ME,,323557.5281476342,324499.8464920391,239514.2492588377,-0.29039099851408956,35.08905175740622
18061,Harrison County,IN,"Louisville/Jefferson County, KY-IN",259207.6029283003,249526.86897870115,187271.18244630948,3.8796358841922896,38.41296858507044
16057,Latah County,ID,"Moscow, ID",465309.1273116561,457869.5816174731,338990.234941891,1.6248176321086882,37.263283525384864
12051,Hendry County,FL,"Clewiston, FL",273989.2856199632,283048.0537940568,180654.67519014832,-3.2004347151189716,51.66465264825027
56013,Fremont County,WY,"Riverton, WY",309460.0913744584,311171.9240514057,220023.0793151882,-0.5501243989687543,40.64892298464271
54099,Wayne County,WV,"Huntington-Ashland, WV-KY-OH",137239.1085687046,133106.05382934367,114385.18093554307,3.105083969103273,19.9797975981171
47013,Campbell County,TN,"Knoxville, TN",232546.546408184,229139.06789496783,144415.28300751327,1.487078805251163,61.026271988184
40097,Mayes County,OK,,209925.8227831803,202299.5101352457,156515.42135318855,3.7698127112794744,34.12468941924085
05139,Union County,AR,"El Dorado, AR",125907.54823260386,126730.15178974275,126538.6628562244,-0.6490985337914479,-0.49875240450234504
48249,Jim Wells County,TX,"Alice, TX",144509.49368558117,151113.6514389391,183340.2932053368,-4.370325043747936,-21.179632060621866
01047,Dallas County,AL,"Selma, AL",85706.60162707455,89639.57606847516,89924.45007858811,-4.387542438170655,-4.690435635500068
19057,Des Moines County,IA,"Burlington, IA-IL",141708.84110062302,139068.5421065313,121029.25904207298,1.8985594830419394,17.086432010098697
20037,Crawford County,KS,"Pittsburg, KS",131696.31774261405,135394.35473240737,96821.78606217875,-2.731308108895758,36.01930216205569
37145,Person County,NC,"Durham-Chapel Hill, NC",245828.5345181151,231547.04075192264,182205.90713091285,6.167858470492615,34.91798284096801
29225,Webster County,MO,"Springfield, MO",258978.44195976775,252617.5712875862,189867.2149648998,2.5179842557112364,36.399768652868445
42115,Susquehanna County,PA,,233775.55858447583,217844.7304772817,186281.38942992289,7.312927915350942,25.495928122449275
42123,Warren County,PA,"Warren, PA",128328.02450485031,125401.87212609478,100115.652224768,2.3334200113162673,28.179781735570366
27041,Douglas County,MN,"Alexandria, MN",332508.67088439426,326279.28004451795,251995.6397875381,1.9092204810021496,31.9501683301894
55083,Oconto County,WI,"Green Bay, WI",293959.96631601505,269748.3143595908,182079.66369430255,8.975645321048663,61.44579814775513
39021,Champaign County,OH,"Urbana, OH",240990.4964645758,230123.6054298019,170955.53586165656,4.7221974531807875,40.966769663191286
51073,Gloucester County,VA,"Virginia Beach-Norfolk-Newport News, VA-NC",364764.4244893012,356428.3567729325,273003.994171326,2.338777922116697,33.61138748043011
39059,Guernsey County,OH,"Cambridge, OH",158360.42170360466,156923.14254329866,125810.7674944328,0.9159128073855882,25.87191450891688
17203,Woodford County,IL,"Peoria, IL",225546.96456139017,202482.0064383779,175809.83264167677,11.391114958173688,28.290301613041247
45029,Colleton County,SC,,243492.6822760657,251391.3766429424,185670.4363411978,-3.1419909753290454,31.14240860004802
46013,Brown County,SD,"Aberdeen, SD",234081.6352110433,219057.58521332245,181017.8141434329,6.858493387978393,29.31414309619509
38105,Williams County,ND,"Williston, ND",339564.6074460197,315837.1449232297,293199.6718485292,7.512562377220533,15.813433659449405
20055,Finney County,KS,"Garden City, KS",231432.7233615588,229481.01747816743,183863.2031422287,0.8504868528295795,25.872235121745568
39039,Defiance County,OH,"Defiance, OH",177422.64501760365,171860.48187371655,133221.64277168785,3.2364410266079613,33.1785446615956
51093,Isle of Wight County,VA,"Virginia Beach-Norfolk-Newport News, VA-NC",370713.5542075623,362079.9182241401,308603.67884578183,2.3844559029307044,20.126096874178412
29201,Scott County,MO,"Sikeston, MO",157777.2390047871,158217.59282910274,142284.08038498263,-0.2783216559180568,10.888891137985436
04009,Graham County,AZ,"Safford, AZ",295351.5197549593,283509.94025807263,223115.14187569616,4.176777535950804,32.37627767975879
29109,Lawrence County,MO,,199386.187701097,200673.4354895581,142786.79679791015,-0.6414639712131076,39.639092810026
40123,Pontotoc County,OK,"Ada, OK",182279.84286724753,178674.74167330598,136981.52001766706,2.0176893276460994,33.06892991385857
48049,Brown County,TX,"Brownwood, TX",178057.93386837558,182462.88052919635,148639.335411442,-2.414160429806389,19.791933525201276
17055,Franklin County,IL,,103644.70795729496,108099.53156505966,134697.387952872,-4.121038771646823,-23.053661594716125
18107,Montgomery County,IN,"Crawfordsville, IN",214379.96770477985,210515.35379550792,152395.72494860852,1.8357871953729177,40.67321624479552
18017,Cass County,IN,"Logansport, IN",163972.74784505335,164083.04131452195,116550.18743066576,-0.06721807969001237,40.68853209060577
22069,Natchitoches Parish,LA,"Natchitoches, LA",169369.94862028386,173390.3183043754,186780.0634470796,-2.318681759978114,-9.321184769662816
45071,Newberry County,SC,"Newberry, SC",205027.04455965292,207134.8177249448,181538.5807499258,-1.0175851594833252,12.938552076752806
42035,Clinton County,PA,"Lock Haven, PA",189955.1651106316,184628.98169701788,152605.79390233764,2.8848035474485556,24.4744123097949
05063,Independence County,AR,"Batesville, AR",169307.0913143801,163683.42463451502,140326.95727338412,3.4356971039810613,20.651865189763253
17121,Marion County,IL,"Centralia, IL",120980.892546711,115783.35525616704,94573.45037603869,4.489019409607331,27.92268027197087
19099,Jasper County,IA,"Des Moines-West Des Moines, IA",220157.67306448577,209807.00107570505,160439.97209861173,4.9334254508722974,37.221211263468405
42031,Clarion County,PA,,134504.79495817405,131429.7778619115,113253.67369644124,2.3396654443815335,18.764178298262646
24041,Talbot County,MD,"Easton, MD",481463.476985419,485731.7102869674,376887.7804137729,-0.8787223916319475,27.747170910353148
36031,Essex County,NY,,265191.36482479743,250784.1973301402,197703.7288385751,5.744846624323463,34.13574259963803
01039,Covington County,AL,,153054.47377595786,151177.25259100713,122135.50447426277,1.2417352166263607,25.315299948845382
26061,Houghton County,MI,"Houghton, MI",180719.10818002664,173219.19155726852,134990.29718761687,4.32972614369842,33.87562806003261
55085,Oneida County,WI,,301452.5964691727,293353.68034654326,227928.3498501584,2.7608026301432664,32.25761370507425
05009,Boone County,AR,"Harrison, AR",221036.86885775137,223438.3920509926,152429.47240976462,-1.0748032919486672,45.009272395534296
27147,Steele County,MN,"Owatonna, MN",287886.175433031,278967.31510299677,210628.93266609227,3.1970986732769546,36.679311711375284
17081,Jefferson County,IL,"Mount Vernon, IL",140003.13899657922,133091.68675521054,114287.28872770816,5.193000712419105,22.50105900240542
22119,Webster Parish,LA,"Minden, LA",113995.15716155789,125702.79474191013,146444.57867462267,-9.31374485697798,-22.158158264883543
56001,Albany County,WY,"Laramie, WY",361467.1291025686,357125.94330039533,270170.27908239374,1.2155895934229832,33.79233657020138
50001,Addison County,VT,,407597.5063636419,413266.121990233,336248.31091965263,-1.3716623078833257,21.219198171983766
21035,Calloway County,KY,"Murray, KY",176409.7000826239,227899.00936413844,184930.50284538223,-22.59303777808205,-4.607570212407008
31053,Dodge County,NE,"Fremont, NE",236560.7218614399,222532.99770481253,166865.07730098927,6.303660266705702,41.76766384420536
50003,Bennington County,VT,"Bennington, VT",357737.64353141934,361374.8729090812,274051.4527788733,-1.0064975875002213,30.536671090034595
37197,Yadkin County,NC,"Winston-Salem, NC",231182.98964200297,234490.29452616427,178674.5023161768,-1.4104229306566407,29.387789888961755
51109,Louisa County,VA,,407545.6263473092,401686.1982220996,297308.2336142235,1.4587078548239818,37.078486321413415
19187,Webster County,IA,"Fort Dodge, IA",134910.71671315582,131973.17562281003,114909.67245017854,2.2258622454774724,17.405883975214675
55045,Green County,WI,"Madison, WI",320577.94297962385,303876.20021750714,225031.3408798989,5.49623259411629,42.45924222205073
26033,Chippewa County,MI,"Sault Ste. Marie, MI",189452.03645705016,186767.67041440125,154088.408176029,1.4372755395475112,22.95021974697935
17027,Clinton County,IL,"St. Louis, MO-IL",212336.49996855285,196490.43986033057,157812.84171350856,8.064545083967435,34.54957002423531
40111,Okmulgee County,OK,"Tulsa, OK",128732.8137627598,133509.45830809226,95703.64124026224,-3.5777574157402903,34.51192879859026
39171,Williams County,OH,,174753.44768926746,169807.03579393995,129301.2888636685,2.9129605096752,35.152131293542155
47045,Dyer County,TN,"Dyersburg, TN",167040.1635782823,172895.70418697025,137464.8145876335,-3.3867473088606825,21.514850239582284
01053,Escambia County,AL,"Atmore, AL",140014.2592484376,140427.14882558328,115912.74066769693,-0.2940240406493766,20.79281228440264
18133,Putnam County,IN,"Indianapolis-Carmel-Anderson, IN",262022.6065324421,254283.8612082524,182020.1350732119,3.043348990934125,43.95253933146006
26041,Delta County,MI,"Escanaba, MI",192340.39469582,174605.7749603884,129411.26266783325,10.156949126943204,48.627245210882684
21083,Graves County,KY,"Mayfield, KY",165249.50753854544,159901.3569806523,113235.43235962732,3.344656142311697,45.93445187167677
37055,Dare County,NC,"Kill Devil Hills, NC",588668.609477095,590154.1274147505,402942.80307594704,-0.2517169445485523,46.092349828157154
21049,Clark County,KY,"Lexington-Fayette, KY",256894.10066419948,248036.9830048176,175669.8273198642,3.570885902611498,46.2368948518632
48223,Hopkins County,TX,"Sulphur Springs, TX",256739.28099408816,265125.6272990231,231865.5729122134,-3.163159438931329,10.727641783755537
27085,McLeod County,MN,"Hutchinson, MN",285953.04066026147,275367.26812840166,207628.59590485776,3.8442377715436127,37.72334172663505
39031,Coshocton County,OH,"Coshocton, OH",179618.59238686413,168429.0246486104,129561.3004379844,6.64349138255611,38.635990669791134
21235,Whitley County,KY,"London, KY",145345.25432620282,150106.47609124982,133317.5789405327,-3.1718963025636815,9.02182253927306
18069,Huntington County,IN,"Huntington, IN",202730.3445229448,196850.7221574828,141651.30549347415,2.9868431779275895,43.11929128834224
37113,Macon County,NC,,353596.0203677309,347973.8247560312,239831.74145740183,1.6156949781040097,47.43503850616684
51195,Wise County,VA,"Big Stone Gap, VA",125198.55152973993,130342.40103724638,96577.3635089506,-3.9464130371793305,29.635503580646795
23023,Sagadahoc County,ME,"Portland-South Portland, ME",413109.4382857813,411755.10789465735,287414.1198567141,0.32891647611823505,43.733174449373145
17133,Monroe County,IL,"St. Louis, MO-IL",318607.1189702384,298500.02239044756,237039.83877601565,6.736045250103917,34.41078960203714
20061,Geary County,KS,"Manhattan, KS",213617.39250958813,200350.95212871017,158766.46507167563,6.621600865842292,34.54818208187091
37003,Alexander County,NC,"Hickory-Lenoir-Morganton, NC",258188.90998199015,242981.092653904,185645.13813386348,6.258848028866093,39.07658050049088
22011,Beauregard Parish,LA,"DeRidder, LA",189090.410741827,190626.70582068487,215242.10919587425,-0.8059180754573791,-12.149898805465021
18083,Knox County,IN,"Vincennes, IN",151147.56251334716,147828.19353009926,107078.84534066408,2.245423490595555,41.155390714647176
48321,Matagorda County,TX,"Bay City, TX",200448.42490352743,196091.4332329315,171247.81837236628,2.221918417731361,17.051666297824887
42059,Greene County,PA,,137689.8852130781,142217.64020253954,142214.75502661106,-3.183680296630742,-3.181716139570956
31157,Scotts Bluff County,NE,"Scottsbluff, NE",187879.58524501068,181724.8543958376,136405.7217611246,3.3868404350274828,37.73585361325809
27017,Carlton County,MN,"Duluth, MN-WI",287179.3529696092,273200.9689999377,207906.65663638772,5.116520640772215,38.12898423539326
21071,Floyd County,KY,,88069.07004817024,111006.63755393878,101642.08110526927,-20.663239614498764,-13.353731947933712
18103,Miami County,IN,"Peru, IN",155644.22585940905,141881.73438761858,108375.64061928829,9.699974088413367,43.6155071102833
13299,Ware County,GA,"Waycross, GA",136982.18084458009,141299.12394387132,100658.8716092177,-3.05518037111544,36.08555177965667
51137,Orange County,VA,,373510.4027828209,366717.4707765391,273477.378848752,1.8523611629130965,36.57817123857716
21089,Greenup County,KY,"Huntington-Ashland, WV-KY-OH",146757.71200474713,147030.2540812782,113905.4366727653,-0.18536462324305614,28.84170965988384
17105,Livingston County,IL,"Pontiac, IL",160375.16395996185,143516.48137294024,108499.14663721272,11.746861702394185,47.81237358133916
29105,Laclede County,MO,"Lebanon, MO",230160.4251088203,221848.74116444655,161833.42966320753,3.7465544770491466,42.220569376678505
47029,Cocke County,TN,"Newport, TN",237833.25263119297,227124.15143549768,172316.87022831783,4.7150869372589055,38.02087533046921
48217,Hill County,TX,,223625.97635717652,231581.14189114972,176562.90943477003,-3.4351525642413394,26.655126534258677
18001,Adams County,IN,"Decatur, IN",239428.40298857584,224604.2047409309,157865.73769488887,6.600142799972897,51.66584370024938
19167,Sioux County,IA,,297232.8385789838,285610.508311448,218593.1197336727,4.0692936461784734,35.97538611513635
48477,Washington County,TX,"Brenham, TX",363785.81581285055,363019.28743524215,296318.48249172495,0.2111536230000377,22.768520125304615
31119,Madison County,NE,"Norfolk, NE",245994.68213213005,232366.63219548497,177759.22835866886,5.864891102428205,38.38644800807807
49047,Uintah County,UT,"Vernal, UT",344789.8853457537,329835.9728366952,223216.510925876,4.533742144754571,54.464328788047766
48147,Fannin County,TX,"Bonham, TX",279418.49482949363,282515.93113528035,214189.08166837215,-1.0963758020086756,30.45412616415053
39127,Perry County,OH,"Columbus, OH",215330.73547331113,217581.226828954,151824.3172980036,-1.0343223946485236,41.828884401077836
19179,Wapello County,IA,"Ottumwa, IA",124304.7134399802,123409.2685363245,93003.26270854675,0.7255896694599917,33.65629314481773
23015,Lincoln County,ME,,422287.6411095721,429065.1982368072,305893.3904814374,-1.5796100814250758,38.050593523758366
47103,Lincoln County,TN,,257280.52963513564,247367.27862011173,182078.2382125916,4.00750296091017,41.30218534668546
29219,Warren County,MO,"St. Louis, MO-IL",326767.9252853139,317725.80751946254,251388.67045710297,2.8458870988304907,29.985143996803032
30093,Silver Bow County,MT,"Butte-Silver Bow, MT",274089.7504074871,265842.4444069809,172043.72725534576,3.1023285310604276,59.31400393382873
27005,Becker County,MN,,338214.1174246966,326029.3039728536,255220.81376046743,3.737336890691756,32.51823487332071
28003,Alcorn County,MS,"Corinth, MS",166945.05732162946,160230.5625080102,132402.26805263376,4.190520652565022,26.089273074433983
28085,Lincoln County,MS,"Brookhaven, MS",163320.15771199434,167151.37604992,158860.6003007747,-2.292065090018447,2.807214251221657
31111,Lincoln County,NE,"North Platte, NE",214660.6959646869,202717.06773614543,156871.85955997583,5.891772390910455,36.838242733150636
39117,Morrow County,OH,"Columbus, OH",267643.84183383925,261519.09153412856,220389.8434009936,2.341989742997952,21.44109624274666
01017,Chambers County,AL,"LaGrange, GA-AL",134618.16092974276,137832.33911564175,117730.3356668104,-2.3319477899901853,14.344497675371226
20035,Cowley County,KS,"Winfield, KS",120283.48655327916,118141.23187620765,85352.65070881834,1.813299762538656,40.92530876823943
55019,Clark County,WI,,211676.13115918988,188980.92785613067,149327.30331459854,12.009255939486586,41.753133191749
29009,Barry County,MO,,235951.70326884015,227334.74792360968,160040.41363252662,3.790425979281431,47.43257525603228
48227,Howard County,TX,"Big Spring, TX",141321.57131363478,135818.4282408584,170361.42373429504,4.051838284431608,-17.04602590428711
17049,Effingham County,IL,"Effingham, IL",212442.72898288653,202696.31238394885,167343.10355820027,4.808383775860681,26.950393811120566
28095,Monroe County,MS,,160563.96986053995,155026.58558508792,127008.7866246807,3.5718933333616976,26.419576257363218
20057,Ford County,KS,"Dodge City, KS",204155.52034309655,206248.65582624587,135346.8402943771,-1.0148601816404978,50.83877828182892
39137,Putnam County,OH,,242768.54599886425,226362.48637954867,168208.54368121945,7.247693680041611,44.325930589439764
18151,Steuben County,IN,"Angola, IN",305673.74469329364,291666.4545390848,215542.40626470945,4.802502974277356,41.81605837595277
17103,Lee County,IL,"Dixon, IL",173432.695633654,161098.50009708715,130864.23103663875,7.656306873827834,32.528724052256194
37165,Scotland County,NC,"Laurinburg, NC",139163.68152624814,140517.09156324345,96385.89367107733,-0.9631639980152706,44.38179304655574
35055,Taos County,NM,"Taos, NM",427887.72517677926,435924.50816174544,413153.4758894841,-1.8436180656271395,3.5662895623892688
13145,Harris County,GA,"Columbus, GA-AL",364070.93545448704,353884.4847600409,271745.8814701199,2.878467729760259,33.974775803370875
46011,Brookings County,SD,"Brookings, SD",307689.2495711727,292386.4172576378,226848.9504347023,5.233769905272556,35.6361794848771
27103,Nicollet County,MN,"Mankato, MN",304199.45572616044,288073.9833602284,230072.235056852,5.597684378796397,32.21910746900478
54077,Preston County,WV,"Morgantown, WV",133414.45473645767,129370.83994889678,100400.53586786476,3.125599856318595,32.88221380814331
51083,Halifax County,VA,,145612.53988926855,135942.5452370709,107446.5712154408,7.113295278776843,35.52088097562582
31141,Platte County,NE,"Columbus, NE",270220.2257841634,259330.5032917812,200020.5457934007,4.1991676081890805,35.096234595455655
18183,Whitley County,IN,"Fort Wayne, IN",272519.56562244304,258539.6346317072,189790.88049330015,5.407268023199019,43.589388970700995
17021,Christian County,IL,"Taylorville, IL",130182.62361720836,118891.68496288631,96671.17773511256,9.4968278545692,34.66539527833214
28093,Marshall County,MS,"Memphis, TN-MS-AR",209867.1435655062,206504.7241245091,176159.84215486198,1.6282530364631231,19.13449796407751
49051,Wasatch County,UT,"Heber, UT",935783.9994133752,926373.504039192,671585.738751861,1.0158424580529735,39.3394685766445
12027,De Soto County,FL,"Arcadia, FL",246531.7541842753,257114.172186164,179803.50762446297,-4.115843911640338,37.111760188338906
17057,Fulton County,IL,"Peoria, IL",105898.78885155614,104020.43001701082,102630.61539916048,1.8057595361200995,3.1844040296209686
20079,Harvey County,KS,"Wichita, KS",185151.6248730344,179350.97277430524,131539.1988981955,3.234246242995664,40.75775618515978
20121,Miami County,KS,"Kansas City, MO-KS",367768.46252254647,356950.9055702972,264301.37716560514,3.0305447565586396,39.14738790487318
26047,Emmet County,MI,,429282.57274687494,400412.3944858783,301290.86049166246,7.2101110401603385,42.48111344842946
47117,Marshall County,TN,"Lewisburg, TN",321120.7826068883,311422.2830725774,232158.04513559848,3.114259981213552,38.319902900340395
36099,Seneca County,NY,"Seneca Falls, NY",210141.9874279064,201584.61920679643,147892.13539435365,4.2450501703859445,42.09138766409979
51155,Pulaski County,VA,"Blacksburg-Christiansburg, VA",212535.10930387853,208513.9040366794,172930.1539129071,1.9285070152884165,22.90228424298848
27097,Morrison County,MN,,294388.8385954945,289064.3826517481,212830.46677708044,1.8419619514871588,38.32081611879312
19111,Lee County,IA,"Fort Madison-Keokuk, IA-IL-MO",117639.91492052848,118297.5038845419,102616.116566519,-0.5558772944653456,14.640778521637564
40081,Lincoln County,OK,"Oklahoma City, OK",184550.36864181783,181218.6346508686,133285.69772014697,1.838516219575359,38.46224448575766
26165,Wexford County,MI,"Cadillac, MI",221629.42159397097,217487.77938795707,156119.25084647562,1.9043103100639058,41.961622536811085
51023,Botetourt County,VA,"Roanoke, VA",301443.9682604903,291617.186347753,235679.0756635226,3.369754038096673,27.904425716120752
51001,Accomack County,VA,,236874.28559785607,242532.0016000496,187781.64522531835,-2.332770918834648,26.14347121819689
19125,Marion County,IA,"Pella, IA",263166.0098691561,257534.1079105253,200031.79550407943,2.1868567252410376,31.562089519807923
48241,Jasper County,TX,,186205.2612226541,187324.53603418812,177907.96629527104,-0.5975057166722308,4.663813037810893
17011,Bureau County,IL,"Ottawa, IL",143471.32812785186,136605.9576081615,108316.33180580572,5.025674311645245,32.45585936668678
54025,Greenbrier County,WV,,203064.42610660833,192437.7872774274,150908.745631036,5.522116513354569,34.561072161510275
28107,Panola County,MS,,184391.4275886413,189867.36751811337,147922.66194132197,-2.884086929234786,24.65394089634878
18027,Daviess County,IN,"Washington, IN",227252.4600867857,215048.20999248457,164154.32420565124,5.675122845583158,38.43830260729872
24011,Caroline County,MD,,320469.76182936144,319868.07817634975,253091.05073397432,0.1881036883836673,26.62232066285477
51730,Petersburg City,VA,"Richmond, VA",187565.80403641448,193746.49804671216,103156.68827124784,-3.1900932778705093,81.82612022520057
17137,Morgan County,IL,"Jacksonville, IL",128857.64179097612,124262.32047377295,106679.6296735056,3.6980810431373357,20.789359866871138
13187,Lumpkin County,GA,,382338.60508391826,380444.666786856,268261.1051692732,0.49782227545940305,42.524800545596044
01109,Pike County,AL,"Troy, AL",158011.21650531658,168166.35696924583,142649.76251962138,-6.038746778457249,10.768650234228216
12129,Wakulla County,FL,"Tallahassee, FL",280172.7441187677,282994.351515028,208679.10178387153,-0.9970543161567202,34.26008724579519
05059,Hot Spring County,AR,"Malvern, AR",157070.5396253137,161685.78569809545,136265.8040239456,-2.8544538116662244,15.267759765841294
01079,Lawrence County,AL,"Decatur, AL",218691.19931683727,217835.2888455141,172358.2367712223,0.39291635246949674,26.881780304537763
18051,Gibson County,IN,,201096.03413682771,190166.08659640665,143664.7901447478,5.747579779363043,39.97586599626515
18023,Clinton County,IN,"Frankfort, IN",216781.24679485397,208575.4241493208,145750.22854192727,3.934223161238082,48.73475600245358
18073,Jasper County,IN,"Chicago-Naperville-Elgin, IL-IN-WI",288742.7578044615,280664.908550312,201655.71649887296,2.8781115871852947,43.18600177450227
18077,Jefferson County,IN,"Madison, IN",231467.56996931907,218877.0673182319,157018.00752647643,5.752316953690473,47.41466511749548
37175,Transylvania County,NC,"Brevard, NC",465245.6734205852,467003.0355785581,314308.10843178816,-0.3763063672157396,48.02216708372124
06035,Lassen County,CA,"Susanville, CA",225508.20414074,226154.74053905552,209218.7253143424,-0.2858823108348063,7.785860850611415
47183,Weakley County,TN,"Martin, TN",182223.29622637425,169778.1481385258,118286.80329183448,7.330241391073589,54.05209301057627
38059,Morton County,ND,"Bismarck, ND",313458.5147864127,293455.13009114057,237456.5484878478,6.816505367978931,32.00668365751742
48189,Hale County,TX,"Plainview, TX",115156.47771620104,117880.08896347198,114536.97990192604,-2.3104930367968346,0.5408714415252147
13227,Pickens County,GA,"Atlanta-Sandy Springs-Alpharetta, GA",382716.0533852026,378512.82875840616,269583.0529154658,1.1104576403879962,41.96591708797526
54045,Logan County,WV,"Mount Gay-Shamrock, WV",106729.86824421158,112034.98018693988,89189.18011507369,-4.735228170591244,19.66683414569632
29107,Lafayette County,MO,"Kansas City, MO-KS",236249.11261043305,219604.004074443,159732.5607411434,7.579601567896543,47.902914417862185
47143,Rhea County,TN,"Dayton, TN",252309.2045438179,251126.0809127338,182490.15194466672,0.4711273424026663,38.25907965725251
38089,Stark County,ND,"Dickinson, ND",306613.9000217196,288388.18818474474,244054.86715054573,6.319853788636887,25.633183882616105
53031,Jefferson County,WA,,589072.9732457662,579756.7018542172,468777.01548436587,1.6069277615512023,25.66165869653487
13177,Lee County,GA,"Albany, GA",260956.67128737597,259369.91641968305,184060.96668076993,0.611772903194141,41.77730128950792
22039,Evangeline Parish,LA,,108462.97389688808,126509.9626058715,130179.95574084375,-14.265270763858261,-16.682277790283507
39079,Jackson County,OH,"Jackson, OH",140330.34266896406,147409.569085401,127131.62553001568,-4.802419856702523,10.381930604538825
24019,Dorchester County,MD,"Cambridge, MD",270969.7431491573,268062.94502517686,209131.92979205423,1.084371479880386,29.56880540364648
20111,Lyon County,KS,"Emporia, KS",183367.40435712828,179871.52200733437,137542.65705972808,1.9435440979097107,33.31675298194998
47079,Henry County,TN,"Paris, TN",213103.90259875532,203514.5381485302,143717.33863012292,4.711881783711469,48.27988371480259
45023,Chester County,SC,"Charlotte-Concord-Gastonia, NC-SC",210754.96567745903,217519.35513938885,155096.64704106873,-3.109787383102125,35.88621656124666
22053,Jefferson Davis Parish,LA,"Jennings, LA",141828.70267157824,153877.84700829774,162135.1164794882,-7.830330727248713,-12.524377351947036
02110,Juneau Borough,AK,"Juneau, AK",461063.0355710573,444638.3763947805,383571.971587411,3.693936476975135,20.202483425196526
01059,Franklin County,AL,,172823.31827478678,183919.78433991873,134118.7479059875,-6.033318332204852,28.858434016942837
47025,Claiborne County,TN,,217271.3079529649,211484.9322160672,168557.37073705907,2.736069977309774,28.900508475477537
20125,Montgomery County,KS,"Coffeyville, KS",93852.52442561505,92935.37285372276,70931.04263973406,0.9868702774086469,32.31516263239145
21157,Marshall County,KY,,194402.78733068224,192501.2812478959,139996.01244143382,0.9877887931237339,38.86308898405877
45027,Clarendon County,SC,"Sumter, SC",176316.40100223944,188489.82694877952,172435.49098741857,-6.4583994497740775,2.250644570092608
26063,Huron County,MI,,186182.52473290637,185535.94764534812,144301.1298651359,0.3484915434254221,29.023608413123924
29167,Polk County,MO,"Springfield, MO",264900.0787160605,260735.47242127216,177637.4770444938,1.5972534370235492,49.123981675167315
51009,Amherst County,VA,"Lynchburg, VA",253978.39522460333,257797.96500706067,191504.2943562318,-1.4816136280799364,32.62281980588835
33007,Coos County,NH,"Berlin, NH",248117.16901976304,251123.79257048015,159739.95765467026,-1.1972674990058052,55.325675969032616
48449,Titus County,TX,"Mount Pleasant, TX",221698.16383829885,230204.3637179269,181628.62443949797,-3.6950645688240913,22.06124696614018
41045,Malheur County,OR,"Ontario, OR-ID",303678.9788191217,297643.83388383593,214179.95138446367,2.027639832660255,41.78683712277198
27119,Polk County,MN,"Grand Forks, ND-MN",236617.82170393167,225146.90865872605,182035.20474706503,5.094857004051967,29.984648866524633
28011,Bolivar County,MS,"Cleveland, MS",119183.05318261082,135045.91671759324,156624.97985787262,-11.746274097390664,-23.905463042509567
31001,Adams County,NE,"Hastings, NE",208326.2264883727,201028.655486832,161061.35950796455,3.6301148131683725,29.34587608399697
45089,Williamsburg County,SC,,128132.8154866562,142166.40150170503,109998.65286623267,-9.87123952411535,16.48580427841797
48025,Bee County,TX,"Beeville, TX",161052.3156643243,171129.79115526797,183538.84493273185,-5.8887908545393275,-12.251645844588921
13123,Gilmer County,GA,,414015.1787707443,417705.74984086165,280175.8434297145,-0.883533700822503,47.76976262573651
28115,Pontotoc County,MS,"Tupelo, MS",200172.60843187416,188002.64230498837,156190.0477827021,6.4732952567459145,28.159643507096142
08029,Delta County,CO,,396892.34852133907,390786.5091421304,298837.54584682034,1.5624488656510893,32.81207600492748
18169,Wabash County,IN,"Wabash, IN",182719.48807356416,175049.74047019132,129267.74409865883,4.381467566173791,41.349637798359254
40089,McCurtain County,OK,,182966.674442273,194533.2281374035,160792.39177199765,-5.945798466347741,13.790629286563716
08117,Summit County,CO,"Breckenridge, CO",972792.9287646102,983214.2364856376,785798.1235105757,-1.0599223784916845,23.79679966893149
42047,Elk County,PA,"St. Marys, PA",132379.98999708332,129190.72042797948,119631.21552626898,2.468652205466859,10.656729027395805
30047,Lake County,MT,,564105.66950523,569661.9787113612,372162.580418592,-0.9753695022265862,51.57506401389116
29209,Stone County,MO,,314929.7701426298,310137.0869074583,227160.0758049005,1.545343474707228,38.63781697850439
48273,Kleberg County,TX,"Kingsville, TX",149620.9425272597,144657.80607600437,136058.94829931567,3.430949622343671,9.967734131024631
21177,Muhlenberg County,KY,"Central City, KY",125258.75693138446,133026.18975274006,105686.82787208752,-5.839025259456932,18.518796952620043
23029,Washington County,ME,,188221.43784878557,190769.8632238999,139118.54019495207,-1.3358637114098793,35.29572520314241
18055,Greene County,IN,,190254.9278701143,179913.4100167853,128212.22470894898,5.748052828504657,48.390629912246474
27047,Freeborn County,MN,"Albert Lea, MN",188639.0323898438,178862.02843183125,136941.9922239704,5.4662267020743505,37.75105015364626
51033,Caroline County,VA,,332718.18805185053,326198.8137009739,250932.3693383783,1.9985892275049766,32.592773474826345
26035,Clare County,MI,,150921.98664787074,140662.03988574716,111835.17107798248,7.294040929917722,34.950378483914605
54051,Marshall County,WV,"Wheeling, WV-OH",125175.12222497286,120684.00604824764,117111.44772012824,3.721384733391875,6.885470773203228
56033,Sheridan County,WY,"Sheridan, WY",429835.5364417802,417996.17800708226,321411.67417167075,2.8324082988379296,33.73364161383843
39065,Hardin County,OH,,178071.01450678342,167945.88475220717,130579.2116212115,6.028804915056529,36.37010998606556
47131,Obion County,TN,"Union City, TN",156956.4124351409,149223.41864657978,108522.70586504038,5.182158309129692,44.630021140767575
55123,Vernon County,WI,,246344.2548144296,227540.99978413383,199594.51070623123,8.263677775932354,23.422359634432
22047,Iberville Parish,LA,"Baton Rouge, LA",168333.92181498543,166245.33656429884,151678.39871021235,1.2563271210189964,10.980814174201647
17157,Randolph County,IL,,151701.10181195644,139303.46850620845,114978.58907221834,8.899730522643413,31.93856615919386
40115,Ottawa County,OK,"Miami, OK",135700.6102966682,145356.45954094236,105104.93638618068,-6.642875916742053,29.109645048517695
55121,Trempealeau County,WI,,267521.81929864903,244036.68569515145,191754.49945603657,9.62360783445282,39.51266857233959
21021,Boyle County,KY,"Danville, KY",237307.36392308853,231783.12764331372,167544.14593898258,2.383364283648781,41.638708170390395
16051,Jefferson County,ID,"Idaho Falls, ID",458554.51487367455,447190.61143728794,335034.35750986944,2.54117665839686,36.86790760263041
50005,Caledonia County,VT,,284905.5098915423,281824.6382351157,214450.53447800383,1.0931874784689377,32.853718730537864
21121,Knox County,KY,"London, KY",152120.71702630268,161254.95666881363,118321.577387138,-5.664470619201434,28.56549108416364
51117,Mecklenburg County,VA,,200372.7977449168,205079.34199658257,141684.84079552337,-2.2949870064163713,41.42147926332549
47055,Giles County,TN,,250317.2858039551,244192.6522512395,171182.15521327648,2.5081154147153617,46.22860980578489
48015,Austin County,TX,"Houston-The Woodlands-Sugar Land, TX",415147.81637163606,419293.1228544494,345358.73123417125,-0.9886416582731039,20.207708340850992
13305,Wayne County,GA,"Jesup, GA",204730.5912918205,199739.76856887655,149501.94960402875,2.498662514081662,36.941753491556796
37017,Bladen County,NC,,142054.9133501661,145108.952999571,123330.994404382,-2.104652804857532,15.181843814857654
20113,McPherson County,KS,"McPherson, KS",218536.37134471463,211116.45109935172,169530.81992911882,3.5146101626495563,28.90657370505558
51145,Powhatan County,VA,"Richmond, VA",483918.87101204455,464841.86270549014,373200.8772117985,4.103978113227935,29.66713117810049
51173,Smyth County,VA,,150828.60996069966,147954.010637987,111545.60824293488,1.9429005745212446,35.21698642963194
36095,Schoharie County,NY,"Albany-Schenectady-Troy, NY",240762.33919640735,231110.6596134006,164613.83522193655,4.176215670515582,46.258872391743665
28001,Adams County,MS,"Natchez, MS-LA",117444.3108343566,132722.78733225891,125109.62140349128,-11.511569945900924,-6.126875361898254
27021,Cass County,MN,"Brainerd, MN",325553.81093918136,312676.34478716966,220255.04870759812,4.118465105115976,47.80764974489811
13195,Madison County,GA,"Athens-Clarke County, GA",320566.89068492927,307420.33321134915,221422.99664330916,4.276411171717109,44.77578912064462
21163,Meade County,KY,"Elizabethtown-Fort Knox, KY",279361.76221614,266608.95706629154,178105.5555082028,4.783337097964613,56.85179578987012
55029,Door County,WI,,416580.90361608774,408352.9211035806,280574.8072514038,2.014919469725074,48.47409419863495
13261,Sumter County,GA,"Americus, GA",125990.69294187817,125262.26384183668,98033.97903646385,0.5815231800067489,28.51737140549584
13143,Haralson County,GA,"Atlanta-Sandy Springs-Alpharetta, GA",266253.64838546276,266037.2119628811,186422.61661970173,0.08135569493634698,42.82261091132236
56029,Park County,WY,,426545.14860354393,441430.47171758953,302509.670248684,-3.3720651535738777,41.00215317179583
45067,Marion County,SC,,138372.00894772122,152894.13774813045,124087.75373033872,-9.498159324023403,11.511414130700048
46093,Meade County,SD,"Rapid City, SD",390390.43575231824,372737.42199433414,278497.5524344858,4.736045461582994,40.17733094589917
23007,Franklin County,ME,,273693.44257665897,278694.70127755636,197355.28520191496,-1.7945295256677873,38.68057412125656
54029,Hancock County,WV,"Weirton-Steubenville, WV-OH",134478.62850171546,127646.21901930805,103198.9481402475,5.352614072629858,30.31007672574222
01093,Marion County,AL,,156961.23859646262,160551.54115934987,125492.66069325055,-2.236230519471516,25.076030525906724
39053,Gallia County,OH,"Point Pleasant, WV-OH",158931.96884861586,155756.90779796115,129784.53362826888,2.038472062358365,22.45832720240115
50017,Orange County,VT,"Lebanon, NH-VT",313244.2995078136,318519.82474063284,260100.36473444445,-1.656262757621152,20.432087754904792
28099,Neshoba County,MS,,135440.50690951556,141869.89713984917,132893.20030326347,-4.5318917966055805,1.9168073313300615
51035,Carroll County,VA,,173231.35557986118,177937.00411341674,150144.8229958396,-2.6445587060441866,15.37617622997316
26105,Mason County,MI,"Ludington, MI",253176.8175274376,243512.83850919956,189495.97333634985,3.9685706418608246,33.605381196177774
13087,Decatur County,GA,"Bainbridge, GA",172370.57018284744,175963.6037552168,129885.9886456385,-2.041918610264226,32.70913358723975
27115,Pine County,MN,,247780.62815915988,243818.4056679757,176521.46371718092,1.625071118125443,40.36855515550728
24023,Garrett County,MD,,327864.72981392225,329453.9069594091,254978.2538971074,-0.48236706620167213,28.58536945908614
18137,Ripley County,IN,,268680.0928155016,253606.91013104413,192522.55003610568,5.943522073853913,39.55772597293843
26007,Alpena County,MI,"Alpena, MI",185469.11750738457,175975.09130413874,127740.23835014264,5.395096620144524,45.192399750346524
39047,Fayette County,OH,"Washington Court House, OH",232736.4589360241,230720.4156070944,178232.38482152077,0.8738036136181959,30.580342718907616
20051,Ellis County,KS,"Hays, KS",236925.8740209534,224369.81708095377,177921.34647315633,5.596143502434359,33.163264958035434
48185,Grimes County,TX,,343935.66637839517,340817.8379039156,267658.1097316646,0.9148078908236323,28.49813021664136
08087,Morgan County,CO,"Fort Morgan, CO",321611.4242096163,325442.3426465823,267036.8883459841,-1.177141980300389,20.437077514520464
29207,Stoddard County,MO,,146524.35772526154,149188.68054582225,129848.44696538604,-1.7858746459939234,12.842595463864747
39161,Van Wert County,OH,"Van Wert, OH",178061.53909673906,168855.93042868,119836.1737422538,5.451753245911162,48.58747032404223
48067,Cass County,TX,,153523.91962234926,162792.01401789553,144932.6655105391,-5.693211949897892,5.927755541890178
47115,Marion County,TN,"Chattanooga, TN-GA",252544.64292880907,248410.74775402105,177759.45999792268,1.6641370037988157,42.07100028980755
06021,Glenn County,CA,,354423.1036490241,345375.26506900555,299411.48427448684,2.619712381027295,18.373249612598386
29069,Dunklin County,MO,"Kennett, MO",88220.93340306684,89189.92338944737,92423.81486176822,-1.0864343745979443,-4.547400975589822
27079,Le Sueur County,MN,"Minneapolis-St. Paul-Bloomington, MN-WI",341013.98736961983,334907.32276477,258310.5758494213,1.8233893945457158,32.0170443073184
40039,Custer County,OK,"Weatherford, OK",173172.80408971853,167090.7754956706,128316.98269304646,3.639954734787576,34.95704189364703
29127,Marion County,MO,"Hannibal, MO",187596.37360621383,178898.85109004987,129901.69780634696,4.861698363722877,44.41410449144101
28083,Leflore County,MS,"Greenwood, MS",81879.98687017905,84113.2303182853,99371.81782511878,-2.655044206072743,-17.602406132615013
45033,Dillon County,SC,,138343.66018674275,141438.5631257759,162997.60946249496,-2.1881606194492864,-15.125344081457204
37039,Cherokee County,NC,,266045.6786624046,268974.51872896595,182905.95757069511,-1.0888912750551705,45.45490053793087
17135,Montgomery County,IL,,135042.7544230713,124225.56462643476,114690.52979978525,8.707700246052807,17.745340141696843
45053,Jasper County,SC,"Hilton Head Island-Bluffton, SC",399419.7709115902,426938.4684489363,293197.72488402954,-6.445588666985502,36.228809780012924
49039,Sanpete County,UT,,375178.56351631734,358545.09645491984,252639.89528145708,4.639156197047267,48.503292838347754
28029,Copiah County,MS,"Jackson, MS",131925.79860532293,137961.7780638143,114563.43252666145,-4.375109934941134,15.155242554923332
21193,Perry County,KY,,89497.6752946468,102690.20709939262,87268.18955959007,-12.846922970928398,2.5547519047984357
16039,Elmore County,ID,"Mountain Home, ID",350703.73022445926,346605.2464149164,255700.7298768809,1.1824644467835377,37.15398090311357
55069,Lincoln County,WI,"Wausau-Weston, WI",234271.64147049724,223441.2327643059,170586.04493882938,4.847094948502928,37.33341525943985
47017,Carroll County,TN,,174025.78605617385,172892.15164244396,127102.00641313657,0.6556887649095566,36.91820528034364
51197,Wythe County,VA,,207459.8233845902,201563.93328264813,148863.07967442795,2.925071963978021,39.36284526580847
48363,Palo Pinto County,TX,"Mineral Wells, TX",275269.7324021239,276021.35624377383,218295.15076259617,-0.27230640841648945,26.099792615865148
13169,Jones County,GA,"Macon-Bibb County, GA",240523.37015111317,238798.0166424871,177434.3686430927,0.7225158453510794,35.55624650989873
46029,Codington County,SD,"Watertown, SD",329580.33869487635,325386.67834126233,253379.7996112407,1.288823615948953,30.073644071291294
17107,Logan County,IL,"Lincoln, IL",134961.65772407307,126668.579386668,113986.91191136092,6.5470682449904505,18.401012415375064
51840,Winchester City,VA,"Winchester, VA-WV",352967.6843282326,339782.2001054638,262647.27613338595,3.88056944085835,34.38848082664951
39073,Hocking County,OH,"Columbus, OH",269994.9723778861,263261.49878424266,203539.22113370712,2.557713005790463,32.65009607191309
35017,Grant County,NM,"Silver City, NM",182077.8534112796,203411.3596720566,173708.64469343677,-10.487863753121395,4.817957524573924
05015,Carroll County,AR,,258806.49369258957,256299.8470536227,192622.182678254,0.978013318299964,34.35965167360104
54083,Randolph County,WV,"Elkins, WV",152979.6928603181,153187.12003765278,121530.96017619708,-0.1354077139668841,25.877136688894954
28137,Tate County,MS,"Memphis, TN-MS-AR",236708.67593668413,227953.94084791897,180702.9274859864,3.840571940191162,30.993271237977595
18179,Wells County,IN,"Bluffton, IN",238034.4585897087,229148.2297870051,164573.76723797715,3.877939101237393,44.63693855017965
21173,Montgomery County,KY,"Mount Sterling, KY",220396.4326821461,210426.6488827866,157986.09023861866,4.737890306333292,39.50369450200601
28123,Scott County,MS,,119847.24595937504,115909.29406594177,107227.37886299664,3.397442737588352,11.769258215760981
51053,Dinwiddie County,VA,"Richmond, VA",288337.26403659506,281350.3434298728,187034.0863510917,2.4833524358088166,54.162949471863506
51630,Fredericksburg City,VA,"Washington-Arlington-Alexandria, DC-VA-MD-WV",461070.2697117698,460199.4444315675,370489.30510370055,0.1892277991073943,24.44900928589977
18175,Washington County,IN,"Louisville/Jefferson County, KY-IN",210697.7870997121,206994.75694441097,155435.007504631,1.7889487685408323,35.55362494091596
54035,Jackson County,WV,"Charleston, WV",188977.42598388996,188646.18534584343,147840.12568959637,0.17558830433770378,27.825531196222776
13207,Monroe County,GA,"Macon-Bibb County, GA",324343.35848251235,317911.19864561484,246805.8903987076,2.023256766134751,31.416376634506292
12003,Baker County,FL,"Jacksonville, FL",307116.1319878386,300735.26156763494,232298.97934486423,2.1217566529918352,32.207267054713576
12007,Bradford County,FL,,241399.0205564129,243379.17902752015,169337.19840457183,-0.8136104653731824,42.55522285167057
28163,Yazoo County,MS,"Jackson, MS",107023.54652832307,110840.88928865596,102386.38539096534,-3.4439842415840083,4.529079837764161
13311,White County,GA,,314070.3355891946,303289.48130136327,207039.34952303945,3.5546416715715123,51.69596326144017
13225,Peach County,GA,"Warner Robins, GA",226193.66820629252,223403.14556498884,161486.7085507428,1.249097291914314,40.06952661074106
47077,Henderson County,TN,,204857.12413891652,186080.761335282,138972.0527866643,10.090437436357602,47.40886389106753
28145,Union County,MS,,193914.4111532188,191095.8019996404,165214.94053179846,1.4749717806902485,17.370989892948963
17109,McDonough County,IL,"Macomb, IL",96526.53761694331,96650.32276275204,88022.8215271228,-0.12807525341904658,9.660808347526363
06015,Del Norte County,CA,"Crescent City, CA",357450.24298572424,362200.1933529449,294238.856045928,-1.311415745875133,21.483018180960258
18079,Jennings County,IN,"North Vernon, IN",219414.78747871573,206207.22939637105,151134.68297011688,6.404992744923188,45.17831590125447
39069,Henry County,OH,,201616.90477592457,190930.06439289288,150468.7791867633,5.597253851567596,33.992517162431234
37053,Currituck County,NC,"Virginia Beach-Norfolk-Newport News, VA-NC",535031.9713038743,530107.8789050217,386307.0750439076,0.9288849675322064,38.49913860445413
13293,Upson County,GA,"Thomaston, GA",180959.33423981603,173412.19673069427,112580.52771353188,4.352137653179211,60.73768520634248
39001,Adams County,OH,,181850.64475275783,175633.6357791013,136303.83302063058,3.5397598791815588,33.41564996578885
48407,San Jacinto County,TX,,238954.5841028038,233763.77254915785,204223.27287360677,2.220537210296092,17.006539333395242
17075,Iroquois County,IL,,154745.54702191066,146261.58571159397,126804.15664871692,5.800539676252248,22.03507448939488
35047,San Miguel County,NM,"Las Vegas, NM",243528.68121458215,229559.66179813692,197538.87175961572,6.085136781883249,23.281397248705172
21141,Logan County,KY,,193833.05584250705,193561.3614731985,140096.18905145605,0.1403660148082464,38.35712245628176
50019,Orleans County,VT,,278935.9855114697,268495.0352148537,208539.09694531863,3.888693989540992,33.75716572926848
45087,Union County,SC,"Union, SC",125999.86317114873,130798.12904434746,121129.03849505744,-3.668451458943933,4.021186609427296
35006,Cibola County,NM,"Grants, NM",145054.96777580978,144169.91664860395,111219.8878561424,0.6138944571654648,30.421789278758695
39131,Pike County,OH,,163145.60109173195,160041.5985596794,133665.15541233265,1.939497330686235,22.055445630880754
40015,Caddo County,OK,,96491.92866004164,101424.14576269063,99347.673286098,-4.862961443312774,-2.874495729590454
47185,White County,TN,,268602.8686762692,256429.48803257957,183661.365293602,4.747262390565243,46.24897743021745
41057,Tillamook County,OR,,494956.90431717463,502202.78019238944,390420.6563609376,-1.4428187499159195,26.775286156886892
51065,Fluvanna County,VA,"Charlottesville, VA",364277.080684536,366196.6940825721,268245.9126299804,-0.5242028202480875,35.79967616767432
22121,West Baton Rouge Parish,LA,"Baton Rouge, LA",247586.5110070299,241281.23182684704,206303.95621554344,2.6132489180541674,20.010549263706334
21239,Woodford County,KY,"Lexington-Fayette, KY",344804.3963817701,352657.35583146726,256507.5656483601,-2.2267958741941096,34.42270036372101
54057,Mineral County,WV,"Cumberland, MD-WV",188022.79984314236,189919.0855869949,149621.61053309593,-0.9984703422468377,25.665536664940646
13279,Toombs County,GA,"Vidalia, GA",166572.92665843837,160876.35105319464,119679.71219976402,3.540965199639645,39.18225871098544
21095,Harlan County,KY,,75682.52887801139,80022.40572490497,55542.21910072478,-5.423327138917666,36.26126233948725
45069,Marlboro County,SC,"Bennettsville, SC",118729.42364852491,137965.22827795154,151808.81234116756,-13.942501940179607,-21.79016368186959
39019,Carroll County,OH,"Canton-Massillon, OH",193577.1840690497,182348.73337199213,141087.3979302469,6.15767956783746,37.2037381855703
21043,Carter County,KY,"Huntington-Ashland, WV-KY-OH",159188.3235332145,166287.4245345459,110553.38671969376,-4.269174906763052,43.992263155930075
22031,De Soto Parish,LA,"Shreveport-Bossier City, LA",189116.20616700375,191399.79615128535,216146.9123835266,-1.1930994861021782,-12.505710083223454
48171,Gillespie County,TX,"Fredericksburg, TX",497157.2571779632,517607.63732610946,403528.0985127426,-3.950942504208421,23.20263669625573
47071,Hardin County,TN,,202936.9311596221,199621.799727315,139155.29266398243,1.660706113678767,45.834863535987004
19015,Boone County,IA,"Ames, IA",225436.65996788043,215021.49775540107,168012.7992149955,4.843777167028751,34.17826559713657
36049,Lewis County,NY,,186856.7440578705,181871.35507414085,139408.65910565644,2.7411622801717828,34.0352495007169
13257,Stephens County,GA,"Toccoa, GA",233889.21630532676,236676.0139505779,156873.15848427755,-1.1774736268091335,49.0944777074582
55057,Juneau County,WI,,247484.29822399747,225062.30768303803,160543.59818396418,9.962570264114156,54.15395009423509
01061,Geneva County,AL,"Dothan, AL",161925.6191932599,159842.82830724373,139510.32220935708,1.3030242945981207,16.067124373969357
41065,Wasco County,OR,"The Dalles, OR",392063.9925249742,385168.9051626409,313465.17523216497,1.7901464188605276,25.074178410598826
37009,Ashe County,NC,,337006.6437994638,346231.960840165,278065.7321605286,-2.664490308264744,21.19675487553725
51099,King George County,VA,,464527.06233120494,454598.92567183013,353885.25793668814,2.1839331548578755,31.264880893770155
26127,Oceana County,MI,,236704.16584277237,226483.59681638144,179235.13747689393,4.5127193183341685,32.06348329622983
31025,Cass County,NE,"Omaha-Council Bluffs, NE-IA",303061.2579819881,288655.8903340906,226150.46622202068,4.9904984205327185,34.00868149635432
18031,Decatur County,IN,"Greensburg, IN",248404.80224844537,236299.6771988709,176365.1625293563,5.122785267026297,40.84686492838286
18021,Clay County,IN,"Terre Haute, IN",173739.6638900681,174214.62050904904,124547.04817673731,-0.2726273016542047,39.497215255976585
27095,Mille Lacs County,MN,"Minneapolis-St. Paul-Bloomington, MN-WI",301410.14187482523,292916.8342096371,239554.19087784176,2.899562836019731,25.821276918727044
42131,Wyoming County,PA,"Scranton--Wilkes-Barre, PA",227898.7493383493,227020.64285919577,201418.7016721228,0.3867958737559185,13.14676713055758
21085,Grayson County,KY,,167876.58518467654,170226.21589728654,152759.08153905513,-1.380298974646632,9.896304359329623
28133,Sunflower County,MS,"Indianola, MS",96397.32753829005,109252.03809155832,116901.23398291766,-11.766105948975913,-17.539512412352952
41061,Union County,OR,"La Grande, OR",321399.196454948,302240.65308262967,225971.82104918195,6.338837339357051,42.22976783684751
13085,Dawson County,GA,"Atlanta-Sandy Springs-Alpharetta, GA",447964.7321285121,448974.1397215931,318742.45129183074,-0.22482533040921737,40.54128350740751
26029,Charlevoix County,MI,,386806.2305069577,373044.1149172866,269943.78134080785,3.689138908604006,43.29140259712423
13131,Grady County,GA,,182866.29346463527,188231.14012569925,153914.98545501693,-2.8501376857630434,18.809934538881933
28127,Simpson County,MS,"Jackson, MS",152925.04744966468,156799.7914445305,148195.44422548843,-2.4711410386260346,3.1914633063752307
26043,Dickinson County,MI,"Iron Mountain, MI-WI",170883.45168859334,167468.54306416237,132324.21870468723,2.039134372311713,29.139966486377045
20059,Franklin County,KS,"Ottawa, KS",249526.09959078432,231181.45461570672,167634.13879067,7.93517153249681,48.85160110636855
40049,Garvin County,OK,,143346.8649541427,141982.96592147445,100491.3719336676,0.9606075093702149,42.64594282657734
21217,Taylor County,KY,"Campbellsville, KY",204578.61413264016,203733.16005869105,137429.01905306033,0.4149810829545686,48.86129257289819
45037,Edgefield County,SC,"Augusta-Richmond County, GA-SC",264546.53257246985,262234.4505464432,205387.6632451,0.8816850803579745,28.803516429695406
51167,Russell County,VA,,131241.51004223607,134792.6251023711,116416.29779930676,-2.6345024866442412,12.734653586465106
47109,McNairy County,TN,,164565.2642832056,160617.31463267896,122262.6485218297,2.4579850930488645,34.59978683009051
08083,Montezuma County,CO,,399105.0735525153,391735.74493816093,306847.4046267198,1.8811989228906478,30.066302512164643
08039,Elbert County,CO,"Denver-Aurora-Lakewood, CO",675624.0242665169,679799.9105318655,561187.0257355234,-0.6142816732766954,20.391953712936584
27015,Brown County,MN,"New Ulm, MN",234943.57309786728,214124.31690050187,164873.17958454578,9.722976119073667,42.49957069420736
37123,Montgomery County,NC,,189429.31060126648,184485.1928625522,136136.89205863568,2.679953692759396,39.14619890079256
50015,Lamoille County,VT,,475860.8950933435,481386.03762494633,383763.49823785067,-1.1477571220932514,23.998477520238872
05071,Johnson County,AR,,182848.4460210061,182607.63264674196,147295.34192872955,0.1318747583404667,24.13729017274646
22067,Morehouse Parish,LA,"Monroe, LA",87132.07278389373,98146.47205714304,96682.37734113655,-11.222409774277454,-9.878019986564135
13147,Hart County,GA,,308610.13158835727,308654.1281901274,230734.5104088475,-0.014254337704178166,33.751180541445194
20009,Barton County,KS,"Great Bend, KS",119122.1949493604,112397.5704799007,80362.59292898684,5.982891303386495,48.23090023317671
46081,Lawrence County,SD,"Spearfish, SD",438675.0910544905,438841.4978530221,320055.88762897276,-0.03791956762196902,37.06202823021583
54053,Mason County,WV,"Point Pleasant, WV-OH",156361.59450586708,150992.03012900677,112021.73617727206,3.556190596465636,39.58147752542249
26031,Cheboygan County,MI,,235064.4496132921,234518.4725866368,173693.4659999404,0.2328076848844285,35.33292588759369
19011,Benton County,IA,"Cedar Rapids, IA",263472.44053203287,249301.54958167815,191937.3833395735,5.6842370110146145,37.26999709373984
12049,Hardee County,FL,"Wauchula, FL",228690.1278571236,226198.63651165864,147784.89106011088,1.1014616992779835,54.745269436308504
47069,Hardeman County,TN,,149775.03742349564,150162.33959827432,103715.78146938456,-0.25792230982469855,44.409110457030245
19149,Plymouth County,IA,,274464.9986278555,269003.4180634155,201001.69078528765,2.0303015492362464,36.54860193242961
27083,Lyon County,MN,"Marshall, MN",213105.02330838176,197893.36396022871,161675.80945678134,7.686796082363934,31.810085890028162
47097,Lauderdale County,TN,,127244.921113227,122204.14645027363,102317.61832972534,4.124880218368454,24.362669098856227
26051,Gladwin County,MI,,182412.1193117209,165301.47422025693,134391.9266017156,10.35117513148418,35.73145643809254
29001,Adair County,MO,"Kirksville, MO",182541.09212245757,173627.070136214,148438.01231289978,5.134004725904973,22.974627104053535
18129,Posey County,IN,"Evansville, IN-KY",232341.4816174161,223309.9549267711,168541.6517996428,4.044390539421605,37.85404328042104
35029,Luna County,NM,"Deming, NM",162561.37912643002,159091.7744049485,142681.80891399345,2.1808825342849447,13.932799397307694
51775,Salem City,VA,"Roanoke, VA",283452.31707563036,274104.1784012835,200980.83774574232,3.410432751835457,41.03449873874116
26069,Iosco County,MI,,159829.93128016754,159777.99019435377,118298.94526359143,0.032508285872534515,35.10681005991858
01005,Barbour County,AL,"Eufaula, AL-GA",141526.22750485042,145112.0383958474,127643.31046401792,-2.471063690260711,10.876337342211162
29007,Audrain County,MO,"Mexico, MO",182518.2544767144,163240.6121871335,123567.04319412744,11.809342069534567,47.70787562665304
51790,Staunton City,VA,"Staunton, VA",278513.4997555437,269458.5717233078,198056.64420983513,3.3604156565982146,40.62315398036682
20149,Pottawatomie County,KS,"Manhattan, KS",317801.34294292546,302412.5943782144,236879.5414608034,5.088659946968033,34.161583133388596
27153,Todd County,MN,,251328.85560981897,246736.2312367764,188389.69079691623,1.8613498106953452,33.40902814090345
13111,Fannin County,GA,,492984.8413812882,488667.07784790406,373537.4477701397,0.8835797885954566,31.977354432386583
32001,Churchill County,NV,"Fallon, NV",379928.7318325609,372116.0575350216,286306.0032537849,2.0995262470778986,32.70023244877187
28117,Prentiss County,MS,"Tupelo, MS",136029.73402317843,141014.65726886597,126042.5156969714,-3.5350390819182786,7.923690090586644
26137,Otsego County,MI,,244852.688726061,239387.5690191617,170958.44141034325,2.2829588559219793,43.2235148531525
01019,Cherokee County,AL,,221769.26652502292,219780.9583270313,178289.853634455,0.9046771900198314,24.386925001191084
40065,Jackson County,OK,"Altus, OK",108834.94477548242,115063.36581036092,86228.70977207289,-5.413035670400712,26.2165989299437
47111,Macon County,TN,"Nashville-Davidson--Murfreesboro--Franklin, TN",257635.58777900875,248658.7560888712,180331.44881241777,3.610100778807568,42.867807848093854
13035,Butts County,GA,"Atlanta-Sandy Springs-Alpharetta, GA",272785.18552605965,276847.1006163896,195958.7118791582,-1.4672052122945312,39.205439202048865
26101,Manistee County,MI,,244448.1523050569,226547.5743353934,172893.559550539,7.901465298040433,41.38649984449047
16075,Payette County,ID,"Ontario, OR-ID",401844.392912382,393670.8820024454,295687.78064306214,2.0762294809210324,35.90158918249864
48463,Uvalde County,TX,"Uvalde, TX",189502.2243550321,199006.6857231491,176485.11975276892,-4.775950784557681,7.375751916364592
21081,Grant County,KY,"Cincinnati, OH-KY-IN",279422.01866538875,274595.4217354094,197298.9971657757,1.7577120912926514,41.62363857866502
12133,Washington County,FL,,210826.57948460896,221147.123858356,163884.7492091539,-4.666822789138925,28.643196210738743
08107,Routt County,CO,"Steamboat Springs, CO",1102011.4171143095,1078553.2506811956,685186.8741125284,2.1749659943352873,60.83370227161209
13055,Chattooga County,GA,"Summerville, GA",169608.60708342423,171492.95483482443,130369.8750321114,-1.0987901824976665,30.09800541854315
48331,Milam County,TX,,263087.29973800696,267238.1098763366,217926.53198645127,-1.5532253765192405,20.72293232948954
29175,Randolph County,MO,"Moberly, MO",174028.73483461628,163147.3126370583,123026.46780363448,6.669691349293072,41.45633695050706
29215,Texas County,MO,,197369.61274162913,192195.4282643242,129735.84567161994,2.6921475313080423,52.131904424625986
19017,Bremer County,IA,"Waterloo-Cedar Falls, IA",249042.67130554735,238757.3360270357,184698.54024572353,4.307861467070073,34.83737931779005
05023,Cleburne County,AR,,258959.6408363254,249208.8818313096,183268.74155271184,3.9126851873666713,41.30049600512113
47081,Hickman County,TN,,189108.2648582032,182399.84335810583,182720.7180279705,3.6778658230131933,3.4957977941258545
24039,Somerset County,MD,"Salisbury, MD-DE",200569.98542073564,198202.06543959677,152145.1610116215,1.194699952236622,31.828041120161068
36123,Yates County,NY,"Rochester, NY",298897.8532521041,294879.608929426,216268.8846336618,1.3626728335901284,38.20659118782048
54067,Nicholas County,WV,,157169.35934564806,145619.23714176752,108449.08238901792,7.931728273398342,44.924563567873754
18135,Randolph County,IN,,151961.43963689147,137449.81769261134,103918.08266291724,10.557760052278486,46.2319509202399
21013,Bell County,KY,"Middlesborough, KY",98797.12188296404,123176.45907828351,128268.318606808,-19.79220492109246,-22.976208812859365
21205,Rowan County,KY,,182804.5613833555,180935.7318655399,129089.6652538982,1.0328692395620287,41.61053173684268
29131,Miller County,MO,,263759.63537882344,253713.35514049223,179898.62854585043,3.959697049754496,46.61570102609176
28091,Marion County,MS,,132387.0352830484,134466.56487588378,118423.969675496,-1.5465030989338047,11.790742740522742
08119,Teller County,CO,"Colorado Springs, CO",471362.6050506669,486697.9887036077,377153.85768878023,-3.150903436808705,24.978863517187143
18181,White County,IN,,219819.58240946368,207080.5160540668,158780.66340050657,6.151745513359086,38.44228743080209
55137,Waushara County,WI,,269472.8879298715,248279.11112129517,180362.12684009317,8.536270616106023,49.4065814431113
16031,Cassia County,ID,"Burley, ID",339064.2113748758,319462.8199286495,228354.18097258508,6.135734809642068,48.48171814974649
48149,Fayette County,TX,,453318.5633899833,451460.45143755473,364233.4156517167,0.4115780123180146,24.45825778474171
45001,Abbeville County,SC,,202198.25505916929,205863.75052461735,153844.2243235281,-1.7805443921559916,31.43051417644036
21137,Lincoln County,KY,"Danville, KY",184078.55808857785,182855.5822521029,129518.76020042058,0.6688206186611367,42.125015560471745
41013,Crook County,OR,"Prineville, OR",465922.7898525367,462149.7837914522,362109.5539170608,0.8164032946485378,28.66901323439088
51075,Goochland County,VA,"Richmond, VA",567039.8913182613,548988.8698348511,441415.8073480692,3.2880487156033533,28.459353262610687
18143,Scott County,IN,"Scottsburg, IN",199222.70316760885,190204.62283167907,145664.68070433257,4.741251922099865,36.76802242266768
28039,George County,MS,,206711.36021974505,206285.2422333348,166187.07529491652,0.2065673636159726,24.38473921808535
48419,Shelby County,TX,,219121.7544806936,229312.67583405145,228418.37707435564,-4.444116015955779,-4.0699976563776
41031,Jefferson County,OR,,422175.7490927653,413807.601087671,318872.7367674972,2.0222315837358007,32.3963137684582
13033,Burke County,GA,"Augusta-Richmond County, GA-SC",176888.02954375092,166611.00669903596,137436.76687957728,6.168273662303259,28.705028181244273
13291,Union County,GA,,375784.81916000793,378470.9654788875,264222.6745893539,-0.7097364299744169,42.222774689583396
48007,Aransas County,TX,"Rockport, TX",292037.85835799086,305054.45945139154,251245.32671416024,-4.266976171012116,16.236135484517877
16053,Jerome County,ID,"Twin Falls, ID",392484.4903730047,380795.1398054112,280821.7499591958,3.0697215761647634,39.76285327971705
31047,Dawson County,NE,"Lexington, NE",198283.4624055157,192026.09737647895,148849.08626623836,3.258601364359759,33.21107127984428
51600,Fairfax City,VA,"Washington-Arlington-Alexandria, DC-VA-MD-WV",777843.2328715405,765726.5772697103,620794.2044294109,1.5823736515759412,25.298082250377597
54097,Upshur County,WV,,144470.90351341662,139795.19801441408,111722.25445531817,3.3446824822412236,29.312556587547057
41027,Hood River County,OR,"Hood River, OR",669665.1534262962,676922.5272402334,540136.9884730065,-1.072112911284695,23.980613754942446
17165,Saline County,IL,,93894.58999376534,102369.16715565216,94466.91399998045,-8.278446916542004,-0.60584598562754
16013,Blaine County,ID,"Hailey, ID",1053076.4151919028,909124.0242880858,613753.2209097804,15.834186212001477,71.5797782097019
28057,Itawamba County,MS,"Tupelo, MS",151362.4753854767,138005.84282678878,122546.3495973942,9.678309472340118,23.51447095956192
21183,Ohio County,KY,,150650.66781084688,143426.76557711328,118822.22771506869,5.036648637139951,26.786604415548922
54059,Mingo County,WV,,82325.89590617291,88244.17904737168,83823.18118880388,-6.706712221801836,-1.7862424944938282
40133,Seminole County,OK,,113439.22681127011,112986.32408915112,84954.4655211564,0.4008473819907987,33.52944558637721
29221,Washington County,MO,,178116.518478098,178669.045268876,148828.32821664927,-0.3092459524516533,19.67917708436122
51139,Page County,VA,,297754.1369192342,291221.5322151605,205720.9074330006,2.243173660403408,44.736935411490464
55049,Iowa County,WI,"Madison, WI",327156.17050818115,312291.73116070894,227674.00326533744,4.759792804063334,43.69500505813328
01133,Winston County,AL,,191342.0658835656,186252.57759027943,156700.26816717864,2.7325733469751423,22.107044309221415
05123,Saint Francis County,AR,"Forrest City, AR",78627.65625300248,85547.13906380416,85015.40413761234,-8.088502884521809,-7.51363585153364
42067,Juniata County,PA,,229237.5358099211,224699.51898193752,198776.1014417654,2.0195934768994173,15.324495322733679
22075,Plaquemines Parish,LA,"New Orleans-Metairie, LA",269258.2335930211,275244.68069227086,269349.2187159255,-2.1749546927458008,-0.033779612704343265
26109,Menominee County,MI,"Marinette, WI-MI",172555.4156703303,167001.44937897517,130736.47742885428,3.32569945471044,31.987199796042788
26143,Roscommon County,MI,,180622.90572934967,176023.2966138339,121286.57411519496,2.613068385832218,48.92242364583448
26009,Antrim County,MI,,331387.41001502285,326664.5956865565,230042.08876697105,1.4457686540962245,44.05512130030822
18041,Fayette County,IN,"Connersville, IN",156609.9310225722,147665.26049301712,100461.97536162572,6.057396641356982,55.8897587458685
47057,Grainger County,TN,"Morristown, TN",267990.26155124925,265614.6113439528,195895.84548663013,0.8943974110746877,36.802422167518365
21005,Anderson County,KY,"Frankfort, KY",256185.54771852493,247923.43008528545,171908.2348140437,3.3325279625234794,49.02459326375235
01025,Clarke County,AL,,132777.55011776715,138284.08284253598,140254.68728130253,-3.982043783765854,-5.331113924584074
56039,Teton County,WY,"Jackson, WY-ID",2147756.9341805633,2132942.9603240932,1282494.1846793422,0.6945321151119455,67.46718697344892
29195,Saline County,MO,"Marshall, MO",178813.15035923824,167201.42399205337,161822.213485122,6.944753274192661,10.499755570132784
18149,Starke County,IN,,213398.2145209048,203148.8841392057,136875.48156686974,5.045230952229018,55.90682281300343
27093,Meeker County,MN,,280527.45371549675,264289.3112553149,207878.68552438612,6.144078390099961,34.947675375111146
29119,McDonald County,MO,,228071.7101796804,220430.01038050556,158310.95471814528,3.4667238757480234,44.065652680660186
13119,Franklin County,GA,,281453.66196513525,275664.34767894726,189155.23738856055,2.1001316764148736,48.79506687249495
41015,Curry County,OR,"Brookings, OR",444138.30510922824,455980.00902126264,382928.15989752347,-2.596978744189249,15.984759446285013
54027,Hampshire County,WV,"Winchester, VA-WV",244288.1137356354,246168.78556343203,175337.02346653948,-0.763976563272295,39.324889236672945
46135,Yankton County,SD,"Yankton, SD",274656.49051311525,264131.23241113726,216043.1617059839,3.9848593465822146,27.13037910771694
05111,Poinsett County,AR,"Jonesboro, AR",130474.10871833372,131091.49571312955,113709.19920880796,-0.47095884552791345,14.7436703680762
13267,Tattnall County,GA,,189526.4341459511,179234.5574736246,130640.6773803351,5.742127420846854,45.07459540659109
29055,Crawford County,MO,,211448.6105354581,199312.9818929488,154353.673185625,6.08872965887759,36.98968490446677
22003,Allen Parish,LA,,121727.18787840103,136165.78011338893,142145.73498036302,-10.60368634686666,-14.364516181074826
29177,Ray County,MO,"Kansas City, MO-KS",254099.43047726637,242466.36539931095,179433.7799380325,4.79780569102739,41.61181387641706
53049,Pacific County,WA,,329644.2152896344,322698.42583144153,248737.19042104817,2.152408844355791,32.52711214259172
05027,Columbia County,AR,"Magnolia, AR",129888.6577276999,139914.9915849115,147539.4190486926,-7.166018268404661,-11.963420647039003
26133,Osceola County,MI,,189274.20832543468,175146.114025266,143717.91654448345,8.066461753259691,31.69840815696119
51670,Hopewell City,VA,"Richmond, VA",211753.4453344477,208799.1484704363,144588.8892313339,1.4148989043552884,46.45208664384606
05103,Ouachita County,AR,"Camden, AR",94737.03005034948,100040.78601478948,94985.49228528324,-5.301593655667524,-0.2615791411466506
55125,Vilas County,WI,,377212.2851041414,369002.1371402499,278606.6760852519,2.2249594616225776,35.39240710395497
21115,Johnson County,KY,,133277.65096321132,142978.5146666413,106146.60216463404,-6.784840174097373,25.559978600630906
37033,Caswell County,NC,,203456.74270608884,207236.1543283452,162531.8617367134,-1.823722136953121,25.17960511377759
18047,Franklin County,IN,"Cincinnati, OH-KY-IN",287128.8981967778,276479.1879195035,209804.32187129775,3.8519030518763486,36.85556886331158
13107,Emanuel County,GA,,128100.12397418988,128306.89910776191,91518.49032813724,-0.16115667591527494,39.971849967028646
51163,Rockbridge County,VA,,323516.77893262723,315209.2973920997,251204.12100896807,2.635544576019777,28.78641386662506
20191,Sumner County,KS,"Wichita, KS",140677.8532138796,140675.7356045423,103926.47657585276,0.0015053124323038958,35.36286213956568
48365,Panola County,TX,,194577.90203356973,184983.53262764876,173942.98167455097,5.186607299382362,11.863037048328229
19183,Washington County,IA,"Iowa City, IA",221303.3113212053,215167.57622840905,164024.4642949356,2.851607663360456,34.92091699398907
51127,New Kent County,VA,"Richmond, VA",433078.8248757846,417948.3405984407,326235.0835802839,3.620180488258229,32.75053685916869
51105,Lee County,VA,,114079.15516043472,102351.89932204608,92837.3091073043,11.457780379325744,22.88072140111086
53039,Klickitat County,WA,,452449.4841869551,449538.8281090134,364820.330519008,0.6474760122914036,24.01981094180863
21167,Mercer County,KY,,236718.2358968564,236523.261926248,170038.91184837965,0.08243331713784219,39.21415593857329
01007,Bibb County,AL,"Birmingham-Hoover, AL",208272.32874078504,215359.47109820475,183207.25718379815,-3.290843129062082,13.681265656327678
37007,Anson County,NC,"Charlotte-Concord-Gastonia, NC-SC",136639.55084274348,148043.65792254367,109503.59319670206,-7.7032054191519705,24.780883306081947
54009,Brooke County,WV,"Weirton-Steubenville, WV-OH",118820.5825495616,118901.21363664804,100317.13956084418,-0.06781351057765228,18.444946765547222
22085,Sabine Parish,LA,,178893.158797942,169733.34791065357,184953.34448609533,5.396588825968407,-3.2766023804500333
47133,Overton County,TN,"Cookeville, TN",252758.47343849772,241338.87874792083,175519.39185847685,4.731767525324715,44.00601025458175
39105,Meigs County,OH,,107943.96961867673,108874.463707007,106057.2359242128,-0.8546486078079174,1.7789768685016139
40009,Beckham County,OK,"Elk City, OK",147476.322027082,140475.6866444642,114505.65642562589,4.983521027618099,28.793918685468036
37117,Martin County,NC,,120867.3000876333,128261.27065826095,104705.35636348696,-5.764772586986244,15.435641771792262
48225,Houston County,TX,,201692.4774745707,211710.04185650343,198926.59446453195,-4.7317379440709795,1.3904038409162656
53003,Asotin County,WA,"Lewiston, ID-WA",334102.9234539014,332142.8390830187,275539.6213193102,0.590132960955625,21.254040291622857
48293,Limestone County,TX,,160397.7018005332,160082.55966476104,128512.79742001924,0.19686225434683013,24.81068424361217
26089,Leelanau County,MI,"Traverse City, MI",604587.1295920135,599534.459233121,429528.64952623256,0.8427656294111241,40.7559496342955
22043,Grant Parish,LA,"Alexandria, LA",157072.24698897227,158348.0832033798,159969.9958646535,-0.8057162351430947,-1.8114327377572348
20175,Seward County,KS,"Liberal, KS",142877.04484200632,139625.90975206427,120101.59713437904,2.328461168643514,18.963484459032067
27105,Nobles County,MN,"Worthington, MN",232920.36094974456,217138.72327318185,168282.25210621566,7.267997821239769,38.41053232561382
51820,Waynesboro City,VA,"Staunton, VA",287865.0910945391,283921.96289692796,214576.26626311825,1.388807036052575,34.155140318059416
19123,Mahaska County,IA,"Oskaloosa, IA",188647.16389387925,178116.07143840622,135175.38022112803,5.912488620722112,39.55733920280369
54005,Boone County,WV,"Charleston, WV",86228.62725736185,92760.8227315267,77895.91914956062,-7.041976646833625,10.69723317829061
37091,Hertford County,NC,,117818.61672103808,117364.28542152575,106058.87755858248,0.38711205702872675,11.087934770910636
31155,Saunders County,NE,"Omaha-Council Bluffs, NE-IA",337658.0965009199,321560.97098670615,250985.95800004792,5.005932612039299,34.53266437354054
01111,Randolph County,AL,,200497.90367912073,196219.3549468089,167389.8330168622,2.1804927110639305,19.779021261657736
13205,Mitchell County,GA,,147113.29358770783,146544.73413995118,104465.88881518244,0.3879767165251291,40.82423962139043
39175,Wyandot County,OH,,184497.59044066072,172971.04064198027,137428.962994315,6.663861046276742,34.24942342633612
17085,Jo Daviess County,IL,,242487.9067172572,229120.70394105025,152889.87199311718,5.834131331774439,58.60298890705693
51147,Prince Edward County,VA,,230631.65689119225,224551.40856375857,195823.8520493147,2.707731101008548,17.77505879779744
29083,Henry County,MO,,213616.39719937416,206083.01131913575,149547.3993872069,3.655510384877081,42.841933777985886
28139,Tippah County,MS,,143678.38255021375,144516.7372365083,131180.59783640146,-0.5801090602554626,9.527159442739075
13237,Putnam County,GA,,400547.71848274674,394938.450646221,287162.44046932267,1.4202891177973465,39.484717370458796
47151,Scott County,TN,,173229.4146846495,184303.85502200143,143413.88729640923,-6.008794735210454,20.789846750766362
28027,Coahoma County,MS,"Clarksdale, MS",57041.87359304653,63024.324722677375,81660.8649596043,-9.492289137495902,-30.147845456616462
21133,Letcher County,KY,,64631.602788961805,80344.17384657887,85708.26684372181,-19.55657803840386,-24.59116819290097
06011,Colusa County,CA,,362950.5133525203,366291.45997683046,302664.7858839158,-0.9121006054909064,19.91831566812221
08075,Logan County,CO,"Sterling, CO",248458.20776003055,244651.47498366245,191755.7540398326,1.5559819439561196,29.570144585293324
12123,Taylor County,FL,,183782.76325502183,186774.27787051664,138971.6483649494,-1.6016737687877591,32.24478907553523
13189,McDuffie County,GA,"Augusta-Richmond County, GA-SC",199305.93482775264,198121.8964610548,143953.80512248477,0.5976312501786429,38.45131405743034
31067,Gage County,NE,"Beatrice, NE",191882.17225549,186358.0772794643,135349.824886732,2.9642369446330585,41.76758072355638
38093,Stutsman County,ND,"Jamestown, ND",226843.4372905593,205422.49217511757,191300.71930352403,10.427750578150373,18.57950044120953
48219,Hockley County,TX,"Levelland, TX",163041.05977288334,161606.8613133713,152182.05488510744,0.8874613663407471,7.1355357213267245
28043,Grenada County,MS,"Grenada, MS",130677.26415285158,124275.96382714872,113702.49043911528,5.150875622744078,14.929113380173376
54109,Wyoming County,WV,,63556.31952498295,71096.52674767213,65922.52096401433,-10.605591535364379,-3.5893673427978223
51169,Scott County,VA,"Kingsport-Bristol, TN-VA",165095.33012880685,157381.7073459051,109881.83288500496,4.901219406616408,50.24806721379018
29147,Nodaway County,MO,"Maryville, MO",216509.133396261,208314.418089517,157848.91478098798,3.933820511272801,37.1622565138714
05019,Clark County,AR,"Arkadelphia, AR",158982.727096249,156725.26526953824,122672.2316618426,1.440394324953509,29.599604525415057
17083,Jersey County,IL,"St. Louis, MO-IL",191317.11721359313,184460.46179885903,155868.7425584806,3.717140978542477,22.742452446366922
17051,Fayette County,IL,,143698.818308638,151024.86885428373,125638.78054368508,-4.850890188631296,14.374572633386373
48341,Moore County,TX,"Dumas, TX",182828.8770794024,168177.1659968353,153492.44404626207,8.712069201381833,19.112623566211774
49041,Sevier County,UT,,324786.8883431035,308361.03073593596,215795.27185944107,5.326826664175277,50.506952976548305
28079,Leake County,MS,,160430.09438133377,158544.41655103338,143304.06757487092,1.1893688035954364,11.950830912399013
40139,Texas County,OK,"Guymon, OK",161755.30176453028,153385.1791988966,126121.19953185804,5.456930460523846,28.253856104239716
48281,Lampasas County,TX,"Killeen-Temple, TX",304486.65295233624,304156.2045727176,222463.1735589863,0.10864430008352688,36.87058764879183
27157,Wabasha County,MN,"Rochester, MN",302510.0865405882,291727.3708563344,220979.41579069276,3.696161814574439,36.89514268022123
48179,Gray County,TX,"Pampa, TX",97315.48728694762,102747.39010031696,91410.28433492024,-5.286657702999486,6.4601078478119245
16067,Minidoka County,ID,"Burley, ID",318111.99083439185,312801.4375524749,217754.3074536255,1.6977394104929822,46.08757666120531
28101,Newton County,MS,,138221.5645917959,147038.09065404956,135161.87575656222,-5.996083071424763,2.2637217914498686
05083,Logan County,AR,,161035.66358312903,164894.12121545707,125982.44357745854,-2.339960699560917,27.823892766549264
31043,Dakota County,NE,"Sioux City, IA-NE-SD",232357.2458166594,222124.91956155063,165597.46415163405,4.606563853936874,40.31449515669807
18119,Owen County,IN,"Bloomington, IN",227663.5213097571,223653.9641457852,167218.58881266005,1.7927503227076036,36.147256669421665
22111,Union Parish,LA,"Monroe, LA",147433.50546173003,149236.41035250097,135182.1950175808,-1.208086476023118,9.062813666071868
37115,Madison County,NC,"Asheville, NC",383157.73967070505,385642.3072569715,288352.1746484349,-0.6442673792558917,32.8783943238365
48299,Llano County,TX,,454473.40695499856,471597.31165462296,378944.4479932988,-3.631043747799223,19.931406664397255
27057,Hubbard County,MN,,304641.3222918198,298023.65829078277,224743.3925497268,2.22051633047875,35.55073581280694
45039,Fairfield County,SC,"Columbia, SC",181066.9728698296,186944.9176694477,206621.8673992872,-3.14421214168088,-12.367952555609207
27045,Fillmore County,MN,"Rochester, MN",275800.47653107444,275207.0880689517,212465.0545021729,0.215615254057,29.809806689058995
48165,Gaines County,TX,,226805.42779101245,229059.13659988105,195916.92938134083,-0.9838982379495098,15.766120113871818
17173,Shelby County,IL,,157545.52634106498,153725.1896060758,123665.65102465112,2.4851728885675106,27.396350591855413
47129,Morgan County,TN,"Knoxville, TN",206949.55733437123,203465.08438363465,153611.40574184307,1.712565554572798,34.72278073033679
17145,Perry County,IL,,119708.18606371472,123403.37810905022,111715.53999766803,-2.994401046355555,7.154462186920041
22007,Assumption Parish,LA,"Baton Rouge, LA",175852.69156567528,168916.83499690774,161669.1910909757,4.106077744645464,8.77316226980942
29049,Clinton County,MO,"Kansas City, MO-KS",281081.53080141876,267967.00402005407,196076.5176143148,4.894082698474045,43.352979857746135
55053,Jackson County,WI,,221271.72621334344,204551.38653755048,162710.99821180003,8.17415122860754,35.990639013421344
22077,Pointe Coupee Parish,LA,"Baton Rouge, LA",185188.76000087356,182935.65893394977,177249.5948897471,1.2316358002882888,4.4790878738339535
29141,Morgan County,MO,,274737.9448665339,281117.11744188686,244298.27522235832,-2.26922239150793,12.460042796646697
48019,Bandera County,TX,"San Antonio-New Braunfels, TX",326379.4823205759,341086.9187166992,278731.75587872526,-4.311932117320216,17.094473606581783
13321,Worth County,GA,"Albany, GA",169835.33254256213,168305.01323952913,132016.5060508252,0.9092535472220664,28.647043936443062
18153,Sullivan County,IN,"Terre Haute, IN",153544.94508052318,149185.07797441815,116703.84363521978,2.9224552249472513,31.568027493984975
48233,Hutchinson County,TX,"Borger, TX",118337.5811386195,118629.49222541762,108676.02972135904,-0.24606957454006428,8.890232226952243
45011,Barnwell County,SC,,154502.67735974988,161329.38999189695,154293.1661536098,-4.231536877744313,0.13578774184430653
27039,Dodge County,MN,"Rochester, MN",318939.3901712155,301939.44849355175,240698.15096596908,5.63024863510897,32.50595772807101
19027,Carroll County,IA,"Carroll, IA",200008.23287844495,188692.41833394265,142198.05739953963,5.996963017600354,40.6546872271776
26129,Ogemaw County,MI,,174138.34082705024,162919.1843582496,119189.75423608616,6.886332332802736,46.101770192531966
19021,Buena Vista County,IA,"Storm Lake, IA",181884.94208048083,179489.06533009597,138632.3415071186,1.3348315932107946,31.199502297334615
31177,Washington County,NE,"Omaha-Council Bluffs, NE-IA",389034.8836704201,376758.14322182786,288779.6933233219,3.2585202654435763,34.71684216897173
05029,Conway County,AR,,168740.8325865748,163080.31250426508,135480.16494924968,3.471001493305148,24.550211944150234
19105,Jones County,IA,"Cedar Rapids, IA",222210.9087316309,213798.01303499783,167550.86716909974,3.9349737526587214,32.62295354602123
13199,Meriwether County,GA,"Atlanta-Sandy Springs-Alpharetta, GA",204233.0538015257,211594.6082730554,148517.3185138301,-3.479084146619593,37.51463859247317
54043,Lincoln County,WV,"Charleston, WV",103166.1572604978,118985.09047740688,102115.86329262768,-13.294886908467586,1.0285316443541692
51027,Buchanan County,VA,,72192.43330434932,81605.8107158632,83059.43756295537,-11.535180312452963,-13.083406988362201
22093,Saint James Parish,LA,"New Orleans-Metairie, LA",199970.26898035183,196433.9547577087,187021.64336980192,1.8002560845475912,6.923597385435398
21003,Allen County,KY,"Bowling Green, KY",205658.71463990887,211270.4185139914,157297.1398632858,-2.65617113534089,30.745361815641626
19019,Buchanan County,IA,,214993.31632930608,201211.86817314304,152354.1575460961,6.849222305467628,41.11417751383512
40153,Woodward County,OK,"Woodward, OK",131321.71134940992,127889.74993969832,114643.76655948766,2.6835312535444134,14.547624603094512
18075,Jay County,IN,,154974.89311164446,153980.33821609349,112210.48245683976,0.6458973314860783,38.11088743090776
48089,Colorado County,TX,,291355.97900716326,294797.2743744053,251504.79949295305,-1.1673430070019641,15.845097029779275
55061,Kewaunee County,WI,"Green Bay, WI",303912.8814043481,279694.2158776988,203127.15812544388,8.65897975424681,49.617059682714945
05149,Yell County,AR,"Russellville, AR",162125.4826279905,166510.64699963087,138372.3985220428,-2.6335639496074315,17.166056496566284
37079,Greene County,NC,,174019.2158135109,177924.54111464575,137833.57017594497,-2.194933468238336,26.253143984716388
13081,Crisp County,GA,"Cordele, GA",129598.93288839112,135249.7369042239,104378.59674469483,-4.178051762004042,24.16236367440736
56041,Uinta County,WY,"Evanston, WY",321022.8027200126,308883.1258546307,218834.3093802071,3.9301845420637083,46.696742219823115
19087,Henry County,IA,,178445.7525883061,177632.79758765697,146291.9388036386,0.45766041614467845,21.97921091730568
21051,Clay County,KY,"London, KY",112013.78261721694,122070.90255575562,81147.0364411511,-8.238752829688556,38.03804492410616
55001,Adams County,WI,,242465.69323613797,220427.5398352052,150263.19916305246,9.997912882123883,61.3606622157934
48489,Willacy County,TX,"Raymondville, TX",177012.43161555403,179456.7975449659,217273.26061084177,-1.3620915801751066,-18.530043173328604
18049,Fulton County,IN,,194468.3034898122,187488.47940895465,137831.49957828422,3.7228015837885042,41.0913354964697
51079,Greene County,VA,"Charlottesville, VA",374425.7545753265,367829.5606261354,283747.46958065365,1.7932745638938874,31.95738983282741
48057,Calhoun County,TX,"Port Lavaca, TX",197483.3378773736,201780.455679509,178088.81379312408,-2.1296006036187087,10.890366256680807
53001,Adams County,WA,"Othello, WA",304267.80908992066,301913.70406224806,224191.149320193,0.7797277818125226,35.718029017890004
05057,Hempstead County,AR,"Hope, AR",116661.95756962273,115927.19414139382,104457.86642147404,0.6338145537558182,11.683266723931297
21027,Breckinridge County,KY,,158100.36539214032,162705.02353306868,123111.99362471155,-2.8300651331718107,28.41995384632108
18015,Carroll County,IN,"Lafayette-West Lafayette, IN",224531.092707866,216448.74316244037,160807.57245839282,3.734070906274556,39.62718874197353
48285,Lavaca County,TX,,281961.11313202215,282026.5123353859,238174.18266427584,-0.023189026741565755,18.38441512759057
21017,Bourbon County,KY,"Lexington-Fayette, KY",246431.8432493488,257803.41342120347,197318.10528627248,-4.410946317951037,24.89063935203577
25007,Dukes County,MA,"Vineyard Haven, MA",1504174.06315434,1462930.6279260537,1002957.8239619248,2.8192338338527856,49.973810186004684
20099,Labette County,KS,"Parsons, KS",93050.8507337388,96806.49633271144,79266.59573932177,-3.879538813247585,17.389740111645892
49007,Carbon County,UT,"Price, UT",270365.7713676582,256327.4693991292,168145.28359625768,5.476706028205625,60.79295570183665
01099,Monroe County,AL,,134101.7078485346,140977.3114262759,119694.4210888049,-4.877099377325623,12.036723707482167
22083,Richland Parish,LA,,155096.4617614006,168227.79613738752,163121.60610948803,-7.80568650216572,-4.919731076397637
19191,Winneshiek County,IA,,306126.57946772897,287528.73616511154,211984.2593844719,6.468168556181375,44.41005212208371
13091,Dodge County,GA,,145748.94402828102,145118.21005994474,124092.27619764446,0.4346346113804245,17.452067521223903
35027,Lincoln County,NM,"Ruidoso, NM",337050.00982720515,335451.52814158396,287610.81720015855,0.47651644172761465,17.189615157151806
27091,Martin County,MN,"Fairmont, MN",212800.18290554624,200197.1097789935,150155.44393013,6.295332205577719,41.7199252559674
13303,Washington County,GA,,145162.1511553885,146511.628980485,129472.81545918198,-0.9210721595868887,12.117860912009593
48457,Tyler County,TX,,165384.26625514284,163804.70132192885,152366.81273860953,0.9642976791671254,8.543496633263036
22041,Franklin Parish,LA,,111789.32669305072,122555.0410372927,119013.23625506223,-8.784391285027626,-6.069837094867037
55119,Taylor County,WI,,222534.9456015034,202802.3536030847,186115.079374832,9.729962028467586,19.56846610656544
18147,Spencer County,IN,,223957.27626060208,216925.36527773435,163448.92237695187,3.241626894975891,37.019732527880265
46035,Davison County,SD,"Mitchell, SD",244467.10363447267,237675.96286470248,174919.5565470895,2.857310721671946,39.7597321078621
47041,Dekalb County,TN,,294739.7579215285,293363.07834410504,210801.5656176869,0.46927499711080234,39.818581070727554
48337,Montague County,TX,,255240.4800760879,260918.29735728228,209272.38527047375,-2.176090116600593,21.965676334315564
40001,Adair County,OK,,167667.9211406063,164122.05186815505,107114.32692263828,2.1605075199155888,56.53174132504417
48123,De Witt County,TX,,218887.0956578553,222290.81401159847,207128.14414095576,-1.5312006341231754,5.677138452463182
29217,Vernon County,MO,,170832.7568266616,159995.13559332353,111620.0447820638,6.773719209117202,53.048457524102965
28153,Wayne County,MS,,137804.44312881507,134829.21757586606,128971.78697693723,2.206662329160891,6.848518082064947
47159,Smith County,TN,"Nashville-Davidson--Murfreesboro--Franklin, TN",298511.5189761426,297563.6914091893,230426.4707277216,0.31852930794902257,29.547407480311662
18117,Orange County,IN,,176846.27081124033,169100.5189105896,123036.81028256504,4.580560692865898,43.73444045330586
21231,Wayne County,KY,,167159.52070970283,167348.24304845525,115286.69803091956,-0.11277222593712999,44.99462953208282
48253,Jones County,TX,"Abilene, TX",145266.74401317118,150741.34203308623,130687.84473111904,-3.6317827253477875,11.155512826802827
48177,Gonzales County,TX,,249127.27343577505,270205.00087445154,250262.78071618997,-7.800642982351791,-0.4537259904031199
17041,Douglas County,IL,,148852.05343074654,139221.65728143655,103373.47523513534,6.917311815820537,43.99443676645749
13211,Morgan County,GA,"Atlanta-Sandy Springs-Alpharetta, GA",448901.48696662294,436646.0702179427,317358.967596205,2.806716373873064,41.44912632114037
30053,Lincoln County,MT,,412540.5208955885,410486.18904910126,254550.0637236056,0.5004630853101544,62.0665557340152
49013,Duchesne County,UT,,356591.8988154402,341317.5548000494,219555.45496009768,4.475112340570586,62.41541294441886
13229,Pierce County,GA,"Waycross, GA",217531.04183953165,210175.05606246975,150770.6037201618,3.499932824985419,44.279479203572556
06063,Plumas County,CA,,350666.28736490244,357580.00933741155,310400.7499453341,-1.9334755277063964,12.972113445814703
12059,Holmes County,FL,,184541.9865114723,195522.5056851271,149557.97190325768,-5.615987343849838,23.39160805874272
47173,Union County,TN,"Knoxville, TN",280380.16537942056,274782.536884395,181556.5471583606,2.0371121682236204,54.431316175484554
22037,East Feliciana Parish,LA,"Baton Rouge, LA",213986.40893154533,220969.52965778924,208934.0838924913,-3.1602188487519167,2.418143054942501
19065,Fayette County,IA,,149745.79610071078,136474.85822094593,109221.36801781692,9.724089882020515,37.10302188879675
21155,Marion County,KY,,231403.36782016765,218333.47738818623,154369.89911207033,5.986205408501699,49.90187151199219
20021,Cherokee County,KS,,123265.03753351473,123551.77176917526,88810.82662360555,-0.23207618276508413,38.79505711159701
19097,Jackson County,IA,,227611.4918031127,218001.8720712776,172036.58491021322,4.408044591788252,32.30412119718855
01087,Macon County,AL,,127510.99319058988,126150.8407797526,112001.6330543598,1.0781952798966987,13.847441071419597
48161,Freestone County,TX,,228109.12144591683,236826.14428110223,192123.18396019805,-3.6807688026363694,18.730658499379203
05113,Polk County,AR,,183472.3336573696,183088.52018866583,128670.9492727279,0.2096327330125769,42.59033192370873
55067,Langlade County,WI,,214753.7513451365,189253.92263356023,146450.07206038758,13.473870637254848,46.63956686657307
56023,Lincoln County,WY,,490783.8511313335,487068.9765704589,304569.44349018217,0.7626998925350792,61.140213380320276
13105,Elbert County,GA,,175183.4883428147,168010.18512777588,110897.88705343222,4.2695644966900925,57.96828325359233
08015,Chaffee County,CO,,670058.7604968847,661604.4660301708,492114.42843535886,1.2778472487409598,36.15913734276936
37149,Polk County,NC,,302814.8428877661,312340.0160162821,230000.80116425583,-3.049616648549913,31.658168734599258
01091,Marengo County,AL,,132733.89919166482,144101.47160416865,142125.9984846183,-7.888588704860233,-6.608290807518891
05003,Ashley County,AR,,81240.27627873408,85568.80224383385,89236.47051888215,-5.058532843273134,-8.960679634293811
29015,Benton County,MO,,186107.5884169992,181655.91936781467,165224.20321015062,2.450605003501627,12.639422554991398
24029,Kent County,MD,,374211.8467481327,368162.4257795609,289975.86572651326,1.6431391540737916,29.049307538257494
54047,McDowell County,WV,,39108.53260053831,52704.8715369737,64605.60052598654,-25.79711996242555,-39.46572389678887
21213,Simpson County,KY,,248762.9502126655,251267.99999117985,171495.2938082116,-0.9969633135147649,45.055263435313094
21215,Spencer County,KY,"Louisville/Jefferson County, KY-IN",360025.15920051164,342998.73163001006,266003.3959578898,4.9639914088276615,35.34607627998334
01107,Pickens County,AL,"Tuscaloosa, AL",137921.8209119872,140299.86863060307,130659.42803286412,-1.6949750144649611,5.558261648976748
45049,Hampton County,SC,,155172.4885854275,174356.04701579385,137221.0640632556,-11.002519705341019,13.08212018666226
35041,Roosevelt County,NM,"Portales, NM",143352.30542019065,144398.5681275185,136949.18789041767,-0.7245658463897575,4.6755425339919165
21099,Hart County,KY,,179760.3227423307,174019.05678046696,125944.1374161008,3.299216803080718,42.73020279493374
01013,Butler County,AL,,110564.47305502016,126267.31280138802,110424.4735079846,-12.43618748033991,0.12678307859483873
35028,Los Alamos County,NM,"Los Alamos, NM",573344.7009986815,577353.8120170037,436039.5868158492,-0.6943941366414852,31.48913959521291
18123,Perry County,IN,,180677.0053239751,179591.05602159482,130597.29605061682,0.6046789447296863,38.34666626937546
40091,McIntosh County,OK,,182561.92484299256,184552.40899029383,131284.56914458223,-1.0785468248241337,39.058174187965044
45081,Saluda County,SC,"Columbia, SC",199485.1108306076,207270.9574112936,162136.08388457503,-3.7563615655213822,23.035604444857192
29157,Perry County,MO,,223095.9005255356,212971.0610660586,163271.88978596852,4.754091663344107,36.64072904281917
55047,Green Lake County,WI,,281210.56456642796,258889.67407989115,192423.78502544775,8.62177704300744,46.141270700624816
22029,Concordia Parish,LA,"Natchez, MS-LA",124489.04783260786,143638.46403464483,143878.57740645597,-13.331677089932004,-13.4763144891771
27161,Waseca County,MN,,249040.89125157337,245372.1743498382,187572.36073382024,1.4951641975933683,32.77056932976481
46005,Beadle County,SD,"Huron, SD",181956.04637046508,170728.51472324683,148620.07093527957,6.57624865150277,22.430332071165893
47085,Humphreys County,TN,,245587.0117618622,236813.49884611552,168441.8942158514,3.7048195979097587,45.799246027922536
28141,Tishomingo County,MS,,184645.65703198136,189968.6128579638,145265.93232908932,-2.8020185787019036,27.108713014473462
37185,Warren County,NC,,233808.9982758404,234492.58079967764,173838.02505992216,-0.29151562983615875,34.49819059739443
39125,Paulding County,OH,,152807.5538994553,147690.83233992066,116669.32634217889,3.4644814972388804,30.974917478555408
21001,Adair County,KY,,163698.50843940556,170857.82017158312,123830.62362031951,-4.190216008250525,32.19549708586307
17033,Crawford County,IL,,130075.44000523932,137859.02854800064,133762.15177457442,-5.646049174103373,-2.756169604349823
27055,Houston County,MN,"La Crosse-Onalaska, WI-MN",310021.06534029235,295217.78030914796,212645.43049003265,5.0143609289530655,45.79248875739373
06027,Inyo County,CA,,512521.9940959544,497196.5793633126,411150.0090811245,3.082365279396515,24.6557175667794
28025,Clay County,MS,"West Point, MS",146452.43093637223,157068.2170029655,131506.4852973513,-6.758710494811848,11.365177622401234
13231,Pike County,GA,"Atlanta-Sandy Springs-Alpharetta, GA",368938.3538891417,361918.1098253163,255697.82830279015,1.9397327387717045,44.2868546588731
16045,Gem County,ID,"Boise City, ID",466873.8758725648,460570.1651240848,356230.7823716517,1.368675443139411,31.059385930742046
21097,Harrison County,KY,,231482.1731453699,215630.9043242141,152526.02703137617,7.351111785591957,51.76568724087438
48117,Deaf Smith County,TX,"Hereford, TX",171516.12448710192,174075.05870840754,139806.94247073567,-1.4700177270036585,22.680691999972467
08089,Otero County,CO,,154180.4040397037,166072.2267979118,131139.17894798992,-7.1606330495459165,17.57005440826496
19157,Poweshiek County,IA,,209960.78060483435,195491.8253003262,154146.76356971124,7.401309636492526,36.20836126726839
29186,Sainte Genevieve County,MO,,257211.00045316317,239610.9034203588,173111.13549084114,7.345282197750325,48.58142991429428
20041,Dickinson County,KS,,165880.78650684506,155975.79336209173,122153.04528973011,6.3503399670225,35.79750395366632
13001,Appling County,GA,,147430.02514944295,155077.35986198232,125853.639348779,-4.93130313757304,17.14403009107204
19031,Cedar County,IA,,241265.7082758467,230544.97180963124,174885.0887826597,4.650171453345742,37.95670628939796
28031,Covington County,MS,"Hattiesburg, MS",167310.44210749088,171419.0277309187,136492.3875359411,-2.396808381084259,22.578588541016465
13171,Lamar County,GA,"Atlanta-Sandy Springs-Alpharetta, GA",281816.55418685486,277319.2311393094,187449.65513975872,1.6217133694872654,50.34253009254035
13133,Greene County,GA,,616658.4555600028,603295.7479839873,439801.8231587193,2.2149513933537923,40.21280110461436
05121,Randolph County,AR,,135671.85277945362,144314.69936890816,125869.26850712486,-5.988888607501474,7.787909144616889
48163,Frio County,TX,"Pearsall, TX",157585.799526763,163707.42332697692,192002.9639012084,-3.7393684878828215,-17.925329731969196
20087,Jefferson County,KS,"Topeka, KS",272669.44642848003,260562.65943913432,187581.6410575999,4.646401374397158,45.360412080387235
47049,Fentress County,TN,,241645.90003523143,238702.6296488368,158959.00082861635,1.2330280528222826,52.0177522352226
37199,Yancey County,NC,,308847.58427186793,321555.38302396494,226455.6306401283,-3.9519782354723976,36.38326563081697
28131,Stone County,MS,"Gulfport-Biloxi, MS",193760.08298735123,193715.733642941,153634.0463218403,0.02289403321877881,26.11793259773483
51193,Westmoreland County,VA,,302001.0723791521,306477.1620943775,234780.16423672336,-1.4604969860191441,28.631425640648022
48035,Bosque County,TX,,230268.51424712955,239205.5418907102,188977.33564192685,-3.7361290097801647,21.84980461542805
29229,Wright County,MO,,201741.40053715615,216215.26161137896,155667.3254390823,-6.69419030199535,29.597781659134448
42093,Montour County,PA,"Bloomsburg-Berwick, PA",264439.174871947,254209.9942841374,216185.51859773585,4.023909687978722,22.32048501083852
13019,Berrien County,GA,,185841.87221566055,188443.37127345928,139299.3417590982,-1.3805203336250904,33.4118811107178
48003,Andrews County,TX,"Andrews, TX",255163.04299268452,238675.75125894268,221844.64964915704,6.907820189850189,15.018795087562342
51570,Colonial Heights City,VA,"Richmond, VA",276643.0018599671,278934.33267443767,198786.82671676172,-0.8214588690109159,39.165661240791124
37015,Bertie County,NC,,58547.001249840374,68190.30487625115,63924.96212627399,-14.141751740091246,-8.412927747708753
13025,Brantley County,GA,"Brunswick, GA",180262.582962614,175414.50703082417,166275.60754741103,2.763782775923951,8.411922603388945
13011,Banks County,GA,,345305.5717446672,334981.8283273937,226468.14047916423,3.081881625884386,52.47423810433784
29163,Pike County,MO,,209210.56030978565,192530.8236860654,145820.5558208723,8.663411034337898,43.4712404791423
12079,Madison County,FL,,204102.8161882584,203443.85333523055,139982.58242890015,0.3239040365314194,45.80586573470751
51175,Southampton County,VA,"Virginia Beach-Norfolk-Newport News, VA-NC",264810.10075347364,272401.3917469061,201158.79993106777,-2.7868033069690323,31.64231484986868
28007,Attala County,MS,,112515.39794394422,129164.6201180875,115313.44245880232,-12.889924624035508,-2.4264686364365184
29003,Andrew County,MO,"St. Joseph, MO-KS",285060.9045234968,267688.4601494392,207576.77776346265,6.4897995096087735,37.3279360027106
26019,Benzie County,MI,"Traverse City, MI",386018.1577509789,378401.8545726061,263984.94151990226,2.0127552458682363,46.22733991130943
36097,Schuyler County,NY,,227260.74584901083,227420.84630860065,181496.31277239588,-0.07039832196058526,25.215075930498653
37131,Northampton County,NC,"Roanoke Rapids, NC",116591.52447475491,113255.4783320336,103017.1530550387,2.9455936188278242,13.176806985205536
47091,Johnson County,TN,,237109.75748230136,236165.7825679815,173339.7870493394,0.3997085877790685,36.7889977935709
47075,Haywood County,TN,"Brownsville, TN",168056.69586234316,173022.37369124076,127802.57902429704,-2.8699628394642684,31.49710838808131
05053,Grant County,AR,"Little Rock-North Little Rock-Conway, AR",215521.48107571955,202288.62233671595,172444.90410776305,6.541573414335233,24.97990717141598
21207,Russell County,KY,,146877.96324715964,149582.42938508274,100181.65821404704,-1.808010572525709,46.61163117637939
48503,Young County,TX,,175264.98237088576,171929.01459581035,124949.80822053454,1.9403169284241795,40.268308424728176
47171,Unicoi County,TN,"Johnson City, TN",238916.2953346794,233008.39604986337,163779.11002880728,2.5354877270395537,45.87714836932266
28159,Winston County,MS,,139910.12301348205,140408.4756938887,120638.4061418824,-0.35493062505224104,15.974777426132647
46065,Hughes County,SD,"Pierre, SD",287111.1526401464,270810.04689332313,210751.26455971992,6.019387365360385,36.23223245656426
55113,Sawyer County,WI,,320866.3999822925,315197.9235833238,239227.51642992895,1.7983863391378696,34.126042342740305
26079,Kalkaska County,MI,"Traverse City, MI",210827.16077441888,218656.85744792028,160128.98355518567,-3.580814599133386,31.660837465917567
48133,Eastland County,TX,,143844.38958441632,144463.82501390672,134751.8697400538,-0.4287823816313652,6.747601990163576
12041,Gilchrist County,FL,"Gainesville, FL",294930.2436350019,291062.22816031094,197723.15667744543,1.32893075791356,49.16322831934892
17067,Hancock County,IL,"Fort Madison-Keokuk, IA-IL-MO",114612.23435219911,106964.23334519644,102521.96222947568,7.15005452553561,11.792860631814372
37011,Avery County,NC,,375385.4590961461,387187.0900754826,264802.1492788579,-3.0480435122554717,41.760729706477974
48051,Burleson County,TX,"College Station-Bryan, TX",258446.03267458035,263968.08742398577,249230.3411686248,-2.091940280847615,3.6976603501579275
51141,Patrick County,VA,,185662.2321368989,188573.86758742985,161337.43156189265,-1.5440291318101096,15.076972739382377
53055,San Juan County,WA,,854356.4282634062,866192.2757092286,686277.4811222086,-1.3664226497669185,24.491397687470815
31159,Seward County,NE,"Lincoln, NE",301667.0515786102,281640.6760897117,224129.63187449728,7.110611921169885,34.594898967901955
19059,Dickinson County,IA,"Spirit Lake, IA",367583.50391331414,364047.2398529236,275033.6291388382,0.9713750506168406,33.65038488720822
51101,King William County,VA,"Richmond, VA",343528.79187452875,339084.4609920651,249307.74181937665,1.310685505747089,37.79307027032286
05043,Drew County,AR,,157817.67169017516,157218.8000146,137060.30906513287,0.3809160708003967,15.144692702522743
19055,Delaware County,IA,,227864.76904381605,222180.36692830504,190722.87601400647,2.558462835442743,19.474272728082155
47139,Polk County,TN,"Cleveland, TN",239116.74852085565,235055.88157179856,174565.89865167846,1.727617671977577,36.97792659835542
08097,Pitkin County,CO,"Glenwood Springs, CO",2569314.601396418,2401320.0753263743,1513854.776944533,6.995923941843163,69.72001809725484
29053,Cooper County,MO,"Columbia, MO",232932.34710520657,231657.74022455863,176906.0780887231,0.5502112208348287,31.670064489465876
48287,Lee County,TX,,345296.3755682619,345078.0557744947,284328.76594482356,0.06326678561960897,21.442645601067902
08093,Park County,CO,"Denver-Aurora-Lakewood, CO",513231.803649975,526541.2401142656,399563.0331522531,-2.5277101678497726,28.448270001596597
55103,Richland County,WI,,262998.84981438355,226005.02603049207,163823.6714653425,16.36858455479675,60.53775834832389
47023,Chester County,TN,"Jackson, TN",157525.58470483907,160335.37629125707,135646.67260683488,-1.7524464353480318,16.12933931775764
05001,Arkansas County,AR,,123688.41513864195,125018.82068884392,126856.44859011764,-1.0641642137332097,-2.497337334195626
17181,Union County,IL,,153227.2051233656,146230.92476607868,131756.85198718923,4.784405465860697,16.295435730556118
28051,Holmes County,MS,"Jackson, MS",95251.15350132204,96199.3399517237,106656.0008030559,-0.9856475635669493,-10.693113576228408
05135,Sharp County,AR,"Batesville, AR",142960.7887953403,146325.81738611232,138327.48564358463,-2.2996820731181367,3.3495173646789667
13017,Ben Hill County,GA,"Fitzgerald, GA",122172.91221708646,127818.29200530746,92335.59976772282,-4.416722911605319,32.31398563979837
06043,Mariposa County,CA,,386844.4670115555,390059.92668686336,360200.3170316934,-0.8243501716825197,7.397036793145784
32013,Humboldt County,NV,"Winnemucca, NV",336284.5136920945,327429.90126857255,241475.5094535193,2.704277278652989,39.26236845017386
13075,Cook County,GA,,158631.55875629556,153705.89876357708,123880.46696937672,3.2046004950629037,28.052115589384496
19043,Clayton County,IA,,280059.81027598394,253538.4034528768,190050.89080593965,10.460508728428763,47.360430192327854
01067,Henry County,AL,"Dothan, AL",184876.31771129972,185963.68215842755,158559.64242961505,-0.5847187120125219,16.59733515946007
05047,Franklin County,AR,"Fort Smith, AR-OK",171942.2865934757,170494.4861625792,126896.864510098,0.8491772745752524,35.49766360050066
54065,Morgan County,WV,"Hagerstown-Martinsburg, MD-WV",290760.77552500163,287615.15316055616,193415.37962518385,1.0936914588396185,50.32970805551329
21161,Mason County,KY,"Maysville, KY",166133.88692493868,164598.30988419094,113981.71012954482,0.9329239418242707,45.754864298948306
28017,Chickasaw County,MS,,136107.58468845,139893.07351614902,117565.33640353584,-2.7059873177080584,15.771866820734504
19171,Tama County,IA,,167856.6926581629,157553.451501978,121467.15728715186,6.539521069175391,38.19101097537407
48145,Falls County,TX,"Waco, TX",140715.64749837326,150864.51200423166,154736.18442457556,-6.727138391282983,-9.06092972263799
30067,Park County,MT,,568727.5523455644,566848.0968418646,418443.243926261,0.3315624616490487,35.915099741886806
21147,McCreary County,KY,,96949.877340047,105980.24061696976,72173.20928794706,-8.520798994559753,34.329453126089064
21079,Garrard County,KY,,279730.6970036141,274582.16824351595,195287.43176606833,1.8750411918708965,43.24050169224356
17045,Edgar County,IL,,99571.36459260808,107299.09635483735,113362.77317386473,-7.202047384139865,-12.165729714555173
19083,Hardin County,IA,,136729.1829471344,130817.26945787318,109919.12240825004,4.519214866478327,24.390715602067182
48415,Scurry County,TX,"Snyder, TX",137492.88437629145,137346.09113376058,127577.79793929862,0.10687835475995389,7.771796188009472
54041,Lewis County,WV,,125664.96762327228,126703.51522545716,108119.07318789062,-0.8196675525038666,16.228306364493328
51520,Bristol City,VA,"Kingsport-Bristol, TN-VA",176954.35412637456,177861.97964878974,117596.86898436084,-0.51029766125813,50.475395862714365
05107,Phillips County,AR,"Helena-West Helena, AR",51608.70006467775,54905.31416745301,67836.82415459237,-6.0041803835619305,-23.922293374071547
29059,Dallas County,MO,"Springfield, MO",226835.22877301963,220586.4401165657,158537.89566463552,2.8328072447027397,43.07950021795259
05037,Cross County,AR,,136910.84358021963,145124.3143950228,118072.0242156936,-5.659610416795102,15.955362406687756
17187,Warren County,IL,,114768.06105596758,109270.8402357822,94596.8979590183,5.030821405164998,21.323281769438076
05067,Jackson County,AR,,91825.01877987816,103362.80961311392,95739.67318248334,-11.162419903659359,-4.088852899198548
08051,Gunnison County,CO,,692514.3008274316,667996.7644997291,496626.0840894527,3.670307646783888,39.443803499998076
04012,La Paz County,AZ,,262803.31785152416,258499.19011468967,188293.8202551812,1.6650449600731365,39.57086721984054
48395,Robertson County,TX,"College Station-Bryan, TX",259765.66758192147,258998.42127534503,249783.61407209103,0.2962359008979343,3.996280359267068
51029,Buckingham County,VA,,240943.14099142945,242293.60328681252,199464.69232299228,-0.5573660538551128,20.79488263580569
17005,Bond County,IL,"St. Louis, MO-IL",159090.558448601,152330.67289703604,131425.37737551783,4.437639132687421,21.050105866568124
51071,Giles County,VA,"Blacksburg-Christiansburg, VA",196346.76520330805,188698.8469785823,148227.6982175285,4.0529755995773575,32.46293881941242
23021,Piscataquis County,ME,,213705.53176561737,209235.49572507924,144056.02177142818,2.1363660238659765,48.34890561166625
05089,Marion County,AR,,216240.49827713412,216077.6590271507,171833.8353740232,0.07536144676714152,25.842793304620628
13241,Rabun County,GA,,392290.5643832792,386336.34366799705,270468.5219741116,1.5412012907589645,45.041116622372776
45061,Lee County,SC,,139495.8542484067,158493.94453287078,150079.1954746571,-11.986634783087247,-7.051837659962379
54091,Taylor County,WV,"Clarksburg, WV",183036.33588094768,176772.20989287537,137999.12616889732,3.5436146846093086,32.63586586550502
18139,Rush County,IN,,209747.7139282216,198175.29617364003,140174.57688334447,5.8394855352918995,49.63320638576067
12029,Dixie County,FL,,211486.935296637,207070.1918937366,146273.04499552853,2.132969193927714,44.58366905748221
17147,Piatt County,IL,"Champaign-Urbana, IL",216147.16812020252,200782.8678318869,172601.59213606673,7.652196850370707,25.22895382668753
55065,Lafayette County,WI,,232493.54632762456,208899.91871022308,161855.2430226253,11.294225370249933,43.64288853783063
29143,New Madrid County,MO,,98189.4508730313,99284.72061522154,82540.24744574273,-1.1031604212645818,18.95948208487679
35053,Socorro County,NM,,197191.05199793703,188662.70802063151,179258.24097426343,4.520418511311131,10.003897687609387
19095,Iowa County,IA,,221556.4642245065,213718.98911260345,160566.76713913385,3.6671870592526856,37.98401012366652
55129,Washburn County,WI,,292919.7056484723,276475.36591573426,196877.94624396376,5.94784988466206,48.78238585722406
19047,Crawford County,IA,,175268.95294072383,167817.3592061354,117796.74717582313,4.440299722173191,48.78929778860348
38077,Richland County,ND,"Wahpeton, ND-MN",218385.26773301,207889.9787955452,169767.21678953632,5.048482374317165,28.63806797501216
41001,Baker County,OR,,298833.5035483697,288007.6746286742,210931.71554733277,3.758868208513233,41.6731015404423
05087,Madison County,AR,"Fayetteville-Springdale-Rogers, AR",266498.239719861,260381.3384680962,190873.08894257096,2.349208775003775,39.6206459466079
16049,Idaho County,ID,,347320.0262584512,338571.9610604132,240124.2905084747,2.5838126614616597,44.641770944115834
42105,Potter County,PA,,156500.2350724634,154109.1054599007,142433.5208996869,1.5515823062024703,9.875985711736647
46127,Union County,SD,"Sioux City, IA-NE-SD",348213.0638475912,335249.4778220676,268872.9482622546,3.8668474921246476,29.50840391274674
18045,Fountain County,IN,,185839.64402077612,175718.65355181426,135059.58473075542,5.759770100888839,37.59826404860638
19121,Madison County,IA,"Des Moines-West Des Moines, IA",323744.8410060936,322022.21983324917,243628.95121700797,0.5349386057075245,32.884388078214855
19041,Clay County,IA,"Spencer, IA",187035.3773803979,176319.0078107583,140480.24511028346,6.077830009763541,33.139985080155945
28061,Jasper County,MS,"Laurel, MS",132980.32145947986,146918.65962299143,142891.95027775978,-9.48711225604616,-6.936450093244051
13183,Long County,GA,"Hinesville, GA",277821.64438521693,273923.98871790903,189427.89428303763,1.4228967990538965,46.663534130883555
20005,Atchison County,KS,"Atchison, KS",177456.55098289344,164664.1914223859,118863.7510555553,7.768756187976189,49.29408621805369
08003,Alamosa County,CO,,316978.2334233951,303789.5433086659,221555.58297722111,4.341390414919166,43.06939557284129
01057,Fayette County,AL,,143614.46390095513,144503.80358731767,108933.9965560934,-0.6154437906024768,31.83622050165369
55013,Burnett County,WI,,285749.11047869985,273618.95699357596,194899.41498542565,4.433228464286798,46.61363170334187
47181,Wayne County,TN,,171869.40040330755,169653.9144646812,117030.05659802504,1.3058855409360914,46.85919617525671
18121,Parke County,IN,"Terre Haute, IN",207320.2793812518,193372.73343848763,135640.6425334226,7.212777983097052,52.84525014703241
13083,Dade County,GA,"Chattanooga, TN-GA",245508.89694742463,246807.34759896403,179640.76209320957,-0.5260988638187691,36.66658618384078
30041,Hill County,MT,,223651.60431600583,205878.35708930943,163692.5141987417,8.632887632276187,36.6290971891768
05075,Lawrence County,AR,,132012.15291270017,136931.3148873416,107593.69755127568,-3.5924302477403414,22.695061065066046
21127,Lawrence County,KY,,148514.10730946736,153997.23298591553,120354.25701836246,-3.56053519283015,23.397469261771555
13027,Brooks County,GA,"Valdosta, GA",177449.76234171377,175855.1148678878,136112.0358307058,0.906796185612202,30.37036824753927
17191,Wayne County,IL,,137594.4453298114,132551.38198894996,131830.35773401035,3.8046101558427026,4.372352237282895
51750,Radford City,VA,"Blacksburg-Christiansburg, VA",256533.69790881904,250330.08778294735,193156.30008002408,2.4781719931527446,32.811457768935256
21203,Rockcastle County,KY,,146396.28134763235,150976.62922020786,107969.57175555913,-3.033812515376022,35.59031398130439
55023,Crawford County,WI,,224644.986440863,207457.97928652447,153618.22481643813,8.284572718507576,46.235895323810915
12125,Union County,FL,,265019.3405485029,261355.97916940323,169622.4637204672,1.4016749839594,56.240709358665455
29013,Bates County,MO,"Kansas City, MO-KS",220733.50505210963,218360.65756513216,165687.5615618532,1.0866643805877318,33.22273740488788
05133,Sevier County,AR,,168809.84102537952,166342.66704966963,133650.48481580065,1.4831876989042092,26.306942513553988
51025,Brunswick County,VA,,140008.30632469314,141144.72450787635,151861.62346578762,-0.8051439309159525,-7.805340724389708
51011,Appomattox County,VA,"Lynchburg, VA",279466.10733558604,257737.39636218816,194448.97701905508,8.430561990648577,43.72207641298091
55007,Bayfield County,WI,,287526.3219800196,274340.87297500484,212172.8808583091,4.806228420150904,35.5151142864635
27065,Kanabec County,MN,,259645.04872217836,249130.45133297567,195073.6880165683,4.22051874146423,33.10100986050244
55003,Ashland County,WI,,180482.4735461031,188906.42657217677,150016.18216434252,-4.459325804278591,20.30866999960366
29155,Pemiscot County,MO,,89598.64400496137,93462.4859369051,92062.21686736618,-4.134109951400323,-2.67598689911418
20133,Neosho County,KS,,106778.20934426952,107994.56564678503,80050.80475482863,-1.1263125095514748,33.38805233913493
31131,Otoe County,NE,,237366.09518370335,227945.3426170236,164437.30277481538,4.1328997813777635,44.350516080136934
48289,Leon County,TX,,291448.86241003237,304035.4463221053,263210.690219281,-4.139840950893037,10.728353079894326
17159,Richland County,IL,,139181.8648488815,125793.09110935593,119640.9281114679,10.643488940013635,16.332986583995357
47005,Benton County,TN,,178620.3194781225,170598.44915217985,128849.3312091376,4.702194167537166,38.627277147601745
21045,Casey County,KY,,148870.67812535356,147388.65730188182,103229.12193539512,1.005518912107517,44.21383746586815
05141,Van Buren County,AR,,170218.9375126314,168788.6587514915,125009.63198139529,0.8473784741934276,36.16465772650579
19101,Jefferson County,IA,"Fairfield, IA",178898.55105516207,169361.89820003338,137456.60891924187,5.630931724598964,30.149108479948072
06105,Trinity County,CA,,247949.1252533033,258807.87393233224,291003.20925301785,-4.195679410383035,-14.795054704115106
20139,Osage County,KS,"Topeka, KS",204109.01187716468,196386.7640528036,140748.1822368938,3.932163077082307,45.01715662205004
17131,Mercer County,IL,"Davenport-Moline-Rock Island, IA-IL",167598.32810154752,153293.45713089968,154964.24319585922,9.331690496374346,8.152903305390314
27001,Aitkin County,MN,,260096.25386979137,252843.65396059936,184158.64985593385,2.8684128692121336,41.234883114783386
47153,Sequatchie County,TN,"Chattanooga, TN-GA",277120.99284887064,272748.23144816724,194188.48346010965,1.6032226414397055,42.70722336929782
29135,Moniteau County,MO,"Jefferson City, MO",231957.93310765215,222364.33650863628,167378.75095239366,4.314359375089483,38.582664638013874
13163,Jefferson County,GA,,117885.7746784825,129351.42848194424,117879.82459259292,-8.863956075337963,0.005047586311013319
21103,Henry County,KY,"Louisville/Jefferson County, KY-IN",244551.33092897697,237474.7487108018,175849.36286555885,2.979930395375674,39.06864770157994
40117,Pawnee County,OK,"Tulsa, OK",173842.41235720497,164696.53377848715,121017.96696503606,5.553170044864952,43.650084955922864
28023,Clarke County,MS,"Meridian, MS",103335.6259703514,117782.14754943176,108329.21301047296,-12.265459477224539,-4.609640282015892
19067,Floyd County,IA,,151516.697321838,143203.81469044148,118243.22143438392,5.804930999475255,28.139859083523323
51135,Nottoway County,VA,,190554.5215613898,166996.37732887946,125524.38509749396,14.106979210761782,51.80677556268238
17039,Dewitt County,IL,,151998.63915992863,140012.67561289374,106102.83530642564,8.56062745359829,43.25596363278665
08049,Grand County,CO,,739601.2260882766,745775.8007644922,560442.7198658045,-0.8279398003912308,31.967317956306186
54001,Barbour County,WV,,117169.023807424,123743.3381575173,107933.40319885364,-5.312863260343448,8.556776989191107
17023,Clark County,IL,,138759.40495107122,128446.93100975196,120503.34185113058,8.028587261875742,15.14983968037511
17015,Carroll County,IL,,152201.19999923802,137672.46312308687,100647.0814159767,10.553117556385727,51.222666229323586
01129,Washington County,AL,"Mobile, AL",167029.2473955824,171519.76868900753,149101.48530234746,-2.6180779788521846,12.023865528154264
51063,Floyd County,VA,,266729.594417466,244907.76831572605,188747.7501823185,8.910222101900867,41.31537682426516
55077,Marquette County,WI,,262651.4213868215,241281.9823391388,171168.61561575485,8.856624452648276,53.4460160479596
18165,Vermillion County,IN,"Terre Haute, IN",130911.04221263602,128578.05217979984,102927.04113000282,1.8144543281568781,27.188191533931082
17101,Lawrence County,IL,,98740.99261552586,118887.2689599194,104180.8153502972,-16.94569697886279,-5.221520600007301
18013,Brown County,IN,"Indianapolis-Carmel-Anderson, IN",350947.9836024016,341758.97403530584,246209.7003457757,2.6887398035512877,42.54027485900516
27127,Redwood County,MN,,177491.9490244198,164106.27202514527,130111.15312543746,8.15671261926143,36.41562983713125
16047,Gooding County,ID,,344275.1153620684,344276.74555131525,241499.23828647996,-0.0004735112864584501,42.55743322621579
51077,Grayson County,VA,,193941.21712102144,187568.47330395103,137866.34272078154,3.3975559457390725,40.67336036744476
40095,Marshall County,OK,,194855.22366653275,198596.49195128187,151105.54269641152,-1.8838541647890228,28.953061674262592
22125,West Feliciana Parish,LA,"Baton Rouge, LA",368075.53474333294,363090.07030419074,271086.80710334686,1.3730654861934033,35.777738015487756
27135,Roseau County,MN,,216048.8489260588,214313.13717882257,176181.4739448543,0.8098951702563806,22.628585224393795
18159,Tipton County,IN,,238037.435741327,223986.63522568124,156565.05760305174,6.273053078139523,52.03739543521697
40073,Kingfisher County,OK,,225697.10348411696,219441.7300257407,188324.59755259185,2.8505851907212554,19.844728950549538
51005,Alleghany County,VA,,173555.03356527872,171048.36593478164,131043.89529797935,1.4654730063032861,32.44038050809901
19145,Page County,IA,,147006.03446494526,139602.21342507692,113024.20614385132,5.303512643688779,30.06597390106296
29121,Macon County,MO,,180735.53145806855,169974.4742344812,124890.07344440196,6.330984268109807,44.71568994514816
22049,Jackson Parish,LA,,115783.8324578659,121373.08341545868,134239.394888473,-4.605016862314393,-13.748246143347199
12045,Gulf County,FL,,393877.1964212512,415872.83925606305,283544.01902192686,-5.28903086678103,38.912186467524165
48371,Pecos County,TX,,142838.51758209357,146290.10348273255,178891.98210981768,-2.359411756822216,-20.15376212087119
51830,Williamsburg City,VA,"Virginia Beach-Norfolk-Newport News, VA-NC",404714.3875117691,403896.0248649685,310377.89245972433,0.20261715798619573,30.3940768153409
35057,Torrance County,NM,"Albuquerque, NM",220979.0664699851,211993.1260153723,205684.04395135088,4.238788598249732,7.436173572244553
19079,Hamilton County,IA,,160937.58404440663,155833.4757441601,114722.10360429746,3.2753606218898668,40.28472193947632
01029,Cleburne County,AL,,223888.0069282943,217541.1084951698,170417.97647002785,2.917562789409711,31.375815841628917
26113,Missaukee County,MI,"Cadillac, MI",221548.03033924525,209130.99701527876,181234.48570661817,5.937442799576642,22.243859647046715
26011,Arenac County,MI,,155801.02797509337,150923.086095129,112007.97123140498,3.232071385612767,39.098160838225795
29117,Livingston County,MO,,189817.67116619504,178553.94459591876,131573.2968478658,6.308304527109132,44.26762550890204
21069,Fleming County,KY,,170676.25905892634,164948.92211129185,106000.2409143963,3.4721881624483864,61.014972783657264
48239,Jackson County,TX,,206156.9566035608,219183.90708611568,216978.19890685787,-5.943388205702849,-4.987248653466015
37121,Mitchell County,NC,,222637.4314136768,231883.1256019488,165279.3757380606,-3.9872216506789626,34.70369815924212
27143,Sibley County,MN,,277740.2140150704,260301.0117525293,222168.7097542824,6.699629073712821,25.013200248698308
17149,Pike County,IL,,116571.23588126057,106916.0202850505,93787.4407607079,9.030653750923513,24.29301294048947
47007,Bledsoe County,TN,,242676.23277389063,223826.73047055828,160262.19490353155,8.421470600810022,51.42450340204532
26053,Gogebic County,MI,,119191.57635468338,116616.68173310872,88828.76634775707,2.207998532720734,34.18128074418873
19109,Kossuth County,IA,,165082.24050834574,162529.86041851586,128617.51805552782,1.5704068675488125,28.351287603820087
48255,Karnes County,TX,,199502.7644183428,191136.4505332606,250430.42176067136,4.37714201647077,-20.33605062207601
01065,Hale County,AL,"Tuscaloosa, AL",172679.28706117423,172631.45218293706,148777.90801698493,0.027709248594209868,16.065139887207348
46027,Clay County,SD,"Vermillion, SD",279256.50895173434,265363.78225990414,191334.53117456744,5.235351476194783,45.95196551162515
29073,Gasconade County,MO,,227913.74434007503,227647.8484001429,156815.53553702985,0.11680142896179913,45.33875330627322
51685,Manassas Park City,VA,"Washington-Arlington-Alexandria, DC-VA-MD-WV",455951.1630355084,449118.3133500402,350938.0054461169,1.521391909962655,29.923563694931655
51125,Nelson County,VA,"Charlottesville, VA",345856.5184070356,342158.8499435321,247708.33816202552,1.0806876584118053,39.62247737531208
13221,Oglethorpe County,GA,"Athens-Clarke County, GA",306212.07432914415,301933.4712985806,208905.30313147197,1.417068141588218,46.57936861298029
22059,LaSalle Parish,LA,,140964.51382213182,146716.42576080418,165065.27621503465,-3.9204280698944105,-14.600746411078102
21123,Larue County,KY,"Elizabethtown-Fort Knox, KY",225453.2958890289,220411.1853696285,157954.66551110885,2.2875928510364796,42.73291337074998
27129,Renville County,MN,,189943.77056819727,173269.24449573588,136857.75816474968,9.623477104081068,38.789187485843904
13161,Jeff Davis County,GA,,144099.68437556256,138719.0642814452,106890.44145174373,3.878789207517075,34.81063640345909
48353,Nolan County,TX,"Sweetwater, TX",110770.50343968128,110905.14483316946,131045.13189783768,-0.12140229715286166,-15.471485406998886
51043,Clarke County,VA,"Washington-Arlington-Alexandria, DC-VA-MD-WV",554936.2256848871,548645.5329185777,436286.27289327094,1.146585981087922,27.195435695186674
56007,Carbon County,WY,,199976.4336604264,196892.8977062819,164449.79428754526,1.5660981122561646,21.603334638875737
05021,Clay County,AR,,118857.1498814762,123950.89956142948,95236.03252026616,-4.1094898850886015,24.80271041969695
19129,Mills County,IA,"Omaha-Council Bluffs, NE-IA",273908.34387660754,262590.7146119052,221774.2551590997,4.309988371610607,23.507728018343286
17139,Moultrie County,IL,,178419.86998323048,165191.3573699603,129173.17787126364,8.00799316857952,38.1245494796505
54103,Wetzel County,WV,,110391.02465892256,113497.7898531544,96056.1413516048,-2.737291358934335,14.923442796693465
21191,Pendleton County,KY,"Cincinnati, OH-KY-IN",240047.23828417063,230854.0875186889,171499.2461609435,3.9822343473721267,39.96985039741705
39067,Harrison County,OH,,132418.05884806844,142029.64013989829,115485.82626683977,-6.767306656809458,14.66174086342451
49037,San Juan County,UT,,347956.89877894364,345788.4636430657,267580.50030300306,0.6270987507889458,30.038212195927528
19085,Harrison County,IA,"Omaha-Council Bluffs, NE-IA",213426.9784675201,200801.15376692265,169885.7565410813,6.287725176745096,25.62970717083617
29065,Dent County,MO,,188394.39627523988,178588.83238190843,123009.68254955063,5.490580660924227,53.15411955424813
48389,Reeves County,TX,"Pecos, TX",166355.52181310082,170827.7125298185,256556.1846946068,-2.6179538732259533,-35.158249250111396
08071,Las Animas County,CO,,237387.3493959768,249602.9345825765,183627.66514273616,-4.894007038430226,29.276462351929666
42057,Fulton County,PA,,224491.09874364987,217207.79853294592,183510.51476559183,3.3531485793311555,22.331463693186638
21119,Knott County,KY,,57502.319164693414,64682.35467290214,48392.1153740066,-11.100454744602416,18.825801931320974
28129,Smith County,MS,,158006.35676666544,161108.42587139332,149549.98847153815,-1.92545429449118,5.654542926786443
13159,Jasper County,GA,"Atlanta-Sandy Springs-Alpharetta, GA",317047.9014603028,303558.1746832,215196.57317855247,4.443868721763455,47.32943781462657
22027,Claiborne Parish,LA,,95777.54652489728,103394.9790296172,238875.7706996709,-7.367313747931547,-59.904871789900106
19023,Butler County,IA,,181421.1429491774,174047.7788327086,134093.90068009132,4.236402306263232,35.294105122644595
20011,Bourbon County,KS,,128026.71365797152,128922.86509430218,89914.3772551187,-0.6951066714776744,42.38736625480342
12065,Jefferson County,FL,"Tallahassee, FL",294546.4314537219,291931.68759424525,206153.07012958467,0.8956697647399148,42.87753816548767
31151,Saline County,NE,,218576.01899140657,214702.77926482688,150696.44855291504,1.804000739926237,45.04390852625604
51610,Falls Church City,VA,"Washington-Arlington-Alexandria, DC-VA-MD-WV",1102926.0676667285,1060664.5372015303,864554.1220311121,3.9844389043779627,27.571662613279212
47015,Cannon County,TN,"Nashville-Davidson--Murfreesboro--Franklin, TN",315909.7824949122,299836.7222875268,208795.88974086495,5.360604293149995,51.300766929361274
40023,Choctaw County,OK,,130401.11473382858,137411.67300380956,97870.88337505508,-5.1018651594370805,33.237905122520495
17127,Massac County,IL,"Paducah, KY-IL",116260.54858886584,116164.6541478222,105051.252693024,0.08255044681801937,10.670311498899633
54031,Hardy County,WV,,214914.81054081616,214383.81105346893,153868.9323855208,0.2476863736762258,39.673946656329576
51051,Dickenson County,VA,,107004.78466659044,102890.37273115585,79777.16194993145,3.9988308198525058,34.12959555235518
45017,Calhoun County,SC,"Columbia, SC",199930.62564567983,206852.97730079095,167721.05909306827,-3.346508107081836,19.2042470556655
01027,Clay County,AL,,173030.7807197728,166782.35239864836,134315.4674448959,3.746456523283248,28.824165981300844
29039,Cedar County,MO,,224632.86872332625,217391.30986797065,144077.75144350258,3.331116988877647,55.91086512160892
55107,Rusk County,WI,,205754.5358080731,188233.13460703028,143162.83790906073,9.30835117718345,43.72063226266274
40035,Craig County,OK,,186104.31780441795,185512.17456131204,130324.681301491,0.31919373728768186,42.80051633035438
37173,Swain County,NC,"Cullowhee, NC",316013.3363456561,322044.0246142884,226138.67150089875,-1.8726285252009478,39.743164779492446
39121,Noble County,OH,,185398.95587296292,178775.9681076994,142129.8372054443,3.704629786299729,30.443374535759492
31185,York County,NE,,222154.60857170925,208906.44251512087,159628.28111098774,6.3416742428273665,39.16995599122417
21065,Estill County,KY,"Richmond-Berea, KY",121489.43152655348,134375.13573243908,108907.73448724368,-9.589351583274276,11.552620296939043
19141,O Brien County,IA,,183593.8555578757,170400.2880424617,130391.03387986742,7.7426908528032135,40.80251539919946
54087,Roane County,WV,,120475.36538763857,121619.80393407062,111060.78263467202,-0.9409968684478742,8.476964171894297
40005,Atoka County,OK,,205419.33720328097,205913.9150702152,139418.8821209116,-0.24018671431971228,47.33968174061973
19005,Allamakee County,IA,,242750.06023557557,227634.245398008,170892.25715996968,6.640395785413689,42.048600837626516
21221,Trigg County,KY,"Clarksville, TN-KY",131326.98286104517,156097.3845368068,215654.0285042874,-15.86855650994008,-39.10293085091416
27113,Pennington County,MN,,189766.543855507,198341.3616441927,190393.70437167867,-4.32326253969566,-0.3294019191660613
16041,Franklin County,ID,"Logan, UT-ID",430723.1533179975,421482.4905261761,331015.4376207091,2.1924191394725456,30.12177208832705
13251,Screven County,GA,,174914.0844026643,182756.8401405368,136877.5592754732,-4.29136098645696,27.788722511219397
47033,Crockett County,TN,"Jackson, TN",183932.45808104452,171760.0422197039,124341.16794836312,7.0868728861690045,47.92563164392079
27159,Wadena County,MN,,222148.41020447764,210994.11107569665,161411.22967952638,5.28654523669585,37.628844440093644
55099,Price County,WI,,202385.24422792948,183866.04395527215,140515.7770764531,10.072115478354648,44.03026367481417
28147,Walthall County,MS,,148210.77720158783,155335.4604409332,137597.05753853914,-4.586643139384494,7.713624006876696
12047,Hamilton County,FL,,195537.00805876695,198903.5429602365,129515.64067047536,-1.6925464732131745,50.975594180372966
17193,White County,IL,,116016.47021815258,112782.11442681908,127193.10798964342,2.867791411582532,-8.787141023710888
39115,Morgan County,OH,,152505.30464854394,153064.4446066351,123401.10035384377,-0.3652970874641226,23.58504438878257
02130,Ketchikan Gateway Borough,AK,"Ketchikan, AK",383606.06169605633,353339.95288729895,323091.97815323033,8.565719376322845,18.72967688294831
48505,Zapata County,TX,"Zapata, TX",123144.17134970764,132706.4299577939,156139.18059055807,-7.205572941060545,-21.131793516563178
27043,Faribault County,MN,,154607.44390579066,142438.62092760534,100957.17726098042,8.543204714380192,53.14160726396009
01075,Lamar County,AL,,128663.1959006067,142813.7919604037,125760.6220498417,-9.908424015322248,2.3080148646327903
22127,Winn Parish,LA,,104497.838245006,112264.39502473205,133366.23495501943,-6.918094359315841,-21.645956129563004
40099,Murray County,OK,,169309.27949065718,185118.36803375665,126459.95001757676,-8.539989149113858,33.883715332106924
18111,Newton County,IN,"Chicago-Naperville-Elgin, IL-IN-WI",219305.0688807607,209888.3635570718,154862.4432646073,4.486530441278291,41.612817322042915
12013,Calhoun County,FL,,171485.02492732872,180859.6588633127,144436.25587051266,-5.1833747751725,18.72713252901359
30035,Glacier County,MT,,174594.6416925673,181159.0768779243,106473.7150310867,-3.623575091288689,63.97910192350442
17189,Washington County,IL,,155634.7439281151,142837.6121360348,119352.2331180824,8.95921711425185,30.39952404923685
37041,Chowan County,NC,,225643.3226711951,227081.13668063332,166939.59677633466,-0.6331719272043013,35.16465058527223
25019,Nantucket County,MA,,3029344.0264639114,2891573.5606859163,2037522.3647856696,4.764549920193417,48.6778294471665
21225,Union County,KY,,128768.0774254944,125442.83959695736,94448.27140635176,2.6507992319217966,36.337145728677235
48059,Callahan County,TX,"Abilene, TX",210603.41457882532,198775.13752934625,184549.88537104233,5.95058174603591,14.117336976612972
21175,Morgan County,KY,,128427.8551308943,131763.30464819606,103015.2081727322,-2.5313948570182765,24.668830368765637
38053,McKenzie County,ND,,360792.9962225084,338017.59710800095,305502.98938169185,6.737932968392291,18.098024818911938
51113,Madison County,VA,"Washington-Arlington-Alexandria, DC-VA-MD-WV",404052.1803347552,397111.8276580968,302591.3687144869,1.7477073693795697,33.53063639961347
56009,Converse County,WY,,298240.6322836537,294139.4635190996,229779.1364192744,1.3942939568487578,29.79447870300056
48455,Trinity County,TX,,177892.60611734053,185227.72251868012,154672.17523918065,-3.960053226157789,15.012674931513992
28041,Greene County,MS,,155238.4596976374,130257.81099305536,112682.2757231361,19.177850843750054,37.76652867666888
05065,Izard County,AR,,170489.39210573465,165154.4901922527,130318.14662739309,3.2302493909016405,30.825519329398986
21025,Breathitt County,KY,,81728.390772791,92510.0527619856,77206.35306978541,-11.654584196308038,5.857079790983266
17053,Ford County,IL,,149688.3741661542,144106.03825287442,121572.94827426258,3.87376960810204,23.12638320530369
48313,Madison County,TX,,276116.6217880932,272645.6191555301,192949.8103458196,1.2730821215150456,43.10282103579972
47161,Stewart County,TN,"Clarksville, TN-KY",231864.71704039528,248762.7427665301,181081.29764237045,-6.792828193727562,28.044541351984552
48093,Comanche County,TX,,224864.65599477003,216139.61230709788,162114.64598541442,4.036762902709068,38.707181345602336
45009,Bamberg County,SC,,135419.01286044522,150337.6549866218,119530.7877488804,-9.92342346134385,13.292161300688532
39111,Monroe County,OH,,148030.37643182595,140938.08548434763,129971.64230842442,5.0322032707518005,13.894364803476078
51690,Martinsville City,VA,"Martinsville, VA",109601.25080040134,108510.98560711404,66433.33146949844,1.0047509818359002,64.97930839238823
47061,Grundy County,TN,,199528.08570220385,196951.32572446504,143582.01880612865,1.308323245990084,38.96453564399054
28013,Calhoun County,MS,,123496.07228399951,134264.33227649322,114767.03629216563,-8.020194052965923,7.605873841345989
40063,Hughes County,OK,,112775.50137618964,112384.87006115272,82851.5111879406,0.34758354467498975,36.11761542933041
29151,Osage County,MO,"Jefferson City, MO",257253.31153674144,257791.7064997839,184856.57579417477,-0.20884883007006305,39.163732981387426
16043,Fremont County,ID,"Rexburg, ID",459377.6941415621,426767.3280510724,327909.96584770916,7.641251789215486,40.09262968082841
55011,Buffalo County,WI,,243965.67231117748,224991.27835094577,170737.1488937456,8.433390884883574,42.88962530527203
17025,Clay County,IL,,107480.89404662658,103159.8144190339,92800.77871318546,4.188723731161925,15.818957057259396
53051,Pend Oreille County,WA,,359838.408253944,353261.94675019645,278599.01213042525,1.8616388105900272,29.159972787515407
01041,Crenshaw County,AL,,136070.0247698806,133882.85447246747,107745.13760127495,1.6336448054018016,26.28878462564652
06051,Mono County,CA,,749080.0976987613,735999.5809184657,542386.9249042603,1.7772451397285005,38.108067009724735
20085,Jackson County,KS,"Topeka, KS",243032.00114122976,228575.7984991727,159384.0864875789,6.32446774198161,52.481973889011634
08007,Archuleta County,CO,,558380.801142153,559488.987396386,404175.6191336427,-0.19807114692105277,38.153014360206015
21135,Lewis County,KY,,118098.5046720183,124410.47576927154,101693.85911631312,-5.073504508542559,16.131402326803478
08081,Moffat County,CO,"Craig, CO",296319.8230491699,288860.4175563106,203885.2238662783,2.5823564045098557,45.33658566817793
17087,Johnson County,IL,"Carbondale-Marion, IL",188801.88601646028,194179.5130778463,145902.5300627019,-2.769410107249637,29.40274986000744
17125,Mason County,IL,,99162.4212828934,87042.17982166937,91016.42626321009,13.924561041618876,8.950027323777721
51007,Amelia County,VA,"Richmond, VA",317134.6431306524,303399.98105785437,217578.02900975492,4.526915929562625,45.75674050086829
02150,Kodiak Island Borough,AK,,393320.5818305951,370371.97430751,345334.21718646755,6.1960971982268465,13.895629872731874
30003,Big Horn County,MT,,207723.31533692504,212512.2545537561,146981.31350496356,-2.253488499704226,41.32634304558056
19029,Cass County,IA,,157525.96082993798,148689.6043012949,113996.78556680636,5.942820663331427,38.18456375475772
48279,Lamb County,TX,,101536.81844742928,112011.07502596284,101864.5090877638,-9.351090127566186,-0.32169265161057226
22013,Bienville Parish,LA,,100515.33061520908,118929.99033811968,125848.55358907244,-15.483613233766736,-20.129927799236203
16079,Shoshone County,ID,,264468.4662961459,266809.4102346334,197240.17036803684,-0.8773843232998679,34.08448482003723
26039,Crawford County,MI,,169475.12866031143,165492.0335196556,123167.46975997828,2.4068198667597684,37.59731282178229
05079,Lincoln County,AR,"Pine Bluff, AR",127222.39767962645,127870.0632516946,116900.13640315134,-0.5065028948905148,8.829982234474842
17017,Cass County,IL,,93441.04391532656,96747.12786804933,80376.82970476362,-3.4172424810706925,16.253706769164445
21197,Powell County,KY,,152396.6057858823,175033.07681264324,113528.47591150273,-12.93268189017278,34.23645879354349
21109,Jackson County,KY,,106820.76160589849,116818.60425614526,132683.13232992726,-8.558433576491598,-19.491830099186924
37143,Perquimans County,NC,"Elizabeth City, NC",273517.77550749475,262526.03105511976,197944.18393601823,4.186916020555365,38.17924329411178
21233,Webster County,KY,,133507.2552739991,123938.61704851962,93282.69162830892,7.720465544434418,43.12114385160284
19197,Wright County,IA,,133151.9076599175,128567.689671855,109291.75803808238,3.5656065686198835,21.83160930902137
26141,Presque Isle County,MI,,208962.37300604177,188060.542572096,151519.22729727047,11.114415681286637,37.911456343472324
29133,Mississippi County,MO,,101967.04659807505,99388.36992371969,85398.49097128754,2.5945456961760094,19.401461827186317
28135,Tallahatchie County,MS,,105832.50815177226,119813.37629785172,133418.05651163895,-11.668870854055168,-20.676023231878084
05061,Howard County,AR,,159525.5660683719,153747.41299471064,131365.42403763393,3.758211576451087,21.43649460048984
48487,Wilbarger County,TX,"Vernon, TX",100710.19116239522,105032.15809477102,112912.50193077596,-4.114898723185401,-10.806873074038958
49027,Millard County,UT,,335936.13060380745,324887.4169203847,239373.31551199444,3.4007822734883897,40.33984109100685
13271,Telfair County,GA,,110087.1335447102,110796.0452044102,93254.11862422572,-0.6398348049265756,18.050693276416396
39163,Vinton County,OH,,174245.11251866157,172338.78333930942,133598.2414518817,1.1061521628586979,30.42470516456588
01023,Choctaw County,AL,,121541.88608541588,138755.22810815362,,-12.405544826981718,
28005,Amite County,MS,,144518.74586379307,161657.00381761594,152716.61202429852,-10.60161796216299,-5.368025162319013
54007,Braxton County,WV,,142427.7695184954,151844.2114799352,112350.10436914235,-6.201383555990292,26.77137268206584
21011,Bath County,KY,"Mount Sterling, KY",172268.24905409958,169378.48405947574,115997.26069044956,1.706099219549695,48.51061829280163
56015,Goshen County,WY,,240688.4300119432,241056.96777351224,171684.83000061297,-0.15288409415127324,40.19201930134646
21033,Caldwell County,KY,,149171.93240547078,158744.0590740175,119938.88653619205,-6.029911748749939,24.37328435632722
47121,Meigs County,TN,,285666.4250290158,281914.2579968183,210672.18370198703,1.3309603632179146,35.597600029206625
29123,Madison County,MO,,165011.1988980249,159180.34625578971,120636.5771607758,3.663048095689825,36.78372080974226
28161,Yalobusha County,MS,,151896.92882533823,157206.73036229264,147571.18396004083,-3.3775917384183507,2.931293731755047
13023,Bleckley County,GA,,172953.85603499482,168536.17342027847,117528.60390465875,2.621207379438939,47.15894708942343
20001,Allen County,KS,,109698.7914640339,110277.14827178534,77790.41295622628,-0.524457529792155,41.018394549162366
48351,Newton County,TX,,146370.0855404718,148410.83002220164,132188.67129642944,-1.3750643948454155,10.728161577659655
27023,Chippewa County,MN,,215002.22700225445,199911.25471777935,146882.58464404012,7.5488357600373535,46.37693605630484
48063,Camp County,TX,"Mount Pleasant, TX",204032.67819387352,214774.0818863008,176996.96455618297,-5.001256947806976,15.27467643610847
18131,Pulaski County,IN,,177867.86210324976,176353.59047127515,118970.08396559214,0.8586565365229948,49.50637687596464
54063,Monroe County,WV,,189799.2219972134,173983.30641980332,134021.42953356777,9.090478795274738,41.61856253717635
47101,Lewis County,TN,,240536.47819685284,231729.77152715027,167506.32817545376,3.800420900458512,43.598442409234806
01119,Sumter County,AL,,94146.74431459856,118953.00523596472,98683.66098279612,-20.853832883127644,-4.597434492208896
13049,Charlton County,GA,,203971.0912060095,202020.45507463263,139291.91321222935,0.9655636755477204,46.43426635631962
21031,Butler County,KY,"Bowling Green, KY",183040.63919706817,195057.14096199532,161763.60309387677,-6.16050338155445,13.153166532055828
35007,Colfax County,NM,,238127.67520804025,249304.65667707977,196475.80834242984,-4.4832622133957445,21.19948873960964
51735,Poquoson City,VA,"Virginia Beach-Norfolk-Newport News, VA-NC",452085.4857425364,446526.9794330538,355234.066445057,1.244831010332259,27.264113565093307
48115,Dawson County,TX,"Lamesa, TX",108817.92079628044,100147.89798605074,121210.70473164832,8.657218957743185,-10.224166225915942
05137,Stone County,AR,,194785.07838082477,190912.6763633838,152563.0592184588,2.028362962169261,27.67512619284018
17129,Menard County,IL,"Springfield, IL",197272.75902904617,182404.0681898177,164890.1050453113,8.151512730382438,19.638931017016592
19075,Grundy County,IA,"Waterloo-Cedar Falls, IA",210086.54399482804,201024.88884787683,149900.81490590205,4.50772797283252,40.15036817959039
13193,Macon County,GA,,109400.77582240466,106678.47234194876,83450.15914357091,2.5518770757513076,31.097144625197526
19007,Appanoose County,IA,,111151.604221846,114616.65436261593,124562.24430516822,-3.023164617776608,-10.766215845041415
13281,Towns County,GA,,386810.37506106606,386427.6357695148,277018.8287351438,0.0990455278357949,39.63324328069171
30089,Sanders County,MT,,403552.6926247107,398522.7376336348,254925.44872915364,1.2621500647473471,58.302238806085825
37137,Pamlico County,NC,"New Bern, NC",271634.2855098138,260448.23712059503,191580.64731606704,4.294921905744875,41.78586893574663
26085,Lake County,MI,,158278.88939133065,143155.36935643537,123533.39796675276,10.56440991552332,28.126394963999246
12037,Franklin County,FL,,408668.0633602768,441221.4705070445,331513.6501793103,-7.378019729946017,23.273374456597786
51131,Northampton County,VA,,297456.28182786936,282575.3797075946,202560.30461771545,5.266170795089553,46.848259529056094
18125,Pike County,IN,"Jasper, IN",176151.9877220269,158722.888633801,120613.8676708426,10.980835365488861,46.046214356336556
21219,Todd County,KY,,216689.98666156284,220904.4265954237,144763.90246594907,-1.9078114453448203,49.685096194841805
19175,Union County,IA,,151872.37830749914,143834.48197615895,114099.75322031924,5.588295811203681,33.10491392057913
17061,Greene County,IL,,116874.99363465572,116977.02973788817,113410.2236084012,-0.08722746975289297,3.0550773254959473
12043,Glades County,FL,,258471.4015897221,264820.46467312006,168496.37263828889,-2.3974971463156747,53.3987928301475
21061,Edmonson County,KY,"Bowling Green, KY",189175.3431583864,191318.2217474867,137003.70370811145,-1.1200598508220638,38.08045916877359
49029,Morgan County,UT,"Ogden-Clearfield, UT",729957.4437244051,723477.893980445,546087.5028274351,0.895611296194665,33.67041727652818
13079,Crawford County,GA,"Macon-Bibb County, GA",188302.64740740057,194133.3064173659,139139.2511011197,-3.00343053830755,35.33395207837597
18009,Blackford County,IN,,135514.66254588298,129352.15573422272,86722.48164800051,4.764131511130154,56.26243618803017
27071,Koochiching County,MN,,147496.24755218634,143620.1583969346,114678.91762071512,2.6988475702269366,28.61670707427677
54089,Summers County,WV,,154295.78332179098,147324.46984349727,114078.07818613364,4.7319454030273045,35.25454300697175
05081,Little River County,AR,"Texarkana, TX-AR",148323.74191884193,151484.52915366026,121385.27131966296,-2.086541280801124,22.192536463701295
05049,Fulton County,AR,,196577.80270682808,197943.65315608657,158628.01652545473,-0.6900198250769152,23.923760135577066
30043,Jefferson County,MT,"Helena, MT",506176.77972138446,486057.7043852813,317271.4116064474,4.139235970253319,59.54062080741793
28077,Lawrence County,MS,,119222.20075739449,125910.60773924088,128012.44885980558,-5.312028193603824,-6.86671349599588
19037,Chickasaw County,IA,,203717.03666237817,199703.0735996343,147595.65703218736,2.0099655906103298,38.02373373218697
48379,Rains County,TX,,280732.9069105808,283048.61555993237,221089.8453896601,-0.8181310637293104,26.976843470944
48343,Morris County,TX,,161183.0237070827,169340.8650141647,145695.20220657942,-4.817408548373503,10.630289306674134
51111,Lunenburg County,VA,,137646.23818178385,141080.82271177848,116355.8810468127,-2.434480083101964,18.297620149002647
53059,Skamania County,WA,"Portland-Vancouver-Hillsboro, OR-WA",543088.1341953528,542116.5523949153,437199.1356276784,0.17922009504143244,24.21985542484011
30017,Custer County,MT,,235605.55382508223,231196.74245422697,168155.3584349326,1.9069522018581697,40.111832306699505
08099,Prowers County,CO,,166779.22197065587,176051.26036866778,126661.57447560818,-5.2666697066498624,31.67310027617991
16021,Boundary County,ID,,454042.18657350587,442928.2892786279,334333.2256005232,2.509186602864899,35.805284012070196
51133,Northumberland County,VA,,355153.64898324007,353255.72334430646,286989.660319467,0.5372667768736461,23.751374383277522
41049,Morrow County,OR,"Hermiston-Pendleton, OR",301770.13342215976,298589.8459016532,222262.62304376697,1.0651023684020489,35.771876210934714
29115,Linn County,MO,,139579.72742910386,127401.43917000508,91199.68558798124,9.558987981955225,53.048474377085356
21229,Washington County,KY,,246731.1353178776,241992.04029904748,170013.9415447713,1.958368140114719,45.12406046000861
19119,Lyon County,IA,,244851.51129907524,225084.9888526663,169021.28738283328,8.781803951994105,44.86430383439599
48445,Terry County,TX,,122595.3647564641,128802.29524822994,162214.98450340927,-4.818959537796852,-24.424142978056686
20115,Marion County,KS,,136097.8415025391,127733.04106632232,96057.45411431688,6.548658331773027,41.68378993323163
21153,Magoffin County,KY,,122897.3553572066,117453.54206914084,86194.43146739596,4.634865149372147,42.58154879029969
16073,Owyhee County,ID,"Boise City, ID",428434.5543746608,423490.3456705226,331154.8267083879,1.1674902992912184,29.375905111579904
29067,Douglas County,MO,,226549.22538420535,217926.5086940657,143365.1529982886,3.9567084985721257,58.02251847553899
17123,Marshall County,IL,"Peoria, IL",131838.53704824575,123356.63673492245,92544.29342117003,6.875917289760269,42.459931535969716
01035,Conecuh County,AL,,123318.31444187036,133805.25729068203,108157.99808118878,-7.837466973386221,14.016824118084624
19165,Shelby County,IA,,205321.40605962285,198973.29826819643,145193.31856414347,3.190432006042232,41.41243418781424
29011,Barton County,MO,,180538.12158529487,166202.6462395203,134966.77872775495,8.625299097293082,33.76485923951928
40061,Haskell County,OK,,150734.82034823834,155596.58320549506,112323.67198135518,-3.1245948703358284,34.19684176035405
48387,Red River County,TX,,181004.8564196535,176589.02559224877,170909.43581192018,2.5006258529344016,5.906883116063266
56003,Big Horn County,WY,,269891.2347988302,255727.51382518164,181044.35435202453,5.538598785006377,49.074648455510996
49023,Juab County,UT,"Provo-Orem, UT",449387.02751090185,428306.4335907025,333352.6715371347,4.921848533413442,34.80828740286284
29063,DeKalb County,MO,"St. Joseph, MO-KS",227817.23037937985,220615.23581595672,179950.48244456542,3.264504618997033,26.599955323576307
38071,Ramsey County,ND,,225098.83463468464,209788.0791310467,190280.2599102146,7.298200911632313,18.29857429294004
47087,Jackson County,TN,"Cookeville, TN",221537.90221041915,218494.4370494096,153925.6061604527,1.3929256973811643,43.9253076447119
28111,Perry County,MS,"Hattiesburg, MS",154777.29241408102,151843.92650536372,141302.96628521162,1.931829593865042,9.535770184521297
19035,Cherokee County,IA,,153767.24094955355,147505.42547636802,119085.56746274652,4.245142477277053,29.123322183988833
51037,Charlotte County,VA,,178687.60339670503,161600.89660802705,141546.8555998765,10.57339850664496,26.23918958808784
26071,Iron County,MI,,138099.56135412183,123679.14706515528,99356.61383755192,11.659535686618018,38.993828412786534
13093,Dooly County,GA,,128967.10589989791,127770.91634779776,100474.6296164102,0.9361986172534698,28.357881379872364
05041,Desha County,AR,,98335.13840463226,105475.3654098157,105942.82933678616,-6.7695683986878645,-7.180939927486252
35051,Sierra County,NM,,174760.6454519047,174830.38097901372,147576.32128272136,-0.03988753368751041,18.420518910418295
16081,Teton County,ID,"Jackson, WY-ID",853683.1974622952,828852.905191991,575158.7136831208,2.9957417190391133,48.42567401884574
27033,Cottonwood County,MN,,160297.1634678133,162020.46595794728,119769.81318260898,-1.063632597243147,33.83770017526339
08105,Rio Grande County,CO,,315651.25902674784,305726.8566600893,212830.9131513064,3.2461663574726796,48.310813665655836
16085,Valley County,ID,,661511.1071073394,639200.0309072881,453238.4389958596,3.490468573410843,45.95211928028515
51081,Greensville County,VA,,161867.31518828592,156512.693754537,117188.74218494432,3.421205849377751,38.1253115020477
30027,Fergus County,MT,,278053.62694783934,266671.71939244546,174280.3971054578,4.26813446184886,59.5438337104476
47169,Trousdale County,TN,"Nashville-Davidson--Murfreesboro--Franklin, TN",342049.096052539,338299.570158699,243918.40871561455,1.108344858990229,40.23094765731086
47039,Decatur County,TN,,170413.43154569413,168912.051793501,135225.53792679068,0.8888529481771767,26.021633308608983
40107,Okfuskee County,OK,,139050.79644303425,126003.28467070636,94615.29673070733,10.354898133350975,46.96439291291195
13149,Heard County,GA,"Atlanta-Sandy Springs-Alpharetta, GA",264894.9766506688,259748.94912410536,187998.2694176511,1.981154319937084,40.90288036757739
17185,Wabash County,IL,,128103.1581931978,122388.98953889088,117272.7251828008,4.668858429042877,9.235253119184271
21159,Martin County,KY,,106805.26839060656,113321.9221078442,87024.27790744127,-5.750567583063049,22.730427598841207
29139,Montgomery County,MO,,227212.91102496465,210672.76581071017,193539.27438732295,7.851107451219308,17.398864775245528
48297,Live Oak County,TX,,216356.28143746473,220168.2993250856,214771.38824599615,-1.7314108794528549,0.7379442878365561
30083,Richland County,MT,,262404.6444097885,256468.64323126315,247678.30297446405,2.314513425008724,5.945753527244868
48475,Ward County,TX,,172648.13443116212,174010.5271231651,212884.21138171083,-0.782936937509926,-18.900451418824872
28065,Jefferson Davis County,MS,,95861.4079513268,95648.889319243,103043.30265332868,0.2221861995432839,-6.969783107752403
46079,Lake County,SD,,303257.30179084046,290031.9923804373,196580.69056499473,4.559948473910214,54.26606800456612
48031,Blanco County,TX,,567784.3979264478,592365.7955527467,440057.3764613797,-4.149699022267416,29.0250836134496
29223,Wayne County,MO,,126426.423754901,124860.17473436407,115755.50590327824,1.2544023936127413,9.218497010880021
13191,McIntosh County,GA,"Brunswick, GA",275287.3489872508,276924.269742858,190017.6351030972,-0.5911077267179099,44.87463168241681
21171,Monroe County,KY,,139151.13621641765,137705.00411039448,88660.78264262034,1.0501667062613462,56.9477869119621
27165,Watonwan County,MN,,168272.10753107662,159557.51557513815,93036.1912268102,5.461724522675104,80.86736495999818
27121,Pope County,MN,,317209.42406046804,303376.1772568763,240053.6177101944,4.559766995771319,32.14107210140873
37187,Washington County,NC,,103905.59437820248,107400.42142744946,90390.08533813329,-3.254016141461591,14.952424250414275
13005,Bacon County,GA,,152781.7897308926,147596.23936044652,102921.91011784176,3.5133350232470217,48.4443784185147
21187,Owen County,KY,,177822.1835673134,179908.527622757,150139.8163409354,-1.1596693514264067,18.437725515473712
21087,Green County,KY,"Campbellsville, KY",181977.75029652065,178733.23948931415,121217.22840910226,1.815281151103676,50.12531855814635
54023,Grant County,WV,,177144.1555704278,180399.8159518776,140402.24047684277,-1.804691631347477,26.169037594271916
29181,Ripley County,MO,"Poplar Bluff, MO",144463.91256747674,142376.07733991684,138061.94359654433,1.466422777314813,4.637026543419354
40103,Noble County,OK,,156711.2325367699,151124.61780476084,114935.86532275545,3.6966940351349287,36.34667655453203
40149,Washita County,OK,,104605.44556313544,104225.67255187345,80576.2338609894,0.3643756878354276,29.8217111308545
37043,Clay County,NC,,334856.05659133685,339015.38131928205,234108.3751660046,-1.2268837808358857,43.034633576817896
51183,Sussex County,VA,"Richmond, VA",174742.562319268,174835.26582495635,128874.1124629941,-0.053023344718772236,35.591670801569954
51103,Lancaster County,VA,,380409.8683234653,368781.1469712011,281142.24093496206,3.153285206624812,35.30868469226838
37005,Alleghany County,NC,,259245.79428098127,263650.5549061123,184446.1141317895,-1.6706813405720333,40.553676341343945
19115,Louisa County,IA,,168966.55980007586,160750.29053424762,128389.2518083995,5.111200258812465,31.60491039563931
40127,Pushmataha County,OK,,151822.98464390088,154356.87807731796,112552.83589364616,-1.641581162420147,34.89041252355651
13043,Candler County,GA,,213418.23075049077,206137.545816726,133150.68116141987,3.5319547949978602,60.28324368221727
30085,Roosevelt County,MT,,137622.3660769891,132625.36874040632,97114.05843142852,3.767753774440874,41.7120943145046
22091,Saint Helena Parish,LA,"Baton Rouge, LA",164442.30133685804,171250.22031740227,,-3.975422027443909,
38003,Barnes County,ND,,194186.9357098079,182440.6819047437,163796.5378585588,6.4383961309666615,18.5537486008964
02185,North Slope Borough,AK,,297067.26211989083,283962.05646176153,275291.96216091997,4.615125633834127,7.909893114221145
19081,Hancock County,IA,,177244.58043708236,171636.14026952485,126066.79778539672,3.2676335873962348,40.5957663323895
27075,Lake County,MN,"Duluth, MN-WI",267258.0750990319,258715.93597427165,185782.1471616343,3.30174447607654,43.85562831638063
31013,Box Butte County,NE,,164483.69295809913,164564.66036817408,128199.41666757468,-0.049200970544838185,28.30299640489844
26097,Mackinac County,MI,,215160.4099837256,192754.23838793847,147173.22392581854,11.62421733663377,46.1953501080981
13099,Early County,GA,,122950.53671054442,125528.88960964064,102022.2829311186,-2.053991640581043,20.51341449941455
21041,Carroll County,KY,,183463.90870942397,181395.44488369316,124088.76276579518,1.1403063770741628,47.84893057213673
53043,Lincoln County,WA,,313829.3557195046,312945.63545091235,234543.70055453785,0.28238779151494864,33.80421430100642
13109,Evans County,GA,,172964.54767374895,173394.52238159458,136623.2545114455,-0.24797479294033087,26.599639492015605
29017,Bollinger County,MO,"Cape Girardeau, MO-IL",191330.5008022243,190336.97567817417,178981.20583528726,0.521982195267201,6.89977191141613
19189,Winnebago County,IA,,152715.47695689948,145836.36657519697,123093.0611161003,4.717006150969527,24.065057422578494
31145,Red Willow County,NE,,168444.08420903122,165434.46414033754,131660.4822472245,1.8192219404419951,27.938225148481965
01131,Wilcox County,AL,,136721.5899736233,136746.41712535135,129862.94716864543,-0.018155614055526126,5.281447059776756
51119,Middlesex County,VA,,378886.14678933145,373323.8261425945,275263.82521125814,1.489945258573555,37.64472919699702
38099,Walsh County,ND,,167702.34319289378,164977.6005757453,149552.6109675214,1.6515833710998074,12.136018293464623
31041,Custer County,NE,,168148.32009641954,160316.24652389303,144418.65922066369,4.885389810669771,16.431159937233765
21131,Leslie County,KY,,63516.40575021063,81654.4265220528,61266.33028057854,-22.21315064522993,3.6726134229478458
51057,Essex County,VA,,290302.8358003197,292989.4368226509,221388.72773872296,-0.9169617346844627,31.128101581995328
31037,Colfax County,NE,,224505.28060178072,209483.27499614717,144161.65341280735,7.170980884230405,55.731621611545435
19077,Guthrie County,IA,"Des Moines-West Des Moines, IA",259362.18509311497,251303.7441917141,186192.05259668155,3.206653735828646,39.29820391149044
05011,Bradley County,AR,,101609.44594103064,118406.49328165314,105541.22613725573,-14.185917406292415,-3.725350121583604
37073,Gates County,NC,"Virginia Beach-Norfolk-Newport News, VA-NC",241242.63637043373,224740.21150345713,165185.44875473282,7.342889266046071,46.04351544828293
17035,Cumberland County,IL,"Charleston-Mattoon, IL",168933.6448576577,160091.4177342076,152143.76422903728,5.523236191293179,11.0355364964843
19131,Mitchell County,IA,,202616.02787838425,191742.00148873535,137502.84400221045,5.671176010065659,47.35406336404726
18025,Crawford County,IN,,191758.60163076184,191941.58773505848,134583.3353988371,-0.09533426625042418,42.483169303603674
30009,Carbon County,MT,"Billings, MT",497059.8881491099,473275.2181581848,321568.4056137618,5.02554730912943,54.57360843656147
40069,Johnston County,OK,,151462.0297002834,139928.7401323607,92473.9548703832,8.242259279268293,63.78885266946923
01037,Coosa County,AL,"Alexander City, AL",175638.40849015722,180037.5104596197,155822.49683183382,-2.4434363473655907,12.71697736926205
16087,Washington County,ID,,374748.86515817256,369460.57599423017,255853.899523485,1.4313541166635746,46.469866535598435
48159,Franklin County,TX,,301500.1068439837,308062.3710551627,236563.07997563345,-2.130173895858223,27.450195049472192
28103,Noxubee County,MS,,106904.60665366736,114531.52031681874,118375.88081433004,-6.659226771856086,-9.69055020477957
05017,Chicot County,AR,,92923.96678637165,103741.5915246961,125391.7456828996,-10.42747135390657,-25.89307511407888
01011,Bullock County,AL,,124651.3613603955,124828.21716068128,110313.22598108316,-0.14167934486969402,12.997657580761057
37029,Camden County,NC,"Virginia Beach-Norfolk-Newport News, VA-NC",388205.4275718108,377201.1821157886,276717.00733147474,2.9173411902628343,40.289688485531315
01085,Lowndes County,AL,"Montgomery, AL",142216.60577318096,141319.39069604504,128335.10423808164,0.6348846203743319,10.816605181811333
19137,Montgomery County,IA,,136631.2965565072,134769.8523281538,104986.37388213708,1.3812022467910356,30.141933190202664
29173,Ralls County,MO,"Hannibal, MO",246718.07340359865,237561.83380672595,166062.86275268462,3.8542553111969857,48.569083607231825
22065,Madison Parish,LA,,88002.8116103277,97395.51062000694,,-9.643872648632945,
21169,Metcalfe County,KY,"Glasgow, KY",163803.7794653231,164203.86757318286,107559.16310867804,-0.2436532791661783,52.29179433073068
46109,Roberts County,SD,,216308.4212294953,210411.6032604985,210522.45244596805,2.8025155826108428,2.7483856074744573
48077,Clay County,TX,"Wichita Falls, TX",199244.30657175192,203216.61216396603,168007.90194997026,-1.9547149959418864,18.59222349618015
05109,Pike County,AR,,180027.8863668414,184000.79619808527,141359.26634893622,-2.1591807825477205,27.354853358147892
20131,Nemaha County,KS,,232462.57707112833,217160.23760675677,152861.567076536,7.046565997998999,52.07391989821551
31089,Holt County,NE,,163662.81198385297,166692.5609382151,140174.63823709157,-1.8175669851788423,16.756364804761237
46019,Butte County,SD,,348475.3462925458,339431.5233896066,278977.8827567548,2.6644027674938453,24.911459951248858
29089,Howard County,MO,"Columbia, MO",223236.13860972915,209399.07443457496,149582.1023776879,6.607987266666493,49.23987232514504
26001,Alcona County,MI,,182197.7044908215,177110.97223018974,153653.83480886332,2.8720593628838387,18.576737585147242
40085,Love County,OK,"Ardmore, OK",195376.1325021883,199821.5443863459,146001.60125824416,-2.2246909850534458,33.81780118740727
48357,Ochiltree County,TX,,121647.23143990718,114279.3375651684,142426.78669791212,6.447266874063917,-14.58963987025732
19069,Franklin County,IA,,150775.74917989707,143798.73075323543,120027.13409221209,4.851933247334772,25.618053217918234
05105,Perry County,AR,"Little Rock-North Little Rock-Conway, AR",183125.1543181655,179923.02881504825,136034.8001746368,1.7797196524569792,34.616402628647755
28015,Carroll County,MS,"Greenwood, MS",173462.35284990715,200076.9046606085,185758.71871356713,-13.302160914498229,-6.619536325840247
19107,Keokuk County,IA,,146614.63729926487,140620.8453087631,119808.5862103028,4.2623780118382415,22.374065112419217
29111,Lewis County,MO,"Quincy, IL-MO",199215.7573080207,176899.96008216403,145431.9360275482,12.614924964082363,36.9821256249278
27063,Jackson County,MN,,218321.58962631444,200756.6709976721,147117.54030063763,8.749357389397039,48.399428905737494
48131,Duval County,TX,"Alice, TX",79223.67673546057,90662.60525073268,,-12.617030454438293,
13235,Pulaski County,GA,,181220.05692901797,177163.25613813443,121443.27922567632,2.2898657878134943,49.22197266450563
20117,Marshall County,KS,,147047.73165932545,144079.41868260715,104004.96491170728,2.0601922216643587,41.38530000385883
48403,Sabine County,TX,,196231.422534592,196498.78403066235,192223.07879257272,-0.13606267203598588,2.085256238323341
19025,Calhoun County,IA,,142143.4383685169,136522.45202704542,104895.3579312272,4.117261489236901,35.509751024169
22123,West Carroll Parish,LA,,119573.2350434931,121992.24915608967,123600.02498464756,-1.9829244311263095,-3.2579200058047153
28143,Tunica County,MS,"Memphis, TN-MS-AR",158761.5610013754,157065.2027514309,134430.85488175697,1.0800344189725752,18.0990488686688
28097,Montgomery County,MS,,124713.2751906241,126026.18670412293,113778.0975287148,-1.0417767511931464,9.610968982100898
08125,Yuma County,CO,,276240.89951628336,258137.19427104248,208766.09536017792,7.013210667437608,32.32076743098211
28155,Webster County,MS,"Starkville, MS",157232.87761920982,163613.44754693634,146201.25520731288,-3.8997833145078764,7.545504582880724
05127,Scott County,AR,,150537.7652975681,146579.68786440883,123975.7561747462,2.7002905319464476,21.42516403399246
29079,Grundy County,MO,,112552.31481453955,109664.96159706503,92401.71351007336,2.632885814598951,21.80760565903297
48507,Zavala County,TX,,87649.33854891628,83623.96908287982,76492.73921235219,4.813655116091065,14.585174294245306
48399,Runnels County,TX,,126054.36150800624,123244.125662709,130007.12428885,2.280218899023412,-3.040420132716337
18101,Martin County,IN,,195438.11532703697,189709.0658760793,130844.7969017623,3.019913373407257,49.366363779654954
13173,Lanier County,GA,"Valdosta, GA",213259.11319686667,203947.94934228703,140538.8339528907,4.56546088578349,51.74390394355495
48369,Parmer County,TX,,159509.76797276482,149474.68737652042,137985.90646087966,6.713565201154403,15.598594134675192
18155,Switzerland County,IN,,246690.30410790603,234327.28495205325,157493.53641964725,5.275962275747115,56.63519260281944
49015,Emery County,UT,,289083.11507371994,264172.6214286364,,9.429627305951849,
19161,Sac County,IA,,158651.9006465422,152080.3961477011,111178.62251981068,4.3210727123953685,42.700005676246214
27151,Swift County,MN,,188122.25843366515,177464.73298538555,131345.07960644117,6.005432893056706,43.22748822974531
38055,McLean County,ND,,209638.16068590104,198316.91530610737,171467.8210425654,5.708663510784762,22.260934682234158
48315,Marion County,TX,,138346.153078315,153237.90108736925,133990.6303941008,-9.718057936961467,3.250617353917584
19039,Clarke County,IA,,188193.00806874223,186766.8687029722,141058.50337358247,0.7635933373376425,33.41486232157709
27133,Rock County,MN,,261496.41209084375,245152.22800636129,183633.39414687583,6.666953108033091,42.401338986138114
38061,Mountrail County,ND,,243097.82218584057,213477.95926513724,181728.0282144948,13.874904473822426,33.770131428989345
22021,Caldwell Parish,LA,,131132.34824358727,121388.6499757592,129954.18179403408,8.026861053132928,0.9066014138894518
51049,Cumberland County,VA,,279808.10595245037,265212.38807845634,190938.42192702484,5.503407280385497,46.54363596834943
27149,Stevens County,MN,,211034.65958005431,196814.85771762347,178287.58834705493,7.2249636167369236,18.367555216044472
20107,Linn County,KS,"Kansas City, MO-KS",164746.4623832463,152481.56624296086,128260.3316839724,8.043527124283889,28.44693306202737
02261,Valdez Cordova Borough,AK,,319105.2307490669,308164.53463443305,292171.16692974145,3.55027749303225,9.218590630403423
13317,Wilkes County,GA,,165027.56247933023,156468.43571418567,110075.15159138793,5.470193861194561,49.92263021533887
49019,Grand County,UT,,574844.374347379,585521.2027723218,451446.11529192864,-1.8234742609473775,27.33399510496497
19091,Humboldt County,IA,,156960.9731022088,145637.2792413652,125846.8946876342,7.775271496301994,24.723755394841618
27173,Yellow Medicine County,MN,,167258.0387278701,157225.2515233455,124666.2206273012,6.381155130818716,34.164682210027244
13155,Irwin County,GA,,146101.7477787501,156782.62118270772,120867.3521751852,-6.812536570306849,20.877759915672
29093,Iron County,MO,,146059.6099452092,143259.75886049808,106098.01040948492,1.954387684986636,37.66479633453314
31179,Wayne County,NE,,241862.1462155024,225137.631302595,167279.405971456,7.428573720058784,44.58572758010209
45065,McCormick County,SC,,320805.681956279,300558.83175287815,204601.9167395983,6.73640168392986,56.795052103336815
31033,Cheyenne County,NE,,163293.0945500253,157982.77096547312,109408.64494813426,3.361330828734954,49.250632459103436
40077,Latimer County,OK,,139154.48980341255,147969.21621221982,129704.17424509116,-5.957135297766969,7.2860535239705815
04011,Greenlee County,AZ,,162535.69881652566,188682.86498388965,190144.30623042525,-13.857732216222452,-14.519818111430727
13053,Chattahoochee County,GA,"Columbus, GA-AL",139856.0337214758,137176.13336966452,123893.76531513596,1.9536199818298128,12.883835087050798
20013,Brown County,KS,,151226.93012824535,141292.777252463,96441.47992487652,7.030899292206505,56.80693644067281
37103,Jones County,NC,"New Bern, NC",126582.69095919396,137580.35038993953,101765.14485241652,-7.993626560461042,24.38707883997879
16009,Benewah County,ID,,319148.0520076601,311013.3816589709,240131.40620511933,2.6155370888860885,32.90558575875955
48043,Brewster County,TX,,217594.53496517488,221925.16529795763,197735.70050744023,-1.9513921852749028,10.043120390891392
40105,Nowata County,OK,,168943.014715855,162229.03164813892,122076.57600607596,4.1385829647791805,38.39101672334455
20159,Rice County,KS,,112479.7849258369,109166.01637414184,83971.07376488067,3.035531259414892,33.950633096321624
19089,Howard County,IA,,190679.76410573832,179643.8836632809,128701.6690619064,6.143198542257489,48.156403483796325
19063,Emmet County,IA,,145561.2680279279,132479.10275932276,118715.82468628538,9.874889696657863,22.613197029615396
08019,Clear Creek County,CO,"Denver-Aurora-Lakewood, CO",553130.1742541081,557083.1306131962,446304.409328823,-0.709581055656261,23.93562839451566
30001,Beaverhead County,MT,,378586.4165273346,378846.7776862479,256349.2680901438,-0.06872465974329112,47.683829701517546
30023,Deer Lodge County,MT,,276397.75621658406,270831.0905469032,155911.3006181971,2.0554012681630596,77.27884708847361
31081,Hamilton County,NE,,288566.06152768835,270178.5743644175,203078.2175704014,6.805679246226881,42.096018460301266
21053,Clinton County,KY,,156642.12480513295,164703.03525938967,115042.58289288536,-4.894208805297151,36.160125117305796
27117,Pipestone County,MN,,193042.65607851,174058.66722154673,141662.4529206874,10.906661047105404,36.269457501621005
46023,Charles Mix County,SD,,275787.0835577335,257144.92240644267,178446.553225069,7.249671110295175,54.54884309807431
17079,Jasper County,IL,,174145.40327835933,149351.26285218357,134141.33555671788,16.60122583008561,29.822326992358626
13167,Johnson County,GA,"Dublin, GA",130167.9998429095,133881.43175197582,103449.46807124006,-2.77367209214322,25.82761639070954
20151,Pratt County,KS,,121076.2139308899,127178.93768967252,89737.270972938,-4.7985333653861595,34.92299533758138
29185,Saint Clair County,MO,,209499.5928502895,199062.44806737083,134963.36969132524,5.243151023334303,55.22700220766279
28069,Kemper County,MS,"Meridian, MS",130447.2729909239,133819.0329933015,119460.04959355092,-2.5196415838293795,9.197404014777932
32033,White Pine County,NV,,181292.49988596785,181176.4199465324,159383.3551855978,0.06407011435025645,13.746193681804119
55041,Forest County,WI,,208823.22760589985,184643.961657729,151878.0896059467,13.095075371590802,37.49397832676156
21149,McLean County,KY,"Owensboro, KY",153979.92662311424,173999.3425192361,132928.53487029098,-11.505454909353263,15.836623621380298
48425,Somervell County,TX,,401109.6704380446,402980.3627205925,297024.04908032954,-0.46421425349824075,35.042826222318894
26119,Montmorency County,MI,,174530.91507691843,174655.9300257865,143546.9089864495,-0.07157784384969057,21.584586048727637
48429,Stephens County,TX,,149201.46505988517,152751.69276760655,154246.07624358972,-2.324182235494199,-3.2704956304612565
22025,Catahoula Parish,LA,,114938.47804568858,104170.57544171652,128147.63177083973,10.336798619296017,-10.307762650481479
28021,Claiborne County,MS,,93864.14788517122,116380.15539929934,139898.0819981039,-19.346947455840635,-32.90533612430555
13253,Seminole County,GA,,135598.4559477171,140346.6990017817,111862.13816888728,-3.3832238932846703,21.219259856264493
13273,Terrell County,GA,"Albany, GA",113114.70088060811,111239.47796998214,84023.30094606579,1.6857530661299913,34.62301481492136
27089,Marshall County,MN,,202351.16331646743,191010.38815310955,180913.682559316,5.9372557026937,11.849562981574246
19051,Davis County,IA,,224939.68366291863,218430.4840384332,152446.72541454466,2.9799868150913067,47.552978295365556
21091,Hancock County,KY,"Owensboro, KY",195367.83613424975,192580.27702595224,141638.89874652005,1.4474790208770294,37.93374409376349
20029,Cloud County,KS,,110977.70837606804,107500.86349174163,76397.29930752782,3.2342483319619975,45.26391558599616
31039,Cuming County,NE,,254624.75442084577,236731.11719392,170751.75725917847,7.558633372336954,49.119844215927586
30021,Dawson County,MT,,185498.56215344623,186383.09559421023,149994.39736391764,-0.4745781466629295,23.670327301217853
21055,Crittenden County,KY,,122523.66903882573,137641.56063341553,124430.6302250547,-10.983522364188891,-1.5325496485711798
19147,Palo Alto County,IA,,165715.4858285913,152661.25464894352,118609.8006126748,8.551109585511396,39.71483382704779
21139,Livingston County,KY,"Paducah, KY-IL",141479.63642390294,146522.10222312223,103134.1608327042,-3.4414369727924665,37.18018868006268
31137,Phelps County,NE,,211793.9472024319,203382.3606645048,162859.89779475215,4.135848610687853,30.046715041753245
13319,Wilkinson County,GA,,139793.73209489862,130628.83214147238,106649.47707356488,7.015985524160984,31.077747337168304
30095,Stillwater County,MT,"Billings, MT",451737.3440786141,442677.1114749753,296172.5418896761,2.0466910009082184,52.525058939084786
26003,Alger County,MI,,203951.4909490772,188974.3349083257,169480.40449576895,7.925497421656313,20.339275537998148
48335,Mitchell County,TX,,97948.05475736216,95987.07984142954,115888.71250763092,2.0429571554548165,-15.480936289707614
51159,Richmond County,VA,,238852.0126127042,228494.4332636929,173203.23578046108,4.532967915703301,37.902742715184836
29149,Oregon County,MO,,166928.9259020354,169444.8701565752,130546.62975904462,-1.484815829605779,27.86919601842124
29025,Caldwell County,MO,"Kansas City, MO-KS",237095.838271698,219278.45371258093,165848.22487427155,8.125460690484076,42.959527273468744
13287,Turner County,GA,,140126.06157675292,141556.51392976858,113870.40576542071,-1.0105167987715213,23.05748858524339
13315,Wilcox County,GA,,121112.354151265,122649.00522677676,100927.75928837153,-1.252885070425569,19.99905180221222
48127,Dimmit County,TX,,126579.69830681988,131825.42482398063,137446.7404420846,-3.9792980179393256,-7.9063658405516986
05077,Lee County,AR,,100782.36275862118,118672.63152490772,113538.19874535868,-15.075311414604997,-11.234840897331866
19073,Greene County,IA,,166651.4472289627,156970.5778131692,107459.25369737831,6.167314633520649,55.08338416185046
56035,Sublette County,WY,,434537.3434157504,424630.7318519763,296602.31725415535,2.3329944868963226,46.50503996008906
40011,Blaine County,OK,,101891.4021590858,102090.624304624,84335.24008761458,-0.19514245004883524,20.81711281456291
19133,Monona County,IA,,154704.2154440184,156452.07720670578,123055.82162670892,-1.1171866771561567,25.71872943428488
40151,Woods County,OK,,109109.13308449468,117023.0743392342,96196.51359892714,-6.762718634273835,13.423167849309191
06049,Modoc County,CA,,183426.8547856639,178941.32498867364,142566.2068731912,2.506704249157732,28.660822791488826
16035,Clearwater County,ID,,295568.3673314878,286853.0962827681,208121.75791725307,3.0382349577738443,42.01704343137567
20205,Wilson County,KS,,96398.76749734402,102888.60392384462,76423.46185116256,-6.307633867113416,26.137661344214003
28157,Wilkinson County,MS,,124038.34366106008,126518.08479856965,129245.78593148368,-1.959989468270551,-4.02910023943388
01105,Perry County,AL,,124459.54397546826,139562.06434478663,135830.41026915985,-10.82136498927656,-8.371370057087535
13209,Montgomery County,GA,"Vidalia, GA",164208.37900350185,169122.63218637972,137024.6799884178,-2.9057336202420125,19.838542237341315
21143,Lyon County,KY,,168990.77178997907,184272.56206548284,132476.21179509096,-8.293036198234027,27.563106991138465
21077,Gallatin County,KY,"Cincinnati, OH-KY-IN",212071.4296155354,203134.1062341633,149128.60990220288,4.399715806989879,42.20707197271525
13165,Jenkins County,GA,,150065.28020680606,160168.30395695477,98341.33373877556,-6.307754718351699,52.59634428532869
18007,Benton County,IN,"Lafayette-West Lafayette, IN",195789.53335482103,186155.01907873308,124165.64741860903,5.1755329100275915,57.68414003813871
54085,Ritchie County,WV,,113116.33157406084,128370.04021459856,101921.9529836153,-11.882607978495463,10.983285016374357
35037,Quay County,NM,,99379.75455903984,111821.33113932871,90721.57678059406,-11.126299833425113,9.543680881324601
29153,Ozark County,MO,,218263.59324095363,200766.12534431057,141675.45287625422,8.715348700700986,54.05886398090076
13141,Hancock County,GA,"Milledgeville, GA",207707.7681908978,200430.80228173148,160813.06323102323,3.630662466209955,29.161004720434857
19117,Lucas County,IA,,173866.98594467586,178616.3118650445,135487.73777930063,-2.658954196723662,28.326731846310803
29137,Monroe County,MO,,217175.3740569667,193962.04614180824,152388.71243725592,11.967974341839493,42.51408164261894
46125,Turner County,SD,"Sioux Falls, SD",284510.83503786527,288926.746316302,203885.06827926543,-1.5283843862632263,39.54471381306115
48009,Archer County,TX,"Wichita Falls, TX",232335.0974992457,232347.82484559412,193398.22827555265,-0.00547771271665054,20.133002029478785
56031,Platte County,WY,,265105.58625313547,265799.1809641223,207062.0529129572,-0.26094689549869265,28.031951061828806
29033,Carroll County,MO,,156492.28860262732,161375.3298042365,113936.83209802868,-3.0258907650461686,37.350043634691275
51115,Mathews County,VA,"Virginia Beach-Norfolk-Newport News, VA-NC",335597.24973070686,334537.7890606866,279650.32336536905,0.31669386977029035,20.006029562941706
27029,Clearwater County,MN,,240257.40363637975,209593.81812876556,158939.44512511647,14.63000473075775,51.162855417829164
05097,Montgomery County,AR,,209382.64400383583,194145.48776461335,129218.5230311134,7.848318503130169,62.03763910335085
02220,Sitka Borough,AK,,465823.9677922425,457135.2239520357,489502.2612970518,1.900694452090268,-4.837218410813482
40075,Kiowa County,OK,,74345.21668126275,80675.40905442533,62873.7099174943,-7.8464955397896885,18.245315536210406
21223,Trimble County,KY,,231243.00075402437,224386.34029978872,160283.30891798667,3.0557387963433547,44.27141685248473
30057,Madison County,MT,,715935.6159999757,711638.2878299517,504263.86388504977,0.6038641039295634,41.976387220000746
48237,Jack County,TX,,228480.18435655997,228262.53189219945,200040.11135400497,0.09535181378927948,14.217185148545264
30087,Rosebud County,MT,,214280.19641105624,220466.1270560244,155212.4441343041,-2.805841753366578,38.05606735091504
29125,Maries County,MO,,233618.95382229923,221135.9804459831,164169.23130340318,5.644930938484416,42.30373862843102
56019,Johnson County,WY,,404404.7487743985,396298.91178754345,288803.3942152311,2.045384618971813,40.02769942274824
31107,Knox County,NE,,190029.6109190056,183876.17034342748,152928.1391169141,3.3465133432381444,24.260722726592054
18171,Warren County,IN,"Lafayette-West Lafayette, IN",217744.01582929047,219182.2215571378,153099.11033762517,-0.6561689710186669,42.224220212061134
29085,Hickory County,MO,,192538.6645899004,178073.1353874676,127719.44959944735,8.123364128428134,50.75124829752908
29061,Daviess County,MO,,276384.669729714,247141.09562739995,170629.83978774078,11.832744379511384,61.97909467273106
54101,Webster County,WV,,80489.32969819802,89836.36645234011,77784.36288516667,-10.404513364975488,3.4775200473451173
38057,Mercer County,ND,,231295.2471941293,226708.09856276424,201669.76580906243,2.0233721955438266,14.690095595745255
31027,Cedar County,NE,,231565.9560328113,208248.44623219772,169698.25704330523,11.196966999030789,36.45747461844471
54095,Tyler County,WV,,111417.91497577146,116949.62096493534,88575.60767838785,-4.729990523716565,25.788484997272064
21023,Bracken County,KY,"Cincinnati, OH-KY-IN",199176.75963922692,192987.0413049095,144383.41514722214,3.207323296147102,37.94988810600868
31045,Dawes County,NE,,181688.2676302587,176699.49299730602,140601.80999843762,2.823310100289156,29.22185541727922
20031,Coffey County,KS,,188922.5520785029,180769.1657818139,127631.69646975218,4.510385530312178,48.02165708365103
46033,Custer County,SD,,495320.7973147365,487104.5096646773,335640.9514921479,1.6867607437498933,47.57460170241599
31023,Butler County,NE,,231652.52207146605,211200.94394191736,151798.73287005592,9.683469092436026,52.60504333047844
12067,Lafayette County,FL,,249698.2596927928,239007.12341661655,165668.6759334921,4.47314545413795,50.72146758330736
47135,Perry County,TN,,164609.75310732648,168377.5239773411,132079.39394564283,-2.2376922887413775,24.629397659919228
31101,Keith County,NE,,231759.44950164467,221684.3346076402,163025.49050579523,4.544802370377887,42.161479645053475
05117,Prairie County,AR,,153588.10402924893,142759.9416903813,115660.42841368748,7.5848744477297725,32.79226623638636
45005,Allendale County,SC,,71971.67228929784,80679.66911507353,74246.37035723538,-10.793297643989408,-3.0637161884047193
13003,Atkinson County,GA,"Douglas, GA",116699.13951613632,118242.2330558839,114021.61704462218,-1.3050273999969941,2.3482586380671133
28019,Choctaw County,MS,,136840.03219958444,165307.1225176274,132527.4224768216,-17.220728232691485,3.254126309984695
26013,Baraga County,MI,,163860.25802619802,154034.94915893523,130862.324214886,6.378623111775061,25.215763214725474
51620,Franklin City,VA,"Virginia Beach-Norfolk-Newport News, VA-NC",228437.22547118735,222062.42044592035,156575.00029429336,2.8707266238320983,45.89635959880187
47083,Houston County,TN,,217551.7886243983,218783.07484193056,150419.86106696405,-0.5627886062127385,44.62969655818814
29081,Harrison County,MO,,122136.77715716977,121486.1656771713,85407.71853422066,0.5355436780574374,43.004378589310654
27101,Murray County,MN,,239259.9468255211,212077.17009514937,161659.7908987461,12.81739883561066,48.002138005596585
48193,Hamilton County,TX,,263857.591759101,258396.88728135324,197383.5261771375,2.113301183772376,33.67761579165822
26135,Oscoda County,MI,,142350.88152914456,138087.34575462557,109285.63685288356,3.0875644333805186,30.255800879645566
54015,Clay County,WV,"Charleston, WV",121931.20747227264,129213.26818231256,108599.66026641676,-5.635691142619614,12.275864559015126
41037,Lake County,OR,,189853.3055600673,189854.29468752653,140115.77921013892,-0.0005209929334837327,35.49744834615267
37075,Graham County,NC,,218477.24760107193,226780.77188475255,157408.57763542605,-3.661476330056934,38.79627837504955
20027,Clay County,KS,,161717.43613847464,152698.9662393208,116784.57632052092,5.9060451562058525,38.474994929667176
08113,San Miguel County,CO,,1586440.1241981303,1473743.9963601967,985389.072237188,7.6469270182790705,60.99631799207395
13289,Twiggs County,GA,"Macon-Bibb County, GA",95827.59896842146,103026.59826538048,89767.76412577648,-6.987515280680745,6.750568983933203
17065,Hamilton County,IL,,117499.06014660334,120230.04146652472,176617.94179806032,-2.2714633436118015,-33.47274973855813
38097,Traill County,ND,,212870.08352123972,195201.4615061937,203590.03173721817,9.05148039298127,4.558205382078673
54075,Pocahontas County,WV,,177591.50680845548,172929.77492042628,121160.45726456688,2.695736977726537,46.57546762196956
26153,Schoolcraft County,MI,,185662.66771490057,173441.62655042057,140514.28766226943,7.046198428568862,32.13081089742753
12077,Liberty County,FL,,190848.7543249353,185670.32605639347,133413.42913816354,2.7890446354734033,43.050632577093474
48405,San Augustine County,TX,,176267.56439862738,182654.39951637608,216850.0937306404,-3.496677405340065,-18.714554664856387
16059,Lemhi County,ID,,366405.7690495935,347144.5091222529,239591.1909741288,5.548484686115951,52.92956621646334
54017,Doddridge County,WV,"Clarksburg, WV",125889.49678294634,121957.56954018484,106014.0338294232,3.224012463995485,18.747954620331498
28053,Humphreys County,MS,,82469.22825436182,77616.03358373822,77039.18089590994,6.252824895242304,7.048423017099026
20193,Thomas County,KS,,172071.69228667693,162963.88454825876,128471.67040117669,5.588850415333013,33.93746010256664
31147,Richardson County,NE,,113972.3161721485,111688.04103056184,91748.26678740296,2.0452280481502827,24.22285473385848
05129,Searcy County,AR,,185763.64117702807,175981.90030780286,146046.51729455567,5.558378931081176,27.19484491531452
13269,Taylor County,GA,,149923.02448001984,144004.7545788265,118942.883928563,4.109773957465923,26.04623288776442
16077,Power County,ID,"Pocatello, ID",261340.20788860135,271055.8606232255,192712.6127355924,-3.5843728714389123,35.61136667643445
01063,Greene County,AL,"Tuscaloosa, AL",125974.82006462044,133416.69128332922,129794.50352995344,-5.577916186592358,-2.9428699686435578
48083,Coleman County,TX,,133328.18185019697,140895.44951133535,146032.6828301168,-5.37083893580933,-8.699765513929014
21007,Ballard County,KY,"Paducah, KY-IL",129447.2314894632,138239.77129638338,100947.35380781832,-6.360354711575111,28.232416805994156
20003,Anderson County,KS,,185009.6093610791,175974.12960475418,120408.23179867426,5.1345500481343676,53.65196099750062
22081,Red River Parish,LA,,156678.6156511033,151033.02188745743,174828.94814922905,3.7379863642354128,-10.381766114976077
56043,Washakie County,WY,,260190.3345528103,238300.77634159135,173760.64221740534,9.18568480861406,49.7406611948787
40093,Major County,OK,,161334.44504762616,155440.26487711052,124777.29542094065,3.7919262265639686,29.297917945214834
19053,Decatur County,IA,,154619.07822699324,150666.8275705838,160237.45071609982,2.6231724130236334,-3.506279252445743
48501,Yoakum County,TX,,185014.16620855653,194865.8748254003,197521.41510089583,-5.055635639472989,-6.33209765429762
28037,Franklin County,MS,,148041.81029151147,156442.54440836245,154839.40401454456,-5.369852650134932,-4.390092926471456
28009,Benton County,MS,,145606.3674938275,133871.3298081998,140882.10464389605,8.765908056968374,3.353344884982268
31121,Merrick County,NE,"Grand Island, NE",221107.6375326505,210568.1605873801,156587.51763294305,5.005256690218762,41.20387172299973
13181,Lincoln County,GA,"Augusta-Richmond County, GA-SC",246331.01598837375,229451.3773795532,177540.71202696176,7.356520933364741,38.74621385486239
48307,McCulloch County,TX,,152061.52593226646,142807.34046645733,137287.01121677822,6.4801889283714775,10.761771696055833
49025,Kane County,UT,,414196.147733636,404729.6441148307,302023.4704450186,2.338969669372548,37.14038419707442
05025,Cleveland County,AR,"Pine Bluff, AR",159372.7909753884,152292.14279649206,157922.73604872974,4.649385088998459,0.9182052964249676
48495,Winkler County,TX,,122970.92462503718,122001.53747558167,135162.31992351988,0.7945696173292216,-9.019818027229087
54073,Pleasants County,WV,,158119.4279255202,161402.26273499362,128737.30433680589,-2.0339459644772795,22.82331740599759
19135,Monroe County,IA,,163202.69000225372,162844.96898577653,115708.56410644752,0.21966967644448943,41.04633590657421
29057,Dade County,MO,,193208.83232740356,181723.76159248696,124620.60091522262,6.320070988114201,55.03763495639089
08021,Conejos County,CO,,202881.40540540023,199318.6709476943,167429.08183793133,1.787456458928971,21.174531436412103
13309,Wheeler County,GA,,147802.70580760887,142505.30243509792,104362.74920047552,3.717337728484571,41.62400563412469
47027,Clay County,TN,,202380.88568233667,192874.7480747601,134961.44285633322,4.928658470051195,49.95459547492509
13197,Marion County,GA,"Columbus, GA-AL",177029.51908120466,181783.9763833928,150515.7549431417,-2.6154435593160885,17.615274991032457
30105,Valley County,MT,,173776.83551656842,169271.15729401496,131365.15853714567,2.6618109632979836,32.28533155344242
46051,Grant County,SD,,237007.7938405093,216246.44076606285,204991.8978197846,9.60078371736357,15.618127526616178
20043,Doniphan County,KS,"St. Joseph, MO-KS",166629.59616461824,150414.88049948486,113648.37536848088,10.779994380402357,46.61854656906175
16015,Boise County,ID,"Boise City, ID",468727.4362217947,463541.2328453393,345948.93021928024,1.118822449649426,35.49035573681096
21181,Nicholas County,KY,,196782.67245059067,194623.35334532068,132498.79487535616,1.1094861270007472,48.516575290897876
54021,Gilmer County,WV,,118331.63251618056,117927.94917249883,95551.43486830278,0.3423135452743642,23.84076982127523
22035,East Carroll Parish,LA,,58359.58805149357,79915.56002349539,,-26.97343541816425,
20095,Kingman County,KS,,166047.8664021413,164018.0365832411,120962.12373602692,1.2375650027184992,37.272611685046186
41025,Harney County,OR,,207017.25030539397,203241.9350507719,148736.9693161707,1.857547387392744,39.183453352028884
48069,Castro County,TX,,138017.98766861903,152511.4109214859,167925.8864430261,-9.5031730185279,-17.81017769678663
19195,Worth County,IA,"Mason City, IA",181272.46416851497,175894.06495961073,134585.55138678866,3.057749111739083,34.68939444142236
19001,Adair County,IA,,179840.49952147677,170720.52661402125,130010.7299670512,5.342048251804354,38.32742848767483
29041,Chariton County,MO,,136776.93575809288,159887.42962535107,287260.89083811926,-14.454228153777194,-52.38581369046471
20067,Grant County,KS,,149037.81961656117,144856.77080296385,115291.9230994728,2.8863330242840046,29.269957174686677
08065,Lake County,CO,,503563.9022439073,488957.6685435355,351562.19299655064,2.987218452648377,43.236079497560766
21063,Elliott County,KY,,150729.423220298,169625.7456777673,108866.19118087253,-11.140008482772457,38.45384098160744
46067,Hutchinson County,SD,,218518.35706517435,204887.94371014007,163516.1059407492,6.6526185524696135,33.637207055527284
51157,Rappahannock County,VA,"Washington-Arlington-Alexandria, DC-VA-MD-WV",550997.0242352533,547538.213329881,436879.4807305319,0.6317021937770173,26.12105821813804
05101,Newton County,AR,"Harrison, AR",226766.9616576956,244555.91015995212,163197.66325847237,-7.27398020788852,38.952333709914825
41063,Wallowa County,OR,,430770.88003019727,427682.699538593,316520.016142898,0.7220728112069974,36.09593645278941
55091,Pepin County,WI,,274826.99582047836,242769.35808726365,168824.4550514029,13.204976931928769,62.78861716852588
50013,Grand Isle County,VT,"Burlington-South Burlington, VT",433629.75096948654,431058.6297639408,338272.8388157144,0.5964667049941141,28.18934930975083
51678,Lexington City,VA,,336829.2184705124,324714.3946348795,250399.3361759711,3.7309167797304754,34.51681766192929
28063,Jefferson County,MS,,93054.8197687164,127289.57818984771,137374.12368654626,-26.895177836217997,-32.261755510051906
31139,Pierce County,NE,"Norfolk, NE",233782.88238894448,231762.1236095183,179301.38642767633,0.871910710841961,30.385429274549413
21129,Lee County,KY,,97847.9333642201,97902.10699954722,61876.867418894115,-0.05533449379937494,58.13330158071675
41023,Grant County,OR,,278552.4606345429,270909.71030694555,203688.4836574137,2.821142999613424,36.754153024696244
31095,Jefferson County,NE,,138104.15469829092,132615.7541446335,102734.84916343963,4.138573572240634,34.42775827565843
53019,Ferry County,WA,,285544.0317330942,270799.6563342049,266432.8801050559,5.44475410289762,7.172970400838907
19177,Van Buren County,IA,,176530.6880853738,177656.35934219067,127184.41185111598,-0.6336228328582716,38.79899707522596
47095,Lake County,TN,,106106.63901795236,106126.21465443952,85116.65496958327,-0.01844561831485514,24.660254865360876
56011,Crook County,WY,"Gillette, WY",406060.0828685236,408392.724780073,280752.2857046392,-0.5711761669617288,44.632868027907136
29203,Shannon County,MO,,182448.9419158683,177370.33937934344,128000.6581634261,2.8632761003310803,42.53750295793386
48111,Dallam County,TX,,148383.3279469354,139260.00586799675,106999.30670733892,6.551286582298843,38.67690596611877
30007,Broadwater County,MT,,506038.348058453,504344.47081207536,327716.103454711,0.33585720562183674,54.413635071303545
42053,Forest County,PA,,131808.24729812003,121795.6237930854,131910.59864411398,8.22084011987554,-0.077591449850134
48047,Brooks County,TX,,72374.11814319098,84390.3596084729,,-14.238879323457088,
18161,Union County,IN,"Cincinnati, OH-KY-IN",189138.7826919694,182089.58052551872,145241.28282882317,3.871282555600586,30.223844769315654
19151,Pocahontas County,IA,,103021.38764605508,105529.81862991527,100366.0418919176,-2.3769878660145016,2.6456615246389648
48175,Goliad County,TX,"Victoria, TX",260023.60086371377,254213.3861455276,242137.4004186846,2.28556599881804,7.386797914779697
08063,Kit Carson County,CO,,231049.15262843377,216297.00336666,167871.58442168307,6.820320685056536,37.63446233285828
40141,Tillman County,OK,,52717.52520243938,60179.447671237634,46413.55954735647,-12.399453231214409,13.582163739565978
48437,Swisher County,TX,,91161.16953780688,97498.04512153992,94059.16597839624,-6.499489888062437,-3.081035654999298
30005,Blaine County,MT,,205413.86520966273,211045.5477187175,130170.55151264391,-2.6684678117733673,57.803637476107774
31127,Nemaha County,NE,,170505.46525859457,164479.091297835,126325.6959166336,3.6639149166061147,34.972907943540335
46009,Bon Homme County,SD,,174094.08913587022,162787.39182061053,155626.78584005768,6.9456836852079595,11.866404100121898
16029,Caribou County,ID,,318507.68428700353,298401.11950084596,228311.81749898163,6.738099649153817,39.50556207561364
19093,Ida County,IA,,147574.9239493433,137066.75501188854,108119.11885899464,7.666460723129642,36.49290292663743
46047,Fall River County,SD,,285290.6859005539,271855.7640673795,212650.2701496929,4.941930100052794,34.15956899548096
48017,Bailey County,TX,,130401.12171547784,146572.5096089357,121767.67132498196,-11.03302927445543,7.090100596121562
49001,Beaver County,UT,,299340.6310418966,277904.6689214306,200045.78154778745,7.713422809217496,49.636062668179434
48283,La Salle County,TX,,118628.0080163316,138471.9900452712,,-14.33068306626627,
30077,Powell County,MT,,308245.9148413521,298371.12069674773,188399.82464683833,3.3095676691313303,63.6126336206359
17169,Schuyler County,IL,,149869.55285481454,151742.2283644754,126173.81108063618,-1.2341162574486586,18.780237809441047
38067,Pembina County,ND,,148142.51815612943,144347.01634155086,138843.76461126228,2.6294286579486625,6.6972784632439275
05095,Monroe County,AR,,85148.96851479831,93205.38928764172,107436.0704945076,-8.643728473662016,-20.74452451316028
56045,Weston County,WY,"Gillette, WY",232994.82799539188,239452.2493647613,187005.63044016,-2.696747007597622,24.592413312361728
20197,Wabaunsee County,KS,"Topeka, KS",250894.6796559668,241349.43236613143,162116.43438705735,3.954949135888186,54.762026813980484
02240,Southeast Fairbanks Borough,AK,,288740.561901023,322264.7295053706,287508.5864352745,-10.402679702430461,0.4285004079437549
48391,Refugio County,TX,,130455.87914466322,146406.63397130652,149268.79710908988,-10.89483064665595,-12.60338284275021
54093,Tucker County,WV,,198365.3904764289,203534.09852085484,151080.46051508724,-2.539480156882079,31.297846061714708
51036,Charles City County,VA,"Richmond, VA",269458.39117178234,269032.1060984542,212891.67532908777,0.15845137575221102,26.570656534715976
31173,Thurston County,NE,,167470.59429260925,158430.27149905683,129117.05284554588,5.7061839937617265,29.704474042590757
08055,Huerfano County,CO,,256670.7058708175,269181.282190827,199897.67619192592,-4.64763976833299,28.401045355015842
48075,Childress County,TX,,119878.34926831904,106576.47503743098,107235.83549564535,12.481060408703026,11.789448661671575
27073,Lac Qui Parle County,MN,,209346.3449967769,183498.7033095539,137917.4575342081,14.086007814245537,51.791041351564985
20167,Russell County,KS,,113263.57086482306,105105.08981305924,76659.73273953093,7.7622131014535745,47.74845517615107
13065,Clinch County,GA,,110776.617326889,109728.37802683312,96054.05908036012,0.9553037408422727,15.327367096701018
31021,Burt County,NE,,182246.36647859568,174377.57568796887,119800.50024599912,4.512501541314706,52.12487936558681
19071,Fremont County,IA,,170535.26965840792,159391.95583633537,126719.20268918834,6.991139398223201,34.57729060739896
47067,Hancock County,TN,,164743.60410543764,146107.95618641938,117346.4503176366,12.754711246005668,40.39078613754836
51097,King and Queen County,VA,"Richmond, VA",289579.34358253743,274618.5854411398,199720.30458442157,5.447831623400523,44.99244039562964
51640,Galax City,VA,,166905.18310400433,155725.58819409617,115109.5282465642,7.179035275804457,44.99684400277797
32027,Pershing County,NV,,217110.25385915628,223063.73506103025,153322.4589936763,-2.6689597034879275,41.603686298894324
21237,Wolfe County,KY,,212657.71272448907,219475.1255538639,154242.566372485,-3.1062348465096146,37.87226037910676
51530,Buena Vista City,VA,,180615.0519926333,170907.05595431433,121245.40862212516,5.680278081037238,48.966508542637065
29045,Clark County,MO,"Fort Madison-Keokuk, IA-IL-MO",167081.53520679355,160463.11243857958,156896.13178202597,4.124575840286848,6.49181296510104
05039,Dallas County,AR,,106978.14718595913,122189.0287311636,132658.60872656386,-12.448647561206972,-19.35830760409778
31099,Kearney County,NE,"Kearney, NE",251107.9615385781,224919.72219143723,181375.9043322545,11.643371729247963,38.44615273624468
51181,Surry County,VA,,268461.6724002969,265496.0352369356,220652.6959236496,1.1170174954645562,21.667071084955246
21075,Fulton County,KY,,80591.77348469188,86263.60165566689,64266.35159929928,-6.574995782827275,25.402751952034876
19185,Wayne County,IA,,137761.7528165579,130702.65678426815,97570.41898236344,5.4008818228853395,41.19213000556998
13243,Randolph County,GA,,93722.09916437464,91249.6024048463,79776.75363895496,2.709597296170818,17.48046252738238
27107,Norman County,MN,,172668.81356711176,158047.23745597605,127754.43147710484,9.251396194260298,35.15680949044506
27167,Wilkin County,MN,"Wahpeton, ND-MN",215063.92097551376,199701.70073380964,168766.51112124408,7.6925835810387255,27.43281800795716
08103,Rio Blanco County,CO,,325854.4160199443,317267.1319540422,244841.605262925,2.7066415651105125,33.08784496410367
17071,Henderson County,IL,"Burlington, IA-IL",125056.07377156068,120437.11290370894,127337.22690082942,3.835164059059326,-1.7914267373242754
47127,Moore County,TN,"Tullahoma-Manchester, TN",346813.8833038152,319314.9006898667,232770.39865796175,8.611869522699411,48.993980894207944
31093,Howard County,NE,"Grand Island, NE",269023.2850555674,262104.0282517239,203910.28764992475,2.6398895316474214,31.932178683122302
38009,Bottineau County,ND,,203510.20534391352,196318.22579477387,173679.73638663988,3.6634293734184142,17.175560936404267
54013,Calhoun County,WV,,95479.35618054452,93330.24165281592,82734.22336508367,2.3026989855262636,15.404910201694943
13283,Treutlen County,GA,"Dublin, GA",117792.95386364148,134095.60417771543,117084.3022406616,-12.157483024177463,0.6052490465573213
46115,Spink County,SD,,163984.95457515915,150946.47205941242,113777.20095295664,8.637818650451656,44.12813217558573
20053,Ellsworth County,KS,,134634.76669854068,121745.59606792012,88559.7021290955,10.58697073808721,52.027122338646194
05073,Lafayette County,AR,,97615.96232522196,101351.36773890612,102868.94200802212,-3.6855994122418134,-5.106477796175357
08109,Saguache County,CO,,229754.86750965175,237020.04066127157,186530.9701934998,-3.0652147098407467,23.172504421819728
20145,Pawnee County,KS,,103483.81014002422,97763.31540016228,65255.07703202061,5.851371464282851,58.583538395403025
46101,Moody County,SD,,286695.07234486565,269841.83993968536,189915.35181101563,6.245596460855474,50.959398285060864
05147,Woodruff County,AR,,82106.86594207508,91522.7491432612,83705.8747946279,-10.288024878325475,-1.9102707623282034
17009,Brown County,IL,,161006.623141203,146590.24051372043,172900.0641009412,9.834476413273375,-6.878794997319771
48377,Presidio County,TX,,213995.94448815324,219842.82316153892,180533.11221473184,-2.6595722295148283,18.535564951442062
16007,Bear Lake County,ID,,384967.04162841226,381637.5403449909,266604.5588092752,0.8724249926806316,44.39627114696554
31003,Antelope County,NE,,210898.82521393473,201113.0072250605,160989.87663281886,4.865830472080401,31.001296246065692
51021,Bland County,VA,"Bluefield, WV-VA",177264.97795727686,167155.09476607828,142888.61378225815,6.048205234394222,24.05815499575312
54071,Pendleton County,WV,,209688.6535447284,190099.64065517497,140082.22914678208,10.30460279779608,49.6896892788669
17047,Edwards County,IL,,139016.7246091419,123723.35924003476,146582.47207200213,12.360936094077935,-5.161427117386785
29075,Gentry County,MO,,132980.5978141011,129304.0970031162,114144.39264142634,2.8432980053959778,16.50208541723717
30099,Teton County,MT,,334893.2251386393,314784.1482946601,205997.503492586,6.388211399119026,62.57149696510391
19143,Osceola County,IA,,163255.07283721422,149376.7722642761,118662.69682187017,9.290802286438971,37.57910211857367
21165,Menifee County,KY,"Mount Sterling, KY",127911.46894701068,131238.08532041163,96525.05512322644,-2.534794960837139,32.516338668458175
29179,Reynolds County,MO,,162931.3430460725,172992.28811256334,133712.79711869356,-5.815834437627854,21.85171992284505
46057,Hamlin County,SD,"Watertown, SD",318947.3907410248,276806.60245752597,226762.20302671217,15.223910090788051,40.65280125341408
31035,Clay County,NE,,175003.72994939247,167445.70670196242,123528.09700086516,4.513715756763248,41.67119400225745
38005,Benson County,ND,,145512.31184175206,151746.23365817816,185562.579205317,-4.1081229274319675,-21.583159457624824
29205,Shelby County,MO,,191050.56690097685,174256.5714490095,120547.05578544464,9.637510546844187,58.48629869568751
47175,Van Buren County,TN,,221781.8470060166,220946.4291293501,154785.71470661715,0.3781087931398197,43.2831494988958
55051,Iron County,WI,,210694.9398037507,200643.81935677736,164778.9364402618,5.009434369418986,27.865214059161648
20073,Greenwood County,KS,,102255.48211859066,96375.73431957612,79528.2879803274,6.10085914315075,28.57749703336403
27051,Grant County,MN,,229806.3120318309,212324.4063270424,159582.25238034307,8.233582755371604,44.00493075139591
29211,Sullivan County,MO,,97767.44061757468,103832.00684811466,110286.88179552957,-5.840748353647074,-11.351704730546075
21057,Cumberland County,KY,,141079.89585490583,145189.63536007114,120704.80919515388,-2.8306011616966553,16.880095164070717
08025,Crowley County,CO,,150659.70071344625,162985.08303435243,148944.73436937717,-7.5622763086290234,1.1514111937760863
13201,Miller County,GA,,159655.99965508856,156036.96590497094,106894.59413481627,2.3193438356919005,49.35834776988741
30073,Pondera County,MT,,251909.7475872039,231131.85157618095,156270.67154844225,8.989629023144197,61.200911912069536
50009,Essex County,VT,,223898.31579016996,220187.90741227265,172270.95312811105,1.6851099688004467,29.968698567346806
20181,Sherman County,KS,,144293.86994522598,137765.83881003386,97883.0534284604,4.738497723077528,47.41455736327818
42113,Sullivan County,PA,,201371.92128806477,193083.89093046528,147972.7523936738,4.292450456462071,36.08716336662121
19173,Taylor County,IA,,131487.4635916505,127057.4078593498,95289.17118906428,3.4866567852578134,37.98783424274392
18115,Ohio County,IN,"Cincinnati, OH-KY-IN",273518.3445333916,265211.9696528529,190277.76244597617,3.131975864969916,43.746878782563535
30015,Chouteau County,MT,,287331.5238669651,257331.9787789362,180782.2604782566,11.657915673900888,58.93789750544889
26131,Ontonagon County,MI,,128397.25559633544,122039.27230647614,99494.25674164592,5.20978466168871,29.04991685071949
20123,Mitchell County,KS,,137847.7888841375,141855.05110327457,104234.45745914448,-2.824899210828713,32.24781156285867
31167,Stanton County,NE,"Norfolk, NE",257790.5509508265,241734.3143689336,183704.36063453424,6.642100697953834,40.32903196221949
08011,Bent County,CO,,115577.96069826772,137786.0972977874,126988.9062478761,-16.117835569087056,-8.98578142513865
48065,Carson County,TX,"Amarillo, TX",160277.74763002075,158930.52884317766,141416.80379181766,0.8476777851613715,13.337130618486226
13263,Talbot County,GA,"Columbus, GA-AL",179681.20706735746,188932.9751424303,151349.82445344757,-4.896851948739089,18.719138073810004
08047,Gilpin County,CO,"Denver-Aurora-Lakewood, CO",542024.512113141,553453.1237680766,439953.6249641902,-2.0649647032663143,23.200374166086
20143,Ottawa County,KS,"Salina, KS",171310.61436059934,167335.75945157188,119505.05483421822,2.3753768603045122,43.35009895459878
48411,San Saba County,TX,,202526.03344300776,202559.3271523321,214462.79856465873,-0.016436522470908432,-5.565890775248894
51595,Emporia City,VA,,148268.4555235252,156251.06726907735,89045.52867507568,-5.108836621131962,66.5085914246768
40003,Alfalfa County,OK,,78814.32684094533,115740.23091464974,104907.66466333058,-31.904121654063978,-24.872670558556354
48169,Garza County,TX,,120000.24287849265,122568.2948224756,146351.6625026376,-2.09520084105147,-18.00554853530962
32015,Lander County,NV,,256213.73273880585,252735.4862727505,199919.7060931689,1.3762398455995362,28.15831802964044
20069,Gray County,KS,,234425.30944558387,224372.7063834548,156448.18020061197,4.48031457308764,49.842145268153715
51580,Covington City,VA,,102170.10918777891,97472.58303320184,67580.03338033347,4.819330737318173,51.183869076796796
38073,Ransom County,ND,,199453.2597016321,183366.1880381537,187766.52507590284,8.773194139876605,6.22407781206209
46087,McCook County,SD,"Sioux Falls, SD",281496.76246584073,272560.17898475094,199181.16121096935,3.2787560950309436,41.32700138628276
13037,Calhoun County,GA,,88226.61209818395,96754.62125572376,93580.9628520076,-8.814058746610321,-5.721623918628849
19009,Audubon County,IA,,147553.5667478564,143701.94719866785,106431.8288295151,2.680283478597345,38.63669202209334
27081,Lincoln County,MN,,196947.1426615315,183862.77307012968,148133.53618184544,7.116377814236019,32.952434497859805
22023,Cameron Parish,LA,"Lake Charles, LA",220138.15919628832,212563.57628777288,253643.3050455091,3.563443483967732,-13.209552620838627
17155,Putnam County,IL,"Ottawa, IL",179514.85809649332,174464.87750459605,130556.57942551264,2.894554287446338,37.499664043291816
31051,Dixon County,NE,"Sioux City, IA-NE-SD",189354.9263140727,175438.06303944977,142659.86709276494,7.932636187104691,32.73174171047293
08073,Lincoln County,CO,,249586.18509713231,243803.5403286206,199739.91618306653,2.3718461022827375,24.955587178869386
46123,Tripp County,SD,,193039.8332690807,180810.11063891047,153455.10601207046,6.763848872695943,25.79564035744537
40033,Cotton County,OK,"Lawton, OK",104527.45794829565,101504.32783548848,86902.64141491817,2.978326320929736,20.28110566769483
48305,Lynn County,TX,"Lubbock, TX",204810.2255791257,185110.6983169293,212176.33296072957,10.642025253704501,-3.4716913422041418
27031,Cook County,MN,,412906.90885137144,405666.51217205264,283629.2007614565,1.784814980302829,45.57983019479106
31059,Fillmore County,NE,,171872.8513314448,159271.33078183577,116304.35268169388,7.911982958734831,47.778520208811855
40055,Greer County,OK,,68074.66434870065,81627.62425440685,64259.74977267155,-16.60339870172629,5.93670935465036
20201,Washington County,KS,,157546.44357479564,156658.51861600732,107256.62584275535,0.566790090084246,46.887376268733426
20077,Harper County,KS,,92607.1596022633,88616.47213949154,61810.050144767214,4.5033246826730045,49.8254076567892
26095,Luce County,MI,,127231.11765294588,132632.602809792,114705.97122192004,-4.072516894350919,10.919349967224989
31031,Cherry County,NE,,213329.65220524577,223399.3689856145,166638.8917203022,-4.507495623686008,28.01912566924201
40067,Jefferson County,OK,,91329.60809077584,100478.36687418736,68140.27864420378,-9.105202510772303,34.031750248125256
46037,Day County,SD,,249272.9837004226,246341.0572384045,210799.10030805247,1.1901899321559828,18.251445730150696
48153,Floyd County,TX,,89153.33139714709,99350.39081286248,135208.4433925521,-10.263733571942035,-34.062304719900304
48205,Hartley County,TX,,244055.2663580303,235537.1593481293,200157.60723512073,3.6164599392620955,21.931546709260942
17003,Alexander County,IL,"Cape Girardeau, MO-IL",60936.269757226626,73099.91432019958,103871.60879018257,-16.639752147577813,-41.33500918396671
20137,Norton County,KS,,114900.13996136827,119258.72581848036,94048.44896962358,-3.6547311965634655,22.171222620034392
17175,Stark County,IL,"Peoria, IL",136535.71055504275,126375.98544430478,130794.71495104076,8.039284580071948,4.389317722930142
27087,Mahnomen County,MN,,167401.00977969027,163810.36040704304,142122.09515628478,2.191954992178169,17.786759050805934
48207,Haskell County,TX,,90793.08719689488,87170.41737800835,86524.20579695317,4.1558477380887915,4.933742367955984
38049,McHenry County,ND,"Minot, ND",154724.8380221558,155559.2321974073,188269.3723115908,-0.5363835777953962,-17.81730818856606
31011,Boone County,NE,,280860.0719006427,264460.68234260817,201901.49666745964,6.201069063562792,39.107473959557225
20127,Morris County,KS,,179148.0220252996,170130.57533515082,126116.80895682333,5.300309290311134,42.04928233367509
29035,Carter County,MO,,186370.22765615865,194822.61078446265,159724.1911929829,-4.338502134978106,16.682530219221036
46129,Walworth County,SD,,130725.31871965724,126170.27445064305,104133.8473596084,3.610235682570462,25.535857969618437
13259,Stewart County,GA,"Columbus, GA-AL",82245.66433056678,90743.44322269196,79870.31481951533,-9.364620285865632,2.974007948283508
48195,Hansford County,TX,,133600.7702378103,133253.182516129,140048.45391802498,0.26084759487019493,-4.603894937668307
20189,Stevens County,KS,,162498.40883750064,161940.9366114157,125255.69115872656,0.3442441656507311,29.73335369774084
29005,Atchison County,MO,,139515.13523972407,142935.60456239898,108704.45040592768,-2.393014206045274,28.34353581545386
31097,Johnson County,NE,,195323.9359794492,197458.2071985288,151450.30171574568,-1.0808723776843387,28.968997596352853
40029,Coal County,OK,,126481.41371135975,121471.04050149414,88812.22851174946,4.124747091306902,42.41441277945957
17153,Pulaski County,IL,,83616.4087122742,105381.2935670059,147540.71925521994,-20.653461461727694,-43.32655477459597
48107,Crosby County,TX,"Lubbock, TX",84753.75536513854,83097.46854497821,96150.6908638645,1.9931856519357583,-11.853201881682129
54105,Wirt County,WV,"Parkersburg-Vienna, WV",113687.64404360786,119075.62568421412,98657.74579047992,-4.524840083473558,15.234382392080015
48119,Delta County,TX,,194946.9004653897,202939.2606528364,142483.4021162599,-3.9383016187878206,36.82077882048465
46015,Brule County,SD,,236855.7854925719,208290.36978635495,165587.42083993947,13.714227755952768,43.039721430000434
31143,Polk County,NE,,207145.48138084504,202304.61344850843,149107.79818421006,2.3928608694673947,38.92330508759465
13301,Warren County,GA,,111061.88410905351,113215.9609829918,98434.85307486707,-1.9026264982742958,12.827805030178329
48317,Martin County,TX,"Midland, TX",250187.42373726796,262102.10157398693,,-4.545815453278868,
16063,Lincoln County,ID,,304950.69740210375,295760.3580385276,226843.70058862687,3.1073601021198938,34.43207662844523
20171,Scott County,KS,,179922.48096316704,183888.09234692375,141195.0568005196,-2.1565351693763724,27.428314446844638
27011,Big Stone County,MN,,189062.69126035343,168856.39497512218,132861.51309527425,11.966556723071253,42.30057061353625
31161,Sheridan County,NE,,134303.0660302739,144556.9084780203,112032.8529796169,-7.093291185945283,19.878287893559964
46077,Kingsbury County,SD,,245726.3262951969,224924.86703712647,168871.10404651097,9.248181195828774,45.511174148253474
40007,Beaver County,OK,,134727.21096267438,141696.70961863548,118364.96746811787,-4.918603032292634,13.8235525633577
48483,Wheeler County,TX,,88461.42934822889,85238.06649041765,105415.4082229648,3.7816001588604875,-16.08301780597049
36041,Hamilton County,NY,,255468.44306481976,248414.3296035857,186266.93850902191,2.8396564209846042,37.1517914610735
49017,Garfield County,UT,,241646.9749605808,241125.14077134596,176733.11047557218,0.21641633367863733,36.729882878387365
31169,Thayer County,NE,,143570.44511333827,144692.71988796617,107948.58825192296,-0.7756262896273403,32.99890942370036
17059,Gallatin County,IL,,90539.55239225784,91680.63961313164,110233.79869970442,-1.2446327007412772,-17.865887359191035
20147,Phillips County,KS,,108446.27601286751,113480.36452407407,82132.91693858376,-4.436087716424819,32.037531424775764
47137,Pickett County,TN,,237608.06887133524,230924.2193418749,166403.95640949995,2.8943908735554302,42.789915575451
38021,Dickey County,ND,,168295.502612422,162895.54477097595,169521.68618082523,3.3149819100566136,-0.7233195917455082
30101,Toole County,MT,,177185.55701349545,175090.40698361953,128037.61197249446,1.1966104060012528,38.38555271677446
20163,Rooks County,KS,,118335.00785382806,113132.61437462045,84074.4686187752,4.598491343955624,40.75022988298964
17171,Scott County,IL,"Jacksonville, IL",92922.6730208095,102945.43930612788,147035.00081382538,-9.735998362699473,-36.80234467542358
51045,Craig County,VA,"Roanoke, VA",223359.957979671,213170.6059415169,178273.2709502531,4.779904805895008,25.290772300912835
48247,Jim Hogg County,TX,,83842.33385097339,85028.33504238015,118589.16199855332,-1.3948305477410883,-29.300171754315805
08091,Ouray County,CO,"Montrose, CO",785584.8061015749,768782.8029870527,550552.267269486,2.185533163494191,42.69032257332337
08121,Washington County,CO,,257047.6660800172,247451.79445708392,183570.42294846656,3.8778751408883094,40.02673303867572
21039,Carlisle County,KY,,133205.91768932043,136388.52518363413,86823.86268070985,-2.333486259220585,53.42086101280488
30065,Musselshell County,MT,,225016.71513543188,240134.88226458864,179145.8368703573,-6.295698062099553,25.60532751775304
05013,Calhoun County,AR,"Camden, AR",138602.68841299202,133079.51496808595,131521.86839443454,4.150280714676935,5.383758689712415
29199,Scotland County,MO,,124635.93842764292,132316.10081866206,108416.03013553492,-5.804405014583014,14.960802633919435
19159,Ringgold County,IA,,173143.47528268397,165088.3168716372,150315.45455313483,4.879302523454765,15.186742306314006
08027,Custer County,CO,,400700.6435164937,406120.5643594945,293048.9181834229,-1.334559566455018,36.73507003553937
29171,Putnam County,MO,,197564.7707942841,196628.43101354557,131914.84097896065,0.47619755490699855,49.766902137867916
20157,Republic County,KS,,109893.99971053444,119677.708519002,86170.0334793837,-8.175046906846607,27.531573649471476
37095,Hyde County,NC,,208213.74687309284,205852.27095362448,168531.7012983112,1.1471702053752697,23.54574555949094
56017,Hot Springs County,WY,,231977.4019419107,226637.21657425733,156266.69070846122,2.356270275629546,48.44967976873529
31065,Furnas County,NE,,123658.60542287715,144139.3405491721,157337.0894357526,-14.208983507391649,-21.405305089635462
48103,Crane County,TX,,196170.81418077296,189338.85305385012,177334.92209585922,3.6083249775363146,10.621648495569257
13249,Schley County,GA,"Americus, GA",181933.2039825601,190266.9359221484,139743.0460598605,-4.380021099934151,30.191239644673963
32017,Lincoln County,NV,,224712.07349673685,208392.8327927313,193817.6364692012,7.830999024921725,15.939951384375139
42023,Cameron County,PA,,96350.50010162724,101195.7041544768,145065.47398979482,-4.787954284554685,-33.58137022431307
31123,Morrill County,NE,,152659.867788309,145840.79582793513,117098.71636381278,4.675695796681678,30.368523694155325
32021,Mineral County,NV,,131913.40332973507,143024.69047769133,150091.2643758629,-7.768789508192908,-12.111205220182775
40043,Dewey County,OK,,127779.4512479996,131297.24894218158,115805.62574829844,-2.6792623017799055,10.339588791416809
55037,Florence County,WI,"Iron Mountain, MI-WI",191769.49235591633,178440.34256382927,145493.54963128778,7.469807332004619,31.80618167740208
17013,Calhoun County,IL,"St. Louis, MO-IL",187749.2879882014,188456.93134254531,176651.67800088465,-0.37549340812393917,6.282199021772761
21105,Hickman County,KY,,123630.85043072276,120144.63442175787,78931.97102673571,2.901682647538628,56.6296252615391
48333,Mills County,TX,,382096.7519758277,352488.019474545,340086.47577616974,8.399925916750451,12.352821765046397
16071,Oneida County,ID,,328033.3903316337,324253.8602354393,214908.64523935193,1.1656083580470211,52.638526926774134
08095,Phillips County,CO,,260159.1186650189,242907.9176007168,188406.409383337,7.101950909915988,38.084006545494844
30061,Mineral County,MT,,370508.1570103739,380974.3880013036,242807.41827317872,-2.747226931930624,52.59342554086266
46091,Marshall County,SD,,230862.3902898964,211344.48937359956,199562.39469517977,9.235112291853763,15.684315495675216
53069,Wahkiakum County,WA,,392659.2877534583,377116.3949054068,290850.15840176813,4.121510774399018,35.00397933806705
16003,Adams County,ID,,500023.75578739046,498544.01934680593,354039.82945461944,0.2968115919880665,41.23375795250266
55078,Menominee County,WI,"Shawano, WI",287570.0090806359,270583.84475537203,198192.0796972861,6.277597371203236,45.096620167598786
48267,Kimble County,TX,,350921.74687492085,329463.48930387234,288705.9202301086,6.51309121274346,21.549896377332356
46039,Deuel County,SD,,296348.3329837848,264809.8353751095,224512.8841014907,11.9098664005437,31.99613651117723
16037,Custer County,ID,,375329.6378211721,338366.5204424804,251767.62243121755,10.923987790031697,49.077802060791775
22107,Tensas Parish,LA,,130627.07218384832,202832.0311024154,,-35.598400571213936,
51017,Bath County,VA,,213775.04797715775,211439.4816322523,174645.78536587532,1.1046027576664175,22.404928083038666
30071,Phillips County,MT,,222573.7376387388,223552.94959158576,158695.3652054846,-0.43802238111190217,40.252197882743545
35023,Hidalgo County,NM,,93349.02710247076,125133.73208137813,,-25.400588994050654,
27069,Kittson County,MN,,162145.68571125364,143552.08469685738,153876.99574430738,12.952512012389672,5.37357122612796
20007,Barber County,KS,,83089.90671009506,86216.97583262522,67374.46642667754,-3.6269761173261306,23.32551353192589
38045,Lamoure County,ND,,144760.65585445942,162206.15350776046,221135.18665408264,-10.755139232412903,-34.53748449318217
40053,Grant County,OK,,112507.49679529936,118105.20192195248,104778.13453939138,-4.739592359659362,7.376884776472248
28125,Sharkey County,MS,,111939.80511746636,121435.6833360374,,-7.819677015605042,
31129,Nuckolls County,NE,,108769.63981512254,121862.71182124472,97627.80313786288,-10.744116728116026,11.412565190600432
35059,Union County,NM,,119800.57778808352,131196.26171534453,110020.30187452392,-8.685982190549101,8.889519249559786
20185,Stafford County,KS,,99370.10433958384,97904.12875844172,78169.59286016114,1.497358282773864,27.121174236315436
21189,Owsley County,KY,,145943.59425898502,140142.45066505097,113451.454176682,4.139462073343592,28.63968586220309
29197,Schuyler County,MO,"Kirksville, MO",170746.68878814907,156404.08988270894,133195.4901989667,9.17021985562907,28.19254505771074
20119,Meade County,KS,,116414.83998921736,126682.88725662004,91600.9110647805,-8.105315161157334,27.0891726250281
38025,Dunn County,ND,,358975.80077134026,318601.06916577445,289060.3456696356,12.672503488856158,24.18714851382986
32029,Storey County,NV,"Reno, NV",463671.567104941,473007.1459510384,404868.5068501548,-1.973665498716115,14.523989705267383
38103,Wells County,ND,,140602.39260524118,168843.85089575124,243701.93987709985,-16.72637655483651,-42.30559154508672
31175,Valley County,NE,,191106.5016046251,188968.75385367777,144187.1972043576,1.1312704917357141,32.54054819705554
20093,Kearny County,KS,"Garden City, KS",184373.8790110408,179691.14535387806,140333.40372841174,2.6059902105586286,31.38274574160611
46045,Edmunds County,SD,"Aberdeen, SD",214696.48732128704,207506.116602005,167326.7187994469,3.4651367569434655,28.30974566507589
53013,Columbia County,WA,,259228.89879383508,260247.30342129667,205724.4623602502,-0.3913218750293712,26.007814442548714
46031,Corson County,SD,,155960.14218575077,151578.4978870299,114159.07443764644,2.8906766855457677,36.6165089845188
48319,Mason County,TX,,348790.3273513931,350668.03224875854,253544.86615942055,-0.5354650908222514,37.56552543725551
27125,Red Lake County,MN,,204580.57190880607,186857.83673551763,181481.6866119691,9.484608985585963,12.727942817847682
38081,Sargent County,ND,,176923.5994881139,175042.1575394709,191372.65484506675,1.0748507531499918,-7.550219423276882
17151,Pope County,IL,,161461.19447810051,167761.22807838008,168540.1843720584,-3.755357344747212,-4.2001792749501
40045,Ellis County,OK,"Woodward, OK",100146.21091335145,105097.66735415944,97801.62382658404,-4.7112905219128365,2.397288506093398
20081,Haskell County,KS,,172182.43676250047,176683.4399038233,130323.50048939072,-2.5474957606513304,32.119254099161786
46025,Clark County,SD,,200701.85050633768,198502.74339236456,179973.83848177758,1.1078472147996177,11.517236171333224
29103,Knox County,MO,,188830.91180222915,158140.57132727798,130410.78578865594,19.406999871928086,44.79700483382489
27077,Lake of the Woods County,MN,,217056.8783165461,211807.7094764547,172479.51112161996,2.478270905750435,25.84502176811796
38019,Cavalier County,ND,,164906.9402231445,154696.75151994705,149959.85329628826,6.600131290979916,9.967392337550528
48151,Fisher County,TX,,98482.06128008092,87203.3860400713,112369.10541709996,12.933758369000593,-12.358418344145472
17069,Hardin County,IL,,109264.64766410092,117538.94682599936,123314.22593853592,-7.039623363434955,-11.39331505955995
19003,Adams County,IA,,154039.24197095408,147785.6612065095,113984.2271306076,4.2315206450956655,35.140839964155624
51720,Norton City,VA,"Big Stone Gap, VA",119655.15371139011,127314.35553058446,92813.68459274316,-6.01597658588815,28.919732296400635
31029,Chase County,NE,,202247.83141627457,203727.94616470253,164065.24612096787,-0.7265153241329814,23.272805300370614
13101,Echols County,GA,"Valdosta, GA",167838.61595831407,168606.6393891883,145765.63966844554,-0.45551197370194974,15.142784225469796
30097,Sweet Grass County,MT,,460385.5896290415,425823.5581283685,272455.9716276364,8.116514655174134,68.97614204552916
02195,Petersburg Borough,AK,,364282.26612023514,310542.22264289827,331719.53417891875,17.30522922776081,9.816344407306786
16061,Lewis County,ID,,276859.2873027525,272697.9462384124,194125.7845587008,1.5259891472383602,42.61850270541174
20183,Smith County,KS,,107327.07422873272,109356.70890905683,76243.53436347628,-1.8559763736233137,40.76875518004146
31105,Kimball County,NE,,155946.46110724466,149382.60810542488,112303.73529531488,4.393987415983136,38.86133056675851
35003,Catron County,NM,,219056.03004435985,207272.5071625641,198954.82093631965,5.685039006429293,10.103403885083084
48197,Hardeman County,TX,,64624.177748219205,77724.90578512118,,-16.855251099461398,
29129,Mercer County,MO,,136323.40802956236,136452.27466451816,111688.89281963935,-0.09444081109870606,22.056369785761976
30091,Sheridan County,MT,,166176.54307556932,160959.94937482278,129918.98492121029,3.240926529244126,27.907821305983525
08023,Costilla County,CO,,178424.41542726746,202810.6325506577,173614.73598997112,-12.02413148496989,2.7703175135860514
20141,Osborne County,KS,,92132.6056765195,85425.94544708154,68473.46173375232,7.850846946250667,34.55228251021079
48023,Baylor County,TX,,124716.87373413,127420.24907060848,120436.3533616261,-2.121621450434019,3.554176337148851
40129,Roger Mills County,OK,,185817.9263179115,182246.286501392,149596.42285888744,1.9597874311102714,24.212813894080476
48211,Hemphill County,TX,,154274.67937279947,152137.57591482202,164865.85515732167,1.4047177004936406,-6.424117216033409
31181,Webster County,NE,,131533.84984438945,138984.86686620224,107623.11077386858,-5.361027563515764,22.21710457780832
37177,Tyrrell County,NC,,165837.1859215899,170409.7909974509,150119.2807118377,-2.683299503565151,10.470277458845278
48435,Sutton County,TX,,166597.5574549565,162537.94385832566,170057.46353821977,2.497640551039182,-2.034551151873254
46007,Bennett County,SD,,218472.6476561165,220273.18233318193,,-0.8174098444457822,
38031,Foster County,ND,,187266.603558498,172501.0562276905,170165.2476510203,8.559685171618824,10.049852213390631
20019,Chautauqua County,KS,,86507.13924825808,93505.67792646529,75682.54238073579,-7.484613590750067,14.302633773938322
31125,Nance County,NE,,195896.3582636786,189769.5415771153,150270.74141696535,3.228556403543603,30.3622757274572
48275,Knox County,TX,,92649.6675580261,90696.73280571088,,2.153258107432343,
48383,Reagan County,TX,,167144.69069252207,171566.49902997594,,-2.577314547102405,
27155,Traverse County,MN,,147041.6188973455,132359.55549431994,121070.07638394034,11.092560222186322,21.451661128092113
40059,Harper County,OK,,80246.63084332827,94178.7309542536,67931.75339045208,-14.793255302720853,18.128307953563084
48461,Upton County,TX,,108600.27153950924,112063.82363826327,125303.83705574353,-3.090695985828773,-13.330450135220861
30039,Granite County,MT,,426385.165170946,424662.19229002553,283570.23675590527,0.40572787316648373,50.36315871823125
38029,Emmons County,ND,,144480.70647265148,135883.0226382787,122030.89923764352,6.327268607543313,18.39682193219694
48081,Coke County,TX,,140436.467988161,138794.37915726763,149257.16300559265,1.183109028523921,-5.909729784359596
48129,Donley County,TX,,113018.14577428663,105137.36140564278,,7.4957030148760095,
31083,Harlan County,NE,,151789.72121340185,141719.54525157597,115952.48905137664,7.105707221928803,30.906824385758824
48271,Kinney County,TX,,119170.18136626262,122967.12860252282,117394.29936403576,-3.087774171366886,1.512749777329403
48095,Concho County,TX,,152680.78331931867,147310.4543878161,173280.2047771383,3.645585748696689,-11.88792538900405
20207,Woodson County,KS,,111548.34245533688,102311.52592497673,83685.69237123175,9.028128988256267,33.29440110324444
48417,Shackelford County,TX,,148528.250065697,168295.98048486907,163651.1611320429,-11.7458125632117,-9.24094333442822
48295,Lipscomb County,TX,,114505.5228718432,126189.31232457142,,-9.258937415140478,
06091,Sierra County,CA,,321362.89128755825,318672.9492489511,265908.1272122792,0.8441074289320172,20.85485865236776
30025,Fallon County,MT,,183285.02698759024,172624.1891448117,160671.2674778902,6.175749699733757,14.07455101629289
46059,Hand County,SD,,242600.86176148604,240559.98746503517,191595.52597505797,0.8483847700347491,26.621360559884888
38063,Nelson County,ND,,150625.2882955987,155666.6015990459,213992.20292036523,-3.2385323837365143,-29.611786672595642
38011,Bowman County,ND,,174278.89816685623,158558.44210154258,167932.3084196279,9.914613095937263,3.7792547526766196
31163,Sherman County,NE,,184726.20007722225,182518.40118660065,138462.47704826726,1.2096308516117427,33.4124623617904
46105,Perkins County,SD,,163894.88438418633,153866.1875636386,117914.67152194488,6.517804190345511,38.99447988004119
46117,Stanley County,SD,"Pierre, SD",303424.54713006614,302881.7078975439,268088.4100897641,0.17922483212682305,13.180777575752135
20105,Lincoln County,KS,,126325.8444270204,118109.0762925017,90186.04096176178,6.956932009331407,40.07250244035174
48087,Collingsworth County,TX,,88090.93526205164,96263.75896459848,112915.50141943547,-8.490031752814097,-21.985082513312847
48105,Crockett County,TX,,99836.66620785276,135292.54380419,,-26.206823080843854,
13007,Baker County,GA,,133047.03233757286,150980.0469848418,,-11.877738155075157,
20089,Jewell County,KS,,111588.92834478198,107826.12800658714,84485.6162925659,3.489692533487765,32.08038627351644
31061,Franklin County,NE,,139345.7428350176,124420.24629586202,96863.31739942038,11.996035198052791,43.85811530738613
20047,Edwards County,KS,,84601.7797400074,85485.0044133932,71080.65824243275,-1.0331925224155603,19.022223248775425
13125,Glascock County,GA,,181021.5753770791,193477.8217013371,162264.09869579916,-6.438074511447689,11.559844002489484
13061,Clay County,GA,,151626.17668303693,152505.7691870365,129710.39357467392,-0.5767601505755615,16.89593447709814
20165,Rush County,KS,,88046.07320522988,89280.73919093027,69425.918472796,-1.3829029608054655,26.820177740579766
48191,Hall County,TX,,75837.28643572089,67135.2149328035,,12.962007363240602,
46071,Jackson County,SD,,136988.13237813843,160717.39208796245,,-14.764587330310041,
31135,Perkins County,NE,,206298.53973829493,215935.70823587815,168074.9411849546,-4.462980475214417,22.741997280414306
48385,Real County,TX,,276843.1547807684,292182.6628564689,244099.7302930817,-5.2499720297353285,13.41395357068722
20195,Trego County,KS,,131281.64418406796,127296.54737610531,96551.53040203436,3.130561582466518,35.9705471652491
20039,Decatur County,KS,,103091.2731223886,102449.43830320278,80974.09292169333,0.6264893491033874,27.31389683127894
20109,Logan County,KS,,150374.5739600223,140377.25128830766,105459.97820008702,7.121754116115353,42.58923292656078
20063,Gove County,KS,,139845.22450711715,148301.7044576809,113972.5383532144,-5.702213593220618,22.70080716612648
31017,Brown County,NE,,141510.59380843746,146143.26174757388,112404.73634626274,-3.1699497354439776,25.893799859566546
20129,Morton County,KS,,103177.7503370339,114323.53112875072,99825.2286203922,-9.74933216431575,3.3583912233153157
20135,Ness County,KS,,100213.21929323173,92025.86742364668,77570.31299424732,8.896794019766286,29.1901700856404
20023,Cheyenne County,KS,,166556.23038454787,166617.68355051617,101762.56325609142,-0.036882739370014406,63.671418108248126
31087,Hitchcock County,NE,,145902.63066120827,143096.19299587875,107729.04607852164,1.9612245487274027,35.43481166152964
46107,Potter County,SD,,231904.2145847601,215948.66728464197,,7.388583361381484,
20017,Chase County,KS,"Emporia, KS",154610.28922637578,156776.586614158,122278.6785324908,-1.381773538107245,26.44092255649795
20075,Hamilton County,KS,,141259.2742889617,158282.16665395733,108367.1044608709,-10.75477593266192,30.35254101484963
31133,Pawnee County,NE,,153649.74200791807,161271.9669159907,132613.51007655202,-4.726317322119078,15.862812106566482
48079,Cochran County,TX,,49462.85251186664,70340.79917506513,,-29.68113372047022,
40057,Harmon County,OK,,70108.54237219396,92245.21790015824,91585.98719997544,-23.997640237485207,-23.450579596730314
20153,Rawlins County,KS,,129155.80995125644,134363.8875740229,101676.17924727724,-3.876099238269848,27.02661617245523
31063,Frontier County,NE,,171214.66029097055,167679.94363250592,131205.89441771348,2.10801398300291,30.493116220741733
49033,Rich County,UT,,586421.3417998658,547353.0808779785,347287.40095592267,7.137670780845906,68.85764936640871
38041,Hettinger County,ND,,133524.32631097536,113848.37567641206,116000.03785473078,17.282592323045233,15.107140290928701
49055,Wayne County,UT,,436974.1269068307,435436.3825583894,,0.353150175326733,
56027,Niobrara County,WY,,181739.8899235144,184792.2914649379,141340.77460846823,-1.6518013371800588,28.58277480575355
20049,Elk County,KS,,91354.54247402777,88212.31974655394,66048.5113159794,3.5621132473353523,38.3143096700288
08115,Sedgwick County,CO,,160107.59224895897,170843.37516197286,131485.06458410644,-6.283991347534268,21.768653158734775
20179,Sheridan County,KS,,218246.14716957192,218935.85983905397,173002.00970584442,-0.3150295570534145,26.15237680802447
20097,Kiowa County,KS,,153524.678794128,155847.2559154113,120571.4437008695,-1.4902906744433952,27.33087875684188
20065,Graham County,KS,,109632.41003850164,108208.7527798449,77776.41895435167,1.3156581349322405,40.95841839008658
38043,Kidder County,ND,,201257.00233572113,201891.56457450904,217725.44356082843,-0.31430844578635986,-7.5638570098980225
38027,Eddy County,ND,,124527.42663642945,139979.8582837596,152155.95565915984,-11.039039356652157,-18.15803325150168
13307,Webster County,GA,,164460.10577041304,165835.10690488733,120240.58362527292,-0.8291375452019967,36.77587118418293
46111,Sanborn County,SD,,229607.67750642353,233557.82169542267,221179.7161803846,-1.6912917582141307,3.8104585138202474
48421,Sherman County,TX,,165155.69548079235,154720.32315730408,,6.744668127973474,
38075,Renville County,ND,"Minot, ND",182462.09279843408,180244.33173861785,193809.53994023404,1.230419308293329,-5.8549476693970925
46097,Miner County,SD,,189576.89498553576,196190.89286539485,141718.8490365,-3.371205351716766,33.76971113892537
08033,Dolores County,CO,,296042.5251555545,304424.2436716009,257597.19019487352,-2.753301910175121,14.92459406548532
53023,Garfield County,WA,,247117.21442011723,211543.91906461757,157687.93259464658,16.81603305488235,56.71282535953974
40025,Cimarron County,OK,,74802.05582845876,86675.78878104886,74194.19678909595,-13.699019206602504,0.8192811104764885
13239,Quitman County,GA,"Eufaula, AL-GA",113001.62711430126,114422.52592018788,89822.6616454938,-1.2417998942600983,25.80525342289308
38039,Griggs County,ND,,118703.7980795508,140771.25674584947,,-15.676111144009742,
38001,Adams County,ND,,138304.84788631232,137183.63430998815,132499.02092318886,0.8173085528486723,4.3817885767541975
51091,Highland County,VA,,268565.5021475136,271069.55527879595,196650.5304109636,-0.9237677498333929,36.569935299061186
31077,Greeley County,NE,,200485.3445199669,203985.52783347436,177293.81632591804,-1.7158978632861088,13.080844371591628
48109,Culberson County,TX,,154942.06577439953,142070.15213714875,,9.060251885156534,
21201,Robertson County,KY,,206496.7914938281,190731.72665236655,131821.90469182315,8.265570242645271,56.64831423622798
38095,Towner County,ND,,124588.09264396026,144271.47475630252,137457.59500183666,-13.643294452760413,-9.3625254811889
38013,Burke County,ND,,136618.75671289553,152209.8632686739,,-10.243164418496098,
20203,Wichita County,KS,,154462.268271116,151378.4380546404,122176.46796955333,2.037166095849452,26.425547274462335
02275,Wrangell Borough,AK,,296152.9096572821,272362.85226874443,,8.734692411380562,
02100,Haines Borough,AK,,326158.238906434,313479.25060862076,279074.9195454887,4.0446020823378115,16.871211299684987
20187,Stanton County,KS,,143392.51720047492,138866.25669297698,111394.70350014916,3.2594386968355815,28.72471732938624
30107,Wheatland County,MT,,166764.9451338078,171520.11133150055,117554.51377469485,-2.772366552690919,41.8617965222754
26083,Keweenaw County,MI,"Houghton, MI",202598.86826255367,188255.20254036924,136611.19618283655,7.61926657464278,48.303267904485004
30051,Liberty County,MT,,214817.9532533265,206441.6583558384,151091.53572039967,4.057463481062573,42.177357738195774
48243,Jeff Davis County,TX,,195080.9716772583,222152.9454430188,217418.23436924128,-12.18618718368708,-10.273868131063757
30045,Judith Basin County,MT,,277455.0400386514,278850.21761430905,180439.3715121968,-0.5003322527750043,53.76635249469199
20025,Clark County,KS,,84922.21808883654,88260.21923060362,65556.35681119014,-3.781999603972941,29.54078325832277
48327,Menard County,TX,,199340.56721453648,200527.736362536,,-0.5920224152200171,
48011,Armstrong County,TX,"Amarillo, TX",230563.9031235051,216470.22568577004,179075.9145403258,6.510677111869212,28.75204558655755
41021,Gilliam County,OR,,237673.1583821336,220926.96316096783,188951.61421382715,7.5799689551539595,25.785196051921886
30059,Meagher County,MT,,299109.4205968645,297836.84478472365,199876.5685791152,0.4272727952985944,49.64706604840021
31057,Dundy County,NE,,187538.80165007384,187520.38399553113,,0.009821681328880949,
31071,Garfield County,NE,,231916.32712667136,223842.0470435306,155912.495105839,3.6071328822196547,48.747749158422614
31049,Deuel County,NE,,171589.9188146227,161281.08727831554,118915.76751079962,6.391841542162768,44.295346535134094
35011,De Baca County,NM,,108480.84397215182,127752.37321311946,,-15.08506555006882,
20083,Hodgeman County,KS,,152204.46483790677,154386.58124053758,105931.03428658312,-1.413410663735748,43.68260053624766
38065,Oliver County,ND,"Bismarck, ND",246573.7103347253,228054.1249675604,260024.90424183427,8.120697386990571,-5.173040615601487
38033,Golden Valley County,ND,,185567.46736443831,179634.14138461335,,3.303005728249153,
31015,Boyd County,NE,,147454.00646675462,174825.74935349202,200504.70548463627,-15.656585478946017,-26.45858055533099
31073,Gosper County,NE,"Lexington, NE",312338.22855466313,303437.82375195815,223317.4457562733,2.9331889784381504,39.86288778152441
46073,Jerauld County,SD,"Huron, SD",214375.14044421547,211207.10677735752,215347.40994308368,1.4999654676381313,-0.4514888287373342
20033,Comanche County,KS,,85467.16795413656,91642.10046882764,69776.73823720774,-6.738095791236809,22.486619629007045
30055,McCone County,MT,,240406.08992054383,229779.5099871834,148153.14734659233,4.624685610110824,62.2686350078903
41055,Sherman County,OR,,272646.1249015101,258862.33851680488,207029.5488481475,5.3247554138936115,31.694304710817466
30075,Powder River County,MT,,271928.04061283055,244683.14929516835,150297.28333062466,11.134764039184365,80.92678362964286
30019,Daniels County,MT,,161030.65867648183,174084.3800230681,143137.57743928183,-7.49850236124373,12.500617627673737
31069,Garden County,NE,,181059.57268032696,196223.79926084765,148694.8414282895,-7.728026181147529,21.765873611456698
08017,Cheyenne County,CO,,179004.78185942429,185541.01567368017,123040.98359920384,-3.5227972588828926,45.483867751348626
32011,Eureka County,NV,"Elko, NV",134737.25589953482,137399.66486932826,157380.0661989448,-1.9377114000426965,-14.387343229851691
13265,Taliaferro County,GA,,131874.40266882474,137609.82492152706,109570.7675324352,-4.167887181001051,20.355461259123885
48125,Dickens County,TX,,106698.429911701,109733.11201603692,,-2.7655117480787528,
48101,Cottle County,TX,,71688.01619791467,50431.38461058953,,42.14960931860217,
48235,Irion County,TX,"San Angelo, TX",262491.3045787966,274272.52929067006,237421.6596958599,-4.295444659493364,10.559122918713992
46021,Campbell County,SD,,194606.2708908904,203617.2550280004,,-4.425452123824602,
20199,Wallace County,KS,,137965.1540683777,136560.53175391446,98905.22937511602,1.0285712104536993,39.492274513736625
20101,Lane County,KS,,105656.36730894855,112190.30085382616,79080.0809113218,-5.823973636892854,33.606802233078966
41069,Wheeler County,OR,,304809.5484779608,297601.7593810633,238130.3099128943,2.4219578244053075,28.001155581352542
48447,Throckmorton County,TX,,125460.45021308192,147895.78836245998,,-15.169693740293667,
08061,Kiowa County,CO,,175556.49187632487,201737.36122230184,161359.46837150646,-12.97769991009613,8.798382671992844
48431,Sterling County,TX,"San Angelo, TX",171933.43078766015,197584.75370278637,,-12.982440413247575,
48433,Stonewall County,TX,,93681.72788165684,85785.88075823533,,9.20413365653243,
30011,Carter County,MT,,179096.96226615238,192141.09439110756,112544.7963572942,-6.788829930573604,59.13393427589142
06003,Alpine County,CA,,496538.61020221375,507995.2310891485,417138.853411277,-2.2552615036112833,19.034370963438583
38083,Sheridan County,ND,,130536.46501502412,155715.80748889493,242579.73569971457,-16.170061909524836,-46.188223579972465
31149,Rock County,NE,,145586.73682265446,141603.24510768583,,2.8131358938414674,
46119,Sully County,SD,,273460.5857035711,277662.9266972039,,-1.5134685222905286,
48345,Motley County,TX,,132825.18852060693,121855.1481927747,,9.002525121448013,
48045,Briscoe County,TX,,160972.13720739624,156137.03593459315,,3.096703638481091,
20071,Greeley County,KS,,143307.20557428026,166973.9640452437,134468.8805104152,-14.173921429181991,6.572766152522913
30079,Prairie County,MT,,133419.99591837422,137620.76051162253,116525.47059013609,-3.052420708642678,14.498568632829233
48173,Glasscock County,TX,,262362.8366084159,277659.50166844757,,-5.5091451825399425,
46063,Harding County,SD,,227058.92638970815,199957.6469248327,,13.553509896554882,
48155,Foard County,TX,,67454.6638838701,86529.52731881007,,-22.044340268565655,
31165,Sioux County,NE,"Scottsbluff, NE",301556.1238911344,284741.5306138709,203175.42429983872,5.905212787545655,48.42155488555009
16025,Camas County,ID,"Hailey, ID",378793.06358856737,371467.84834340325,327312.2212037135,1.9719648087530572,15.728359361446831
30109,Wibaux County,MT,,209074.71540767452,188668.36200472937,129386.808881843,10.815991184803742,61.58889550989941
48443,Terrell County,TX,,113936.29191886132,119836.8033529059,153749.76234846885,-4.923789077273899,-25.894980142715017
30033,Garfield County,MT,,309247.01466017886,273050.7266227848,149782.63066125833,13.256250398995872,106.46386920494008
31103,Keya Paha County,NE,,283722.9950603003,276680.8145167308,202151.88635890055,2.545236306272214,40.35139625488251
31085,Hayes County,NE,,288013.0734833347,302515.70019104885,215483.8887711383,-4.794007946878553,33.658750603497964
31113,Logan County,NE,"North Platte, NE",179252.1843580877,182095.7527415855,,-1.5615786423822553,
08053,Hinsdale County,CO,,468848.7198827556,463039.1149766272,367869.8546735318,1.2546682814089216,27.44961673982178
16033,Clark County,ID,,258647.63453322463,263672.6558991553,182928.6213817669,-1.9057802367844157,41.392655003633514
30037,Golden Valley County,MT,,218806.96769970967,219466.8815583448,166331.53864232477,-0.30068949535771994,31.548694544470468
08079,Mineral County,CO,,429602.6450508427,428158.1285919336,311412.6296965319,0.3373791976482243,37.95286513250462
31183,Wheeler County,NE,,238561.77769639375,259848.72081007247,194631.9156723042,-8.192052301553442,22.570739168006206
31091,Hooker County,NE,,119367.89634706188,122866.43518738316,97028.76186613996,-2.847432527024718,23.023208841663667
08111,San Juan County,CO,,541067.0164618007,524944.7968872549,361176.6144358171,3.0712219018352194,49.80676899776162
30103,Treasure County,MT,,222598.110165776,217982.4039047573,162777.70257618258,2.1174673635746544,36.749755428939345
31115,Loup County,NE,,327958.65368387604,291102.98286407505,,12.660698443275663,
31007,Banner County,NE,"Scottsbluff, NE",360551.5553997448,350622.11291377695,271507.6345653374,2.8319498743108795,32.79610202378278
49009,Daggett County,UT,,347667.3332760005,328317.4988613564,,5.893634814395088,
31171,Thomas County,NE,,182991.38315408523,192630.47274538843,,-5.003927703610933,
31117,McPherson County,NE,"North Platte, NE",348930.20990927756,342164.9591898658,231421.09320185287,1.9771898137756816,50.77718503599389
30069,Petroleum County,MT,,203390.43494717585,205964.23928978023,135961.91474276246,-1.249636515290009,49.59368241612878
